{"conditionDetailCollection":{"condition4":{"type":"Application","isEnabled":false,"value":"com.vendor.condition4","name":"Condition4"},"condition5":{"isEnabled":false,"type":"Application","value":"com.vendor.condition5","name":"Condition5"},"condition3":{"type":"Application","isEnabled":false,"value":"com.vendor.condition3","name":"Condition3"},"condition7":{"isEnabled":false,"value":"com.vendor.condition7","name":"Condition7","type":"Application"},"condition0":{"name":"Default","isEnabled":true,"type":"Application","value":"com.vendor.condition0"},"condition8":{"value":"com.vendor.condition8","name":"Condition8","type":"Application","isEnabled":false},"condition1":{"value":"ja","name":"Condition1","type":"InputSource","isEnabled":false},"condition6":{"type":"Application","name":"Condition6","isEnabled":false,"value":"com.vendor.condition6"},"condition9":{"isEnabled":false,"name":"Condition9","value":"com.vendor.condition9","type":"Application"},"condition2":{"isEnabled":false,"value":"com.vendor.condition2","type":"Application","name":"Condition2"}},"macroCollection":{"idsInOrderCollection":[],"_collection":[]},"name":"Colemak_US","keymap":{"other":{"tenkeyRows":{"row4":[{"toDetailCollection":{},"id":"A1B86F00-B6E9-475B-BDE6-F3838FE4EA1D","fromDetail":{"display":"6","output":{"keypad_keys":{"_0":"keypad_6"}}}},{"fromDetail":{"output":{"keypad_keys":{"_0":"keypad_5"}},"display":"5"},"id":"76C17088-A7AC-4508-AD4E-DE47E7DF31A0","toDetailCollection":{}},{"toDetailCollection":{},"id":"60A65DDD-1BE9-4D9A-AD0E-923804E1EBAE","fromDetail":{"display":"4","output":{"keypad_keys":{"_0":"keypad_4"}}}},{"id":"F8BECA26-058A-4CAB-AAFB-98F6583B7C6C","toDetailCollection":{},"fromDetail":{"output":{"keypad_keys":{"_0":"keypad_plus"}},"display":"+"}}],"idsInOrderRow4":[{"id":"60A65DDD-1BE9-4D9A-AD0E-923804E1EBAE"},{"id":"76C17088-A7AC-4508-AD4E-DE47E7DF31A0"},{"id":"A1B86F00-B6E9-475B-BDE6-F3838FE4EA1D"},{"id":"F8BECA26-058A-4CAB-AAFB-98F6583B7C6C"}],"row6":[{"id":"42FA7007-89C7-4818-B5A4-07A01E1A1880","toDetailCollection":{},"fromDetail":{"output":{"keypad_keys":{"_0":"keypad_period"}},"display":"."}},{"id":"0EEE020B-5ABA-49BD-A220-1D4B301F9B7B","toDetailCollection":{},"unitSize":2,"fromDetail":{"display":"0","output":{"keypad_keys":{"_0":"keypad_0"}}}}],"row1":[{"fromDetail":{"display":"F19","output":{"function_keys":{"_0":"f19"}}},"toDetailCollection":{},"id":"9CBA35B5-364C-4369-A7DC-36D1E29E0ACA"},{"toDetailCollection":{},"id":"A7944189-DC23-4BC2-B4C3-E1A638F8111D","fromDetail":{"display":"F18","output":{"function_keys":{"_0":"f18"}}}},{"toDetailCollection":{},"id":"8096310E-F1F2-4A11-A6BD-F03D1402AC8A","fromDetail":{"output":{"function_keys":{"_0":"f17"}},"display":"F17"}},{"fromDetail":{"output":{"function_keys":{"_0":"f16"}},"display":"F16"},"toDetailCollection":{},"id":"6DC07B87-DF1B-42F4-B916-8150EB35D180"}],"row2":[{"id":"B27012D4-5767-4184-8925-CCB86FB0AFE7","toDetailCollection":{},"fromDetail":{"display":"*","output":{"keypad_keys":{"_0":"keypad_asterisk"}}}},{"id":"164E77A7-A425-429B-8A4E-9AFA3C73AD68","toDetailCollection":{},"fromDetail":{"output":{"keypad_keys":{"_0":"keypad_slash"}},"display":"\/"}},{"id":"1EBD63EC-7F40-43A6-AD9A-A924ABC38C52","toDetailCollection":{},"fromDetail":{"output":{"others":{"_0":"clear"}},"display":"clear"}},{"toDetailCollection":{},"id":"347353F6-7706-440B-99DA-ACD6DB7D312C","fromDetail":{"output":{"keypad_keys":{"_0":"keypad_equal_sign"}},"display":"="}}],"idsInOrderRow1":[{"id":"6DC07B87-DF1B-42F4-B916-8150EB35D180"},{"id":"8096310E-F1F2-4A11-A6BD-F03D1402AC8A"},{"id":"A7944189-DC23-4BC2-B4C3-E1A638F8111D"},{"id":"9CBA35B5-364C-4369-A7DC-36D1E29E0ACA"}],"rowIndex_arrow":{"row6":{}},"arrow_right":{"fromDetail":{"display":"arrowtriangle.right.fill","output":{"arrow_keys":{"_0":"right_arrow"}},"isSFSymbol":true},"toDetailCollection":{},"keyShape":"arrow_LR","id":"C7C9FE0C-379D-4B57-A210-9B75C5BD417C"},"idsInOrderRow3":[{"id":"82B7202F-ABC5-40A0-B2D2-5927175880BD"},{"id":"5DCB48EE-FD4B-455B-A380-7B831EA7AB33"},{"id":"80FE5E13-61FB-4D7B-B014-C1E9CE8D0297"},{"id":"52657A99-2329-437A-BAC2-1AF20C6C21F1"}],"arrow_left":{"toDetailCollection":{},"fromDetail":{"output":{"arrow_keys":{"_0":"left_arrow"}},"display":"arrowtriangle.left.fill","isSFSymbol":true},"id":"4B63BB1F-AD3F-445D-8D86-C81A066DF809","keyShape":"arrow_LR"},"arrow_down":{"keyShape":"arrow_Down","id":"EE847AE1-E062-47DC-A74A-5A6102706182","fromDetail":{"isSFSymbol":true,"output":{"arrow_keys":{"_0":"down_arrow"}},"display":"arrowtriangle.down.fill"},"toDetailCollection":{}},"idsInOrderRow6":[{"id":"0EEE020B-5ABA-49BD-A220-1D4B301F9B7B"},{"id":"42FA7007-89C7-4818-B5A4-07A01E1A1880"}],"arrow_up":{"id":"E537582E-0744-4D9A-BC53-714030467C2A","fromDetail":{"output":{"arrow_keys":{"_0":"up_arrow"}},"display":"arrowtriangle.up.fill","isSFSymbol":true},"toDetailCollection":{},"keyShape":"arrow_Up"},"enableArrowKeys":false,"idsInOrderRow2":[{"id":"1EBD63EC-7F40-43A6-AD9A-A924ABC38C52"},{"id":"347353F6-7706-440B-99DA-ACD6DB7D312C"},{"id":"164E77A7-A425-429B-8A4E-9AFA3C73AD68"},{"id":"B27012D4-5767-4184-8925-CCB86FB0AFE7"}],"idsInOrderRow5":[{"id":"A2680E76-DE0B-45DF-A479-8AE45F8B39B7"},{"id":"2C98E8F9-C9F4-4159-8FC6-E5D26A0F6A1F"},{"id":"2AB64EB7-3AD2-4CF1-B7AF-BA49B6892EB3"},{"id":"158E8319-57F8-4851-BF94-C1029CCE2367"}],"row3":[{"toDetailCollection":{},"fromDetail":{"output":{"keypad_keys":{"_0":"keypad_hyphen"}},"display":"-"},"id":"52657A99-2329-437A-BAC2-1AF20C6C21F1"},{"fromDetail":{"output":{"keypad_keys":{"_0":"keypad_9"}},"display":"9"},"toDetailCollection":{},"id":"80FE5E13-61FB-4D7B-B014-C1E9CE8D0297"},{"toDetailCollection":{},"id":"82B7202F-ABC5-40A0-B2D2-5927175880BD","fromDetail":{"display":"7","output":{"keypad_keys":{"_0":"keypad_7"}}}},{"toDetailCollection":{},"id":"5DCB48EE-FD4B-455B-A380-7B831EA7AB33","fromDetail":{"output":{"keypad_keys":{"_0":"keypad_8"}},"display":"8"}}],"row5":[{"keyShape":"enter_Tenkey","id":"158E8319-57F8-4851-BF94-C1029CCE2367","toDetailCollection":{},"fromDetail":{"output":{"keypad_keys":{"_0":"keypad_enter"}},"display":"projective","isSFSymbol":true}},{"id":"2AB64EB7-3AD2-4CF1-B7AF-BA49B6892EB3","fromDetail":{"output":{"keypad_keys":{"_0":"keypad_3"}},"display":"3"},"toDetailCollection":{}},{"toDetailCollection":{},"id":"2C98E8F9-C9F4-4159-8FC6-E5D26A0F6A1F","fromDetail":{"output":{"keypad_keys":{"_0":"keypad_2"}},"display":"2"}},{"id":"A2680E76-DE0B-45DF-A479-8AE45F8B39B7","fromDetail":{"display":"1","output":{"keypad_keys":{"_0":"keypad_1"}}},"toDetailCollection":{}}]},"subRows":{"enableArrowKeys":false,"arrow_down":{"keyShape":"arrow_Down","fromDetail":{"output":{"arrow_keys":{"_0":"down_arrow"}},"display":"arrowtriangle.down.fill","isSFSymbol":true},"toDetailCollection":{},"id":"FF0D6500-5031-4450-979B-616072ED8C32"},"row3":[{"fromDetail":{"isSFSymbol":true,"output":{"controls_and_symbols":{"_0":"delete_forward"}},"display":"delete.right"},"id":"D083A2F9-8525-4803-85CC-B5A6F541DD45","toDetailCollection":{}},{"fromDetail":{"output":{"arrow_keys":{"_0":"page_down"}},"display":"arrow.down","isSFSymbol":true},"id":"3C58D59F-BF9A-4E22-8AC5-B792ED661CCA","toDetailCollection":{}},{"id":"8CF8DFA3-F529-4449-9DEF-911C1B607529","fromDetail":{"output":{"arrow_keys":{"_0":"end"}},"isSFSymbol":true,"display":"arrow.down.to.line"},"toDetailCollection":{}}],"arrow_left":{"toDetailCollection":{},"keyShape":"arrow_LR","id":"F28F86AF-1EC5-456F-A4B3-F97A681FD61E","fromDetail":{"display":"arrowtriangle.left.fill","output":{"arrow_keys":{"_0":"left_arrow"}},"isSFSymbol":true}},"arrow_up":{"keyShape":"arrow_Up","toDetailCollection":{},"id":"292DCAF2-8DC1-4522-8C50-5CE919DA60D1","fromDetail":{"output":{"arrow_keys":{"_0":"up_arrow"}},"display":"arrowtriangle.up.fill","isSFSymbol":true}},"row2":[{"toDetailCollection":{},"fromDetail":{"isSFSymbol":true,"output":{"keys_in_pc_keyboards":{"_0":"insert"}},"display":"text.insert"},"id":"B1A4A87D-59E8-448E-9AF9-C3AEE5E3A38D"},{"fromDetail":{"display":"arrow.up","output":{"arrow_keys":{"_0":"page_up"}},"isSFSymbol":true},"toDetailCollection":{},"id":"8609318D-FA52-4D3E-9376-FAE3810551DC"},{"fromDetail":{"isSFSymbol":true,"output":{"arrow_keys":{"_0":"home"}},"display":"arrow.up.to.line"},"toDetailCollection":{},"id":"5CD88A7A-90DF-4C26-B09D-6A8A35BD79BC"}],"rowIndex_arrow":{"row6":{}},"row4":[],"idsInOrderRow4":[],"idsInOrderRow5":[{"id":"5240F6A7-6083-4EA9-B6AF-FBB2DF83B45E"},{"id":"5EAD2DF2-4A88-459D-AB1C-68DD28128F3F"}],"row5":[{"id":"5EAD2DF2-4A88-459D-AB1C-68DD28128F3F","fromDetail":{"output":{"arrow_keys":{"_0":"up_arrow"}},"display":"arrowtriangle.up.fill","isSFSymbol":true},"toDetailCollection":{}},{"toDetailCollection":{},"id":"5240F6A7-6083-4EA9-B6AF-FBB2DF83B45E","fromDetail":{"display":"A","output":{"letter_keys":{"_0":"a"}}},"isSpacer":true}],"arrow_right":{"id":"F3AD09E7-6357-4D08-9AF2-25FA95D3FFDC","fromDetail":{"display":"arrowtriangle.right.fill","output":{"arrow_keys":{"_0":"right_arrow"}},"isSFSymbol":true},"toDetailCollection":{},"keyShape":"arrow_LR"},"row1":[{"fromDetail":{"output":{"function_keys":{"_0":"f15"}},"display":"F15"},"toDetailCollection":{},"id":"AF4D93B5-3482-41EF-8BED-3B7EE2D43C58"},{"fromDetail":{"display":"F13","output":{"function_keys":{"_0":"f13"}}},"toDetailCollection":{},"id":"B469E402-A1F7-46D8-A6C7-B23E358B16BB"},{"id":"8A7A2EA0-4DFD-4AAF-BB8E-9D7C5915DD61","fromDetail":{"output":{"function_keys":{"_0":"f14"}},"display":"F14"},"toDetailCollection":{}}],"idsInOrderRow3":[{"id":"D083A2F9-8525-4803-85CC-B5A6F541DD45"},{"id":"8CF8DFA3-F529-4449-9DEF-911C1B607529"},{"id":"3C58D59F-BF9A-4E22-8AC5-B792ED661CCA"}],"idsInOrderRow2":[{"id":"B1A4A87D-59E8-448E-9AF9-C3AEE5E3A38D"},{"id":"5CD88A7A-90DF-4C26-B09D-6A8A35BD79BC"},{"id":"8609318D-FA52-4D3E-9376-FAE3810551DC"}],"row6":[{"id":"03765D91-99FB-427D-BCEB-29CDF00AB426","toDetailCollection":{},"fromDetail":{"output":{"arrow_keys":{"_0":"left_arrow"}},"isSFSymbol":true,"display":"arrowtriangle.left.fill"}},{"id":"20B97B2B-02A1-4B7A-90D6-AEF82EBE9CBB","fromDetail":{"isSFSymbol":true,"output":{"arrow_keys":{"_0":"right_arrow"}},"display":"arrowtriangle.right.fill"},"toDetailCollection":{}},{"fromDetail":{"output":{"arrow_keys":{"_0":"down_arrow"}},"isSFSymbol":true,"display":"arrowtriangle.down.fill"},"toDetailCollection":{},"id":"C2224A4D-6C65-4238-87DE-CF93E4E2F6E6"}],"idsInOrderRow6":[{"id":"03765D91-99FB-427D-BCEB-29CDF00AB426"},{"id":"C2224A4D-6C65-4238-87DE-CF93E4E2F6E6"},{"id":"20B97B2B-02A1-4B7A-90D6-AEF82EBE9CBB"}],"idsInOrderRow1":[{"id":"B469E402-A1F7-46D8-A6C7-B23E358B16BB"},{"id":"8A7A2EA0-4DFD-4AAF-BB8E-9D7C5915DD61"},{"id":"AF4D93B5-3482-41EF-8BED-3B7EE2D43C58"}]},"sectionDetail":{"section":{"other":{}},"deviceDetail":{"is_builtin_keyboard":false,"device_name":"otherDevice","vendor_id":"vendor_id","product_id":"product_id","is_location_id_Enabled":false,"is_vendor_id_Enabled":false,"is_product_id_Enabled":false,"location_id":"location_id"}},"isEnableMain":true,"isEnableTenkey":false,"mainRows":{"row1":[{"fromDetail":{"output":{"function_keys":{"_0":"f17"}},"display":"F17"},"id":"D2B18A4E-6348-476C-B37E-3D42E1E7AAE5","toDetailCollection":{}},{"toDetailCollection":{},"id":"14E35DF7-4E42-4F1B-89A4-825FA3C064E4","fromDetail":{"display":"F18","output":{"function_keys":{"_0":"f18"}}}},{"toDetailCollection":{},"id":"3AB7A646-AC57-401B-9E4D-A11703B12D5A","fromDetail":{"output":{"function_keys":{"_0":"f19"}},"display":"F19"}},{"id":"C9D0EFBE-8C56-46BD-943C-719CFFCEE6A6","fromDetail":{"output":{"function_keys":{"_0":"f16"}},"display":"F16"},"toDetailCollection":{}}],"row3":[{"toDetailCollection":{},"id":"B58EDB59-5CD0-4C2C-BB73-181F57DFD85E","fromDetail":{"display":"8","output":{"keypad_keys":{"_0":"keypad_8"}}}},{"fromDetail":{"display":"9","output":{"keypad_keys":{"_0":"keypad_9"}}},"toDetailCollection":{},"id":"FF9E6BA3-9B0F-4A7C-9FBA-76F308BEA9C0"},{"toDetailCollection":{},"id":"F002256D-DD4A-4D0A-94E2-5D0678D26DE9","fromDetail":{"output":{"keypad_keys":{"_0":"keypad_7"}},"display":"7"}},{"fromDetail":{"display":"-","output":{"keypad_keys":{"_0":"keypad_hyphen"}}},"id":"440CDE55-8302-41B6-BABC-73548EE0AC72","toDetailCollection":{}}],"idsInOrderRow6":[{"id":"97962BD5-5763-4D46-9047-2829F2B2D6A8"},{"id":"7018895B-FCD3-4A39-9FC4-2EF58131A2F8"}],"enableArrowKeys":false,"idsInOrderRow3":[{"id":"F002256D-DD4A-4D0A-94E2-5D0678D26DE9"},{"id":"B58EDB59-5CD0-4C2C-BB73-181F57DFD85E"},{"id":"FF9E6BA3-9B0F-4A7C-9FBA-76F308BEA9C0"},{"id":"440CDE55-8302-41B6-BABC-73548EE0AC72"}],"row6":[{"id":"7018895B-FCD3-4A39-9FC4-2EF58131A2F8","fromDetail":{"output":{"keypad_keys":{"_0":"keypad_period"}},"display":"."},"toDetailCollection":{}},{"fromDetail":{"display":"0","output":{"keypad_keys":{"_0":"keypad_0"}}},"unitSize":2,"toDetailCollection":{},"id":"97962BD5-5763-4D46-9047-2829F2B2D6A8"}],"row5":[{"fromDetail":{"output":{"keypad_keys":{"_0":"keypad_enter"}},"display":"projective","isSFSymbol":true},"keyShape":"enter_Tenkey","id":"C7B1CD56-1008-46F9-86E5-2455FCD2E4F7","toDetailCollection":{}},{"id":"03401ADD-B954-4CF7-9670-51FDF5811B49","fromDetail":{"display":"1","output":{"keypad_keys":{"_0":"keypad_1"}}},"toDetailCollection":{}},{"toDetailCollection":{},"id":"B9C70BE4-9057-4E82-9435-B41065D2B2DD","fromDetail":{"display":"3","output":{"keypad_keys":{"_0":"keypad_3"}}}},{"toDetailCollection":{},"fromDetail":{"display":"2","output":{"keypad_keys":{"_0":"keypad_2"}}},"id":"B8D69692-21A3-4EE4-98DD-82D7069204B6"}],"idsInOrderRow1":[{"id":"C9D0EFBE-8C56-46BD-943C-719CFFCEE6A6"},{"id":"D2B18A4E-6348-476C-B37E-3D42E1E7AAE5"},{"id":"14E35DF7-4E42-4F1B-89A4-825FA3C064E4"},{"id":"3AB7A646-AC57-401B-9E4D-A11703B12D5A"}],"idsInOrderRow4":[{"id":"4F28D035-6C3E-419B-B80E-322BB5B76E14"},{"id":"6DAF5D0C-CFE8-4B99-A5D2-4BB4543E1FB9"},{"id":"896372AD-DA77-4D7D-A63E-C199A48FF35F"},{"id":"DDFE6F69-041A-45CA-BFE5-4D1AD1C3B556"}],"idsInOrderRow5":[{"id":"03401ADD-B954-4CF7-9670-51FDF5811B49"},{"id":"B8D69692-21A3-4EE4-98DD-82D7069204B6"},{"id":"B9C70BE4-9057-4E82-9435-B41065D2B2DD"},{"id":"C7B1CD56-1008-46F9-86E5-2455FCD2E4F7"}],"row4":[{"toDetailCollection":{},"id":"6DAF5D0C-CFE8-4B99-A5D2-4BB4543E1FB9","fromDetail":{"output":{"keypad_keys":{"_0":"keypad_5"}},"display":"5"}},{"toDetailCollection":{},"id":"896372AD-DA77-4D7D-A63E-C199A48FF35F","fromDetail":{"output":{"keypad_keys":{"_0":"keypad_6"}},"display":"6"}},{"id":"4F28D035-6C3E-419B-B80E-322BB5B76E14","toDetailCollection":{},"fromDetail":{"display":"4","output":{"keypad_keys":{"_0":"keypad_4"}}}},{"toDetailCollection":{},"fromDetail":{"output":{"keypad_keys":{"_0":"keypad_plus"}},"display":"+"},"id":"DDFE6F69-041A-45CA-BFE5-4D1AD1C3B556"}],"rowIndex_arrow":{"row6":{}},"row2":[{"id":"B5396978-C4F9-42A2-950A-8FD6DAEC5825","fromDetail":{"output":{"keypad_keys":{"_0":"keypad_equal_sign"}},"display":"="},"toDetailCollection":{}},{"id":"4EB2F0B7-3DE6-4113-9D6F-C579D650AA7A","toDetailCollection":{},"fromDetail":{"output":{"others":{"_0":"clear"}},"display":"clear"}},{"id":"071AB960-9BA7-4387-8C92-ABD4884D6A61","fromDetail":{"output":{"keypad_keys":{"_0":"keypad_asterisk"}},"display":"*"},"toDetailCollection":{}},{"fromDetail":{"output":{"keypad_keys":{"_0":"keypad_slash"}},"display":"\/"},"toDetailCollection":{},"id":"B963662A-C1A7-47B9-AC34-0DB833A8D083"}],"arrow_left":{"id":"979B0094-385B-468D-A38B-08CA9B73B006","fromDetail":{"isSFSymbol":true,"output":{"arrow_keys":{"_0":"left_arrow"}},"display":"arrowtriangle.left.fill"},"toDetailCollection":{},"keyShape":"arrow_LR"},"arrow_up":{"fromDetail":{"isSFSymbol":true,"output":{"arrow_keys":{"_0":"up_arrow"}},"display":"arrowtriangle.up.fill"},"id":"B81C80A7-5B43-4848-AFF5-D43C6364F563","keyShape":"arrow_Up","toDetailCollection":{}},"arrow_down":{"id":"A1F02247-6341-4A93-941F-60A513026AEE","fromDetail":{"isSFSymbol":true,"display":"arrowtriangle.down.fill","output":{"arrow_keys":{"_0":"down_arrow"}}},"keyShape":"arrow_Down","toDetailCollection":{}},"idsInOrderRow2":[{"id":"4EB2F0B7-3DE6-4113-9D6F-C579D650AA7A"},{"id":"B5396978-C4F9-42A2-950A-8FD6DAEC5825"},{"id":"B963662A-C1A7-47B9-AC34-0DB833A8D083"},{"id":"071AB960-9BA7-4387-8C92-ABD4884D6A61"}],"arrow_right":{"fromDetail":{"isSFSymbol":true,"display":"arrowtriangle.right.fill","output":{"arrow_keys":{"_0":"right_arrow"}}},"keyShape":"arrow_LR","toDetailCollection":{},"id":"CABF4F1A-3A79-44D9-A3D6-C187DA4C6F85"}},"isEnableSub":false},"main":{"isEnableTenkey":false,"isEnableSub":false,"mainRows":{"arrow_up":{"keyShape":"arrow_Up","fromDetail":{"isSFSymbol":true,"output":{"arrow_keys":{"_0":"up_arrow"}},"display":"arrowtriangle.up.fill"},"toDetailCollection":{},"id":"4A6889D0-3063-4A1A-BA87-83CAE4F51BF5"},"arrow_right":{"toDetailCollection":{},"fromDetail":{"display":"arrowtriangle.right.fill","output":{"arrow_keys":{"_0":"right_arrow"}},"isSFSymbol":true},"keyShape":"arrow_LR","id":"BDAD34A8-E938-41CF-9BEB-0C900E5DD463"},"idsInOrderRow2":[{"id":"9D676F83-7989-4EAD-B020-BB1307384C2A"},{"id":"44BD7F12-386A-49C0-BF9F-17F7961ED06B"},{"id":"B12C53ED-95C5-49DF-935A-D2F315B80629"},{"id":"A1D3B17E-DDF1-4521-BB55-B01D4B40AE7B"},{"id":"BD872F95-C442-4549-AE05-BD13775753E3"},{"id":"A5BB60E4-8A0B-4DA3-85D9-58A3284B3E3B"},{"id":"0C658FC9-DAB6-4AAE-A4D6-C94577B21B61"},{"id":"252E62E1-69D8-4262-B0E3-5A6DE385ADE6"},{"id":"5E7BA0E3-7E9C-4B0E-B353-7BF5B0988369"},{"id":"128C2EAC-CC58-4147-B1B4-952878C5E9A3"},{"id":"F0B8C579-E814-4D0E-BB8E-7F21D0660794"},{"id":"C0E15434-B7D8-4483-A08B-0862FA29F9DD"},{"id":"2FC9A2D6-8504-4F5F-9439-33A082D90A36"},{"id":"2ED8FC4A-7654-4C54-A843-FBC2A715BF50"}],"row1":[{"fromDetail":{"output":{"function_keys":{"_0":"f12"}},"display":"F12"},"toDetailCollection":{},"id":"AD7A3B23-1360-45AA-B7D7-599EECA4B562"},{"fromDetail":{"output":{"function_keys":{"_0":"f7"}},"display":"F7"},"id":"ED595181-97DC-4263-A7BD-55FFA26A57B3","toDetailCollection":{}},{"fromDetail":{"output":{"function_keys":{"_0":"f11"}},"display":"F11"},"id":"762075FA-DFEA-4480-AECB-F3C2301CD8AF","toDetailCollection":{}},{"fromDetail":{"output":{"function_keys":{"_0":"f1"}},"display":"F1"},"toDetailCollection":{},"id":"409F8FE2-2645-4A3C-830A-87097AEC12D6"},{"id":"42EF2259-78D3-4A1D-BE96-91D9FC96EE65","fromDetail":{"display":"F4","output":{"function_keys":{"_0":"f4"}}},"toDetailCollection":{}},{"id":"1E668030-708A-4A15-A6AB-A23768160C05","fromDetail":{"output":{"function_keys":{"_0":"f9"}},"display":"F9"},"toDetailCollection":{}},{"toDetailCollection":{},"fromDetail":{"display":"F6","output":{"function_keys":{"_0":"f6"}}},"id":"09022FAA-421D-4274-A654-7151228910ED"},{"fromDetail":{"isSFSymbol":true,"output":{"controls_and_symbols":{"_0":"escape"}},"display":"escape"},"unitSize":1.5,"toDetailCollection":{},"id":"F6113553-A34B-421B-BA0B-BAB5A24BA30C"},{"toDetailCollection":{},"id":"62DC6B66-9274-4AF3-9535-D92F9A0047AA","fromDetail":{"output":{"function_keys":{"_0":"f10"}},"display":"F10"}},{"toDetailCollection":{},"id":"45EA7621-8E8C-4E93-A8BB-06DC23351D24","fromDetail":{"output":{"function_keys":{"_0":"f8"}},"display":"F8"}},{"fromDetail":{"display":"F2","output":{"function_keys":{"_0":"f2"}}},"toDetailCollection":{},"id":"D48124BF-E810-47EE-884C-4BFC7696200A"},{"toDetailCollection":{},"fromDetail":{"output":{"function_keys":{"_0":"f3"}},"display":"F3"},"id":"732DE37B-26CA-48DE-99D1-A34D1CF5531E"},{"fromDetail":{"display":"F5","output":{"function_keys":{"_0":"f5"}}},"id":"C79E072C-13D0-45F9-80E0-B632FBDFA8CD","toDetailCollection":{}}],"idsInOrderRow4":[{"id":"92BFE01A-45E6-43B9-8551-FC0763FCF285"},{"id":"BA7F1A17-DA22-446E-9C85-8454A7C92D1D"},{"id":"360CDCF3-825D-4B5F-BC9B-A3BB82DDCC06"},{"id":"C6E41400-2B97-4D1E-8D63-DC10D8B2D4FF"},{"id":"697D107B-4ED3-45B1-99D4-20479D53769A"},{"id":"1E95A544-B700-4BE3-923E-6AF875DCCF00"},{"id":"86ABA3E9-2243-4B5A-9DB8-40B47020EA24"},{"id":"CA2BF5F8-E961-4080-A7EA-1B692D1ECC47"},{"id":"25C115FF-E274-498E-B100-81D19D341B7D"},{"id":"47B87B37-3E6C-4605-A60C-2C74317EED43"},{"id":"12831E37-90C6-4A53-A275-96C7551CF8CB"},{"id":"C8055F9B-BE38-4AAE-A985-53739749B0B5"},{"id":"D04EB6C9-279F-4A64-8F5F-8F5315B6AD8E"}],"enableArrowKeys":true,"row5":[{"toDetailCollection":{},"id":"948954FF-B514-4A04-B39E-D79AD274343C","fromDetail":{"output":{"letter_keys":{"_0":"c"}},"display":"C"}},{"fromDetail":{"display":",","output":{"controls_and_symbols":{"_0":"comma"}}},"id":"25403996-8F9E-4938-B978-DCCD4F5D5515","toDetailCollection":{}},{"id":"64AD23DE-5F95-471D-ADF2-8E44CD68D974","fromDetail":{"output":{"modifier_keys":{"_0":"left_shift"}},"display":"shift","isSFSymbol":true},"unitSize":2.25,"toDetailCollection":{}},{"id":"E0FC363E-0222-4780-B598-5341A522B403","toDetailCollection":{"condition0":{"layer0":{"isCustomized_tap":true,"outputAndDisplay_tap":{"output":{"letter_keys":{"_0":"k"}},"layerKey":"layer0","display":"K"},"withModifier_tap":{}}}},"fromDetail":{"output":{"letter_keys":{"_0":"n"}},"display":"N"}},{"id":"D507FA1D-3C27-4B21-8A15-B53E2A3ACEDB","toDetailCollection":{},"fromDetail":{"output":{"letter_keys":{"_0":"v"}},"display":"V"}},{"toDetailCollection":{},"fromDetail":{"display":"M","output":{"letter_keys":{"_0":"m"}}},"id":"30646D61-6D9A-4F71-A576-2DC6DE277E58"},{"toDetailCollection":{},"fromDetail":{"output":{"controls_and_symbols":{"_0":"slash"}},"display":"\/"},"id":"8A8ECFA0-57B6-4541-98EC-F7EB04E9C21D"},{"id":"0C7B8023-7276-475B-B618-EE7F9FBCCB9B","toDetailCollection":{},"fromDetail":{"output":{"letter_keys":{"_0":"b"}},"display":"B"}},{"id":"5455B586-E813-4F78-9C47-3B45C989E2CA","toDetailCollection":{},"fromDetail":{"display":"X","output":{"letter_keys":{"_0":"x"}}}},{"toDetailCollection":{},"fromDetail":{"display":".","output":{"controls_and_symbols":{"_0":"period"}}},"id":"3A95D92C-E0E7-43C4-BCFD-DF94DB8BD3A8"},{"toDetailCollection":{},"id":"FD0BEBDC-861B-4078-957E-52DAA7005908","fromDetail":{"display":"Z","output":{"letter_keys":{"_0":"z"}}}},{"fromDetail":{"isSFSymbol":true,"output":{"modifier_keys":{"_0":"right_shift"}},"display":"shift"},"id":"E5E2341F-AD5C-4967-9228-1B480CBFC4CC","toDetailCollection":{},"unitSize":2.25}],"arrow_down":{"id":"62B73948-FCB5-49B7-9341-61466EAADD53","toDetailCollection":{},"keyShape":"arrow_Down","fromDetail":{"display":"arrowtriangle.down.fill","isSFSymbol":true,"output":{"arrow_keys":{"_0":"down_arrow"}}}},"row6":[{"id":"581F6D61-3525-4F9C-BA02-A9D0F6B4393B","fromDetail":{"display":"command","output":{"modifier_keys":{"_0":"right_command"}},"isSFSymbol":true},"unitSize":1.25,"toDetailCollection":{}},{"id":"DBF01432-B55A-4D83-B458-4BA5D2BD6BD6","fromDetail":{"isSFSymbol":true,"output":{"modifier_keys":{"_0":"right_option"}},"display":"option"},"toDetailCollection":{}},{"fromDetail":{"output":{"modifier_keys":{"_0":"keyboard_fn"}},"isSFSymbol":true,"display":"globe"},"id":"3382F017-99BE-485D-AC7E-220930792A72","toDetailCollection":{}},{"id":"15DDBADC-29E7-443D-BD08-64AF6903C41A","toDetailCollection":{},"unitSize":1.25,"fromDetail":{"display":"command","isSFSymbol":true,"output":{"modifier_keys":{"_0":"left_command"}}}},{"fromDetail":{"output":{"modifier_keys":{"_0":"left_option"}},"isSFSymbol":true,"display":"option"},"toDetailCollection":{},"id":"61DF377C-A94D-46B9-AF2E-F37811CA9BE5"},{"toDetailCollection":{},"id":"58A0A695-2847-4D2A-97D7-76C234946BA0","fromDetail":{"display":"␣","output":{"controls_and_symbols":{"_0":"spacebar"}}},"unitSize":5},{"toDetailCollection":{},"id":"32D16EA9-0B58-4101-99C1-3BD750A1BD2F","fromDetail":{"isSFSymbol":true,"output":{"modifier_keys":{"_0":"left_control"}},"display":"control"}}],"rowIndex_arrow":{"row6":{}},"row2":[{"fromDetail":{"output":{"number_keys":{"_0":"zero"}},"display":"0"},"toDetailCollection":{},"id":"F0B8C579-E814-4D0E-BB8E-7F21D0660794"},{"id":"9D676F83-7989-4EAD-B020-BB1307384C2A","fromDetail":{"output":{"controls_and_symbols":{"_0":"grave_accent"}},"display":"`"},"toDetailCollection":{}},{"fromDetail":{"display":"2","output":{"number_keys":{"_0":"two"}}},"id":"B12C53ED-95C5-49DF-935A-D2F315B80629","toDetailCollection":{}},{"toDetailCollection":{},"id":"5E7BA0E3-7E9C-4B0E-B353-7BF5B0988369","fromDetail":{"output":{"number_keys":{"_0":"eight"}},"display":"8"}},{"unitSize":1.5,"id":"2ED8FC4A-7654-4C54-A843-FBC2A715BF50","fromDetail":{"display":"delete.left","output":{"controls_and_symbols":{"_0":"delete_or_backspace"}},"isSFSymbol":true},"toDetailCollection":{}},{"fromDetail":{"display":"=","output":{"controls_and_symbols":{"_0":"equal_sign_or_caret"}}},"toDetailCollection":{},"id":"2FC9A2D6-8504-4F5F-9439-33A082D90A36"},{"toDetailCollection":{},"fromDetail":{"output":{"number_keys":{"_0":"seven"}},"display":"7"},"id":"252E62E1-69D8-4262-B0E3-5A6DE385ADE6"},{"fromDetail":{"display":"5","output":{"number_keys":{"_0":"five"}}},"id":"A5BB60E4-8A0B-4DA3-85D9-58A3284B3E3B","toDetailCollection":{}},{"toDetailCollection":{},"id":"BD872F95-C442-4549-AE05-BD13775753E3","fromDetail":{"output":{"number_keys":{"_0":"four"}},"display":"4"}},{"id":"A1D3B17E-DDF1-4521-BB55-B01D4B40AE7B","toDetailCollection":{},"fromDetail":{"display":"3","output":{"number_keys":{"_0":"three"}}}},{"fromDetail":{"display":"-","output":{"controls_and_symbols":{"_0":"hyphen"}}},"id":"C0E15434-B7D8-4483-A08B-0862FA29F9DD","toDetailCollection":{}},{"id":"44BD7F12-386A-49C0-BF9F-17F7961ED06B","fromDetail":{"output":{"number_keys":{"_0":"one"}},"display":"1"},"toDetailCollection":{}},{"fromDetail":{"output":{"number_keys":{"_0":"six"}},"display":"6"},"toDetailCollection":{},"id":"0C658FC9-DAB6-4AAE-A4D6-C94577B21B61"},{"id":"128C2EAC-CC58-4147-B1B4-952878C5E9A3","fromDetail":{"display":"9","output":{"number_keys":{"_0":"nine"}}},"toDetailCollection":{}}],"idsInOrderRow3":[{"id":"375B58EE-FFB9-4F0D-8D60-637121EAEEBC"},{"id":"A7635E39-AE7A-40C5-92BD-874EC0F78463"},{"id":"C8EE0B35-4854-4276-8D6D-F93B7703CB12"},{"id":"6F578322-E26F-4513-A3EE-0EF0612AC69A"},{"id":"D7AECAED-1686-40E4-AFAC-A609945B2668"},{"id":"64B7633D-5112-4ECA-8B3F-A61F15ADFF12"},{"id":"ED50E608-142C-43D9-A539-A488F171322B"},{"id":"53AA80D9-0E7E-4E6D-B6B7-78A2B4E71D89"},{"id":"C75BA8B9-E18C-448A-AE5A-DF5B74B18212"},{"id":"09538826-FDF5-4578-A226-589E9B376420"},{"id":"39947574-7CBA-4526-B225-7A7DE3974CBC"},{"id":"C40A88F0-418E-40C3-8E41-2F66860F8042"},{"id":"5011F52E-56F8-41D1-B464-7C3208E0C2E5"},{"id":"2627BFD1-25B1-4DA3-9FB7-BB3EC2850926"}],"idsInOrderRow1":[{"id":"F6113553-A34B-421B-BA0B-BAB5A24BA30C"},{"id":"409F8FE2-2645-4A3C-830A-87097AEC12D6"},{"id":"D48124BF-E810-47EE-884C-4BFC7696200A"},{"id":"732DE37B-26CA-48DE-99D1-A34D1CF5531E"},{"id":"42EF2259-78D3-4A1D-BE96-91D9FC96EE65"},{"id":"C79E072C-13D0-45F9-80E0-B632FBDFA8CD"},{"id":"09022FAA-421D-4274-A654-7151228910ED"},{"id":"ED595181-97DC-4263-A7BD-55FFA26A57B3"},{"id":"45EA7621-8E8C-4E93-A8BB-06DC23351D24"},{"id":"1E668030-708A-4A15-A6AB-A23768160C05"},{"id":"62DC6B66-9274-4AF3-9535-D92F9A0047AA"},{"id":"762075FA-DFEA-4480-AECB-F3C2301CD8AF"},{"id":"AD7A3B23-1360-45AA-B7D7-599EECA4B562"}],"arrow_left":{"keyShape":"arrow_LR","toDetailCollection":{},"id":"E02C2BE0-E1F6-48EC-A9C6-D45410129971","fromDetail":{"output":{"arrow_keys":{"_0":"left_arrow"}},"display":"arrowtriangle.left.fill","isSFSymbol":true}},"idsInOrderRow5":[{"id":"64AD23DE-5F95-471D-ADF2-8E44CD68D974"},{"id":"FD0BEBDC-861B-4078-957E-52DAA7005908"},{"id":"5455B586-E813-4F78-9C47-3B45C989E2CA"},{"id":"948954FF-B514-4A04-B39E-D79AD274343C"},{"id":"D507FA1D-3C27-4B21-8A15-B53E2A3ACEDB"},{"id":"0C7B8023-7276-475B-B618-EE7F9FBCCB9B"},{"id":"E0FC363E-0222-4780-B598-5341A522B403"},{"id":"30646D61-6D9A-4F71-A576-2DC6DE277E58"},{"id":"25403996-8F9E-4938-B978-DCCD4F5D5515"},{"id":"3A95D92C-E0E7-43C4-BCFD-DF94DB8BD3A8"},{"id":"8A8ECFA0-57B6-4541-98EC-F7EB04E9C21D"},{"id":"E5E2341F-AD5C-4967-9228-1B480CBFC4CC"}],"row3":[{"toDetailCollection":{"condition0":{"layer0":{"withModifier_tap":{},"outputAndDisplay_tap":{"layerKey":"layer0","output":{"controls_and_symbols":{"_0":"semicolon"}},"display":";"},"isCustomized_tap":true}}},"fromDetail":{"display":"P","output":{"letter_keys":{"_0":"p"}}},"id":"39947574-7CBA-4526-B225-7A7DE3974CBC"},{"id":"A7635E39-AE7A-40C5-92BD-874EC0F78463","fromDetail":{"display":"Q","output":{"letter_keys":{"_0":"q"}}},"toDetailCollection":{}},{"fromDetail":{"output":{"letter_keys":{"_0":"o"}},"display":"O"},"toDetailCollection":{"condition0":{"layer0":{"isCustomized_tap":true,"outputAndDisplay_tap":{"output":{"letter_keys":{"_0":"y"}},"layerKey":"layer0","display":"Y"},"withModifier_tap":{}}}},"id":"09538826-FDF5-4578-A226-589E9B376420"},{"fromDetail":{"display":"arrow.right.to.line","output":{"controls_and_symbols":{"_0":"tab"}},"isSFSymbol":true},"toDetailCollection":{},"id":"375B58EE-FFB9-4F0D-8D60-637121EAEEBC","unitSize":1.5},{"toDetailCollection":{"condition0":{"layer0":{"outputAndDisplay_tap":{"display":"P","output":{"letter_keys":{"_0":"p"}},"layerKey":"layer0"},"isCustomized_tap":true,"withModifier_tap":{}}}},"id":"D7AECAED-1686-40E4-AFAC-A609945B2668","fromDetail":{"output":{"letter_keys":{"_0":"r"}},"display":"R"}},{"fromDetail":{"display":"]","output":{"controls_and_symbols":{"_0":"close_square_bracket"}}},"toDetailCollection":{},"id":"5011F52E-56F8-41D1-B464-7C3208E0C2E5"},{"fromDetail":{"output":{"letter_keys":{"_0":"e"}},"display":"E"},"toDetailCollection":{"condition0":{"layer0":{"outputAndDisplay_tap":{"display":"F","output":{"letter_keys":{"_0":"f"}},"layerKey":"layer0"},"withModifier_tap":{},"isCustomized_tap":true}}},"id":"6F578322-E26F-4513-A3EE-0EF0612AC69A"},{"toDetailCollection":{"condition0":{"layer0":{"outputAndDisplay_tap":{"output":{"letter_keys":{"_0":"l"}},"display":"L","layerKey":"layer0"},"isCustomized_tap":true,"withModifier_tap":{}}}},"fromDetail":{"output":{"letter_keys":{"_0":"u"}},"display":"U"},"id":"53AA80D9-0E7E-4E6D-B6B7-78A2B4E71D89"},{"fromDetail":{"display":"I","output":{"letter_keys":{"_0":"i"}}},"id":"C75BA8B9-E18C-448A-AE5A-DF5B74B18212","toDetailCollection":{"condition0":{"layer0":{"isCustomized_tap":true,"outputAndDisplay_tap":{"display":"U","layerKey":"layer0","output":{"letter_keys":{"_0":"u"}}},"withModifier_tap":{}}}}},{"id":"ED50E608-142C-43D9-A539-A488F171322B","fromDetail":{"output":{"letter_keys":{"_0":"y"}},"display":"Y"},"toDetailCollection":{"condition0":{"layer0":{"withModifier_tap":{},"outputAndDisplay_tap":{"display":"J","output":{"letter_keys":{"_0":"j"}},"layerKey":"layer0"},"isCustomized_tap":true}}}},{"fromDetail":{"display":"[","output":{"controls_and_symbols":{"_0":"open_square_bracket"}}},"toDetailCollection":{},"id":"C40A88F0-418E-40C3-8E41-2F66860F8042"},{"fromDetail":{"output":{"letter_keys":{"_0":"t"}},"display":"T"},"id":"64B7633D-5112-4ECA-8B3F-A61F15ADFF12","toDetailCollection":{"condition0":{"layer0":{"isCustomized_tap":true,"outputAndDisplay_tap":{"output":{"letter_keys":{"_0":"g"}},"display":"G","layerKey":"layer0"},"withModifier_tap":{}}}}},{"toDetailCollection":{},"id":"C8EE0B35-4854-4276-8D6D-F93B7703CB12","fromDetail":{"display":"W","output":{"letter_keys":{"_0":"w"}}}},{"fromDetail":{"output":{"controls_and_symbols":{"_0":"backslash_or_yen"}},"display":"\\"},"toDetailCollection":{},"id":"2627BFD1-25B1-4DA3-9FB7-BB3EC2850926"}],"idsInOrderRow6":[{"id":"3382F017-99BE-485D-AC7E-220930792A72"},{"id":"32D16EA9-0B58-4101-99C1-3BD750A1BD2F"},{"id":"61DF377C-A94D-46B9-AF2E-F37811CA9BE5"},{"id":"15DDBADC-29E7-443D-BD08-64AF6903C41A"},{"id":"58A0A695-2847-4D2A-97D7-76C234946BA0"},{"id":"581F6D61-3525-4F9C-BA02-A9D0F6B4393B"},{"id":"DBF01432-B55A-4D83-B458-4BA5D2BD6BD6"}],"row4":[{"unitSize":1.75,"id":"D04EB6C9-279F-4A64-8F5F-8F5315B6AD8E","fromDetail":{"output":{"controls_and_symbols":{"_0":"return_or_enter"}},"display":"return","isSFSymbol":true},"toDetailCollection":{}},{"fromDetail":{"display":"'","output":{"controls_and_symbols":{"_0":"single_quotation_or_colon"}}},"toDetailCollection":{},"id":"C8055F9B-BE38-4AAE-A985-53739749B0B5"},{"toDetailCollection":{"condition0":{"layer0":{"isCustomized_tap":true,"outputAndDisplay_tap":{"layerKey":"layer0","display":"S","output":{"letter_keys":{"_0":"s"}}},"withModifier_tap":{}}}},"fromDetail":{"display":"D","output":{"letter_keys":{"_0":"d"}}},"id":"C6E41400-2B97-4D1E-8D63-DC10D8B2D4FF"},{"fromDetail":{"output":{"letter_keys":{"_0":"g"}},"display":"G"},"toDetailCollection":{"condition0":{"layer0":{"isCustomized_tap":true,"withModifier_tap":{},"outputAndDisplay_tap":{"display":"D","layerKey":"layer0","output":{"letter_keys":{"_0":"d"}}}}}},"id":"1E95A544-B700-4BE3-923E-6AF875DCCF00"},{"fromDetail":{"display":"A","output":{"letter_keys":{"_0":"a"}}},"id":"BA7F1A17-DA22-446E-9C85-8454A7C92D1D","toDetailCollection":{}},{"fromDetail":{"display":"S","output":{"letter_keys":{"_0":"s"}}},"toDetailCollection":{"condition0":{"layer0":{"withModifier_tap":{},"isCustomized_tap":true,"outputAndDisplay_tap":{"layerKey":"layer0","output":{"letter_keys":{"_0":"r"}},"display":"R"}}}},"id":"360CDCF3-825D-4B5F-BC9B-A3BB82DDCC06"},{"fromDetail":{"output":{"letter_keys":{"_0":"h"}},"display":"H"},"id":"86ABA3E9-2243-4B5A-9DB8-40B47020EA24","toDetailCollection":{"condition0":{"layer0":{"isCustomized_tap":true,"outputAndDisplay_tap":{"layerKey":"layer0","display":"H","output":{"letter_keys":{"_0":"h"}}},"withModifier_tap":{}}}}},{"id":"12831E37-90C6-4A53-A275-96C7551CF8CB","fromDetail":{"display":";","output":{"controls_and_symbols":{"_0":"semicolon"}}},"toDetailCollection":{"condition0":{"layer0":{"outputAndDisplay_tap":{"layerKey":"layer0","output":{"letter_keys":{"_0":"o"}},"display":"O"},"isCustomized_tap":true,"withModifier_tap":{}}}}},{"id":"CA2BF5F8-E961-4080-A7EA-1B692D1ECC47","fromDetail":{"display":"J","output":{"letter_keys":{"_0":"j"}}},"toDetailCollection":{"condition0":{"layer0":{"isCustomized_tap":true,"outputAndDisplay_tap":{"output":{"letter_keys":{"_0":"n"}},"display":"N","layerKey":"layer0"},"withModifier_tap":{}}}}},{"fromDetail":{"output":{"letter_keys":{"_0":"l"}},"display":"L"},"id":"47B87B37-3E6C-4605-A60C-2C74317EED43","toDetailCollection":{"condition0":{"layer0":{"isCustomized_tap":true,"outputAndDisplay_tap":{"display":"I","layerKey":"layer0","output":{"letter_keys":{"_0":"i"}}},"withModifier_tap":{}}}}},{"id":"697D107B-4ED3-45B1-99D4-20479D53769A","toDetailCollection":{"condition0":{"layer0":{"isCustomized_tap":true,"outputAndDisplay_tap":{"output":{"letter_keys":{"_0":"t"}},"display":"T","layerKey":"layer0"},"withModifier_tap":{}}}},"fromDetail":{"display":"F","output":{"letter_keys":{"_0":"f"}}}},{"toDetailCollection":{},"unitSize":1.75,"fromDetail":{"output":{"modifier_keys":{"_0":"caps_lock"}},"isSFSymbol":true,"display":"capslock"},"id":"92BFE01A-45E6-43B9-8551-FC0763FCF285"},{"id":"25C115FF-E274-498E-B100-81D19D341B7D","fromDetail":{"display":"K","output":{"letter_keys":{"_0":"k"}}},"toDetailCollection":{"condition0":{"layer0":{"isCustomized_tap":true,"outputAndDisplay_tap":{"output":{"letter_keys":{"_0":"e"}},"display":"E","layerKey":"layer0"},"withModifier_tap":{}}}}}]},"sectionDetail":{"section":{"main":{}},"deviceDetail":{"is_product_id_Enabled":false,"is_vendor_id_Enabled":false,"device_name":"mainKeyboard","product_id":"product_id","location_id":"location_id","is_location_id_Enabled":false,"vendor_id":"vendor_id","is_builtin_keyboard":false}},"tenkeyRows":{"idsInOrderRow3":[{"id":"ACD3DA12-B093-4A39-B983-7FB3601A9BD9"},{"id":"660A171B-63EB-4BEC-B37C-E81BAD178682"},{"id":"CE5143D2-33FA-4FB2-BED9-51881B02DBA3"},{"id":"6443F87C-78D1-4813-ABEE-3F9ADE259CCC"}],"row2":[{"fromDetail":{"display":"=","output":{"keypad_keys":{"_0":"keypad_equal_sign"}}},"toDetailCollection":{},"id":"118E3CA9-B75A-46DE-A9F4-5FAC3D839A8A"},{"toDetailCollection":{},"id":"141B7E8A-AEC2-409A-A05E-9E5A9178C8B4","fromDetail":{"output":{"others":{"_0":"clear"}},"display":"clear"}},{"id":"95171B35-A9FB-4DED-B7D4-4A0285AB649E","toDetailCollection":{},"fromDetail":{"display":"*","output":{"keypad_keys":{"_0":"keypad_asterisk"}}}},{"fromDetail":{"output":{"keypad_keys":{"_0":"keypad_slash"}},"display":"\/"},"toDetailCollection":{},"id":"E353C406-53E2-4C2B-9CA0-934FFE33C2B4"}],"row6":[{"fromDetail":{"display":".","output":{"keypad_keys":{"_0":"keypad_period"}}},"toDetailCollection":{},"id":"F0D01E84-7235-4726-A86E-7B3A7BB15575"},{"unitSize":2,"toDetailCollection":{},"id":"0556DFFB-C918-47B1-A2E3-9BB29D9BC843","fromDetail":{"display":"0","output":{"keypad_keys":{"_0":"keypad_0"}}}}],"row4":[{"toDetailCollection":{},"id":"E498B741-5135-4FB8-9C2F-82A7F0558464","fromDetail":{"display":"6","output":{"keypad_keys":{"_0":"keypad_6"}}}},{"id":"73F91354-4F2B-4520-AA62-BF464AB242CD","fromDetail":{"display":"+","output":{"keypad_keys":{"_0":"keypad_plus"}}},"toDetailCollection":{}},{"toDetailCollection":{},"fromDetail":{"output":{"keypad_keys":{"_0":"keypad_5"}},"display":"5"},"id":"1DC14251-729C-4ACA-B34C-A1257E68D713"},{"id":"BA57A1BC-6881-4232-B39B-D036C4207C17","toDetailCollection":{},"fromDetail":{"display":"4","output":{"keypad_keys":{"_0":"keypad_4"}}}}],"arrow_down":{"keyShape":"arrow_Down","toDetailCollection":{},"fromDetail":{"isSFSymbol":true,"display":"arrowtriangle.down.fill","output":{"arrow_keys":{"_0":"down_arrow"}}},"id":"F2B02C05-5884-449D-8A98-93ADE30B88B2"},"idsInOrderRow5":[{"id":"0B1A9A9D-AAF0-4D89-841D-1B0D09F7DF40"},{"id":"97E94395-3630-445D-81D5-14763FC3C3A9"},{"id":"6D11DFAC-D851-495F-8DB7-6FC0159A8B2D"},{"id":"CC22A6A2-B3E4-429C-9A25-24CF2E4952D7"}],"arrow_left":{"keyShape":"arrow_LR","toDetailCollection":{},"id":"15FCCD21-10D4-4730-A076-8BDFA7E1334F","fromDetail":{"output":{"arrow_keys":{"_0":"left_arrow"}},"display":"arrowtriangle.left.fill","isSFSymbol":true}},"idsInOrderRow4":[{"id":"BA57A1BC-6881-4232-B39B-D036C4207C17"},{"id":"1DC14251-729C-4ACA-B34C-A1257E68D713"},{"id":"E498B741-5135-4FB8-9C2F-82A7F0558464"},{"id":"73F91354-4F2B-4520-AA62-BF464AB242CD"}],"arrow_up":{"id":"DA2900F7-C85F-4E31-904D-C2436DFDD14F","keyShape":"arrow_Up","fromDetail":{"display":"arrowtriangle.up.fill","output":{"arrow_keys":{"_0":"up_arrow"}},"isSFSymbol":true},"toDetailCollection":{}},"rowIndex_arrow":{"row6":{}},"enableArrowKeys":false,"arrow_right":{"keyShape":"arrow_LR","toDetailCollection":{},"fromDetail":{"output":{"arrow_keys":{"_0":"right_arrow"}},"display":"arrowtriangle.right.fill","isSFSymbol":true},"id":"ADFE7B5A-A0F5-4932-AD93-2C8A8FBA50E5"},"idsInOrderRow1":[{"id":"0408E5A9-BB5D-45A7-8AFD-681223B2690E"},{"id":"58BB7E13-ED29-4905-9DC8-A4752B083200"},{"id":"AB3CDC0C-807D-4234-B6B7-83FD50E61BB2"},{"id":"B1DA0F07-DDCF-438D-B504-858D854915D3"}],"idsInOrderRow2":[{"id":"141B7E8A-AEC2-409A-A05E-9E5A9178C8B4"},{"id":"118E3CA9-B75A-46DE-A9F4-5FAC3D839A8A"},{"id":"E353C406-53E2-4C2B-9CA0-934FFE33C2B4"},{"id":"95171B35-A9FB-4DED-B7D4-4A0285AB649E"}],"row5":[{"fromDetail":{"output":{"keypad_keys":{"_0":"keypad_2"}},"display":"2"},"toDetailCollection":{},"id":"97E94395-3630-445D-81D5-14763FC3C3A9"},{"keyShape":"enter_Tenkey","fromDetail":{"isSFSymbol":true,"output":{"keypad_keys":{"_0":"keypad_enter"}},"display":"projective"},"toDetailCollection":{},"id":"CC22A6A2-B3E4-429C-9A25-24CF2E4952D7"},{"toDetailCollection":{},"id":"6D11DFAC-D851-495F-8DB7-6FC0159A8B2D","fromDetail":{"output":{"keypad_keys":{"_0":"keypad_3"}},"display":"3"}},{"fromDetail":{"output":{"keypad_keys":{"_0":"keypad_1"}},"display":"1"},"toDetailCollection":{},"id":"0B1A9A9D-AAF0-4D89-841D-1B0D09F7DF40"}],"row3":[{"id":"6443F87C-78D1-4813-ABEE-3F9ADE259CCC","fromDetail":{"output":{"keypad_keys":{"_0":"keypad_hyphen"}},"display":"-"},"toDetailCollection":{}},{"fromDetail":{"output":{"keypad_keys":{"_0":"keypad_8"}},"display":"8"},"toDetailCollection":{},"id":"660A171B-63EB-4BEC-B37C-E81BAD178682"},{"id":"CE5143D2-33FA-4FB2-BED9-51881B02DBA3","fromDetail":{"output":{"keypad_keys":{"_0":"keypad_9"}},"display":"9"},"toDetailCollection":{}},{"id":"ACD3DA12-B093-4A39-B983-7FB3601A9BD9","toDetailCollection":{},"fromDetail":{"display":"7","output":{"keypad_keys":{"_0":"keypad_7"}}}}],"row1":[{"toDetailCollection":{},"fromDetail":{"display":"F17","output":{"function_keys":{"_0":"f17"}}},"id":"58BB7E13-ED29-4905-9DC8-A4752B083200"},{"toDetailCollection":{},"id":"AB3CDC0C-807D-4234-B6B7-83FD50E61BB2","fromDetail":{"display":"F18","output":{"function_keys":{"_0":"f18"}}}},{"fromDetail":{"output":{"function_keys":{"_0":"f16"}},"display":"F16"},"id":"0408E5A9-BB5D-45A7-8AFD-681223B2690E","toDetailCollection":{}},{"fromDetail":{"display":"F19","output":{"function_keys":{"_0":"f19"}}},"id":"B1DA0F07-DDCF-438D-B504-858D854915D3","toDetailCollection":{}}],"idsInOrderRow6":[{"id":"0556DFFB-C918-47B1-A2E3-9BB29D9BC843"},{"id":"F0D01E84-7235-4726-A86E-7B3A7BB15575"}]},"subRows":{"arrow_down":{"id":"5C24B407-1A00-4796-A41C-F1FCED6C2508","fromDetail":{"display":"arrowtriangle.down.fill","output":{"arrow_keys":{"_0":"down_arrow"}},"isSFSymbol":true},"toDetailCollection":{},"keyShape":"arrow_Down"},"row6":[{"id":"E3BBD377-EA1B-4537-8A51-38F556783DDE","fromDetail":{"isSFSymbol":true,"output":{"arrow_keys":{"_0":"down_arrow"}},"display":"arrowtriangle.down.fill"},"toDetailCollection":{}},{"id":"0B3F7C92-2FB3-4E8B-A649-2F6FEBBD1DBF","fromDetail":{"isSFSymbol":true,"output":{"arrow_keys":{"_0":"right_arrow"}},"display":"arrowtriangle.right.fill"},"toDetailCollection":{}},{"fromDetail":{"output":{"arrow_keys":{"_0":"left_arrow"}},"isSFSymbol":true,"display":"arrowtriangle.left.fill"},"id":"4C694876-0A42-4D1B-8C3E-DD2D7A7B7D4F","toDetailCollection":{}}],"arrow_up":{"id":"2956EE7F-7355-4F7B-A7F6-A0A57525283B","toDetailCollection":{},"fromDetail":{"output":{"arrow_keys":{"_0":"up_arrow"}},"display":"arrowtriangle.up.fill","isSFSymbol":true},"keyShape":"arrow_Up"},"arrow_right":{"fromDetail":{"isSFSymbol":true,"display":"arrowtriangle.right.fill","output":{"arrow_keys":{"_0":"right_arrow"}}},"toDetailCollection":{},"keyShape":"arrow_LR","id":"0748210D-C069-4500-91E9-1406DB07F82B"},"idsInOrderRow1":[{"id":"299DAD0F-EF62-4CA6-93B4-6382DC816028"},{"id":"260DBF5A-7ED8-4A1B-B36A-422515B8813A"},{"id":"192D1A42-E424-41FA-8A69-A07B650D1C8F"}],"row1":[{"id":"299DAD0F-EF62-4CA6-93B4-6382DC816028","toDetailCollection":{},"fromDetail":{"output":{"function_keys":{"_0":"f13"}},"display":"F13"}},{"fromDetail":{"output":{"function_keys":{"_0":"f14"}},"display":"F14"},"id":"260DBF5A-7ED8-4A1B-B36A-422515B8813A","toDetailCollection":{}},{"id":"192D1A42-E424-41FA-8A69-A07B650D1C8F","fromDetail":{"output":{"function_keys":{"_0":"f15"}},"display":"F15"},"toDetailCollection":{}}],"idsInOrderRow3":[{"id":"33F6B879-FE5E-4C18-B9F8-D69C35EEC36F"},{"id":"6F14CF8B-A2C6-4723-AC5C-301E193CD93F"},{"id":"476BB7D4-8D10-481F-9B92-7C2A8FFFC3BA"}],"idsInOrderRow2":[{"id":"F45F7A5B-97D7-43B4-BAF5-16F22BE06D17"},{"id":"1A8B999F-D279-4F7A-8C36-8B5431C89550"},{"id":"DC01F8F6-6668-405E-BF21-2072FB25C2F5"}],"row3":[{"toDetailCollection":{},"id":"33F6B879-FE5E-4C18-B9F8-D69C35EEC36F","fromDetail":{"output":{"controls_and_symbols":{"_0":"delete_forward"}},"display":"delete.right","isSFSymbol":true}},{"toDetailCollection":{},"id":"476BB7D4-8D10-481F-9B92-7C2A8FFFC3BA","fromDetail":{"output":{"arrow_keys":{"_0":"page_down"}},"display":"arrow.down","isSFSymbol":true}},{"toDetailCollection":{},"id":"6F14CF8B-A2C6-4723-AC5C-301E193CD93F","fromDetail":{"display":"arrow.down.to.line","output":{"arrow_keys":{"_0":"end"}},"isSFSymbol":true}}],"idsInOrderRow6":[{"id":"4C694876-0A42-4D1B-8C3E-DD2D7A7B7D4F"},{"id":"E3BBD377-EA1B-4537-8A51-38F556783DDE"},{"id":"0B3F7C92-2FB3-4E8B-A649-2F6FEBBD1DBF"}],"row5":[{"id":"1A112B0C-48E6-4C39-A7BF-6DC2E89CFED7","toDetailCollection":{},"fromDetail":{"output":{"arrow_keys":{"_0":"up_arrow"}},"isSFSymbol":true,"display":"arrowtriangle.up.fill"}},{"id":"321AEBFC-0B7D-4BC3-BE83-49502C950CC7","toDetailCollection":{},"fromDetail":{"output":{"letter_keys":{"_0":"a"}},"display":"A"},"isSpacer":true}],"enableArrowKeys":false,"row2":[{"toDetailCollection":{},"fromDetail":{"isSFSymbol":true,"output":{"arrow_keys":{"_0":"page_up"}},"display":"arrow.up"},"id":"DC01F8F6-6668-405E-BF21-2072FB25C2F5"},{"fromDetail":{"display":"arrow.up.to.line","output":{"arrow_keys":{"_0":"home"}},"isSFSymbol":true},"toDetailCollection":{},"id":"1A8B999F-D279-4F7A-8C36-8B5431C89550"},{"id":"F45F7A5B-97D7-43B4-BAF5-16F22BE06D17","fromDetail":{"isSFSymbol":true,"output":{"keys_in_pc_keyboards":{"_0":"insert"}},"display":"text.insert"},"toDetailCollection":{}}],"arrow_left":{"toDetailCollection":{},"fromDetail":{"output":{"arrow_keys":{"_0":"left_arrow"}},"isSFSymbol":true,"display":"arrowtriangle.left.fill"},"id":"3618AB87-0988-4865-A1A0-45C56F175354","keyShape":"arrow_LR"},"idsInOrderRow5":[{"id":"321AEBFC-0B7D-4BC3-BE83-49502C950CC7"},{"id":"1A112B0C-48E6-4C39-A7BF-6DC2E89CFED7"}],"rowIndex_arrow":{"row6":{}},"idsInOrderRow4":[],"row4":[]},"isEnableMain":true},"validSections":{"sections":[{"main":{}}]},"keycodeRegion":"ANSI","mouse":{"subRows":{"arrow_down":{"id":"DAC4041E-F168-43AF-AFAE-B03BBE7A419B","fromDetail":{"isSFSymbol":true,"output":{"arrow_keys":{"_0":"down_arrow"}},"display":"arrowtriangle.down.fill"},"keyShape":"arrow_Down","toDetailCollection":{}},"row1":[{"id":"B79D0F06-65EE-4479-A2ED-139009E86DA9","fromDetail":{"display":"A","output":{"letter_keys":{"_0":"a"}}},"toDetailCollection":{}}],"row5":[{"id":"563B5819-C533-4139-B385-82D930C8A25A","toDetailCollection":{},"fromDetail":{"display":"A","output":{"letter_keys":{"_0":"a"}}}}],"row4":[{"fromDetail":{"display":"A","output":{"letter_keys":{"_0":"a"}}},"toDetailCollection":{},"id":"AD103B3C-4FC0-46EE-BDAF-8924F9DC498B"}],"idsInOrderRow4":[{"id":"AD103B3C-4FC0-46EE-BDAF-8924F9DC498B"}],"idsInOrderRow5":[{"id":"563B5819-C533-4139-B385-82D930C8A25A"}],"row6":[{"fromDetail":{"display":"A","output":{"letter_keys":{"_0":"a"}}},"id":"99310882-33BE-493B-B8B6-FA969F9EE323","toDetailCollection":{}}],"idsInOrderRow1":[{"id":"B79D0F06-65EE-4479-A2ED-139009E86DA9"}],"row2":[{"fromDetail":{"display":"A","output":{"letter_keys":{"_0":"a"}}},"toDetailCollection":{},"id":"284ACF81-E0FB-4910-B59D-85321F3D1D81"}],"idsInOrderRow2":[{"id":"284ACF81-E0FB-4910-B59D-85321F3D1D81"}],"enableArrowKeys":false,"arrow_left":{"id":"8BE1BDC8-E88C-4F37-AEEB-0A998D2C2A80","keyShape":"arrow_LR","fromDetail":{"isSFSymbol":true,"output":{"arrow_keys":{"_0":"left_arrow"}},"display":"arrowtriangle.left.fill"},"toDetailCollection":{}},"row3":[{"id":"E27464D8-B76E-4CD8-805A-58F377556FA4","fromDetail":{"display":"A","output":{"letter_keys":{"_0":"a"}}},"toDetailCollection":{}}],"idsInOrderRow3":[{"id":"E27464D8-B76E-4CD8-805A-58F377556FA4"}],"idsInOrderRow6":[{"id":"99310882-33BE-493B-B8B6-FA969F9EE323"}],"arrow_right":{"keyShape":"arrow_LR","id":"4CFD94CF-6068-4029-AB56-C3500B51E23C","toDetailCollection":{},"fromDetail":{"display":"arrowtriangle.right.fill","output":{"arrow_keys":{"_0":"right_arrow"}},"isSFSymbol":true}},"arrow_up":{"toDetailCollection":{},"keyShape":"arrow_Up","fromDetail":{"output":{"arrow_keys":{"_0":"up_arrow"}},"isSFSymbol":true,"display":"arrowtriangle.up.fill"},"id":"8996AFFC-E388-41AC-B580-E3A03605F542"},"rowIndex_arrow":{"row6":{}}},"sectionDetail":{"section":{"mouse":{}},"deviceDetail":{"is_location_id_Enabled":false,"product_id":"product_id","is_product_id_Enabled":false,"location_id":"location_id","device_name":"mouse","vendor_id":"vendor_id","is_builtin_keyboard":false,"is_vendor_id_Enabled":false}},"mainRows":{"enableArrowKeys":false,"idsInOrderRow2":[{"id":"FF6024C4-C671-453B-B3C7-2DD108517049"},{"id":"59AC7383-9489-41DD-AF77-54C140F19C07"}],"idsInOrderRow5":[],"row3":[{"isSpacer":true,"fromDetail":{"output":{"letter_keys":{"_0":"a"}},"display":"A"},"toDetailCollection":{},"id":"EEF1CBD5-02E2-416E-B37B-1E6CD310691C"}],"rowIndex_arrow":{"row6":{}},"row4":[{"id":"E4E2453E-629D-46E5-A9F3-20AECD77BBDB","isSpacer":true,"fromDetail":{"output":{"letter_keys":{"_0":"a"}},"display":"A"},"toDetailCollection":{}}],"row2":[{"id":"FF6024C4-C671-453B-B3C7-2DD108517049","isSpacer":true,"toDetailCollection":{},"fromDetail":{"display":"A","output":{"letter_keys":{"_0":"a"}}},"unitSize":0.5},{"id":"59AC7383-9489-41DD-AF77-54C140F19C07","fromDetail":{"output":{"mouse_buttons":{"_0":"button3"}},"display":"M click"},"toDetailCollection":{}}],"row6":[],"arrow_left":{"toDetailCollection":{},"id":"76FDE03F-ABB1-48F3-97E7-1EF381AC0127","fromDetail":{"display":"arrowtriangle.left.fill","isSFSymbol":true,"output":{"arrow_keys":{"_0":"left_arrow"}}},"keyShape":"arrow_LR"},"idsInOrderRow6":[],"arrow_up":{"toDetailCollection":{},"fromDetail":{"display":"arrowtriangle.up.fill","isSFSymbol":true,"output":{"arrow_keys":{"_0":"up_arrow"}}},"keyShape":"arrow_Up","id":"CC4D845A-9279-4152-8055-2B84F3A0D6B3"},"arrow_down":{"id":"26B0D6AC-3C49-4C53-BDCD-5C20CEAD0587","fromDetail":{"isSFSymbol":true,"output":{"arrow_keys":{"_0":"down_arrow"}},"display":"arrowtriangle.down.fill"},"keyShape":"arrow_Down","toDetailCollection":{}},"arrow_right":{"fromDetail":{"output":{"arrow_keys":{"_0":"right_arrow"}},"display":"arrowtriangle.right.fill","isSFSymbol":true},"id":"9536047A-FB11-4309-9A7A-62D612397EEA","toDetailCollection":{},"keyShape":"arrow_LR"},"row5":[],"idsInOrderRow3":[{"id":"EEF1CBD5-02E2-416E-B37B-1E6CD310691C"}],"row1":[{"fromDetail":{"output":{"mouse_buttons":{"_0":"button1"}},"display":"L click"},"toDetailCollection":{},"id":"02F85449-8FBD-4A91-8720-0CD30BA2AABC"},{"fromDetail":{"display":"R click","output":{"mouse_buttons":{"_0":"button2"}}},"toDetailCollection":{},"id":"5D83D334-DF1E-4779-B942-4B692AADB422"}],"idsInOrderRow4":[{"id":"E4E2453E-629D-46E5-A9F3-20AECD77BBDB"}],"idsInOrderRow1":[{"id":"02F85449-8FBD-4A91-8720-0CD30BA2AABC"},{"id":"5D83D334-DF1E-4779-B942-4B692AADB422"}]},"isEnableTenkey":false,"isEnableMain":true,"tenkeyRows":{"row5":[{"id":"FA2E208A-7EC4-40C9-B755-C107541338C5","fromDetail":{"display":"A","output":{"letter_keys":{"_0":"a"}}},"toDetailCollection":{}}],"arrow_left":{"fromDetail":{"output":{"arrow_keys":{"_0":"left_arrow"}},"display":"arrowtriangle.left.fill","isSFSymbol":true},"id":"07563E40-F151-43BB-A7AA-34325BFF1622","keyShape":"arrow_LR","toDetailCollection":{}},"idsInOrderRow1":[{"id":"15907F19-2F5C-4ABA-8BDF-D99CDBECFD84"}],"arrow_up":{"keyShape":"arrow_Up","id":"CC5AA4E7-12C2-410D-B039-68F714901A62","toDetailCollection":{},"fromDetail":{"output":{"arrow_keys":{"_0":"up_arrow"}},"display":"arrowtriangle.up.fill","isSFSymbol":true}},"idsInOrderRow3":[{"id":"9C399AEA-520B-49D7-95D5-978EFC740480"}],"enableArrowKeys":false,"row1":[{"id":"15907F19-2F5C-4ABA-8BDF-D99CDBECFD84","fromDetail":{"display":"A","output":{"letter_keys":{"_0":"a"}}},"toDetailCollection":{}}],"idsInOrderRow5":[{"id":"FA2E208A-7EC4-40C9-B755-C107541338C5"}],"arrow_down":{"id":"234178EC-7677-440D-9F38-B49A1CB6D770","toDetailCollection":{},"keyShape":"arrow_Down","fromDetail":{"output":{"arrow_keys":{"_0":"down_arrow"}},"display":"arrowtriangle.down.fill","isSFSymbol":true}},"row4":[{"toDetailCollection":{},"fromDetail":{"display":"A","output":{"letter_keys":{"_0":"a"}}},"id":"DF4DF62F-A2DC-4198-B25E-7949967D69FB"}],"row6":[{"fromDetail":{"display":"A","output":{"letter_keys":{"_0":"a"}}},"toDetailCollection":{},"id":"A2A640E8-D78A-42FF-BC05-D3972C45023F"}],"arrow_right":{"toDetailCollection":{},"keyShape":"arrow_LR","fromDetail":{"output":{"arrow_keys":{"_0":"right_arrow"}},"display":"arrowtriangle.right.fill","isSFSymbol":true},"id":"F5E0AFE6-4E68-4DA3-B195-CA06A8AC4CBB"},"row3":[{"fromDetail":{"output":{"letter_keys":{"_0":"a"}},"display":"A"},"id":"9C399AEA-520B-49D7-95D5-978EFC740480","toDetailCollection":{}}],"idsInOrderRow4":[{"id":"DF4DF62F-A2DC-4198-B25E-7949967D69FB"}],"row2":[{"toDetailCollection":{},"id":"C5079CCD-E92A-4BF6-A6D4-2A3F9F6E7B7F","fromDetail":{"output":{"letter_keys":{"_0":"a"}},"display":"A"}}],"idsInOrderRow2":[{"id":"C5079CCD-E92A-4BF6-A6D4-2A3F9F6E7B7F"}],"idsInOrderRow6":[{"id":"A2A640E8-D78A-42FF-BC05-D3972C45023F"}],"rowIndex_arrow":{"row6":{}}},"isEnableSub":false}},"comboCollection":{"condition7":{"layer8":{},"layer2":{},"layer3":{},"layer7":{},"layer1":{},"layer5":{},"layer4":{},"layer0":{},"layer6":{}},"condition2":{"layer0":{},"layer2":{},"layer3":{},"layer8":{},"layer7":{},"layer6":{},"layer1":{},"layer4":{},"layer5":{}},"condition4":{"layer8":{},"layer4":{},"layer5":{},"layer3":{},"layer2":{},"layer7":{},"layer6":{},"layer0":{},"layer1":{}},"condition1":{"layer2":{},"layer4":{},"layer0":{},"layer1":{},"layer8":{},"layer3":{},"layer5":{},"layer7":{},"layer6":{}},"condition3":{"layer4":{},"layer3":{},"layer6":{},"layer1":{},"layer0":{},"layer5":{},"layer2":{},"layer7":{},"layer8":{}},"condition8":{"layer4":{},"layer6":{},"layer0":{},"layer1":{},"layer7":{},"layer8":{},"layer2":{},"layer3":{},"layer5":{}},"condition9":{"layer2":{},"layer0":{},"layer3":{},"layer7":{},"layer8":{},"layer4":{},"layer5":{},"layer6":{},"layer1":{}},"condition6":{"layer5":{},"layer3":{},"layer2":{},"layer7":{},"layer0":{},"layer4":{},"layer6":{},"layer8":{},"layer1":{}},"condition5":{"layer5":{},"layer6":{},"layer7":{},"layer3":{},"layer1":{},"layer0":{},"layer8":{},"layer2":{},"layer4":{}},"condition0":{"layer0":{},"layer1":{},"layer5":{},"layer3":{},"layer6":{},"layer4":{},"layer7":{},"layer8":{},"layer2":{}}},"selections":{"customOrMacroTab":{"customizeKey":{}},"layer":"layer0","combo":{"id":"AE934B3A-8DCA-4ED1-9EDB-2C661D573E37","comboThreshold":50,"toDetail":{},"key_up_order":"insensitive","key_down_order":"insensitive"},"toTab":"qwertyKeyboard","keyboardKey":{"id":"C562CCCC-D99D-4CF4-874A-6356D7F0D29B","toDetailCollection":{},"fromDetail":{"display":"A","output":{"letter_keys":{"_0":"a"}}}},"macro":{"name":"user Macro","dictionary_key":null,"id":"D477A08C-AA25-4AFC-93F4-E01891F227DD","toDetailCollection":{"_collection":[],"idsInOrderCollection":[]}},"fromTab":{"qwertyKeyboard":{}},"condition":"condition0","tab":{"remap":{}},"macroTab":{"userMacro":{}},"toDetail_macro":{"id":"D2AADCA0-DD9D-4E00-8EA0-95A93996B034","error":false,"outputAndDisplay":{"display":"none","output":{"letter_keys":{"_0":"a"}},"layerKey":"layer0"},"withModifier":{},"indicator":false}},"displayKeySize":65}