{"keymap":{"other":{"mainRows":{"idsInOrderRow3":[{"id":"80BE1443-924B-4898-A1DF-F5C668D62D0C"},{"id":"465BF98A-86A9-403A-ADC0-8790BFCE4962"},{"id":"09D9B724-BDC4-46FC-81DA-1CF76EA83B26"},{"id":"6B7CE33F-7D47-4F14-810A-7CC81595889C"}],"enableArrowKeys":false,"idsInOrderRow4":[{"id":"AC7C794B-AEE7-48D1-8D14-508930AE10D8"},{"id":"F239703D-A690-4093-A843-1128DB1CCABD"},{"id":"6588E535-9A62-4247-A9E5-0B7C45243280"},{"id":"068B1BB7-C882-40BB-971D-F04B2044F64C"}],"row6":[{"fromDetail":{"display":"0","output":{"keypad_keys":{"_0":"keypad_0"}}},"id":"86F703EA-F1C0-4FFF-8690-F9908BBADB5F","toDetailCollection":{},"unitSize":2},{"fromDetail":{"output":{"keypad_keys":{"_0":"keypad_period"}},"display":"."},"toDetailCollection":{},"id":"9397DA37-AFD3-4D77-96FA-FBE3757FF718"}],"idsInOrderRow6":[{"id":"86F703EA-F1C0-4FFF-8690-F9908BBADB5F"},{"id":"9397DA37-AFD3-4D77-96FA-FBE3757FF718"}],"row4":[{"fromDetail":{"output":{"keypad_keys":{"_0":"keypad_5"}},"display":"5"},"toDetailCollection":{},"id":"F239703D-A690-4093-A843-1128DB1CCABD"},{"id":"068B1BB7-C882-40BB-971D-F04B2044F64C","fromDetail":{"output":{"keypad_keys":{"_0":"keypad_plus"}},"display":"+"},"toDetailCollection":{}},{"fromDetail":{"output":{"keypad_keys":{"_0":"keypad_6"}},"display":"6"},"toDetailCollection":{},"id":"6588E535-9A62-4247-A9E5-0B7C45243280"},{"id":"AC7C794B-AEE7-48D1-8D14-508930AE10D8","fromDetail":{"display":"4","output":{"keypad_keys":{"_0":"keypad_4"}}},"toDetailCollection":{}}],"row1":[{"id":"D2955C3A-40F0-4E93-B664-0EB2FEB52B90","fromDetail":{"display":"F17","output":{"function_keys":{"_0":"f17"}}},"toDetailCollection":{}},{"id":"F1EDAD89-B44D-49D9-8B44-2A5A0E5EDEAA","toDetailCollection":{},"fromDetail":{"output":{"function_keys":{"_0":"f19"}},"display":"F19"}},{"toDetailCollection":{},"id":"D8CFAB63-616D-4512-A845-82D96A9F5A44","fromDetail":{"display":"F18","output":{"function_keys":{"_0":"f18"}}}},{"fromDetail":{"display":"F16","output":{"function_keys":{"_0":"f16"}}},"toDetailCollection":{},"id":"8E08FFA6-FB26-4555-8A9C-BCD2737AAB3E"}],"rowIndex_arrow":{"row6":{}},"arrow_left":{"keyShape":"arrow_LR","toDetailCollection":{},"fromDetail":{"isSFSymbol":true,"output":{"arrow_keys":{"_0":"left_arrow"}},"display":"arrowtriangle.left.fill"},"id":"8A163F53-2DD2-42F2-82AF-35D70BAB14F2"},"idsInOrderRow2":[{"id":"3F254AF3-621C-41F0-9123-0322115F7995"},{"id":"06394334-7FD7-446A-BC23-D363C891A212"},{"id":"AA01D9FD-AF74-42E3-95EF-5E234216401E"},{"id":"08EF6091-478C-434D-90D9-52E6019D2513"}],"idsInOrderRow1":[{"id":"8E08FFA6-FB26-4555-8A9C-BCD2737AAB3E"},{"id":"D2955C3A-40F0-4E93-B664-0EB2FEB52B90"},{"id":"D8CFAB63-616D-4512-A845-82D96A9F5A44"},{"id":"F1EDAD89-B44D-49D9-8B44-2A5A0E5EDEAA"}],"arrow_up":{"id":"140D487D-E65D-4CF8-9690-119873387B1D","toDetailCollection":{},"keyShape":"arrow_Up","fromDetail":{"isSFSymbol":true,"output":{"arrow_keys":{"_0":"up_arrow"}},"display":"arrowtriangle.up.fill"}},"arrow_right":{"id":"6ACE9399-D517-4AA8-8974-4F4084CDC436","keyShape":"arrow_LR","toDetailCollection":{},"fromDetail":{"output":{"arrow_keys":{"_0":"right_arrow"}},"display":"arrowtriangle.right.fill","isSFSymbol":true}},"row2":[{"id":"AA01D9FD-AF74-42E3-95EF-5E234216401E","toDetailCollection":{},"fromDetail":{"display":"\/","output":{"keypad_keys":{"_0":"keypad_slash"}}}},{"toDetailCollection":{},"fromDetail":{"display":"=","output":{"keypad_keys":{"_0":"keypad_equal_sign"}}},"id":"06394334-7FD7-446A-BC23-D363C891A212"},{"toDetailCollection":{},"id":"3F254AF3-621C-41F0-9123-0322115F7995","fromDetail":{"display":"clear","output":{"others":{"_0":"clear"}}}},{"id":"08EF6091-478C-434D-90D9-52E6019D2513","fromDetail":{"output":{"keypad_keys":{"_0":"keypad_asterisk"}},"display":"*"},"toDetailCollection":{}}],"row5":[{"fromDetail":{"output":{"keypad_keys":{"_0":"keypad_1"}},"display":"1"},"id":"A309024D-112B-44C5-B831-8659122C36EF","toDetailCollection":{}},{"fromDetail":{"isSFSymbol":true,"display":"projective","output":{"keypad_keys":{"_0":"keypad_enter"}}},"keyShape":"enter_Tenkey","toDetailCollection":{},"id":"E85B6C3A-E667-4859-A44D-F75BCA916238"},{"toDetailCollection":{},"id":"CCC376A5-F578-4649-8982-1AE7450D9F41","fromDetail":{"output":{"keypad_keys":{"_0":"keypad_3"}},"display":"3"}},{"fromDetail":{"display":"2","output":{"keypad_keys":{"_0":"keypad_2"}}},"toDetailCollection":{},"id":"14200BCD-8045-4A2B-B2AA-9175A2EA4B78"}],"idsInOrderRow5":[{"id":"A309024D-112B-44C5-B831-8659122C36EF"},{"id":"14200BCD-8045-4A2B-B2AA-9175A2EA4B78"},{"id":"CCC376A5-F578-4649-8982-1AE7450D9F41"},{"id":"E85B6C3A-E667-4859-A44D-F75BCA916238"}],"arrow_down":{"toDetailCollection":{},"id":"FC2D1668-12CE-4030-86E4-2F9D4246CACA","keyShape":"arrow_Down","fromDetail":{"output":{"arrow_keys":{"_0":"down_arrow"}},"display":"arrowtriangle.down.fill","isSFSymbol":true}},"row3":[{"fromDetail":{"output":{"keypad_keys":{"_0":"keypad_8"}},"display":"8"},"toDetailCollection":{},"id":"465BF98A-86A9-403A-ADC0-8790BFCE4962"},{"id":"6B7CE33F-7D47-4F14-810A-7CC81595889C","fromDetail":{"output":{"keypad_keys":{"_0":"keypad_hyphen"}},"display":"-"},"toDetailCollection":{}},{"id":"80BE1443-924B-4898-A1DF-F5C668D62D0C","fromDetail":{"output":{"keypad_keys":{"_0":"keypad_7"}},"display":"7"},"toDetailCollection":{}},{"id":"09D9B724-BDC4-46FC-81DA-1CF76EA83B26","toDetailCollection":{},"fromDetail":{"output":{"keypad_keys":{"_0":"keypad_9"}},"display":"9"}}]},"isEnableMain":true,"sectionDetail":{"deviceDetail":{"is_product_id_Enabled":false,"device_name":"otherDevice","product_id":"product_id","location_id":"location_id","is_vendor_id_Enabled":false,"vendor_id":"vendor_id","is_location_id_Enabled":false,"is_builtin_keyboard":false},"section":{"other":{}}},"isEnableSub":false,"tenkeyRows":{"arrow_up":{"keyShape":"arrow_Up","toDetailCollection":{},"id":"37A3DD32-5B67-4F24-8899-B344A3EE0E06","fromDetail":{"output":{"arrow_keys":{"_0":"up_arrow"}},"display":"arrowtriangle.up.fill","isSFSymbol":true}},"rowIndex_arrow":{"row6":{}},"idsInOrderRow5":[{"id":"CF5A3EEA-EAE5-4D25-AC9B-A87BAC99367E"},{"id":"597DC933-0784-4446-B369-0BDBF3107B89"},{"id":"C3C56113-519B-417F-90D6-CD74195F0E04"},{"id":"0CA55046-F8DE-4409-8336-B83D8504A52F"}],"row4":[{"toDetailCollection":{},"fromDetail":{"display":"6","output":{"keypad_keys":{"_0":"keypad_6"}}},"id":"FCE93DEB-EF75-44C5-A82D-883C0830D8D3"},{"id":"D048623A-5B5B-4F43-8281-2F131E03B23F","toDetailCollection":{},"fromDetail":{"display":"5","output":{"keypad_keys":{"_0":"keypad_5"}}}},{"id":"2ABD2AFB-411F-4381-AB7B-4107A7A7408D","fromDetail":{"display":"+","output":{"keypad_keys":{"_0":"keypad_plus"}}},"toDetailCollection":{}},{"id":"5B6AD7B6-92AF-4B6B-95BC-CE9D1A515BDC","fromDetail":{"output":{"keypad_keys":{"_0":"keypad_4"}},"display":"4"},"toDetailCollection":{}}],"idsInOrderRow1":[{"id":"1EB338AB-E822-4336-87F0-CE972AC3F26E"},{"id":"3763B535-F10C-43AE-B7C5-164889592D5F"},{"id":"10F117D6-6D7C-4F35-8DA1-61260D4684C4"},{"id":"8087F2A4-83D9-468E-BCC1-80A831F23E41"}],"idsInOrderRow3":[{"id":"1BB55602-D9B3-47EE-BE1D-6884FA148096"},{"id":"6B7E7B00-D6A5-4952-AF65-279A20FA3F44"},{"id":"5C030467-ED9E-41B1-9E6B-8CB948468D06"},{"id":"9A12F7F2-4F7E-444E-BE53-5CB5D64DD4AD"}],"row3":[{"fromDetail":{"output":{"keypad_keys":{"_0":"keypad_hyphen"}},"display":"-"},"id":"9A12F7F2-4F7E-444E-BE53-5CB5D64DD4AD","toDetailCollection":{}},{"fromDetail":{"display":"8","output":{"keypad_keys":{"_0":"keypad_8"}}},"toDetailCollection":{},"id":"6B7E7B00-D6A5-4952-AF65-279A20FA3F44"},{"id":"1BB55602-D9B3-47EE-BE1D-6884FA148096","fromDetail":{"output":{"keypad_keys":{"_0":"keypad_7"}},"display":"7"},"toDetailCollection":{}},{"fromDetail":{"output":{"keypad_keys":{"_0":"keypad_9"}},"display":"9"},"toDetailCollection":{},"id":"5C030467-ED9E-41B1-9E6B-8CB948468D06"}],"arrow_down":{"toDetailCollection":{},"fromDetail":{"display":"arrowtriangle.down.fill","isSFSymbol":true,"output":{"arrow_keys":{"_0":"down_arrow"}}},"id":"396147EA-91A7-4B19-B5F1-1ADA4A062212","keyShape":"arrow_Down"},"row2":[{"toDetailCollection":{},"id":"5C5B16E6-C979-4E15-A185-B968B57C88BA","fromDetail":{"output":{"keypad_keys":{"_0":"keypad_slash"}},"display":"\/"}},{"fromDetail":{"display":"*","output":{"keypad_keys":{"_0":"keypad_asterisk"}}},"toDetailCollection":{},"id":"1CBD29E5-9C70-44A7-BA6F-B69530DE22B1"},{"id":"3D78B462-0395-4992-B7AF-E3BDFE0EE232","fromDetail":{"output":{"others":{"_0":"clear"}},"display":"clear"},"toDetailCollection":{}},{"id":"0AADBC8F-FD8C-4F86-8392-E3C11C212F62","fromDetail":{"output":{"keypad_keys":{"_0":"keypad_equal_sign"}},"display":"="},"toDetailCollection":{}}],"idsInOrderRow6":[{"id":"697C8B29-D45D-47DE-91FD-1483D53EAA5A"},{"id":"41599484-4B31-4BFA-92AA-93FCE786446A"}],"row6":[{"toDetailCollection":{},"id":"41599484-4B31-4BFA-92AA-93FCE786446A","fromDetail":{"output":{"keypad_keys":{"_0":"keypad_period"}},"display":"."}},{"id":"697C8B29-D45D-47DE-91FD-1483D53EAA5A","fromDetail":{"output":{"keypad_keys":{"_0":"keypad_0"}},"display":"0"},"toDetailCollection":{},"unitSize":2}],"enableArrowKeys":false,"arrow_right":{"id":"CBEF2F3C-7547-4A53-9B3A-80D96EBCA41F","toDetailCollection":{},"keyShape":"arrow_LR","fromDetail":{"isSFSymbol":true,"display":"arrowtriangle.right.fill","output":{"arrow_keys":{"_0":"right_arrow"}}}},"idsInOrderRow2":[{"id":"3D78B462-0395-4992-B7AF-E3BDFE0EE232"},{"id":"0AADBC8F-FD8C-4F86-8392-E3C11C212F62"},{"id":"5C5B16E6-C979-4E15-A185-B968B57C88BA"},{"id":"1CBD29E5-9C70-44A7-BA6F-B69530DE22B1"}],"idsInOrderRow4":[{"id":"5B6AD7B6-92AF-4B6B-95BC-CE9D1A515BDC"},{"id":"D048623A-5B5B-4F43-8281-2F131E03B23F"},{"id":"FCE93DEB-EF75-44C5-A82D-883C0830D8D3"},{"id":"2ABD2AFB-411F-4381-AB7B-4107A7A7408D"}],"row1":[{"fromDetail":{"output":{"function_keys":{"_0":"f16"}},"display":"F16"},"id":"1EB338AB-E822-4336-87F0-CE972AC3F26E","toDetailCollection":{}},{"id":"10F117D6-6D7C-4F35-8DA1-61260D4684C4","toDetailCollection":{},"fromDetail":{"display":"F18","output":{"function_keys":{"_0":"f18"}}}},{"fromDetail":{"output":{"function_keys":{"_0":"f17"}},"display":"F17"},"toDetailCollection":{},"id":"3763B535-F10C-43AE-B7C5-164889592D5F"},{"fromDetail":{"output":{"function_keys":{"_0":"f19"}},"display":"F19"},"id":"8087F2A4-83D9-468E-BCC1-80A831F23E41","toDetailCollection":{}}],"row5":[{"toDetailCollection":{},"id":"597DC933-0784-4446-B369-0BDBF3107B89","fromDetail":{"output":{"keypad_keys":{"_0":"keypad_2"}},"display":"2"}},{"keyShape":"enter_Tenkey","fromDetail":{"output":{"keypad_keys":{"_0":"keypad_enter"}},"display":"projective","isSFSymbol":true},"id":"0CA55046-F8DE-4409-8336-B83D8504A52F","toDetailCollection":{}},{"id":"CF5A3EEA-EAE5-4D25-AC9B-A87BAC99367E","fromDetail":{"display":"1","output":{"keypad_keys":{"_0":"keypad_1"}}},"toDetailCollection":{}},{"id":"C3C56113-519B-417F-90D6-CD74195F0E04","fromDetail":{"output":{"keypad_keys":{"_0":"keypad_3"}},"display":"3"},"toDetailCollection":{}}],"arrow_left":{"fromDetail":{"isSFSymbol":true,"output":{"arrow_keys":{"_0":"left_arrow"}},"display":"arrowtriangle.left.fill"},"toDetailCollection":{},"id":"D6719772-B084-44FB-80F8-8E3D7975C278","keyShape":"arrow_LR"}},"isEnableTenkey":false,"subRows":{"row1":[{"id":"DFE8F1F8-E779-43C6-ACDB-5A0977A51BD0","fromDetail":{"display":"F14","output":{"function_keys":{"_0":"f14"}}},"toDetailCollection":{}},{"toDetailCollection":{},"id":"1EFB7132-CD15-4BFB-98C5-FF452C2B77CC","fromDetail":{"output":{"function_keys":{"_0":"f13"}},"display":"F13"}},{"toDetailCollection":{},"fromDetail":{"display":"F15","output":{"function_keys":{"_0":"f15"}}},"id":"900B8EF9-8BA8-41A6-8F41-B5EE7C7682B7"}],"arrow_left":{"keyShape":"arrow_LR","toDetailCollection":{},"fromDetail":{"output":{"arrow_keys":{"_0":"left_arrow"}},"isSFSymbol":true,"display":"arrowtriangle.left.fill"},"id":"32D7E7A6-F3E9-4692-9EBB-4CC52837E7B4"},"enableArrowKeys":false,"rowIndex_arrow":{"row6":{}},"idsInOrderRow5":[{"id":"8DD958EF-699E-4ABA-81E9-35572B795D86"},{"id":"1A4C6DF6-9F9F-4361-B971-CF936600B24A"}],"row4":[],"arrow_right":{"keyShape":"arrow_LR","id":"80638542-8BB1-4EF7-B4C2-22F85D2E3038","fromDetail":{"output":{"arrow_keys":{"_0":"right_arrow"}},"isSFSymbol":true,"display":"arrowtriangle.right.fill"},"toDetailCollection":{}},"idsInOrderRow3":[{"id":"F273A8E2-9102-410E-AF0D-8B5E96F25AB7"},{"id":"6CF87DC0-64FF-490A-84F1-1F666F20A77D"},{"id":"CDB73401-92F2-46A8-B592-1946AED8269B"}],"idsInOrderRow1":[{"id":"1EFB7132-CD15-4BFB-98C5-FF452C2B77CC"},{"id":"DFE8F1F8-E779-43C6-ACDB-5A0977A51BD0"},{"id":"900B8EF9-8BA8-41A6-8F41-B5EE7C7682B7"}],"idsInOrderRow6":[{"id":"880C6BFF-740B-46C2-AA26-7B5F7D487E17"},{"id":"D647393E-665D-47A5-9C91-9822269B54D6"},{"id":"B86ECE39-A5AF-4D1F-A7D1-717561AA233E"}],"row2":[{"fromDetail":{"display":"arrow.up.to.line","output":{"arrow_keys":{"_0":"home"}},"isSFSymbol":true},"toDetailCollection":{},"id":"7A50E1D0-30F0-430F-BB1F-D5C28397C94E"},{"toDetailCollection":{},"fromDetail":{"isSFSymbol":true,"output":{"arrow_keys":{"_0":"page_up"}},"display":"arrow.up"},"id":"2D0DA6D0-32EC-4483-9969-050AFE2B4213"},{"fromDetail":{"display":"text.insert","output":{"keys_in_pc_keyboards":{"_0":"insert"}},"isSFSymbol":true},"id":"07342A43-3A9F-4200-B78B-DEAE3EC3FD2F","toDetailCollection":{}}],"idsInOrderRow2":[{"id":"07342A43-3A9F-4200-B78B-DEAE3EC3FD2F"},{"id":"7A50E1D0-30F0-430F-BB1F-D5C28397C94E"},{"id":"2D0DA6D0-32EC-4483-9969-050AFE2B4213"}],"arrow_down":{"fromDetail":{"isSFSymbol":true,"display":"arrowtriangle.down.fill","output":{"arrow_keys":{"_0":"down_arrow"}}},"id":"C19E3490-A8DA-471F-B7C9-56F699B5B9CF","toDetailCollection":{},"keyShape":"arrow_Down"},"row5":[{"id":"1A4C6DF6-9F9F-4361-B971-CF936600B24A","fromDetail":{"isSFSymbol":true,"display":"arrowtriangle.up.fill","output":{"arrow_keys":{"_0":"up_arrow"}}},"toDetailCollection":{}},{"toDetailCollection":{},"id":"8DD958EF-699E-4ABA-81E9-35572B795D86","fromDetail":{"output":{"letter_keys":{"_0":"a"}},"display":"A"},"isSpacer":true}],"arrow_up":{"id":"0F6ACBC1-5241-4B9C-B86F-AEB58B4434C6","toDetailCollection":{},"fromDetail":{"isSFSymbol":true,"display":"arrowtriangle.up.fill","output":{"arrow_keys":{"_0":"up_arrow"}}},"keyShape":"arrow_Up"},"row3":[{"id":"6CF87DC0-64FF-490A-84F1-1F666F20A77D","toDetailCollection":{},"fromDetail":{"display":"arrow.down.to.line","output":{"arrow_keys":{"_0":"end"}},"isSFSymbol":true}},{"fromDetail":{"isSFSymbol":true,"display":"delete.right","output":{"controls_and_symbols":{"_0":"delete_forward"}}},"id":"F273A8E2-9102-410E-AF0D-8B5E96F25AB7","toDetailCollection":{}},{"id":"CDB73401-92F2-46A8-B592-1946AED8269B","fromDetail":{"output":{"arrow_keys":{"_0":"page_down"}},"display":"arrow.down","isSFSymbol":true},"toDetailCollection":{}}],"idsInOrderRow4":[],"row6":[{"id":"D647393E-665D-47A5-9C91-9822269B54D6","fromDetail":{"isSFSymbol":true,"output":{"arrow_keys":{"_0":"down_arrow"}},"display":"arrowtriangle.down.fill"},"toDetailCollection":{}},{"toDetailCollection":{},"fromDetail":{"output":{"arrow_keys":{"_0":"right_arrow"}},"display":"arrowtriangle.right.fill","isSFSymbol":true},"id":"B86ECE39-A5AF-4D1F-A7D1-717561AA233E"},{"id":"880C6BFF-740B-46C2-AA26-7B5F7D487E17","toDetailCollection":{},"fromDetail":{"display":"arrowtriangle.left.fill","output":{"arrow_keys":{"_0":"left_arrow"}},"isSFSymbol":true}}]}},"keycodeRegion":"ISO","validSections":{"sections":[{"main":{}}]},"mouse":{"isEnableSub":false,"subRows":{"idsInOrderRow6":[{"id":"33265739-BC6A-4378-825C-AD44CE7EB9E9"}],"row1":[{"fromDetail":{"display":"A","output":{"letter_keys":{"_0":"a"}}},"id":"E0D7A133-AE2E-4BD4-9C56-0159BAE30FEA","toDetailCollection":{}}],"row5":[{"fromDetail":{"output":{"letter_keys":{"_0":"a"}},"display":"A"},"id":"FA1FD600-F1E2-4199-ADE9-E46460A3CE51","toDetailCollection":{}}],"idsInOrderRow3":[{"id":"3006EEAF-580B-4D1F-8128-C72EC3902868"}],"row6":[{"toDetailCollection":{},"fromDetail":{"display":"A","output":{"letter_keys":{"_0":"a"}}},"id":"33265739-BC6A-4378-825C-AD44CE7EB9E9"}],"arrow_left":{"fromDetail":{"output":{"arrow_keys":{"_0":"left_arrow"}},"display":"arrowtriangle.left.fill","isSFSymbol":true},"toDetailCollection":{},"keyShape":"arrow_LR","id":"457D0745-78D5-42B5-8A1A-68FEA9E2E82B"},"arrow_down":{"id":"7837C106-938C-4E5A-AFAF-C36AB1ACC142","fromDetail":{"output":{"arrow_keys":{"_0":"down_arrow"}},"display":"arrowtriangle.down.fill","isSFSymbol":true},"toDetailCollection":{},"keyShape":"arrow_Down"},"idsInOrderRow2":[{"id":"E11502D9-65A2-4228-A643-0CDC3168F87F"}],"row3":[{"toDetailCollection":{},"id":"3006EEAF-580B-4D1F-8128-C72EC3902868","fromDetail":{"output":{"letter_keys":{"_0":"a"}},"display":"A"}}],"idsInOrderRow5":[{"id":"FA1FD600-F1E2-4199-ADE9-E46460A3CE51"}],"arrow_up":{"fromDetail":{"display":"arrowtriangle.up.fill","output":{"arrow_keys":{"_0":"up_arrow"}},"isSFSymbol":true},"id":"813B773C-6F32-46A5-8CB0-1836BA16EA14","keyShape":"arrow_Up","toDetailCollection":{}},"arrow_right":{"fromDetail":{"isSFSymbol":true,"display":"arrowtriangle.right.fill","output":{"arrow_keys":{"_0":"right_arrow"}}},"keyShape":"arrow_LR","id":"8095A410-903F-4963-92C5-1B314615FE17","toDetailCollection":{}},"row2":[{"toDetailCollection":{},"id":"E11502D9-65A2-4228-A643-0CDC3168F87F","fromDetail":{"display":"A","output":{"letter_keys":{"_0":"a"}}}}],"enableArrowKeys":false,"rowIndex_arrow":{"row6":{}},"row4":[{"toDetailCollection":{},"id":"25988567-ECBC-4107-8E30-B1AC81BF536D","fromDetail":{"output":{"letter_keys":{"_0":"a"}},"display":"A"}}],"idsInOrderRow4":[{"id":"25988567-ECBC-4107-8E30-B1AC81BF536D"}],"idsInOrderRow1":[{"id":"E0D7A133-AE2E-4BD4-9C56-0159BAE30FEA"}]},"sectionDetail":{"deviceDetail":{"is_location_id_Enabled":false,"vendor_id":"vendor_id","is_builtin_keyboard":false,"product_id":"product_id","is_product_id_Enabled":false,"location_id":"location_id","is_vendor_id_Enabled":false,"device_name":"mouse"},"section":{"mouse":{}}},"tenkeyRows":{"row1":[{"toDetailCollection":{},"id":"CA2AEA84-F3AC-475D-AFBE-A2F4F15D57EC","fromDetail":{"display":"A","output":{"letter_keys":{"_0":"a"}}}}],"row6":[{"toDetailCollection":{},"id":"F336F353-1F3D-4170-A5D4-1199684B1B91","fromDetail":{"display":"A","output":{"letter_keys":{"_0":"a"}}}}],"row5":[{"toDetailCollection":{},"fromDetail":{"output":{"letter_keys":{"_0":"a"}},"display":"A"},"id":"969D016F-8AD9-4CCF-8556-0048583A9003"}],"idsInOrderRow1":[{"id":"CA2AEA84-F3AC-475D-AFBE-A2F4F15D57EC"}],"idsInOrderRow2":[{"id":"EA3FF896-7619-4A0E-BF72-4AECDA90D594"}],"arrow_down":{"fromDetail":{"display":"arrowtriangle.down.fill","output":{"arrow_keys":{"_0":"down_arrow"}},"isSFSymbol":true},"keyShape":"arrow_Down","id":"0A451A86-577B-4D5A-BE04-D14EB34F76C7","toDetailCollection":{}},"row4":[{"fromDetail":{"output":{"letter_keys":{"_0":"a"}},"display":"A"},"id":"67A69295-E025-4B96-98AB-84BA69E9DEEB","toDetailCollection":{}}],"enableArrowKeys":false,"idsInOrderRow6":[{"id":"F336F353-1F3D-4170-A5D4-1199684B1B91"}],"arrow_left":{"keyShape":"arrow_LR","id":"5195D6EF-210B-46F2-B844-18E6702B68E7","fromDetail":{"isSFSymbol":true,"output":{"arrow_keys":{"_0":"left_arrow"}},"display":"arrowtriangle.left.fill"},"toDetailCollection":{}},"row2":[{"fromDetail":{"display":"A","output":{"letter_keys":{"_0":"a"}}},"id":"EA3FF896-7619-4A0E-BF72-4AECDA90D594","toDetailCollection":{}}],"idsInOrderRow3":[{"id":"4B0ACBD6-75D7-4228-8A3A-0AEBDAD4F90B"}],"arrow_up":{"id":"F21A01F4-D905-4A1E-8B65-041D3EAD7D2E","toDetailCollection":{},"fromDetail":{"isSFSymbol":true,"display":"arrowtriangle.up.fill","output":{"arrow_keys":{"_0":"up_arrow"}}},"keyShape":"arrow_Up"},"row3":[{"id":"4B0ACBD6-75D7-4228-8A3A-0AEBDAD4F90B","fromDetail":{"output":{"letter_keys":{"_0":"a"}},"display":"A"},"toDetailCollection":{}}],"idsInOrderRow5":[{"id":"969D016F-8AD9-4CCF-8556-0048583A9003"}],"rowIndex_arrow":{"row6":{}},"arrow_right":{"fromDetail":{"output":{"arrow_keys":{"_0":"right_arrow"}},"display":"arrowtriangle.right.fill","isSFSymbol":true},"id":"DC348043-8814-4A95-B118-DCF5CA546EAC","keyShape":"arrow_LR","toDetailCollection":{}},"idsInOrderRow4":[{"id":"67A69295-E025-4B96-98AB-84BA69E9DEEB"}]},"mainRows":{"row3":[{"toDetailCollection":{},"fromDetail":{"output":{"letter_keys":{"_0":"a"}},"display":"A"},"id":"F61A4028-AD1D-4849-89B9-3542E030BBEE","isSpacer":true}],"row6":[],"arrow_down":{"fromDetail":{"isSFSymbol":true,"output":{"arrow_keys":{"_0":"down_arrow"}},"display":"arrowtriangle.down.fill"},"keyShape":"arrow_Down","id":"4A2035F0-4CEF-4455-8026-4E95B9E764DD","toDetailCollection":{}},"row1":[{"id":"223B7000-C4EB-41CA-92DE-ACF69C9877E0","toDetailCollection":{},"fromDetail":{"display":"R click","output":{"mouse_buttons":{"_0":"button2"}}}},{"id":"467EDFAA-6910-4EFD-AD01-753D4A5D6FDC","toDetailCollection":{},"fromDetail":{"output":{"mouse_buttons":{"_0":"button1"}},"display":"L click"}}],"arrow_right":{"toDetailCollection":{},"fromDetail":{"display":"arrowtriangle.right.fill","isSFSymbol":true,"output":{"arrow_keys":{"_0":"right_arrow"}}},"id":"9A3DBAB2-CF00-46DA-BBA2-3EC9E3A40BE5","keyShape":"arrow_LR"},"arrow_left":{"id":"A7C2256C-C9CE-4629-837D-7B4E375EC4FB","keyShape":"arrow_LR","toDetailCollection":{},"fromDetail":{"display":"arrowtriangle.left.fill","isSFSymbol":true,"output":{"arrow_keys":{"_0":"left_arrow"}}}},"rowIndex_arrow":{"row6":{}},"idsInOrderRow2":[{"id":"4A63F621-F738-42AD-9233-82490294468C"},{"id":"CEC1ED89-36BD-4F47-95CC-290D9517A79C"}],"row4":[{"fromDetail":{"display":"A","output":{"letter_keys":{"_0":"a"}}},"toDetailCollection":{},"isSpacer":true,"id":"980282E7-A43A-4342-BB4D-43F1DA6A2E35"}],"enableArrowKeys":false,"arrow_up":{"id":"DCC130B1-05F1-49CB-A154-5EA21775237F","toDetailCollection":{},"fromDetail":{"isSFSymbol":true,"output":{"arrow_keys":{"_0":"up_arrow"}},"display":"arrowtriangle.up.fill"},"keyShape":"arrow_Up"},"idsInOrderRow4":[{"id":"980282E7-A43A-4342-BB4D-43F1DA6A2E35"}],"idsInOrderRow1":[{"id":"467EDFAA-6910-4EFD-AD01-753D4A5D6FDC"},{"id":"223B7000-C4EB-41CA-92DE-ACF69C9877E0"}],"idsInOrderRow6":[],"idsInOrderRow3":[{"id":"F61A4028-AD1D-4849-89B9-3542E030BBEE"}],"row5":[],"idsInOrderRow5":[],"row2":[{"id":"4A63F621-F738-42AD-9233-82490294468C","unitSize":0.5,"toDetailCollection":{},"isSpacer":true,"fromDetail":{"output":{"letter_keys":{"_0":"a"}},"display":"A"}},{"toDetailCollection":{},"id":"CEC1ED89-36BD-4F47-95CC-290D9517A79C","fromDetail":{"output":{"mouse_buttons":{"_0":"button3"}},"display":"M click"}}]},"isEnableTenkey":false,"isEnableMain":true},"main":{"sectionDetail":{"deviceDetail":{"is_builtin_keyboard":false,"location_id":"location_id","is_vendor_id_Enabled":false,"vendor_id":"vendor_id","product_id":"product_id","device_name":"mainKeyboard","is_product_id_Enabled":false,"is_location_id_Enabled":false},"section":{"main":{}}},"isEnableSub":false,"isEnableTenkey":false,"subRows":{"arrow_up":{"keyShape":"arrow_Up","id":"48BB3FAE-5050-4EDC-BB4D-5DD3F9A6732D","fromDetail":{"output":{"arrow_keys":{"_0":"up_arrow"}},"display":"arrowtriangle.up.fill","isSFSymbol":true},"toDetailCollection":{}},"idsInOrderRow1":[{"id":"96629C3D-85AA-4C2A-A88A-42714EAA011E"},{"id":"BAEE7F42-5611-4AC9-B5E4-A1CFCC69ECB2"},{"id":"0AA414E5-0B38-4C4F-9DDD-67A75D1663CD"}],"row5":[{"id":"96A97896-C9AA-44D7-B144-0211D3E16F3C","fromDetail":{"isSFSymbol":true,"output":{"arrow_keys":{"_0":"up_arrow"}},"display":"arrowtriangle.up.fill"},"toDetailCollection":{}},{"isSpacer":true,"fromDetail":{"output":{"letter_keys":{"_0":"a"}},"display":"A"},"id":"A67E692C-CCD6-4CBE-A324-081788100D07","toDetailCollection":{}}],"row3":[{"toDetailCollection":{},"id":"5F0F6B84-2C02-4D7D-BE72-48134321B89E","fromDetail":{"output":{"controls_and_symbols":{"_0":"delete_forward"}},"display":"delete.right","isSFSymbol":true}},{"fromDetail":{"output":{"arrow_keys":{"_0":"page_down"}},"isSFSymbol":true,"display":"arrow.down"},"id":"9F597E3F-AF0A-4D24-A095-7E55D248FDB5","toDetailCollection":{}},{"id":"B5E983E2-691C-46C4-A8AE-0EC8B0DF0FE9","fromDetail":{"output":{"arrow_keys":{"_0":"end"}},"isSFSymbol":true,"display":"arrow.down.to.line"},"toDetailCollection":{}}],"enableArrowKeys":false,"idsInOrderRow2":[{"id":"07AE0CCA-0942-427B-95DB-BEB62C780F18"},{"id":"1F345BD5-4D6C-4486-BF1C-F336EDE1792F"},{"id":"C1B331C4-D9B1-4A41-BA67-E6AC7BC1A7E7"}],"idsInOrderRow6":[{"id":"8C5D032E-BE12-406C-A499-B4B3FA1D3F0A"},{"id":"95AFE24E-476A-4505-8278-28B01C743650"},{"id":"514CB145-7F40-4480-AC2B-8B33850748FA"}],"row4":[],"row2":[{"fromDetail":{"display":"arrow.up.to.line","isSFSymbol":true,"output":{"arrow_keys":{"_0":"home"}}},"id":"1F345BD5-4D6C-4486-BF1C-F336EDE1792F","toDetailCollection":{}},{"fromDetail":{"display":"arrow.up","output":{"arrow_keys":{"_0":"page_up"}},"isSFSymbol":true},"toDetailCollection":{},"id":"C1B331C4-D9B1-4A41-BA67-E6AC7BC1A7E7"},{"id":"07AE0CCA-0942-427B-95DB-BEB62C780F18","fromDetail":{"output":{"keys_in_pc_keyboards":{"_0":"insert"}},"isSFSymbol":true,"display":"text.insert"},"toDetailCollection":{}}],"row6":[{"id":"8C5D032E-BE12-406C-A499-B4B3FA1D3F0A","toDetailCollection":{},"fromDetail":{"output":{"arrow_keys":{"_0":"left_arrow"}},"isSFSymbol":true,"display":"arrowtriangle.left.fill"}},{"id":"514CB145-7F40-4480-AC2B-8B33850748FA","fromDetail":{"output":{"arrow_keys":{"_0":"right_arrow"}},"isSFSymbol":true,"display":"arrowtriangle.right.fill"},"toDetailCollection":{}},{"fromDetail":{"display":"arrowtriangle.down.fill","output":{"arrow_keys":{"_0":"down_arrow"}},"isSFSymbol":true},"toDetailCollection":{},"id":"95AFE24E-476A-4505-8278-28B01C743650"}],"idsInOrderRow4":[],"row1":[{"fromDetail":{"output":{"function_keys":{"_0":"f13"}},"display":"F13"},"id":"96629C3D-85AA-4C2A-A88A-42714EAA011E","toDetailCollection":{}},{"toDetailCollection":{},"id":"0AA414E5-0B38-4C4F-9DDD-67A75D1663CD","fromDetail":{"output":{"function_keys":{"_0":"f15"}},"display":"F15"}},{"toDetailCollection":{},"fromDetail":{"display":"F14","output":{"function_keys":{"_0":"f14"}}},"id":"BAEE7F42-5611-4AC9-B5E4-A1CFCC69ECB2"}],"idsInOrderRow5":[{"id":"A67E692C-CCD6-4CBE-A324-081788100D07"},{"id":"96A97896-C9AA-44D7-B144-0211D3E16F3C"}],"rowIndex_arrow":{"row6":{}},"arrow_down":{"fromDetail":{"output":{"arrow_keys":{"_0":"down_arrow"}},"display":"arrowtriangle.down.fill","isSFSymbol":true},"keyShape":"arrow_Down","toDetailCollection":{},"id":"073FA63F-882F-49E5-AF66-2433DFCC508B"},"arrow_right":{"fromDetail":{"isSFSymbol":true,"output":{"arrow_keys":{"_0":"right_arrow"}},"display":"arrowtriangle.right.fill"},"keyShape":"arrow_LR","id":"53A1BBBB-FFF6-42DA-AE90-C5B8C50C2BCD","toDetailCollection":{}},"idsInOrderRow3":[{"id":"5F0F6B84-2C02-4D7D-BE72-48134321B89E"},{"id":"B5E983E2-691C-46C4-A8AE-0EC8B0DF0FE9"},{"id":"9F597E3F-AF0A-4D24-A095-7E55D248FDB5"}],"arrow_left":{"id":"41AD3F0E-49EC-4ADA-8D4F-1FB1CF1FB64A","fromDetail":{"display":"arrowtriangle.left.fill","output":{"arrow_keys":{"_0":"left_arrow"}},"isSFSymbol":true},"toDetailCollection":{},"keyShape":"arrow_LR"}},"mainRows":{"idsInOrderRow4":[{"id":"AA43C52F-1352-41A6-9025-5E7A2BF69A62"},{"id":"89DFDB9C-F35A-43F2-8C8A-D41EA4F6206C"},{"id":"550BB31C-BBF3-46DA-8638-01FB2AF69333"},{"id":"F1994F2B-9B42-4655-8E78-A32B88D8BB71"},{"id":"C32A4542-8D72-40F7-A9D0-962A5A7792E2"},{"id":"2C81E701-20F7-4029-B438-2A91C99129E7"},{"id":"098A562F-51F6-4CB3-B66C-B3BFE63F7907"},{"id":"EA7D1187-F3E3-44FD-9450-C3CA26CA6CD1"},{"id":"61AB1AC5-95CF-44DE-8E81-5B33F6044EF4"},{"id":"3CD019AC-EC78-477A-88CA-6ABF5D60017F"},{"id":"F294E063-2680-44C0-A089-61B6BCBCA647"},{"id":"B5A51185-06A8-4648-8434-D6EBCEC3D094"},{"id":"12597007-D632-47D6-8BF6-944483E4607A"}],"idsInOrderRow2":[{"id":"31BDCE1A-65DA-4E03-9E26-39E12BBAA6E2"},{"id":"6F008F2E-AEF7-4984-8539-4B632ACA7EC0"},{"id":"EE62394F-8661-4565-805F-4BBA27A9BAB6"},{"id":"521FD556-7856-4B88-BDEE-376E5A727C17"},{"id":"FF2ADD0F-1A8C-4411-B569-3C664E978259"},{"id":"AF33ED7C-56F9-4EDE-B3FF-AC958A6A6485"},{"id":"56A3CB45-75FC-4A32-A510-A1123B2D35A8"},{"id":"BD4104C4-1823-4071-A0DE-AEE6BDA45432"},{"id":"276DAE92-197B-40E1-B7C1-4C5315CB60EF"},{"id":"29279082-FBB7-42F5-A4E5-DBC5B7D71104"},{"id":"DE17E5D1-8F4C-4DA2-80F8-7259A95BF6D7"},{"id":"BB30EE9B-D63F-4EED-90ED-B9D1AF56C00E"},{"id":"37310279-F8E7-4F1A-A295-106E4F77E04E"},{"id":"FDB0234B-1813-444D-8201-6B951B74E1D7"}],"idsInOrderRow5":[{"id":"2592AF11-D69C-45A9-A2F0-41C8F406F316"},{"id":"9274BFD8-CA51-4364-B053-B1615C9C0D36"},{"id":"2A73CD71-4611-479B-9F2A-A48029FC03D9"},{"id":"D811193D-E94C-434B-86FB-26E83F7741B6"},{"id":"70D7C667-3B21-4AEB-A4AC-751123F4C20F"},{"id":"1651FF31-5B35-43B3-9414-7A4FBD024499"},{"id":"5B627C25-D5EA-4ECE-A8AA-786527DA9E6E"},{"id":"E06E6835-9C26-47AC-B31B-7EEC4387654D"},{"id":"0A964F58-61CE-4088-B890-5F099CEBECE4"},{"id":"D6EE0411-253B-4294-BF01-E67D05D17EF6"},{"id":"7A208168-42B1-4739-AE4F-DCB1B85C9F37"},{"id":"80F93796-9885-460F-A0DC-A2FE10B2ACDB"},{"id":"66B7BC82-9BD2-4832-B908-D04DBA62B46B"}],"idsInOrderRow1":[{"id":"1E2AF90E-BC82-4989-83CD-414562101971"},{"id":"3C807EE9-3527-4AFE-AD87-FA7A59013C4D"},{"id":"71B0DA7B-F930-4820-A775-A1F0A7E30B72"},{"id":"D98E244E-8F19-46BB-B5DF-A3781391E0DF"},{"id":"D84D7A7E-4F1F-4ED5-8153-CFACF8D17381"},{"id":"6429111E-F1E3-4D08-9D63-47086F19BA95"},{"id":"AF576B51-DCE0-4D7D-B73F-FD2DB19C3F65"},{"id":"E812B8BE-B49B-4ADB-A14A-899F94D406D1"},{"id":"982F5D69-0A7E-4412-9531-B02525D85599"},{"id":"3F90AFE3-2B4E-4378-AA40-3C2204BEA1BF"},{"id":"95D2B3F7-CEFC-46BD-9A09-E2B830D8D2D9"},{"id":"F6E65FBF-C5ED-4A17-8DAB-766DF889CA7E"},{"id":"53BCB097-B224-415C-BCC1-0CC1BC1810E9"}],"idsInOrderRow3":[{"id":"625686FF-7E03-4780-8E97-41B929558B4D"},{"id":"E8B8BE57-0A4A-4487-AE89-5C13BD001169"},{"id":"E7713CB7-CA9D-47A5-976C-1D2BA6436DFA"},{"id":"749EFD7C-F700-4E3A-B8C1-0026A619ED98"},{"id":"76546332-3FBD-418C-BEF4-3B2378C92C95"},{"id":"4BCFEA23-081D-490F-8335-0565FF30CE1A"},{"id":"D6C05D79-F040-4725-95A8-582192E392B6"},{"id":"D3304FE7-C800-4321-AF51-BBB74FF3682E"},{"id":"0E81FADF-5C43-43B4-ADB6-BE989B88BDA1"},{"id":"4CBB90FE-2B1E-454A-BEB6-D30EC48A2351"},{"id":"32EFF34F-4444-4504-97A8-AA52DC814EBF"},{"id":"1EAF50A2-5BE2-4925-A12E-555E51776488"},{"id":"F7892AC6-CD3A-4112-BBA7-CBAF22AB0646"},{"id":"FF1B8EB6-8660-41D6-808B-5A88A7B05308"}],"row2":[{"id":"6F008F2E-AEF7-4984-8539-4B632ACA7EC0","fromDetail":{"output":{"number_keys":{"_0":"one"}},"display":"1"},"toDetailCollection":{}},{"fromDetail":{"display":"=","output":{"controls_and_symbols":{"_0":"equal_sign_or_caret"}}},"toDetailCollection":{},"id":"37310279-F8E7-4F1A-A295-106E4F77E04E"},{"fromDetail":{"output":{"number_keys":{"_0":"zero"}},"display":"0"},"toDetailCollection":{},"id":"DE17E5D1-8F4C-4DA2-80F8-7259A95BF6D7"},{"toDetailCollection":{},"id":"276DAE92-197B-40E1-B7C1-4C5315CB60EF","fromDetail":{"output":{"number_keys":{"_0":"eight"}},"display":"8"}},{"toDetailCollection":{},"id":"56A3CB45-75FC-4A32-A510-A1123B2D35A8","fromDetail":{"output":{"number_keys":{"_0":"six"}},"display":"6"}},{"toDetailCollection":{},"fromDetail":{"display":"4","output":{"number_keys":{"_0":"four"}}},"id":"FF2ADD0F-1A8C-4411-B569-3C664E978259"},{"toDetailCollection":{},"fromDetail":{"display":"2","output":{"number_keys":{"_0":"two"}}},"id":"EE62394F-8661-4565-805F-4BBA27A9BAB6"},{"fromDetail":{"output":{"controls_and_symbols":{"_0":"section"}},"display":"§"},"id":"31BDCE1A-65DA-4E03-9E26-39E12BBAA6E2","toDetailCollection":{}},{"unitSize":1.5,"fromDetail":{"isSFSymbol":true,"display":"delete.left","output":{"controls_and_symbols":{"_0":"delete_or_backspace"}}},"id":"FDB0234B-1813-444D-8201-6B951B74E1D7","toDetailCollection":{}},{"id":"BB30EE9B-D63F-4EED-90ED-B9D1AF56C00E","fromDetail":{"output":{"controls_and_symbols":{"_0":"hyphen"}},"display":"-"},"toDetailCollection":{}},{"fromDetail":{"display":"9","output":{"number_keys":{"_0":"nine"}}},"toDetailCollection":{},"id":"29279082-FBB7-42F5-A4E5-DBC5B7D71104"},{"fromDetail":{"output":{"number_keys":{"_0":"seven"}},"display":"7"},"toDetailCollection":{},"id":"BD4104C4-1823-4071-A0DE-AEE6BDA45432"},{"toDetailCollection":{},"id":"AF33ED7C-56F9-4EDE-B3FF-AC958A6A6485","fromDetail":{"output":{"number_keys":{"_0":"five"}},"display":"5"}},{"toDetailCollection":{},"id":"521FD556-7856-4B88-BDEE-376E5A727C17","fromDetail":{"output":{"number_keys":{"_0":"three"}},"display":"3"}}],"idsInOrderRow6":[{"id":"D7B00EA6-2D54-4D7E-B112-1791EFB97FE8"},{"id":"2B1C206C-9C93-4A0E-A1B8-E7F6D84DE9F5"},{"id":"CBAD6370-09B0-4D5F-A48A-BF17961AB08E"},{"id":"C3B24C1D-EEEC-4146-B954-BBFE9C5DFE58"},{"id":"3AE2EDBD-1180-4BF9-8133-C836766C24C7"},{"id":"66BFCE82-9F9D-45C4-BF01-440510109258"},{"id":"E5A4AE8C-6A8E-4A38-BFB8-CC2852F9DC62"}],"row4":[{"fromDetail":{"display":"\\","output":{"controls_and_symbols":{"_0":"backslash_or_yen"}}},"toDetailCollection":{},"id":"12597007-D632-47D6-8BF6-944483E4607A"},{"id":"F294E063-2680-44C0-A089-61B6BCBCA647","toDetailCollection":{"condition0":{"layer0":{"isCustomized_tap":true,"outputAndDisplay_tap":{"output":{"letter_keys":{"_0":"o"}},"display":"O","layerKey":"layer0"},"withModifier_tap":{}}}},"fromDetail":{"output":{"controls_and_symbols":{"_0":"semicolon"}},"display":";"}},{"id":"61AB1AC5-95CF-44DE-8E81-5B33F6044EF4","fromDetail":{"output":{"letter_keys":{"_0":"k"}},"display":"K"},"toDetailCollection":{"condition0":{"layer0":{"outputAndDisplay_tap":{"layerKey":"layer0","output":{"letter_keys":{"_0":"e"}},"display":"E"},"withModifier_tap":{},"isCustomized_tap":true}}}},{"toDetailCollection":{"condition0":{"layer0":{"withModifier_tap":{},"outputAndDisplay_tap":{"layerKey":"layer0","output":{"letter_keys":{"_0":"h"}},"display":"H"},"isCustomized_tap":true}}},"id":"098A562F-51F6-4CB3-B66C-B3BFE63F7907","fromDetail":{"display":"H","output":{"letter_keys":{"_0":"h"}}}},{"id":"C32A4542-8D72-40F7-A9D0-962A5A7792E2","toDetailCollection":{"condition0":{"layer0":{"outputAndDisplay_tap":{"display":"T","layerKey":"layer0","output":{"letter_keys":{"_0":"t"}}},"withModifier_tap":{},"isCustomized_tap":true}}},"fromDetail":{"display":"F","output":{"letter_keys":{"_0":"f"}}}},{"toDetailCollection":{"condition0":{"layer0":{"outputAndDisplay_tap":{"layerKey":"layer0","output":{"letter_keys":{"_0":"r"}},"display":"R"},"withModifier_tap":{},"isCustomized_tap":true}}},"fromDetail":{"output":{"letter_keys":{"_0":"s"}},"display":"S"},"id":"550BB31C-BBF3-46DA-8638-01FB2AF69333"},{"fromDetail":{"display":"capslock","output":{"modifier_keys":{"_0":"caps_lock"}},"isSFSymbol":true},"unitSize":1.75,"id":"AA43C52F-1352-41A6-9025-5E7A2BF69A62","toDetailCollection":{}},{"fromDetail":{"display":"'","output":{"controls_and_symbols":{"_0":"single_quotation_or_colon"}}},"toDetailCollection":{},"id":"B5A51185-06A8-4648-8434-D6EBCEC3D094"},{"id":"3CD019AC-EC78-477A-88CA-6ABF5D60017F","fromDetail":{"display":"L","output":{"letter_keys":{"_0":"l"}}},"toDetailCollection":{"condition0":{"layer0":{"outputAndDisplay_tap":{"display":"I","output":{"letter_keys":{"_0":"i"}},"layerKey":"layer0"},"withModifier_tap":{},"isCustomized_tap":true}}}},{"toDetailCollection":{"condition0":{"layer0":{"outputAndDisplay_tap":{"display":"N","output":{"letter_keys":{"_0":"n"}},"layerKey":"layer0"},"withModifier_tap":{},"isCustomized_tap":true}}},"id":"EA7D1187-F3E3-44FD-9450-C3CA26CA6CD1","fromDetail":{"output":{"letter_keys":{"_0":"j"}},"display":"J"}},{"fromDetail":{"display":"G","output":{"letter_keys":{"_0":"g"}}},"id":"2C81E701-20F7-4029-B438-2A91C99129E7","toDetailCollection":{"condition0":{"layer0":{"isCustomized_tap":true,"outputAndDisplay_tap":{"display":"D","output":{"letter_keys":{"_0":"d"}},"layerKey":"layer0"},"withModifier_tap":{}}}}},{"fromDetail":{"output":{"letter_keys":{"_0":"d"}},"display":"D"},"id":"F1994F2B-9B42-4655-8E78-A32B88D8BB71","toDetailCollection":{"condition0":{"layer0":{"outputAndDisplay_tap":{"output":{"letter_keys":{"_0":"s"}},"layerKey":"layer0","display":"S"},"isCustomized_tap":true,"withModifier_tap":{}}}}},{"fromDetail":{"display":"A","output":{"letter_keys":{"_0":"a"}}},"toDetailCollection":{},"id":"89DFDB9C-F35A-43F2-8C8A-D41EA4F6206C"}],"row5":[{"id":"0A964F58-61CE-4088-B890-5F099CEBECE4","fromDetail":{"output":{"letter_keys":{"_0":"m"}},"display":"M"},"toDetailCollection":{}},{"toDetailCollection":{},"id":"5B627C25-D5EA-4ECE-A8AA-786527DA9E6E","fromDetail":{"output":{"letter_keys":{"_0":"b"}},"display":"B"}},{"id":"70D7C667-3B21-4AEB-A4AC-751123F4C20F","toDetailCollection":{},"fromDetail":{"display":"C","output":{"letter_keys":{"_0":"c"}}}},{"toDetailCollection":{},"id":"9274BFD8-CA51-4364-B053-B1615C9C0D36","fromDetail":{"output":{"controls_and_symbols":{"_0":"grave_accent"}},"display":"`"}},{"fromDetail":{"display":"\/","output":{"controls_and_symbols":{"_0":"slash"}}},"id":"80F93796-9885-460F-A0DC-A2FE10B2ACDB","toDetailCollection":{}},{"id":"D6EE0411-253B-4294-BF01-E67D05D17EF6","fromDetail":{"output":{"controls_and_symbols":{"_0":"comma"}},"display":","},"toDetailCollection":{}},{"toDetailCollection":{"condition0":{"layer0":{"withModifier_tap":{},"outputAndDisplay_tap":{"display":"K","layerKey":"layer0","output":{"letter_keys":{"_0":"k"}}},"isCustomized_tap":true}}},"id":"E06E6835-9C26-47AC-B31B-7EEC4387654D","fromDetail":{"output":{"letter_keys":{"_0":"n"}},"display":"N"}},{"toDetailCollection":{},"id":"1651FF31-5B35-43B3-9414-7A4FBD024499","fromDetail":{"display":"V","output":{"letter_keys":{"_0":"v"}}}},{"id":"D811193D-E94C-434B-86FB-26E83F7741B6","toDetailCollection":{},"fromDetail":{"output":{"letter_keys":{"_0":"x"}},"display":"X"}},{"fromDetail":{"display":"Z","output":{"letter_keys":{"_0":"z"}}},"id":"2A73CD71-4611-479B-9F2A-A48029FC03D9","toDetailCollection":{}},{"unitSize":1.25,"fromDetail":{"display":"shift","isSFSymbol":true,"output":{"modifier_keys":{"_0":"left_shift"}}},"id":"2592AF11-D69C-45A9-A2F0-41C8F406F316","toDetailCollection":{}},{"fromDetail":{"isSFSymbol":true,"display":"shift","output":{"modifier_keys":{"_0":"right_shift"}}},"id":"66B7BC82-9BD2-4832-B908-D04DBA62B46B","unitSize":2.25,"toDetailCollection":{}},{"id":"7A208168-42B1-4739-AE4F-DCB1B85C9F37","toDetailCollection":{},"fromDetail":{"display":".","output":{"controls_and_symbols":{"_0":"period"}}}}],"enableArrowKeys":true,"arrow_down":{"toDetailCollection":{},"fromDetail":{"display":"arrowtriangle.down.fill","isSFSymbol":true,"output":{"arrow_keys":{"_0":"down_arrow"}}},"id":"D5A8F77C-CAC4-4457-95AC-BA8BCD31CAF8","keyShape":"arrow_Down"},"rowIndex_arrow":{"row6":{}},"arrow_up":{"fromDetail":{"output":{"arrow_keys":{"_0":"up_arrow"}},"isSFSymbol":true,"display":"arrowtriangle.up.fill"},"id":"397EEE58-6FFF-4185-8B50-EFBFAB425CE2","keyShape":"arrow_Up","toDetailCollection":{}},"arrow_right":{"toDetailCollection":{},"id":"B0AB61D4-E68B-40B7-910D-FCEC9F09242F","fromDetail":{"output":{"arrow_keys":{"_0":"right_arrow"}},"display":"arrowtriangle.right.fill","isSFSymbol":true},"keyShape":"arrow_LR"},"arrow_left":{"id":"66D88C08-953A-4F85-B47C-4F1292AF6A67","keyShape":"arrow_LR","fromDetail":{"display":"arrowtriangle.left.fill","isSFSymbol":true,"output":{"arrow_keys":{"_0":"left_arrow"}}},"toDetailCollection":{}},"row6":[{"id":"D7B00EA6-2D54-4D7E-B112-1791EFB97FE8","fromDetail":{"display":"globe","isSFSymbol":true,"output":{"modifier_keys":{"_0":"keyboard_fn"}}},"toDetailCollection":{}},{"fromDetail":{"isSFSymbol":true,"output":{"modifier_keys":{"_0":"right_command"}},"display":"command"},"id":"66BFCE82-9F9D-45C4-BF01-440510109258","toDetailCollection":{},"unitSize":1.25},{"fromDetail":{"display":"control","isSFSymbol":true,"output":{"modifier_keys":{"_0":"left_control"}}},"id":"2B1C206C-9C93-4A0E-A1B8-E7F6D84DE9F5","toDetailCollection":{}},{"id":"CBAD6370-09B0-4D5F-A48A-BF17961AB08E","fromDetail":{"output":{"modifier_keys":{"_0":"left_option"}},"isSFSymbol":true,"display":"option"},"toDetailCollection":{}},{"unitSize":1.25,"fromDetail":{"isSFSymbol":true,"output":{"modifier_keys":{"_0":"left_command"}},"display":"command"},"toDetailCollection":{},"id":"C3B24C1D-EEEC-4146-B954-BBFE9C5DFE58"},{"unitSize":5,"id":"3AE2EDBD-1180-4BF9-8133-C836766C24C7","fromDetail":{"display":"␣","output":{"controls_and_symbols":{"_0":"spacebar"}}},"toDetailCollection":{}},{"id":"E5A4AE8C-6A8E-4A38-BFB8-CC2852F9DC62","fromDetail":{"display":"option","isSFSymbol":true,"output":{"modifier_keys":{"_0":"right_option"}}},"toDetailCollection":{}}],"row3":[{"id":"1EAF50A2-5BE2-4925-A12E-555E51776488","fromDetail":{"output":{"controls_and_symbols":{"_0":"open_square_bracket"}},"display":"["},"toDetailCollection":{}},{"toDetailCollection":{"condition0":{"layer0":{"isCustomized_tap":true,"outputAndDisplay_tap":{"output":{"letter_keys":{"_0":"y"}},"layerKey":"layer0","display":"Y"},"withModifier_tap":{}}}},"fromDetail":{"output":{"letter_keys":{"_0":"o"}},"display":"O"},"id":"4CBB90FE-2B1E-454A-BEB6-D30EC48A2351"},{"id":"D6C05D79-F040-4725-95A8-582192E392B6","fromDetail":{"output":{"letter_keys":{"_0":"y"}},"display":"Y"},"toDetailCollection":{"condition0":{"layer0":{"withModifier_tap":{},"isCustomized_tap":true,"outputAndDisplay_tap":{"output":{"letter_keys":{"_0":"j"}},"display":"J","layerKey":"layer0"}}}}},{"id":"76546332-3FBD-418C-BEF4-3B2378C92C95","fromDetail":{"output":{"letter_keys":{"_0":"r"}},"display":"R"},"toDetailCollection":{"condition0":{"layer0":{"withModifier_tap":{},"isCustomized_tap":true,"outputAndDisplay_tap":{"layerKey":"layer0","output":{"letter_keys":{"_0":"p"}},"display":"P"}}}}},{"fromDetail":{"output":{"letter_keys":{"_0":"w"}},"display":"W"},"toDetailCollection":{},"id":"E7713CB7-CA9D-47A5-976C-1D2BA6436DFA"},{"unitSize":1.5,"toDetailCollection":{},"id":"625686FF-7E03-4780-8E97-41B929558B4D","fromDetail":{"output":{"controls_and_symbols":{"_0":"tab"}},"isSFSymbol":true,"display":"arrow.right.to.line"}},{"fromDetail":{"output":{"letter_keys":{"_0":"i"}},"display":"I"},"toDetailCollection":{"condition0":{"layer0":{"isCustomized_tap":true,"outputAndDisplay_tap":{"display":"U","layerKey":"layer0","output":{"letter_keys":{"_0":"u"}}},"withModifier_tap":{}}}},"id":"0E81FADF-5C43-43B4-ADB6-BE989B88BDA1"},{"id":"F7892AC6-CD3A-4112-BBA7-CBAF22AB0646","fromDetail":{"output":{"controls_and_symbols":{"_0":"close_square_bracket"}},"display":"]"},"toDetailCollection":{}},{"id":"32EFF34F-4444-4504-97A8-AA52DC814EBF","fromDetail":{"display":"P","output":{"letter_keys":{"_0":"p"}}},"toDetailCollection":{"condition0":{"layer0":{"isCustomized_tap":true,"outputAndDisplay_tap":{"layerKey":"layer0","output":{"controls_and_symbols":{"_0":"semicolon"}},"display":";"},"withModifier_tap":{}}}}},{"fromDetail":{"display":"U","output":{"letter_keys":{"_0":"u"}}},"id":"D3304FE7-C800-4321-AF51-BBB74FF3682E","toDetailCollection":{"condition0":{"layer0":{"withModifier_tap":{},"isCustomized_tap":true,"outputAndDisplay_tap":{"output":{"letter_keys":{"_0":"l"}},"display":"L","layerKey":"layer0"}}}}},{"id":"4BCFEA23-081D-490F-8335-0565FF30CE1A","toDetailCollection":{"condition0":{"layer0":{"outputAndDisplay_tap":{"output":{"letter_keys":{"_0":"g"}},"layerKey":"layer0","display":"G"},"withModifier_tap":{},"isCustomized_tap":true}}},"fromDetail":{"output":{"letter_keys":{"_0":"t"}},"display":"T"}},{"id":"749EFD7C-F700-4E3A-B8C1-0026A619ED98","fromDetail":{"display":"E","output":{"letter_keys":{"_0":"e"}}},"toDetailCollection":{"condition0":{"layer0":{"withModifier_tap":{},"isCustomized_tap":true,"outputAndDisplay_tap":{"output":{"letter_keys":{"_0":"f"}},"display":"F","layerKey":"layer0"}}}}},{"id":"E8B8BE57-0A4A-4487-AE89-5C13BD001169","fromDetail":{"output":{"letter_keys":{"_0":"q"}},"display":"Q"},"toDetailCollection":{}},{"id":"FF1B8EB6-8660-41D6-808B-5A88A7B05308","keyShape":"enter_UK","fromDetail":{"isSFSymbol":true,"output":{"controls_and_symbols":{"_0":"return_or_enter"}},"display":"return"},"toDetailCollection":{}}],"row1":[{"id":"1E2AF90E-BC82-4989-83CD-414562101971","unitSize":1.5,"fromDetail":{"output":{"controls_and_symbols":{"_0":"escape"}},"isSFSymbol":true,"display":"escape"},"toDetailCollection":{}},{"toDetailCollection":{},"fromDetail":{"output":{"function_keys":{"_0":"f1"}},"display":"F1"},"id":"3C807EE9-3527-4AFE-AD87-FA7A59013C4D"},{"toDetailCollection":{},"id":"71B0DA7B-F930-4820-A775-A1F0A7E30B72","fromDetail":{"display":"F2","output":{"function_keys":{"_0":"f2"}}}},{"id":"D98E244E-8F19-46BB-B5DF-A3781391E0DF","fromDetail":{"output":{"function_keys":{"_0":"f3"}},"display":"F3"},"toDetailCollection":{}},{"id":"D84D7A7E-4F1F-4ED5-8153-CFACF8D17381","fromDetail":{"display":"F4","output":{"function_keys":{"_0":"f4"}}},"toDetailCollection":{}},{"id":"6429111E-F1E3-4D08-9D63-47086F19BA95","fromDetail":{"display":"F5","output":{"function_keys":{"_0":"f5"}}},"toDetailCollection":{}},{"fromDetail":{"output":{"function_keys":{"_0":"f6"}},"display":"F6"},"id":"AF576B51-DCE0-4D7D-B73F-FD2DB19C3F65","toDetailCollection":{}},{"id":"E812B8BE-B49B-4ADB-A14A-899F94D406D1","fromDetail":{"output":{"function_keys":{"_0":"f7"}},"display":"F7"},"toDetailCollection":{}},{"fromDetail":{"output":{"function_keys":{"_0":"f8"}},"display":"F8"},"id":"982F5D69-0A7E-4412-9531-B02525D85599","toDetailCollection":{}},{"fromDetail":{"output":{"function_keys":{"_0":"f9"}},"display":"F9"},"toDetailCollection":{},"id":"3F90AFE3-2B4E-4378-AA40-3C2204BEA1BF"},{"id":"95D2B3F7-CEFC-46BD-9A09-E2B830D8D2D9","toDetailCollection":{},"fromDetail":{"output":{"function_keys":{"_0":"f10"}},"display":"F10"}},{"toDetailCollection":{},"fromDetail":{"output":{"function_keys":{"_0":"f11"}},"display":"F11"},"id":"F6E65FBF-C5ED-4A17-8DAB-766DF889CA7E"},{"fromDetail":{"display":"F12","output":{"function_keys":{"_0":"f12"}}},"toDetailCollection":{},"id":"53BCB097-B224-415C-BCC1-0CC1BC1810E9"}]},"isEnableMain":true,"tenkeyRows":{"row6":[{"unitSize":2,"id":"9D1B8D9C-5263-4544-B3AC-CA8A97D7C01C","fromDetail":{"output":{"keypad_keys":{"_0":"keypad_0"}},"display":"0"},"toDetailCollection":{}},{"fromDetail":{"output":{"keypad_keys":{"_0":"keypad_period"}},"display":"."},"toDetailCollection":{},"id":"F47D4891-C3CC-4A16-B862-EE4A28F2B755"}],"idsInOrderRow3":[{"id":"D022ADF0-1860-47FB-9E4E-3D4A297CD901"},{"id":"CDEEA3CA-5C4D-4988-8A75-5A4E7A8969D4"},{"id":"C104D00B-39E6-4A72-8464-D1D3825D126E"},{"id":"833B0D78-CB97-4F66-8DDC-32B07BB0372A"}],"idsInOrderRow5":[{"id":"0E2C6D64-92C3-4163-925B-5E2D8F4A2D19"},{"id":"8FE79A77-F46C-4E28-8295-06C220A52756"},{"id":"FE7DAA29-3B6F-4AA8-A59C-D45E34B84995"},{"id":"2AF08DC2-80C3-4015-BFEF-39D22669E29B"}],"idsInOrderRow6":[{"id":"9D1B8D9C-5263-4544-B3AC-CA8A97D7C01C"},{"id":"F47D4891-C3CC-4A16-B862-EE4A28F2B755"}],"row1":[{"id":"98D1E8C6-F573-4670-8F51-35480C0C71F8","fromDetail":{"output":{"function_keys":{"_0":"f19"}},"display":"F19"},"toDetailCollection":{}},{"fromDetail":{"output":{"function_keys":{"_0":"f18"}},"display":"F18"},"toDetailCollection":{},"id":"36B1525D-9018-437D-B5AE-086072FC49BD"},{"toDetailCollection":{},"id":"BD5D648A-B290-4606-A74C-61F69ACE9596","fromDetail":{"output":{"function_keys":{"_0":"f17"}},"display":"F17"}},{"fromDetail":{"display":"F16","output":{"function_keys":{"_0":"f16"}}},"toDetailCollection":{},"id":"9B6DE7A1-2D3A-4273-BA8D-BFBD2A0687E7"}],"arrow_right":{"fromDetail":{"isSFSymbol":true,"output":{"arrow_keys":{"_0":"right_arrow"}},"display":"arrowtriangle.right.fill"},"toDetailCollection":{},"keyShape":"arrow_LR","id":"89C9BDEA-18F5-46DC-862A-2536C9CC7182"},"row4":[{"id":"CC22AF3E-3E0B-4265-9C07-537F7B3E5CDB","toDetailCollection":{},"fromDetail":{"display":"6","output":{"keypad_keys":{"_0":"keypad_6"}}}},{"toDetailCollection":{},"id":"7BC50E60-6B8E-4DD3-892C-0B0B121C4065","fromDetail":{"output":{"keypad_keys":{"_0":"keypad_4"}},"display":"4"}},{"fromDetail":{"display":"5","output":{"keypad_keys":{"_0":"keypad_5"}}},"id":"D87B9725-4786-4ECC-AC86-CC6A7919F0E5","toDetailCollection":{}},{"fromDetail":{"display":"+","output":{"keypad_keys":{"_0":"keypad_plus"}}},"toDetailCollection":{},"id":"3A8AB46E-26E3-4212-A650-E84E78190324"}],"enableArrowKeys":false,"arrow_down":{"fromDetail":{"display":"arrowtriangle.down.fill","output":{"arrow_keys":{"_0":"down_arrow"}},"isSFSymbol":true},"keyShape":"arrow_Down","toDetailCollection":{},"id":"74C7EFA1-CFCC-4586-87E8-BEB00C5DDA1F"},"arrow_up":{"id":"90D162DE-530A-4D37-B0EE-CA5E1F18464C","toDetailCollection":{},"keyShape":"arrow_Up","fromDetail":{"isSFSymbol":true,"display":"arrowtriangle.up.fill","output":{"arrow_keys":{"_0":"up_arrow"}}}},"row3":[{"id":"833B0D78-CB97-4F66-8DDC-32B07BB0372A","fromDetail":{"display":"-","output":{"keypad_keys":{"_0":"keypad_hyphen"}}},"toDetailCollection":{}},{"id":"C104D00B-39E6-4A72-8464-D1D3825D126E","fromDetail":{"display":"9","output":{"keypad_keys":{"_0":"keypad_9"}}},"toDetailCollection":{}},{"id":"CDEEA3CA-5C4D-4988-8A75-5A4E7A8969D4","fromDetail":{"output":{"keypad_keys":{"_0":"keypad_8"}},"display":"8"},"toDetailCollection":{}},{"fromDetail":{"output":{"keypad_keys":{"_0":"keypad_7"}},"display":"7"},"toDetailCollection":{},"id":"D022ADF0-1860-47FB-9E4E-3D4A297CD901"}],"idsInOrderRow1":[{"id":"9B6DE7A1-2D3A-4273-BA8D-BFBD2A0687E7"},{"id":"BD5D648A-B290-4606-A74C-61F69ACE9596"},{"id":"36B1525D-9018-437D-B5AE-086072FC49BD"},{"id":"98D1E8C6-F573-4670-8F51-35480C0C71F8"}],"rowIndex_arrow":{"row6":{}},"arrow_left":{"id":"6F945463-6173-4C53-893C-E61D0395A82B","fromDetail":{"output":{"arrow_keys":{"_0":"left_arrow"}},"display":"arrowtriangle.left.fill","isSFSymbol":true},"keyShape":"arrow_LR","toDetailCollection":{}},"row2":[{"id":"A0FF6BB3-D4DC-498A-8BD4-11947CA12811","toDetailCollection":{},"fromDetail":{"display":"=","output":{"keypad_keys":{"_0":"keypad_equal_sign"}}}},{"fromDetail":{"display":"clear","output":{"others":{"_0":"clear"}}},"id":"DF0926A0-342B-4B4B-A054-196CDCA1B752","toDetailCollection":{}},{"toDetailCollection":{},"id":"1F81A606-5EA6-44FD-B844-C377CBAFE89E","fromDetail":{"output":{"keypad_keys":{"_0":"keypad_asterisk"}},"display":"*"}},{"toDetailCollection":{},"id":"B4CC497B-BC68-4267-ABD1-DD0E26B2BDF3","fromDetail":{"display":"\/","output":{"keypad_keys":{"_0":"keypad_slash"}}}}],"row5":[{"fromDetail":{"isSFSymbol":true,"output":{"keypad_keys":{"_0":"keypad_enter"}},"display":"projective"},"toDetailCollection":{},"id":"2AF08DC2-80C3-4015-BFEF-39D22669E29B","keyShape":"enter_Tenkey"},{"id":"FE7DAA29-3B6F-4AA8-A59C-D45E34B84995","fromDetail":{"display":"3","output":{"keypad_keys":{"_0":"keypad_3"}}},"toDetailCollection":{}},{"id":"8FE79A77-F46C-4E28-8295-06C220A52756","toDetailCollection":{},"fromDetail":{"output":{"keypad_keys":{"_0":"keypad_2"}},"display":"2"}},{"toDetailCollection":{},"fromDetail":{"output":{"keypad_keys":{"_0":"keypad_1"}},"display":"1"},"id":"0E2C6D64-92C3-4163-925B-5E2D8F4A2D19"}],"idsInOrderRow2":[{"id":"DF0926A0-342B-4B4B-A054-196CDCA1B752"},{"id":"A0FF6BB3-D4DC-498A-8BD4-11947CA12811"},{"id":"B4CC497B-BC68-4267-ABD1-DD0E26B2BDF3"},{"id":"1F81A606-5EA6-44FD-B844-C377CBAFE89E"}],"idsInOrderRow4":[{"id":"7BC50E60-6B8E-4DD3-892C-0B0B121C4065"},{"id":"D87B9725-4786-4ECC-AC86-CC6A7919F0E5"},{"id":"CC22AF3E-3E0B-4265-9C07-537F7B3E5CDB"},{"id":"3A8AB46E-26E3-4212-A650-E84E78190324"}]}}},"selections":{"customOrMacroTab":{"customizeKey":{}},"toTab":"qwertyKeyboard","macroTab":{"userMacro":{}},"fromTab":{"qwertyKeyboard":{}},"condition":"condition0","keyboardKey":{"toDetailCollection":{},"fromDetail":{"display":"A","output":{"letter_keys":{"_0":"a"}}},"id":"C562CCCC-D99D-4CF4-874A-6356D7F0D29B"},"macro":{"name":"user Macro","dictionary_key":null,"toDetailCollection":{"_collection":[],"idsInOrderCollection":[]},"id":"D477A08C-AA25-4AFC-93F4-E01891F227DD"},"toDetail_macro":{"outputAndDisplay":{"output":{"letter_keys":{"_0":"a"}},"display":"none","layerKey":"layer0"},"withModifier":{},"error":false,"indicator":false,"id":"D2AADCA0-DD9D-4E00-8EA0-95A93996B034"},"combo":{"comboThreshold":50,"id":"AE934B3A-8DCA-4ED1-9EDB-2C661D573E37","key_up_order":"insensitive","toDetail":{},"key_down_order":"insensitive"},"layer":"layer0","tab":{"remap":{}}},"comboCollection":{"condition8":{"layer1":{},"layer8":{},"layer4":{},"layer7":{},"layer2":{},"layer5":{},"layer3":{},"layer6":{},"layer0":{}},"condition6":{"layer0":{},"layer3":{},"layer5":{},"layer4":{},"layer1":{},"layer8":{},"layer7":{},"layer2":{},"layer6":{}},"condition2":{"layer2":{},"layer1":{},"layer7":{},"layer8":{},"layer0":{},"layer3":{},"layer6":{},"layer5":{},"layer4":{}},"condition0":{"layer3":{},"layer5":{},"layer7":{},"layer6":{},"layer4":{},"layer2":{},"layer0":{},"layer8":{},"layer1":{}},"condition5":{"layer0":{},"layer6":{},"layer8":{},"layer5":{},"layer4":{},"layer1":{},"layer2":{},"layer7":{},"layer3":{}},"condition3":{"layer1":{},"layer4":{},"layer0":{},"layer5":{},"layer7":{},"layer2":{},"layer3":{},"layer6":{},"layer8":{}},"condition9":{"layer0":{},"layer4":{},"layer2":{},"layer5":{},"layer8":{},"layer1":{},"layer7":{},"layer3":{},"layer6":{}},"condition4":{"layer1":{},"layer7":{},"layer2":{},"layer0":{},"layer3":{},"layer6":{},"layer4":{},"layer8":{},"layer5":{}},"condition1":{"layer7":{},"layer3":{},"layer4":{},"layer1":{},"layer6":{},"layer2":{},"layer0":{},"layer5":{},"layer8":{}},"condition7":{"layer5":{},"layer2":{},"layer8":{},"layer6":{},"layer7":{},"layer4":{},"layer0":{},"layer3":{},"layer1":{}}},"displayKeySize":65,"macroCollection":{"_collection":[],"idsInOrderCollection":[]},"name":"Colemak_UK","conditionDetailCollection":{"condition8":{"type":"Application","isEnabled":false,"name":"Condition8","value":"com.vendor.condition8"},"condition0":{"value":"com.vendor.condition0","name":"Default","isEnabled":true,"type":"Application"},"condition4":{"name":"Condition4","isEnabled":false,"value":"com.vendor.condition4","type":"Application"},"condition3":{"name":"Condition3","value":"com.vendor.condition3","isEnabled":false,"type":"Application"},"condition7":{"value":"com.vendor.condition7","type":"Application","name":"Condition7","isEnabled":false},"condition6":{"type":"Application","name":"Condition6","value":"com.vendor.condition6","isEnabled":false},"condition5":{"type":"Application","value":"com.vendor.condition5","name":"Condition5","isEnabled":false},"condition1":{"type":"InputSource","value":"ja","name":"Condition1","isEnabled":false},"condition9":{"isEnabled":false,"value":"com.vendor.condition9","type":"Application","name":"Condition9"},"condition2":{"value":"com.vendor.condition2","type":"Application","isEnabled":false,"name":"Condition2"}}}