{"keymap":{"keycodeRegion":"JIS","other":{"subRows":{"idsInOrderRow3":[{"id":"FD27E5F9-14A7-4423-A489-36DBEE78B72A"},{"id":"56FE2B7B-D006-4636-9A9F-F9113F05BC1E"},{"id":"98A99C8F-E68A-4CC7-A066-80BE98041A50"}],"row1":[{"id":"DDA83F06-FF2D-4F10-A46E-B0F6A74FD345","fromDetail":{"display":"F15","output":{"function_keys":{"_0":"f15"}}},"toDetailCollection":{}},{"fromDetail":{"display":"F13","output":{"function_keys":{"_0":"f13"}}},"toDetailCollection":{},"id":"42B2E433-C94B-4319-9148-37C0A5121DEC"},{"id":"158E1AF8-0D96-4E31-B600-0C98C445954E","fromDetail":{"display":"F14","output":{"function_keys":{"_0":"f14"}}},"toDetailCollection":{}}],"row6":[{"fromDetail":{"display":"arrowtriangle.right.fill","output":{"arrow_keys":{"_0":"right_arrow"}},"isSFSymbol":true},"id":"0133EE96-9C24-41B9-83A4-452FE51308DA","toDetailCollection":{}},{"fromDetail":{"output":{"arrow_keys":{"_0":"down_arrow"}},"display":"arrowtriangle.down.fill","isSFSymbol":true},"id":"F443D1F7-189E-4E31-A47A-783FE90EEAEE","toDetailCollection":{}},{"fromDetail":{"display":"arrowtriangle.left.fill","isSFSymbol":true,"output":{"arrow_keys":{"_0":"left_arrow"}}},"id":"6F112E90-918C-41D1-8C92-4E4FE778676A","toDetailCollection":{}}],"row4":[],"idsInOrderRow2":[{"id":"EE4143B5-0364-4C8C-8023-0B2E68790AA3"},{"id":"F2FC9D0E-EF03-4844-8A95-A7D24AF6A02B"},{"id":"662AE034-97FB-4375-AE1E-31579E460EAE"}],"idsInOrderRow1":[{"id":"42B2E433-C94B-4319-9148-37C0A5121DEC"},{"id":"158E1AF8-0D96-4E31-B600-0C98C445954E"},{"id":"DDA83F06-FF2D-4F10-A46E-B0F6A74FD345"}],"rowIndex_arrow":{"row6":{}},"arrow_up":{"keyShape":"arrow_Up","id":"215E1562-7CCE-45BB-8DBF-E207F438154A","toDetailCollection":{},"fromDetail":{"display":"arrowtriangle.up.fill","isSFSymbol":true,"output":{"arrow_keys":{"_0":"up_arrow"}}}},"arrow_down":{"fromDetail":{"output":{"arrow_keys":{"_0":"down_arrow"}},"display":"arrowtriangle.down.fill","isSFSymbol":true},"toDetailCollection":{},"keyShape":"arrow_Down","id":"22C00D88-494E-4CC5-8EC1-5A0CD70BE86C"},"arrow_right":{"fromDetail":{"output":{"arrow_keys":{"_0":"right_arrow"}},"display":"arrowtriangle.right.fill","isSFSymbol":true},"id":"DA5E8423-00B6-48A6-9AC2-041EFF7CA90F","keyShape":"arrow_LR","toDetailCollection":{}},"row2":[{"id":"F2FC9D0E-EF03-4844-8A95-A7D24AF6A02B","fromDetail":{"display":"arrow.up.to.line","isSFSymbol":true,"output":{"arrow_keys":{"_0":"home"}}},"toDetailCollection":{}},{"fromDetail":{"display":"arrow.up","isSFSymbol":true,"output":{"arrow_keys":{"_0":"page_up"}}},"id":"662AE034-97FB-4375-AE1E-31579E460EAE","toDetailCollection":{}},{"id":"EE4143B5-0364-4C8C-8023-0B2E68790AA3","fromDetail":{"output":{"keys_in_pc_keyboards":{"_0":"insert"}},"display":"text.insert","isSFSymbol":true},"toDetailCollection":{}}],"idsInOrderRow4":[],"row3":[{"fromDetail":{"display":"arrow.down.to.line","output":{"arrow_keys":{"_0":"end"}},"isSFSymbol":true},"id":"56FE2B7B-D006-4636-9A9F-F9113F05BC1E","toDetailCollection":{}},{"id":"FD27E5F9-14A7-4423-A489-36DBEE78B72A","fromDetail":{"isSFSymbol":true,"output":{"controls_and_symbols":{"_0":"delete_forward"}},"display":"delete.right"},"toDetailCollection":{}},{"id":"98A99C8F-E68A-4CC7-A066-80BE98041A50","fromDetail":{"isSFSymbol":true,"output":{"arrow_keys":{"_0":"page_down"}},"display":"arrow.down"},"toDetailCollection":{}}],"idsInOrderRow6":[{"id":"6F112E90-918C-41D1-8C92-4E4FE778676A"},{"id":"F443D1F7-189E-4E31-A47A-783FE90EEAEE"},{"id":"0133EE96-9C24-41B9-83A4-452FE51308DA"}],"arrow_left":{"id":"7A02D72B-7507-41D0-ABA1-A4B6CF0CEF2E","toDetailCollection":{},"fromDetail":{"display":"arrowtriangle.left.fill","isSFSymbol":true,"output":{"arrow_keys":{"_0":"left_arrow"}}},"keyShape":"arrow_LR"},"enableArrowKeys":false,"idsInOrderRow5":[{"id":"C2A3065D-B104-4885-882C-7CE09337F36B"},{"id":"FBE3971D-F493-411B-BFA3-CA2B2E1C94E8"}],"row5":[{"id":"C2A3065D-B104-4885-882C-7CE09337F36B","isSpacer":true,"toDetailCollection":{},"fromDetail":{"output":{"letter_keys":{"_0":"a"}},"display":"A"}},{"fromDetail":{"isSFSymbol":true,"output":{"arrow_keys":{"_0":"up_arrow"}},"display":"arrowtriangle.up.fill"},"toDetailCollection":{},"id":"FBE3971D-F493-411B-BFA3-CA2B2E1C94E8"}]},"mainRows":{"row2":[{"toDetailCollection":{},"fromDetail":{"display":"=","output":{"keypad_keys":{"_0":"keypad_equal_sign"}}},"id":"6FE73186-5A44-4377-A3DE-A9DBD1557EC1"},{"toDetailCollection":{},"id":"A4F040F5-E782-48C5-AB66-1B2765A373D2","fromDetail":{"display":"clear","output":{"others":{"_0":"clear"}}}},{"id":"D5BD3237-0EDD-4403-8C41-2A84CC15ADD6","fromDetail":{"output":{"keypad_keys":{"_0":"keypad_slash"}},"display":"\/"},"toDetailCollection":{}},{"id":"C1F5F4FD-1ADA-4A69-89B9-E0D8CB0BF3EB","toDetailCollection":{},"fromDetail":{"display":"*","output":{"keypad_keys":{"_0":"keypad_asterisk"}}}}],"idsInOrderRow2":[{"id":"A4F040F5-E782-48C5-AB66-1B2765A373D2"},{"id":"6FE73186-5A44-4377-A3DE-A9DBD1557EC1"},{"id":"D5BD3237-0EDD-4403-8C41-2A84CC15ADD6"},{"id":"C1F5F4FD-1ADA-4A69-89B9-E0D8CB0BF3EB"}],"arrow_up":{"keyShape":"arrow_Up","fromDetail":{"output":{"arrow_keys":{"_0":"up_arrow"}},"display":"arrowtriangle.up.fill","isSFSymbol":true},"toDetailCollection":{},"id":"6951E375-D654-43A6-A0DA-2E8CA7459DC3"},"idsInOrderRow6":[{"id":"34B457AC-5392-4EAF-98D3-B443789C28D7"},{"id":"C60A4473-647E-428B-A242-746B0866B9FB"},{"id":"A5123532-E694-4705-846F-C27E20CBA52F"}],"row3":[{"fromDetail":{"output":{"keypad_keys":{"_0":"keypad_hyphen"}},"display":"-"},"id":"8F9469F6-ACF5-4836-8D12-C068A2039A2F","toDetailCollection":{}},{"id":"C566B5CB-F2CA-49D7-870D-EECE3D8F6632","fromDetail":{"output":{"keypad_keys":{"_0":"keypad_9"}},"display":"9"},"toDetailCollection":{}},{"fromDetail":{"output":{"keypad_keys":{"_0":"keypad_7"}},"display":"7"},"toDetailCollection":{},"id":"7B57E98C-7202-4A80-BA5E-DDDC9BC765B5"},{"fromDetail":{"display":"8","output":{"keypad_keys":{"_0":"keypad_8"}}},"toDetailCollection":{},"id":"09AEDA8D-7B51-4DE6-9B60-EF3F718A9666"}],"row4":[{"fromDetail":{"display":"5","output":{"keypad_keys":{"_0":"keypad_5"}}},"toDetailCollection":{},"id":"4F4FE3A2-6AD7-4F4F-8109-2780307DDCB9"},{"id":"59B2F0C1-C18A-49EE-9533-5808CDD8292F","toDetailCollection":{},"fromDetail":{"display":"4","output":{"keypad_keys":{"_0":"keypad_4"}}}},{"fromDetail":{"output":{"keypad_keys":{"_0":"keypad_plus"}},"display":"+"},"toDetailCollection":{},"id":"8A5622F6-712F-4866-9748-5DE60F75A698"},{"toDetailCollection":{},"id":"6122E5DC-717A-4C51-986C-10FA028B0226","fromDetail":{"display":"6","output":{"keypad_keys":{"_0":"keypad_6"}}}}],"row6":[{"fromDetail":{"display":".","output":{"keypad_keys":{"_0":"keypad_period"}}},"toDetailCollection":{},"id":"A5123532-E694-4705-846F-C27E20CBA52F"},{"fromDetail":{"display":"0","output":{"keypad_keys":{"_0":"keypad_0"}}},"toDetailCollection":{},"id":"34B457AC-5392-4EAF-98D3-B443789C28D7"},{"fromDetail":{"display":",","output":{"keypad_keys":{"_0":"keypad_comma"}}},"toDetailCollection":{},"id":"C60A4473-647E-428B-A242-746B0866B9FB"}],"arrow_down":{"keyShape":"arrow_Down","toDetailCollection":{},"id":"2A6B00C2-E46E-44C7-9CF0-C237C8111F35","fromDetail":{"display":"arrowtriangle.down.fill","output":{"arrow_keys":{"_0":"down_arrow"}},"isSFSymbol":true}},"idsInOrderRow1":[{"id":"BA634F0F-3471-46D9-ACAF-0EEE7BA7F92F"},{"id":"1E1DC346-A84F-41E8-893D-E0F5E5F1CD0F"},{"id":"305C8F86-5B2C-47DB-8B5D-D4A8A50C3F80"},{"id":"4E72182C-5C4C-4C2E-838C-1C9E1A88848C"}],"enableArrowKeys":false,"arrow_right":{"keyShape":"arrow_LR","id":"B786693D-28D1-4BD0-9F55-0A45BEA3CDBD","fromDetail":{"isSFSymbol":true,"output":{"arrow_keys":{"_0":"right_arrow"}},"display":"arrowtriangle.right.fill"},"toDetailCollection":{}},"arrow_left":{"id":"9AEF92C6-0ED9-4824-B691-C9F42960D3F6","fromDetail":{"isSFSymbol":true,"display":"arrowtriangle.left.fill","output":{"arrow_keys":{"_0":"left_arrow"}}},"toDetailCollection":{},"keyShape":"arrow_LR"},"idsInOrderRow3":[{"id":"7B57E98C-7202-4A80-BA5E-DDDC9BC765B5"},{"id":"09AEDA8D-7B51-4DE6-9B60-EF3F718A9666"},{"id":"C566B5CB-F2CA-49D7-870D-EECE3D8F6632"},{"id":"8F9469F6-ACF5-4836-8D12-C068A2039A2F"}],"rowIndex_arrow":{"row6":{}},"row1":[{"id":"305C8F86-5B2C-47DB-8B5D-D4A8A50C3F80","fromDetail":{"output":{"function_keys":{"_0":"f18"}},"display":"F18"},"toDetailCollection":{}},{"toDetailCollection":{},"id":"4E72182C-5C4C-4C2E-838C-1C9E1A88848C","fromDetail":{"display":"F19","output":{"function_keys":{"_0":"f19"}}}},{"id":"BA634F0F-3471-46D9-ACAF-0EEE7BA7F92F","toDetailCollection":{},"fromDetail":{"display":"F16","output":{"function_keys":{"_0":"f16"}}}},{"fromDetail":{"display":"F17","output":{"function_keys":{"_0":"f17"}}},"toDetailCollection":{},"id":"1E1DC346-A84F-41E8-893D-E0F5E5F1CD0F"}],"idsInOrderRow4":[{"id":"59B2F0C1-C18A-49EE-9533-5808CDD8292F"},{"id":"4F4FE3A2-6AD7-4F4F-8109-2780307DDCB9"},{"id":"6122E5DC-717A-4C51-986C-10FA028B0226"},{"id":"8A5622F6-712F-4866-9748-5DE60F75A698"}],"row5":[{"id":"1A143D5F-DC35-4067-9D15-AA4B86004648","keyShape":"enter_Tenkey","toDetailCollection":{},"fromDetail":{"output":{"keypad_keys":{"_0":"keypad_enter"}},"isSFSymbol":true,"display":"projective"}},{"fromDetail":{"display":"3","output":{"keypad_keys":{"_0":"keypad_3"}}},"toDetailCollection":{},"id":"D4FB2A30-6A5D-45A4-859C-D88401956336"},{"fromDetail":{"output":{"keypad_keys":{"_0":"keypad_1"}},"display":"1"},"toDetailCollection":{},"id":"043CA179-FB33-4EAF-95C7-295B445D3AFD"},{"id":"AD229F3A-3BFE-4DC5-85D1-98AD8F944E8E","toDetailCollection":{},"fromDetail":{"display":"2","output":{"keypad_keys":{"_0":"keypad_2"}}}}],"idsInOrderRow5":[{"id":"043CA179-FB33-4EAF-95C7-295B445D3AFD"},{"id":"AD229F3A-3BFE-4DC5-85D1-98AD8F944E8E"},{"id":"D4FB2A30-6A5D-45A4-859C-D88401956336"},{"id":"1A143D5F-DC35-4067-9D15-AA4B86004648"}]},"tenkeyRows":{"idsInOrderRow3":[{"id":"C3BC2042-AD07-44F2-9891-00F0D5EC80CC"},{"id":"3B42D2F7-A815-4292-934D-CC9ECCA6D87E"},{"id":"7C0CC16A-EFA8-4138-A92E-18488A6DDAAC"},{"id":"59B74387-5CAD-464C-9BF4-B241A56E2EA7"}],"arrow_down":{"fromDetail":{"isSFSymbol":true,"output":{"arrow_keys":{"_0":"down_arrow"}},"display":"arrowtriangle.down.fill"},"id":"5670E827-331A-46A7-B5F5-CDC3F30BB9C4","toDetailCollection":{},"keyShape":"arrow_Down"},"arrow_up":{"keyShape":"arrow_Up","id":"A97530C1-845A-4A46-9AF7-324F3AFC2007","fromDetail":{"display":"arrowtriangle.up.fill","output":{"arrow_keys":{"_0":"up_arrow"}},"isSFSymbol":true},"toDetailCollection":{}},"rowIndex_arrow":{"row6":{}},"row2":[{"fromDetail":{"display":"clear","output":{"others":{"_0":"clear"}}},"toDetailCollection":{},"id":"FF2EFF94-708C-4122-BD2A-F7AC31AE3F79"},{"id":"6BB5CE61-34D1-4CE5-BE97-3DE72D54F0EC","fromDetail":{"display":"\/","output":{"keypad_keys":{"_0":"keypad_slash"}}},"toDetailCollection":{}},{"id":"BED9E3A9-398C-4E85-AA7E-70AB8F90BF51","toDetailCollection":{},"fromDetail":{"display":"=","output":{"keypad_keys":{"_0":"keypad_equal_sign"}}}},{"id":"BE7C6757-5562-4868-B79E-EB9C8063E437","fromDetail":{"display":"*","output":{"keypad_keys":{"_0":"keypad_asterisk"}}},"toDetailCollection":{}}],"idsInOrderRow4":[{"id":"A14C9275-5506-4F76-863B-9E7CB0057A2D"},{"id":"539B75FF-756C-41EC-A5B2-9BE980A53EDE"},{"id":"A273AED5-5F18-4468-B53E-8C81AE645752"},{"id":"DA1AA492-3322-494B-91E2-8943259A2A5B"}],"enableArrowKeys":false,"row1":[{"fromDetail":{"display":"F16","output":{"function_keys":{"_0":"f16"}}},"toDetailCollection":{},"id":"BE40767B-1BC0-4A1A-88EC-C47E12132903"},{"toDetailCollection":{},"id":"4F82146C-BE0C-4DF3-BE22-DE1A451EDEEB","fromDetail":{"display":"F19","output":{"function_keys":{"_0":"f19"}}}},{"toDetailCollection":{},"id":"B94F7073-458A-472B-96D4-73D25CAD0C38","fromDetail":{"output":{"function_keys":{"_0":"f18"}},"display":"F18"}},{"id":"189DA4A6-2B17-4500-8AA2-60065E54032A","toDetailCollection":{},"fromDetail":{"display":"F17","output":{"function_keys":{"_0":"f17"}}}}],"idsInOrderRow6":[{"id":"A57DC99E-93C5-4B5B-B284-3319605C2F9B"},{"id":"E9BF23E9-938E-4AA9-ABFA-E17625660BB5"},{"id":"F8BBBEE8-1643-4589-B28E-8BF12D50C948"}],"arrow_right":{"id":"F8E4E95F-DD00-45CD-8E98-844D8DF84FD2","keyShape":"arrow_LR","fromDetail":{"display":"arrowtriangle.right.fill","output":{"arrow_keys":{"_0":"right_arrow"}},"isSFSymbol":true},"toDetailCollection":{}},"idsInOrderRow1":[{"id":"BE40767B-1BC0-4A1A-88EC-C47E12132903"},{"id":"189DA4A6-2B17-4500-8AA2-60065E54032A"},{"id":"B94F7073-458A-472B-96D4-73D25CAD0C38"},{"id":"4F82146C-BE0C-4DF3-BE22-DE1A451EDEEB"}],"idsInOrderRow5":[{"id":"D313376A-74F0-4597-B040-E6D65867A23E"},{"id":"FD3AC786-5660-4606-8049-D70D71FCDF3B"},{"id":"0F4DA7AF-F625-4162-B163-A8324CE58BB9"},{"id":"26593A9F-1AE9-4627-95A4-B13572BB1C06"}],"row5":[{"fromDetail":{"output":{"keypad_keys":{"_0":"keypad_3"}},"display":"3"},"toDetailCollection":{},"id":"0F4DA7AF-F625-4162-B163-A8324CE58BB9"},{"toDetailCollection":{},"id":"D313376A-74F0-4597-B040-E6D65867A23E","fromDetail":{"output":{"keypad_keys":{"_0":"keypad_1"}},"display":"1"}},{"id":"26593A9F-1AE9-4627-95A4-B13572BB1C06","keyShape":"enter_Tenkey","fromDetail":{"output":{"keypad_keys":{"_0":"keypad_enter"}},"isSFSymbol":true,"display":"projective"},"toDetailCollection":{}},{"id":"FD3AC786-5660-4606-8049-D70D71FCDF3B","fromDetail":{"display":"2","output":{"keypad_keys":{"_0":"keypad_2"}}},"toDetailCollection":{}}],"arrow_left":{"fromDetail":{"output":{"arrow_keys":{"_0":"left_arrow"}},"display":"arrowtriangle.left.fill","isSFSymbol":true},"keyShape":"arrow_LR","toDetailCollection":{},"id":"8AAF4D7B-0C7B-40C1-ABFB-1BA95C0853D6"},"row4":[{"id":"539B75FF-756C-41EC-A5B2-9BE980A53EDE","fromDetail":{"display":"5","output":{"keypad_keys":{"_0":"keypad_5"}}},"toDetailCollection":{}},{"toDetailCollection":{},"fromDetail":{"display":"6","output":{"keypad_keys":{"_0":"keypad_6"}}},"id":"A273AED5-5F18-4468-B53E-8C81AE645752"},{"fromDetail":{"display":"+","output":{"keypad_keys":{"_0":"keypad_plus"}}},"toDetailCollection":{},"id":"DA1AA492-3322-494B-91E2-8943259A2A5B"},{"toDetailCollection":{},"id":"A14C9275-5506-4F76-863B-9E7CB0057A2D","fromDetail":{"output":{"keypad_keys":{"_0":"keypad_4"}},"display":"4"}}],"row6":[{"fromDetail":{"output":{"keypad_keys":{"_0":"keypad_0"}},"display":"0"},"toDetailCollection":{},"id":"A57DC99E-93C5-4B5B-B284-3319605C2F9B"},{"fromDetail":{"display":".","output":{"keypad_keys":{"_0":"keypad_period"}}},"toDetailCollection":{},"id":"F8BBBEE8-1643-4589-B28E-8BF12D50C948"},{"fromDetail":{"output":{"keypad_keys":{"_0":"keypad_comma"}},"display":","},"toDetailCollection":{},"id":"E9BF23E9-938E-4AA9-ABFA-E17625660BB5"}],"row3":[{"fromDetail":{"output":{"keypad_keys":{"_0":"keypad_9"}},"display":"9"},"toDetailCollection":{},"id":"7C0CC16A-EFA8-4138-A92E-18488A6DDAAC"},{"toDetailCollection":{},"fromDetail":{"display":"8","output":{"keypad_keys":{"_0":"keypad_8"}}},"id":"3B42D2F7-A815-4292-934D-CC9ECCA6D87E"},{"toDetailCollection":{},"id":"59B74387-5CAD-464C-9BF4-B241A56E2EA7","fromDetail":{"display":"-","output":{"keypad_keys":{"_0":"keypad_hyphen"}}}},{"id":"C3BC2042-AD07-44F2-9891-00F0D5EC80CC","fromDetail":{"output":{"keypad_keys":{"_0":"keypad_7"}},"display":"7"},"toDetailCollection":{}}],"idsInOrderRow2":[{"id":"FF2EFF94-708C-4122-BD2A-F7AC31AE3F79"},{"id":"BED9E3A9-398C-4E85-AA7E-70AB8F90BF51"},{"id":"6BB5CE61-34D1-4CE5-BE97-3DE72D54F0EC"},{"id":"BE7C6757-5562-4868-B79E-EB9C8063E437"}]},"sectionDetail":{"deviceDetail":{"is_product_id_Enabled":false,"device_name":"otherDevice","is_vendor_id_Enabled":false,"product_id":"product_id","is_builtin_keyboard":false,"vendor_id":"vendor_id","location_id":"location_id","is_location_id_Enabled":false},"section":{"other":{}}},"isEnableSub":false,"isEnableMain":true,"isEnableTenkey":false},"main":{"tenkeyRows":{"arrow_right":{"fromDetail":{"display":"arrowtriangle.right.fill","isSFSymbol":true,"output":{"arrow_keys":{"_0":"right_arrow"}}},"id":"C7C498BF-CB4B-4B6F-820B-0458876C057D","keyShape":"arrow_LR","toDetailCollection":{}},"arrow_up":{"id":"27D48BAF-3B0F-43F2-9376-45E2BE5C8502","keyShape":"arrow_Up","toDetailCollection":{},"fromDetail":{"isSFSymbol":true,"output":{"arrow_keys":{"_0":"up_arrow"}},"display":"arrowtriangle.up.fill"}},"idsInOrderRow4":[{"id":"88A72A4A-72B8-4B2E-B0E3-C9A0B181DBE5"},{"id":"EE79FA11-A191-429E-9971-5D55059CB3E2"},{"id":"31FD29D8-79A1-40D9-A159-AB276A9A935D"},{"id":"47144A8C-E9BE-4BDB-A074-D9E6146973C8"}],"row3":[{"id":"0CA218D2-EFCD-455F-A6BE-60F806C7DA14","fromDetail":{"display":"-","output":{"keypad_keys":{"_0":"keypad_hyphen"}}},"toDetailCollection":{}},{"fromDetail":{"output":{"keypad_keys":{"_0":"keypad_9"}},"display":"9"},"toDetailCollection":{},"id":"CC6AB377-AA93-4849-B8ED-36BFFCB46F75"},{"id":"89E271A2-BC3E-48CC-9E6F-CEA48265BD6C","toDetailCollection":{},"fromDetail":{"display":"8","output":{"keypad_keys":{"_0":"keypad_8"}}}},{"fromDetail":{"output":{"keypad_keys":{"_0":"keypad_7"}},"display":"7"},"toDetailCollection":{},"id":"762A4CF2-F55B-49CD-8F21-7EB597CF7E7C"}],"enableArrowKeys":false,"idsInOrderRow2":[{"id":"78F86285-B957-47A1-9F49-433CF0FD9117"},{"id":"9624AD4C-8925-43D0-9281-EC09D504D45E"},{"id":"5E1F29E4-B5A2-4819-B4C4-2E082A40C42C"},{"id":"7551F7DB-D5A5-4011-9981-6FEF5061CF86"}],"row5":[{"toDetailCollection":{},"keyShape":"enter_Tenkey","id":"85CBB8CE-F163-4A2F-A6F1-C3C43A924CD1","fromDetail":{"display":"projective","isSFSymbol":true,"output":{"keypad_keys":{"_0":"keypad_enter"}}}},{"toDetailCollection":{},"id":"C76A85A0-9457-4A3D-A9D7-961B21BAF821","fromDetail":{"output":{"keypad_keys":{"_0":"keypad_2"}},"display":"2"}},{"id":"764D953C-7E8D-495E-A500-88E3CE3AD5A4","toDetailCollection":{},"fromDetail":{"output":{"keypad_keys":{"_0":"keypad_3"}},"display":"3"}},{"toDetailCollection":{},"fromDetail":{"display":"1","output":{"keypad_keys":{"_0":"keypad_1"}}},"id":"9153FD22-F9EC-4CF9-A5EB-684C7FA28E10"}],"row2":[{"id":"7551F7DB-D5A5-4011-9981-6FEF5061CF86","fromDetail":{"output":{"keypad_keys":{"_0":"keypad_asterisk"}},"display":"*"},"toDetailCollection":{}},{"toDetailCollection":{},"id":"5E1F29E4-B5A2-4819-B4C4-2E082A40C42C","fromDetail":{"display":"\/","output":{"keypad_keys":{"_0":"keypad_slash"}}}},{"fromDetail":{"display":"=","output":{"keypad_keys":{"_0":"keypad_equal_sign"}}},"toDetailCollection":{},"id":"9624AD4C-8925-43D0-9281-EC09D504D45E"},{"id":"78F86285-B957-47A1-9F49-433CF0FD9117","fromDetail":{"display":"clear","output":{"others":{"_0":"clear"}}},"toDetailCollection":{}}],"idsInOrderRow5":[{"id":"9153FD22-F9EC-4CF9-A5EB-684C7FA28E10"},{"id":"C76A85A0-9457-4A3D-A9D7-961B21BAF821"},{"id":"764D953C-7E8D-495E-A500-88E3CE3AD5A4"},{"id":"85CBB8CE-F163-4A2F-A6F1-C3C43A924CD1"}],"idsInOrderRow3":[{"id":"762A4CF2-F55B-49CD-8F21-7EB597CF7E7C"},{"id":"89E271A2-BC3E-48CC-9E6F-CEA48265BD6C"},{"id":"CC6AB377-AA93-4849-B8ED-36BFFCB46F75"},{"id":"0CA218D2-EFCD-455F-A6BE-60F806C7DA14"}],"idsInOrderRow1":[{"id":"A9C63901-29E7-4F55-9AE6-3D491472D498"},{"id":"430F7F20-EBD3-4919-A6E8-B58C2E6606D1"},{"id":"260B30CC-ACD0-4273-9A1E-61DCD1EF3616"},{"id":"8B7EF49B-441B-4AF7-BD34-400F29631DB6"}],"idsInOrderRow6":[{"id":"694BB17C-81B0-46C7-A7B6-1471C47DC4AF"},{"id":"663946F1-BF81-4ACA-81BD-F1FDCD2C0332"},{"id":"E52A4BC6-E60B-42F3-AA5A-21B30D4553F3"}],"arrow_left":{"id":"72D64C89-905E-48D9-AC47-E7805A4A0721","keyShape":"arrow_LR","toDetailCollection":{},"fromDetail":{"display":"arrowtriangle.left.fill","output":{"arrow_keys":{"_0":"left_arrow"}},"isSFSymbol":true}},"arrow_down":{"toDetailCollection":{},"id":"2A551EB7-6FCF-4B6F-930B-A62218834A4C","fromDetail":{"display":"arrowtriangle.down.fill","output":{"arrow_keys":{"_0":"down_arrow"}},"isSFSymbol":true},"keyShape":"arrow_Down"},"row1":[{"id":"430F7F20-EBD3-4919-A6E8-B58C2E6606D1","toDetailCollection":{},"fromDetail":{"display":"F17","output":{"function_keys":{"_0":"f17"}}}},{"fromDetail":{"display":"F16","output":{"function_keys":{"_0":"f16"}}},"id":"A9C63901-29E7-4F55-9AE6-3D491472D498","toDetailCollection":{}},{"id":"8B7EF49B-441B-4AF7-BD34-400F29631DB6","toDetailCollection":{},"fromDetail":{"output":{"function_keys":{"_0":"f19"}},"display":"F19"}},{"fromDetail":{"display":"F18","output":{"function_keys":{"_0":"f18"}}},"id":"260B30CC-ACD0-4273-9A1E-61DCD1EF3616","toDetailCollection":{}}],"row6":[{"toDetailCollection":{},"fromDetail":{"display":",","output":{"keypad_keys":{"_0":"keypad_comma"}}},"id":"663946F1-BF81-4ACA-81BD-F1FDCD2C0332"},{"fromDetail":{"output":{"keypad_keys":{"_0":"keypad_0"}},"display":"0"},"id":"694BB17C-81B0-46C7-A7B6-1471C47DC4AF","toDetailCollection":{}},{"id":"E52A4BC6-E60B-42F3-AA5A-21B30D4553F3","fromDetail":{"output":{"keypad_keys":{"_0":"keypad_period"}},"display":"."},"toDetailCollection":{}}],"row4":[{"toDetailCollection":{},"id":"88A72A4A-72B8-4B2E-B0E3-C9A0B181DBE5","fromDetail":{"output":{"keypad_keys":{"_0":"keypad_4"}},"display":"4"}},{"id":"EE79FA11-A191-429E-9971-5D55059CB3E2","toDetailCollection":{},"fromDetail":{"output":{"keypad_keys":{"_0":"keypad_5"}},"display":"5"}},{"toDetailCollection":{},"id":"31FD29D8-79A1-40D9-A159-AB276A9A935D","fromDetail":{"output":{"keypad_keys":{"_0":"keypad_6"}},"display":"6"}},{"id":"47144A8C-E9BE-4BDB-A074-D9E6146973C8","fromDetail":{"output":{"keypad_keys":{"_0":"keypad_plus"}},"display":"+"},"toDetailCollection":{}}],"rowIndex_arrow":{"row6":{}}},"isEnableTenkey":false,"isEnableSub":false,"subRows":{"row3":[{"id":"97C87CD4-D981-44E6-AB89-3416E21D24A6","toDetailCollection":{},"fromDetail":{"display":"arrow.down.to.line","isSFSymbol":true,"output":{"arrow_keys":{"_0":"end"}}}},{"fromDetail":{"isSFSymbol":true,"output":{"arrow_keys":{"_0":"page_down"}},"display":"arrow.down"},"id":"A319EDD9-D818-4B8D-8342-E0A52D1F6474","toDetailCollection":{}},{"id":"5C9DA7B9-8B91-4938-B09C-20482863F314","fromDetail":{"isSFSymbol":true,"display":"delete.right","output":{"controls_and_symbols":{"_0":"delete_forward"}}},"toDetailCollection":{}}],"row6":[{"id":"B2D9E906-3119-417C-9D8D-44CBC7F60F4A","fromDetail":{"output":{"arrow_keys":{"_0":"right_arrow"}},"display":"arrowtriangle.right.fill","isSFSymbol":true},"toDetailCollection":{}},{"fromDetail":{"isSFSymbol":true,"output":{"arrow_keys":{"_0":"down_arrow"}},"display":"arrowtriangle.down.fill"},"toDetailCollection":{},"id":"7B0F0CCB-89EE-43FB-9C1F-1A5B0BFCB104"},{"id":"1E931C7F-7D48-4732-B2A8-CE611867FE2E","toDetailCollection":{},"fromDetail":{"display":"arrowtriangle.left.fill","output":{"arrow_keys":{"_0":"left_arrow"}},"isSFSymbol":true}}],"row4":[],"idsInOrderRow2":[{"id":"5551FC77-4237-4BB6-B0AF-B4D0A67D554E"},{"id":"B51AC717-B8E1-408B-9D67-F98E114FE66F"},{"id":"4F533E03-8B88-446A-A673-5FE1081B7393"}],"idsInOrderRow1":[{"id":"A759CFC4-BD96-4243-9D1F-B52D871CD448"},{"id":"6B06AAB7-D09C-4970-A93B-7F51D2105107"},{"id":"8757DC07-17DD-4D45-B3C9-2C093C3506BE"}],"row2":[{"id":"4F533E03-8B88-446A-A673-5FE1081B7393","fromDetail":{"display":"arrow.up","output":{"arrow_keys":{"_0":"page_up"}},"isSFSymbol":true},"toDetailCollection":{}},{"fromDetail":{"isSFSymbol":true,"output":{"keys_in_pc_keyboards":{"_0":"insert"}},"display":"text.insert"},"id":"5551FC77-4237-4BB6-B0AF-B4D0A67D554E","toDetailCollection":{}},{"fromDetail":{"display":"arrow.up.to.line","isSFSymbol":true,"output":{"arrow_keys":{"_0":"home"}}},"id":"B51AC717-B8E1-408B-9D67-F98E114FE66F","toDetailCollection":{}}],"idsInOrderRow5":[{"id":"79C1ED44-3492-47E8-AD3E-DF261F69C387"},{"id":"EDD58400-3A93-4D7E-9B5D-B9D32980CAF0"}],"rowIndex_arrow":{"row6":{}},"idsInOrderRow4":[],"arrow_up":{"fromDetail":{"display":"arrowtriangle.up.fill","isSFSymbol":true,"output":{"arrow_keys":{"_0":"up_arrow"}}},"keyShape":"arrow_Up","id":"150DBB95-0F4F-4C2F-B9E4-94A6136EB440","toDetailCollection":{}},"arrow_down":{"id":"250E93F2-655A-4DD5-A87A-F7B14650E3DD","keyShape":"arrow_Down","toDetailCollection":{},"fromDetail":{"output":{"arrow_keys":{"_0":"down_arrow"}},"display":"arrowtriangle.down.fill","isSFSymbol":true}},"idsInOrderRow3":[{"id":"5C9DA7B9-8B91-4938-B09C-20482863F314"},{"id":"97C87CD4-D981-44E6-AB89-3416E21D24A6"},{"id":"A319EDD9-D818-4B8D-8342-E0A52D1F6474"}],"arrow_right":{"id":"86A8855E-098A-4434-B9D4-E07A589EE60F","keyShape":"arrow_LR","toDetailCollection":{},"fromDetail":{"display":"arrowtriangle.right.fill","output":{"arrow_keys":{"_0":"right_arrow"}},"isSFSymbol":true}},"row1":[{"fromDetail":{"output":{"function_keys":{"_0":"f13"}},"display":"F13"},"id":"A759CFC4-BD96-4243-9D1F-B52D871CD448","toDetailCollection":{}},{"fromDetail":{"display":"F15","output":{"function_keys":{"_0":"f15"}}},"toDetailCollection":{},"id":"8757DC07-17DD-4D45-B3C9-2C093C3506BE"},{"toDetailCollection":{},"fromDetail":{"output":{"function_keys":{"_0":"f14"}},"display":"F14"},"id":"6B06AAB7-D09C-4970-A93B-7F51D2105107"}],"enableArrowKeys":false,"row5":[{"fromDetail":{"display":"A","output":{"letter_keys":{"_0":"a"}}},"id":"79C1ED44-3492-47E8-AD3E-DF261F69C387","isSpacer":true,"toDetailCollection":{}},{"id":"EDD58400-3A93-4D7E-9B5D-B9D32980CAF0","fromDetail":{"display":"arrowtriangle.up.fill","isSFSymbol":true,"output":{"arrow_keys":{"_0":"up_arrow"}}},"toDetailCollection":{}}],"arrow_left":{"id":"388A075C-3B69-4DA1-8BFC-64DB097820A5","fromDetail":{"display":"arrowtriangle.left.fill","isSFSymbol":true,"output":{"arrow_keys":{"_0":"left_arrow"}}},"toDetailCollection":{},"keyShape":"arrow_LR"},"idsInOrderRow6":[{"id":"1E931C7F-7D48-4732-B2A8-CE611867FE2E"},{"id":"7B0F0CCB-89EE-43FB-9C1F-1A5B0BFCB104"},{"id":"B2D9E906-3119-417C-9D8D-44CBC7F60F4A"}]},"mainRows":{"arrow_left":{"toDetailCollection":{},"id":"6F1C06B2-B0A1-48A0-84AB-5A19069DB8E5","keyShape":"arrow_LR","fromDetail":{"output":{"arrow_keys":{"_0":"left_arrow"}},"display":"arrowtriangle.left.fill","isSFSymbol":true}},"row6":[{"fromDetail":{"display":"option","output":{"modifier_keys":{"_0":"left_option"}},"isSFSymbol":true},"id":"5E9F6670-B708-4169-B22F-CD3B8ACDBA4A","toDetailCollection":{}},{"id":"2ECAE9FA-B6D7-4D0D-AADE-267BE9F9B171","fromDetail":{"isSFSymbol":true,"display":"command","output":{"modifier_keys":{"_0":"left_command"}}},"unitSize":1.25,"toDetailCollection":{}},{"toDetailCollection":{},"id":"0E35B65F-4DCC-4DF5-A919-E154655F1944","fromDetail":{"output":{"modifier_keys":{"_0":"caps_lock"}},"display":"capslock","isSFSymbol":true}},{"fromDetail":{"display":"英数","output":{"japanese":{"_0":"eisuu"}}},"toDetailCollection":{},"id":"1BF0A012-242D-4277-B5A2-8E3C668E415A","unitSize":1.25},{"unitSize":1.25,"id":"2EB199BC-167C-4F8F-A2B8-0C0F27516590","toDetailCollection":{},"fromDetail":{"display":"command","output":{"modifier_keys":{"_0":"right_command"}},"isSFSymbol":true}},{"unitSize":3.5,"fromDetail":{"display":"␣","output":{"controls_and_symbols":{"_0":"spacebar"}}},"toDetailCollection":{},"id":"80799DA4-9173-4DC4-8C1D-DE46921CB5B9"},{"id":"A476B11A-A9ED-405A-A653-D4BC570A7989","fromDetail":{"isSFSymbol":true,"output":{"modifier_keys":{"_0":"keyboard_fn"}},"display":"globe"},"toDetailCollection":{}},{"id":"08514DF6-F0CB-4789-BEB8-F3D7C94A7882","unitSize":1.25,"toDetailCollection":{},"fromDetail":{"output":{"japanese":{"_0":"kana"}},"display":"かな"}}],"row3":[{"toDetailCollection":{},"id":"D8DD4F9D-FED5-45FF-8F20-44B04DB9E2CD","fromDetail":{"output":{"controls_and_symbols":{"_0":"commercial_at_jis"}},"display":"@"}},{"id":"686FEDD8-BC07-425F-9E82-A061FB74177E","fromDetail":{"output":{"letter_keys":{"_0":"w"}},"display":"W"},"toDetailCollection":{}},{"toDetailCollection":{},"id":"69A61264-AD56-4BC3-AAE0-27D77F43600F","fromDetail":{"display":"arrow.right.to.line","isSFSymbol":true,"output":{"controls_and_symbols":{"_0":"tab"}}}},{"id":"97D9272B-DB03-4E0D-9A57-0532ED121B6C","fromDetail":{"output":{"letter_keys":{"_0":"i"}},"display":"I"},"toDetailCollection":{"condition0":{"layer0":{"isCustomized_tap":true,"outputAndDisplay_tap":{"display":"U","layerKey":"layer0","output":{"letter_keys":{"_0":"u"}}},"withModifier_tap":{}}}}},{"id":"70B17AA2-52E7-43EA-8618-4D3101224E76","fromDetail":{"output":{"controls_and_symbols":{"_0":"open_square_bracket_jis"}},"display":"["},"toDetailCollection":{}},{"fromDetail":{"output":{"letter_keys":{"_0":"e"}},"display":"E"},"id":"41F30AA0-F15B-449A-8A93-876F005A3A03","toDetailCollection":{"condition0":{"layer0":{"withModifier_tap":{},"outputAndDisplay_tap":{"output":{"letter_keys":{"_0":"f"}},"display":"F","layerKey":"layer0"},"isCustomized_tap":true}}}},{"fromDetail":{"output":{"letter_keys":{"_0":"r"}},"display":"R"},"id":"F933D9E2-1EB1-410F-ABF9-A0442711316D","toDetailCollection":{"condition0":{"layer0":{"outputAndDisplay_tap":{"output":{"letter_keys":{"_0":"p"}},"display":"P","layerKey":"layer0"},"withModifier_tap":{},"isCustomized_tap":true}}}},{"toDetailCollection":{"condition0":{"layer0":{"withModifier_tap":{},"isCustomized_tap":true,"outputAndDisplay_tap":{"output":{"letter_keys":{"_0":"j"}},"display":"J","layerKey":"layer0"}}}},"id":"AD612C83-6135-4783-A8B6-00B620FD65D6","fromDetail":{"output":{"letter_keys":{"_0":"y"}},"display":"Y"}},{"toDetailCollection":{"condition0":{"layer0":{"outputAndDisplay_tap":{"output":{"letter_keys":{"_0":"y"}},"layerKey":"layer0","display":"Y"},"isCustomized_tap":true,"withModifier_tap":{}}}},"fromDetail":{"output":{"letter_keys":{"_0":"o"}},"display":"O"},"id":"E1305C58-139A-4CC6-BF53-F35EDE6EB8AE"},{"fromDetail":{"output":{"letter_keys":{"_0":"p"}},"display":"P"},"id":"8513DF76-738B-4530-B209-23BB3F2AD2AD","toDetailCollection":{"condition0":{"layer0":{"isCustomized_tap":true,"withModifier_tap":{},"outputAndDisplay_tap":{"display":";","output":{"controls_and_symbols":{"_0":"semicolon"}},"layerKey":"layer0"}}}}},{"id":"EB8BEB30-589F-4D45-BC2E-A1FE4E3ACB2D","fromDetail":{"display":"T","output":{"letter_keys":{"_0":"t"}}},"toDetailCollection":{"condition0":{"layer0":{"withModifier_tap":{},"isCustomized_tap":true,"outputAndDisplay_tap":{"layerKey":"layer0","display":"G","output":{"letter_keys":{"_0":"g"}}}}}}},{"toDetailCollection":{},"id":"C692CBC3-CFE2-4E23-BC5E-23DAD54F79F5","fromDetail":{"display":"Q","output":{"letter_keys":{"_0":"q"}}}},{"fromDetail":{"display":"U","output":{"letter_keys":{"_0":"u"}}},"id":"B129A3CC-0FCB-425F-BBAB-82C794649BAD","toDetailCollection":{"condition0":{"layer0":{"outputAndDisplay_tap":{"layerKey":"layer0","display":"L","output":{"letter_keys":{"_0":"l"}}},"withModifier_tap":{},"isCustomized_tap":true}}}},{"id":"2F7D5D73-55BD-4844-9CF5-F18935CCCC84","unitSize":1.5,"keyShape":"enter_JIS","fromDetail":{"output":{"controls_and_symbols":{"_0":"return_or_enter"}},"display":"return","isSFSymbol":true},"toDetailCollection":{}}],"idsInOrderRow1":[{"id":"A009253D-656F-417A-B3FA-F0CFA3EA6EF6"},{"id":"2A764D4D-2E75-4EED-8FA0-70025187A3B5"},{"id":"8493CACA-4F71-4F2B-A675-BBF1E548DCA8"},{"id":"43DE3401-9827-4ED5-844A-48B25C7DBDD9"},{"id":"A8AB916D-D62C-454D-9161-F8D1B3E95E63"},{"id":"0CCA2809-BCB4-4A89-AB28-D430B0340E3F"},{"id":"9DF72443-C8E0-4CD5-B745-EFBE23BE92C7"},{"id":"3747AB7C-E069-49B9-91FF-23E9FEA1795C"},{"id":"504D9A73-F9C4-4897-A771-C41157D58DAD"},{"id":"65CDF87E-B767-4D34-9CEC-6BCCA2345642"},{"id":"58D266D2-AE5A-4646-B925-99744009B3BA"},{"id":"5793E95D-4605-4189-9D98-20886D8557D9"},{"id":"2EF6AC0A-C82F-4494-BCDB-07A99D34D656"}],"idsInOrderRow3":[{"id":"69A61264-AD56-4BC3-AAE0-27D77F43600F"},{"id":"C692CBC3-CFE2-4E23-BC5E-23DAD54F79F5"},{"id":"686FEDD8-BC07-425F-9E82-A061FB74177E"},{"id":"41F30AA0-F15B-449A-8A93-876F005A3A03"},{"id":"F933D9E2-1EB1-410F-ABF9-A0442711316D"},{"id":"EB8BEB30-589F-4D45-BC2E-A1FE4E3ACB2D"},{"id":"AD612C83-6135-4783-A8B6-00B620FD65D6"},{"id":"B129A3CC-0FCB-425F-BBAB-82C794649BAD"},{"id":"97D9272B-DB03-4E0D-9A57-0532ED121B6C"},{"id":"E1305C58-139A-4CC6-BF53-F35EDE6EB8AE"},{"id":"8513DF76-738B-4530-B209-23BB3F2AD2AD"},{"id":"D8DD4F9D-FED5-45FF-8F20-44B04DB9E2CD"},{"id":"70B17AA2-52E7-43EA-8618-4D3101224E76"},{"id":"2F7D5D73-55BD-4844-9CF5-F18935CCCC84"}],"row4":[{"id":"76942A1D-3AAB-4D5F-87DF-DA0273205D86","fromDetail":{"output":{"letter_keys":{"_0":"k"}},"display":"K"},"toDetailCollection":{"condition0":{"layer0":{"isCustomized_tap":true,"outputAndDisplay_tap":{"output":{"letter_keys":{"_0":"e"}},"display":"E","layerKey":"layer0"},"withModifier_tap":{}}}}},{"id":"2EED601F-B44C-49EA-A49C-96808DF62B23","fromDetail":{"output":{"letter_keys":{"_0":"s"}},"display":"S"},"toDetailCollection":{"condition0":{"layer0":{"isCustomized_tap":true,"outputAndDisplay_tap":{"layerKey":"layer0","output":{"letter_keys":{"_0":"r"}},"display":"R"},"withModifier_tap":{}}}}},{"fromDetail":{"display":"H","output":{"letter_keys":{"_0":"h"}}},"toDetailCollection":{},"id":"93FB5EB5-0348-4F25-A24C-F7D33E68D4F0"},{"fromDetail":{"display":"]","output":{"controls_and_symbols":{"_0":"close_square_bracket_jis"}}},"id":"80E73301-AE16-4507-B968-F6D823F164D5","toDetailCollection":{}},{"id":"450136A0-8C5A-443B-ACE1-7FE2C688D1D7","fromDetail":{"display":":","output":{"controls_and_symbols":{"_0":"single_quotation_or_colon"}}},"toDetailCollection":{}},{"toDetailCollection":{"condition0":{"layer0":{"withModifier_tap":{},"outputAndDisplay_tap":{"display":"D","output":{"letter_keys":{"_0":"d"}},"layerKey":"layer0"},"isCustomized_tap":true}}},"fromDetail":{"output":{"letter_keys":{"_0":"g"}},"display":"G"},"id":"6C9A30B6-E234-498C-A462-AE8C13189451"},{"fromDetail":{"display":";","output":{"controls_and_symbols":{"_0":"semicolon"}}},"id":"8BBC8687-FF6C-4198-BBA1-EEE9555189F1","toDetailCollection":{"condition0":{"layer0":{"isCustomized_tap":true,"withModifier_tap":{},"outputAndDisplay_tap":{"display":"O","output":{"letter_keys":{"_0":"o"}},"layerKey":"layer0"}}}}},{"id":"37B0A83A-90ED-4969-AF69-86615AD96C40","fromDetail":{"output":{"letter_keys":{"_0":"l"}},"display":"L"},"toDetailCollection":{"condition0":{"layer0":{"isCustomized_tap":true,"outputAndDisplay_tap":{"output":{"letter_keys":{"_0":"i"}},"layerKey":"layer0","display":"I"},"withModifier_tap":{}}}}},{"id":"A672D1CF-93A0-4691-9E38-1C15059F2307","fromDetail":{"output":{"letter_keys":{"_0":"j"}},"display":"J"},"toDetailCollection":{"condition0":{"layer0":{"isCustomized_tap":true,"outputAndDisplay_tap":{"display":"N","output":{"letter_keys":{"_0":"n"}},"layerKey":"layer0"},"withModifier_tap":{}}}}},{"toDetailCollection":{"condition0":{"layer0":{"withModifier_tap":{},"isCustomized_tap":true,"outputAndDisplay_tap":{"display":"S","output":{"letter_keys":{"_0":"s"}},"layerKey":"layer0"}}}},"fromDetail":{"output":{"letter_keys":{"_0":"d"}},"display":"D"},"id":"B97441D2-D5F7-46FF-9932-96661FE518F5"},{"toDetailCollection":{},"id":"1D37BEA3-2355-451F-AF4F-A4394D579FF3","fromDetail":{"display":"A","output":{"letter_keys":{"_0":"a"}}}},{"toDetailCollection":{},"unitSize":1.25,"fromDetail":{"display":"control","isSFSymbol":true,"output":{"modifier_keys":{"_0":"left_control"}}},"id":"18CB04F5-B7A7-4315-81B0-DEC149C0AAA7"},{"id":"888DBDA8-9843-41FE-9E9C-DC01AA5C03B2","fromDetail":{"output":{"letter_keys":{"_0":"f"}},"display":"F"},"toDetailCollection":{"condition0":{"layer0":{"outputAndDisplay_tap":{"output":{"letter_keys":{"_0":"t"}},"display":"T","layerKey":"layer0"},"isCustomized_tap":true,"withModifier_tap":{}}}}}],"arrow_up":{"id":"7E2EC5F5-0847-4657-80C2-AEC55F449EED","keyShape":"arrow_Up","toDetailCollection":{},"fromDetail":{"output":{"arrow_keys":{"_0":"up_arrow"}},"display":"arrowtriangle.up.fill","isSFSymbol":true}},"idsInOrderRow2":[{"id":"A743FA51-15DB-45E1-81EF-62614519D725"},{"id":"E810ED97-0189-4B06-9C68-6B19512C89F4"},{"id":"A5867BF7-F3EA-4B8F-8EAA-060306781B1D"},{"id":"23E1E475-EEAF-4B4B-9E9A-D7E60D4F14E8"},{"id":"34F463F1-D1B8-43E1-B6B6-3975072B28BC"},{"id":"5125A5D2-AC7C-4002-8FDA-E10D7B83AB99"},{"id":"E40F949D-4A6A-4E89-870E-12716901F4E3"},{"id":"16871D44-CA59-4155-84D1-3965E496C7DD"},{"id":"BAC5FE85-8C41-4826-8A2B-84F00B4E2E1E"},{"id":"ACA60FA7-8B44-4495-BE61-AAEC569455A7"},{"id":"3FDE6C57-1A45-48F2-9445-8DEDE452B0D8"},{"id":"1412E878-E940-470D-BE35-C387495A3412"},{"id":"30C08B63-1E79-4BE7-AA83-F88E1B4EC49D"},{"id":"69ED3CBB-3792-4770-B350-F40715F0D6A1"}],"row1":[{"id":"A009253D-656F-417A-B3FA-F0CFA3EA6EF6","toDetailCollection":{},"unitSize":1.5,"fromDetail":{"display":"escape","isSFSymbol":true,"output":{"controls_and_symbols":{"_0":"escape"}}}},{"fromDetail":{"display":"F1","output":{"function_keys":{"_0":"f1"}}},"id":"2A764D4D-2E75-4EED-8FA0-70025187A3B5","toDetailCollection":{}},{"toDetailCollection":{},"id":"8493CACA-4F71-4F2B-A675-BBF1E548DCA8","fromDetail":{"output":{"function_keys":{"_0":"f2"}},"display":"F2"}},{"id":"43DE3401-9827-4ED5-844A-48B25C7DBDD9","toDetailCollection":{},"fromDetail":{"display":"F3","output":{"function_keys":{"_0":"f3"}}}},{"toDetailCollection":{},"fromDetail":{"output":{"function_keys":{"_0":"f4"}},"display":"F4"},"id":"A8AB916D-D62C-454D-9161-F8D1B3E95E63"},{"fromDetail":{"output":{"function_keys":{"_0":"f5"}},"display":"F5"},"id":"0CCA2809-BCB4-4A89-AB28-D430B0340E3F","toDetailCollection":{}},{"toDetailCollection":{},"id":"9DF72443-C8E0-4CD5-B745-EFBE23BE92C7","fromDetail":{"output":{"function_keys":{"_0":"f6"}},"display":"F6"}},{"id":"3747AB7C-E069-49B9-91FF-23E9FEA1795C","toDetailCollection":{},"fromDetail":{"output":{"function_keys":{"_0":"f7"}},"display":"F7"}},{"fromDetail":{"output":{"function_keys":{"_0":"f8"}},"display":"F8"},"toDetailCollection":{},"id":"504D9A73-F9C4-4897-A771-C41157D58DAD"},{"fromDetail":{"display":"F9","output":{"function_keys":{"_0":"f9"}}},"toDetailCollection":{},"id":"65CDF87E-B767-4D34-9CEC-6BCCA2345642"},{"fromDetail":{"output":{"function_keys":{"_0":"f10"}},"display":"F10"},"toDetailCollection":{},"id":"58D266D2-AE5A-4646-B925-99744009B3BA"},{"toDetailCollection":{},"id":"5793E95D-4605-4189-9D98-20886D8557D9","fromDetail":{"display":"F11","output":{"function_keys":{"_0":"f11"}}}},{"id":"2EF6AC0A-C82F-4494-BCDB-07A99D34D656","fromDetail":{"output":{"function_keys":{"_0":"f12"}},"display":"F12"},"toDetailCollection":{}}],"idsInOrderRow6":[{"id":"0E35B65F-4DCC-4DF5-A919-E154655F1944"},{"id":"5E9F6670-B708-4169-B22F-CD3B8ACDBA4A"},{"id":"2ECAE9FA-B6D7-4D0D-AADE-267BE9F9B171"},{"id":"1BF0A012-242D-4277-B5A2-8E3C668E415A"},{"id":"80799DA4-9173-4DC4-8C1D-DE46921CB5B9"},{"id":"08514DF6-F0CB-4789-BEB8-F3D7C94A7882"},{"id":"2EB199BC-167C-4F8F-A2B8-0C0F27516590"},{"id":"A476B11A-A9ED-405A-A653-D4BC570A7989"}],"rowIndex_arrow":{"row6":{}},"arrow_down":{"keyShape":"arrow_Down","id":"2F4B4183-7F10-4761-9FE9-DBC6CE576AF9","toDetailCollection":{},"fromDetail":{"display":"arrowtriangle.down.fill","isSFSymbol":true,"output":{"arrow_keys":{"_0":"down_arrow"}}}},"arrow_right":{"fromDetail":{"output":{"arrow_keys":{"_0":"right_arrow"}},"display":"arrowtriangle.right.fill","isSFSymbol":true},"toDetailCollection":{},"id":"FAC852DE-F64E-4D38-992A-08022D7D06B8","keyShape":"arrow_LR"},"idsInOrderRow4":[{"id":"18CB04F5-B7A7-4315-81B0-DEC149C0AAA7"},{"id":"1D37BEA3-2355-451F-AF4F-A4394D579FF3"},{"id":"2EED601F-B44C-49EA-A49C-96808DF62B23"},{"id":"B97441D2-D5F7-46FF-9932-96661FE518F5"},{"id":"888DBDA8-9843-41FE-9E9C-DC01AA5C03B2"},{"id":"6C9A30B6-E234-498C-A462-AE8C13189451"},{"id":"93FB5EB5-0348-4F25-A24C-F7D33E68D4F0"},{"id":"A672D1CF-93A0-4691-9E38-1C15059F2307"},{"id":"76942A1D-3AAB-4D5F-87DF-DA0273205D86"},{"id":"37B0A83A-90ED-4969-AF69-86615AD96C40"},{"id":"8BBC8687-FF6C-4198-BBA1-EEE9555189F1"},{"id":"450136A0-8C5A-443B-ACE1-7FE2C688D1D7"},{"id":"80E73301-AE16-4507-B968-F6D823F164D5"}],"enableArrowKeys":true,"row5":[{"unitSize":1.75,"toDetailCollection":{},"fromDetail":{"display":"shift","isSFSymbol":true,"output":{"modifier_keys":{"_0":"right_shift"}}},"id":"46809A35-B58D-4405-9E7C-4F8491570EF7"},{"id":"55103C90-C27D-4F23-9223-F33C5E689C9D","fromDetail":{"display":"N","output":{"letter_keys":{"_0":"n"}}},"toDetailCollection":{"condition0":{"layer0":{"withModifier_tap":{},"isCustomized_tap":true,"outputAndDisplay_tap":{"display":"K","layerKey":"layer0","output":{"letter_keys":{"_0":"k"}}}}}}},{"id":"31DBD9A1-FD94-4B3F-8DC9-866DE0BCA2C1","toDetailCollection":{},"fromDetail":{"isSFSymbol":true,"output":{"modifier_keys":{"_0":"left_shift"}},"display":"shift"},"unitSize":1.75},{"toDetailCollection":{},"id":"58440D70-F64D-4481-81FD-BDF12C933ACC","fromDetail":{"display":"B","output":{"letter_keys":{"_0":"b"}}}},{"fromDetail":{"display":",","output":{"controls_and_symbols":{"_0":"comma"}}},"toDetailCollection":{},"id":"4329FC98-13DA-426F-B919-FEDEFDAD85BF"},{"fromDetail":{"output":{"controls_and_symbols":{"_0":"slash"}},"display":"\/"},"toDetailCollection":{},"id":"99D0A71A-0365-4F49-844B-0D7AD464E4EE"},{"id":"BDB4D4FB-88BA-44C5-9A96-651F11A0CEC9","fromDetail":{"display":"M","output":{"letter_keys":{"_0":"m"}}},"toDetailCollection":{}},{"toDetailCollection":{},"id":"847C4595-1B85-40F1-880E-8BCBDA362546","fromDetail":{"display":"V","output":{"letter_keys":{"_0":"v"}}}},{"fromDetail":{"output":{"letter_keys":{"_0":"z"}},"display":"Z"},"toDetailCollection":{},"id":"30B81B86-9634-4807-ADE8-3552F61084FD"},{"toDetailCollection":{},"id":"18624F72-2EF1-44F8-BA43-466D1CE9AC4E","fromDetail":{"output":{"letter_keys":{"_0":"x"}},"display":"X"}},{"toDetailCollection":{},"fromDetail":{"output":{"controls_and_symbols":{"_0":"period"}},"display":"."},"id":"A9938E30-BE5F-4BE4-8E3B-931C5CC58DD7"},{"fromDetail":{"output":{"international_keys":{"_0":"international1"}},"display":"_"},"toDetailCollection":{},"id":"1600E834-FA3B-48DC-8F5A-208F6CF9CCB9"},{"fromDetail":{"output":{"letter_keys":{"_0":"c"}},"display":"C"},"toDetailCollection":{},"id":"B507BC7D-4B17-4947-87A4-068BFECD100B"}],"idsInOrderRow5":[{"id":"31DBD9A1-FD94-4B3F-8DC9-866DE0BCA2C1"},{"id":"30B81B86-9634-4807-ADE8-3552F61084FD"},{"id":"18624F72-2EF1-44F8-BA43-466D1CE9AC4E"},{"id":"B507BC7D-4B17-4947-87A4-068BFECD100B"},{"id":"847C4595-1B85-40F1-880E-8BCBDA362546"},{"id":"58440D70-F64D-4481-81FD-BDF12C933ACC"},{"id":"55103C90-C27D-4F23-9223-F33C5E689C9D"},{"id":"BDB4D4FB-88BA-44C5-9A96-651F11A0CEC9"},{"id":"4329FC98-13DA-426F-B919-FEDEFDAD85BF"},{"id":"A9938E30-BE5F-4BE4-8E3B-931C5CC58DD7"},{"id":"99D0A71A-0365-4F49-844B-0D7AD464E4EE"},{"id":"1600E834-FA3B-48DC-8F5A-208F6CF9CCB9"},{"id":"46809A35-B58D-4405-9E7C-4F8491570EF7"}],"row2":[{"id":"34F463F1-D1B8-43E1-B6B6-3975072B28BC","fromDetail":{"output":{"number_keys":{"_0":"five"}},"display":"5"},"toDetailCollection":{}},{"toDetailCollection":{},"id":"5125A5D2-AC7C-4002-8FDA-E10D7B83AB99","fromDetail":{"display":"6","output":{"number_keys":{"_0":"six"}}}},{"id":"30C08B63-1E79-4BE7-AA83-F88E1B4EC49D","toDetailCollection":{},"fromDetail":{"display":"\\","output":{"international_keys":{"_0":"international3"}}}},{"id":"3FDE6C57-1A45-48F2-9445-8DEDE452B0D8","toDetailCollection":{},"fromDetail":{"output":{"controls_and_symbols":{"_0":"hyphen"}},"display":"-"}},{"id":"E40F949D-4A6A-4E89-870E-12716901F4E3","fromDetail":{"display":"7","output":{"number_keys":{"_0":"seven"}}},"toDetailCollection":{}},{"id":"1412E878-E940-470D-BE35-C387495A3412","fromDetail":{"output":{"controls_and_symbols":{"_0":"equal_sign_or_caret"}},"display":"^"},"toDetailCollection":{}},{"toDetailCollection":{},"unitSize":1.25,"fromDetail":{"display":"delete.left","isSFSymbol":true,"output":{"controls_and_symbols":{"_0":"delete_or_backspace"}}},"id":"69ED3CBB-3792-4770-B350-F40715F0D6A1"},{"fromDetail":{"display":"9","output":{"number_keys":{"_0":"nine"}}},"toDetailCollection":{},"id":"BAC5FE85-8C41-4826-8A2B-84F00B4E2E1E"},{"toDetailCollection":{},"fromDetail":{"output":{"number_keys":{"_0":"two"}},"display":"2"},"id":"E810ED97-0189-4B06-9C68-6B19512C89F4"},{"id":"16871D44-CA59-4155-84D1-3965E496C7DD","fromDetail":{"output":{"number_keys":{"_0":"eight"}},"display":"8"},"toDetailCollection":{}},{"toDetailCollection":{},"id":"23E1E475-EEAF-4B4B-9E9A-D7E60D4F14E8","fromDetail":{"display":"4","output":{"number_keys":{"_0":"four"}}}},{"id":"A5867BF7-F3EA-4B8F-8EAA-060306781B1D","fromDetail":{"display":"3","output":{"number_keys":{"_0":"three"}}},"toDetailCollection":{}},{"toDetailCollection":{},"fromDetail":{"output":{"number_keys":{"_0":"zero"}},"display":"0"},"id":"ACA60FA7-8B44-4495-BE61-AAEC569455A7"},{"id":"A743FA51-15DB-45E1-81EF-62614519D725","fromDetail":{"output":{"number_keys":{"_0":"one"}},"display":"1"},"unitSize":1.25,"toDetailCollection":{}}]},"sectionDetail":{"section":{"main":{}},"deviceDetail":{"vendor_id":"vendor_id","is_vendor_id_Enabled":false,"device_name":"mainKeyboard","location_id":"location_id","is_location_id_Enabled":false,"is_product_id_Enabled":false,"product_id":"product_id","is_builtin_keyboard":false}},"isEnableMain":true},"validSections":{"sections":[{"main":{}}]},"mouse":{"tenkeyRows":{"idsInOrderRow3":[{"id":"0D285206-D295-4B8F-9578-B7D0ED96B7A8"}],"idsInOrderRow2":[{"id":"E1862EAD-C8E1-4D18-A159-811906D9D8A9"}],"row1":[{"fromDetail":{"output":{"letter_keys":{"_0":"a"}},"display":"A"},"toDetailCollection":{},"id":"6563B828-B958-48FF-ADE1-8556F05B5079"}],"arrow_right":{"fromDetail":{"output":{"arrow_keys":{"_0":"right_arrow"}},"display":"arrowtriangle.right.fill","isSFSymbol":true},"id":"B59C09D4-650F-4DA6-8D2A-33E0E05330A4","keyShape":"arrow_LR","toDetailCollection":{}},"idsInOrderRow6":[{"id":"09C11E7B-6FEF-4482-94F9-22036F124A7C"}],"arrow_up":{"id":"E4DAAECE-A2F4-43D7-A66A-5724AD974399","keyShape":"arrow_Up","fromDetail":{"isSFSymbol":true,"display":"arrowtriangle.up.fill","output":{"arrow_keys":{"_0":"up_arrow"}}},"toDetailCollection":{}},"idsInOrderRow5":[{"id":"7C66E368-1C1F-4A9E-B88E-5BFF435D1C97"}],"row3":[{"id":"0D285206-D295-4B8F-9578-B7D0ED96B7A8","fromDetail":{"output":{"letter_keys":{"_0":"a"}},"display":"A"},"toDetailCollection":{}}],"idsInOrderRow4":[{"id":"F79552BC-11B4-48C0-BAE9-2E3F8B044456"}],"enableArrowKeys":false,"arrow_down":{"fromDetail":{"isSFSymbol":true,"display":"arrowtriangle.down.fill","output":{"arrow_keys":{"_0":"down_arrow"}}},"keyShape":"arrow_Down","id":"103BD589-23FF-47A5-BCA8-19AACADEFF1F","toDetailCollection":{}},"row5":[{"id":"7C66E368-1C1F-4A9E-B88E-5BFF435D1C97","toDetailCollection":{},"fromDetail":{"output":{"letter_keys":{"_0":"a"}},"display":"A"}}],"row6":[{"id":"09C11E7B-6FEF-4482-94F9-22036F124A7C","fromDetail":{"display":"A","output":{"letter_keys":{"_0":"a"}}},"toDetailCollection":{}}],"arrow_left":{"toDetailCollection":{},"keyShape":"arrow_LR","id":"C71B3E4A-961F-4C3B-8EDD-E369D99746DD","fromDetail":{"isSFSymbol":true,"output":{"arrow_keys":{"_0":"left_arrow"}},"display":"arrowtriangle.left.fill"}},"idsInOrderRow1":[{"id":"6563B828-B958-48FF-ADE1-8556F05B5079"}],"row4":[{"id":"F79552BC-11B4-48C0-BAE9-2E3F8B044456","toDetailCollection":{},"fromDetail":{"output":{"letter_keys":{"_0":"a"}},"display":"A"}}],"row2":[{"toDetailCollection":{},"fromDetail":{"output":{"letter_keys":{"_0":"a"}},"display":"A"},"id":"E1862EAD-C8E1-4D18-A159-811906D9D8A9"}],"rowIndex_arrow":{"row6":{}}},"isEnableMain":true,"subRows":{"idsInOrderRow2":[{"id":"7D6C7DCA-E234-48DD-B765-7C8F521C4073"}],"idsInOrderRow6":[{"id":"5358687A-0E44-4326-A4CF-84977B5C40C4"}],"row6":[{"id":"5358687A-0E44-4326-A4CF-84977B5C40C4","fromDetail":{"display":"A","output":{"letter_keys":{"_0":"a"}}},"toDetailCollection":{}}],"idsInOrderRow3":[{"id":"4E2161D2-F73E-4D43-BE79-38D869D7ADFC"}],"idsInOrderRow4":[{"id":"97BC0DB9-DF65-4F3F-9989-32924D7EEDB8"}],"row5":[{"toDetailCollection":{},"id":"78268345-3EC6-42BF-AA4F-F99681279C31","fromDetail":{"output":{"letter_keys":{"_0":"a"}},"display":"A"}}],"idsInOrderRow1":[{"id":"1EDDA526-66D9-4461-A6FC-6BF9FA6408FD"}],"arrow_down":{"toDetailCollection":{},"id":"4091FE19-DFDB-42A9-97F5-87EB826964C0","fromDetail":{"output":{"arrow_keys":{"_0":"down_arrow"}},"isSFSymbol":true,"display":"arrowtriangle.down.fill"},"keyShape":"arrow_Down"},"row2":[{"id":"7D6C7DCA-E234-48DD-B765-7C8F521C4073","toDetailCollection":{},"fromDetail":{"output":{"letter_keys":{"_0":"a"}},"display":"A"}}],"row3":[{"toDetailCollection":{},"id":"4E2161D2-F73E-4D43-BE79-38D869D7ADFC","fromDetail":{"output":{"letter_keys":{"_0":"a"}},"display":"A"}}],"row4":[{"id":"97BC0DB9-DF65-4F3F-9989-32924D7EEDB8","fromDetail":{"display":"A","output":{"letter_keys":{"_0":"a"}}},"toDetailCollection":{}}],"rowIndex_arrow":{"row6":{}},"arrow_up":{"fromDetail":{"output":{"arrow_keys":{"_0":"up_arrow"}},"isSFSymbol":true,"display":"arrowtriangle.up.fill"},"id":"48F302EE-85E0-42A2-A199-17C29121D74C","keyShape":"arrow_Up","toDetailCollection":{}},"arrow_right":{"fromDetail":{"display":"arrowtriangle.right.fill","isSFSymbol":true,"output":{"arrow_keys":{"_0":"right_arrow"}}},"id":"02386C92-5710-4DBA-9B4C-DF2D66AAF071","keyShape":"arrow_LR","toDetailCollection":{}},"row1":[{"id":"1EDDA526-66D9-4461-A6FC-6BF9FA6408FD","toDetailCollection":{},"fromDetail":{"output":{"letter_keys":{"_0":"a"}},"display":"A"}}],"arrow_left":{"keyShape":"arrow_LR","toDetailCollection":{},"fromDetail":{"isSFSymbol":true,"display":"arrowtriangle.left.fill","output":{"arrow_keys":{"_0":"left_arrow"}}},"id":"74CB311C-CFB2-419A-B2C1-F4A74B06263B"},"idsInOrderRow5":[{"id":"78268345-3EC6-42BF-AA4F-F99681279C31"}],"enableArrowKeys":false},"sectionDetail":{"deviceDetail":{"product_id":"product_id","is_product_id_Enabled":false,"vendor_id":"vendor_id","location_id":"location_id","is_location_id_Enabled":false,"is_builtin_keyboard":false,"is_vendor_id_Enabled":false,"device_name":"mouse"},"section":{"mouse":{}}},"isEnableSub":false,"isEnableTenkey":false,"mainRows":{"enableArrowKeys":false,"arrow_left":{"toDetailCollection":{},"keyShape":"arrow_LR","id":"4F16F0C5-A430-4094-9F0D-FF8D412BD5EE","fromDetail":{"isSFSymbol":true,"output":{"arrow_keys":{"_0":"left_arrow"}},"display":"arrowtriangle.left.fill"}},"row4":[{"id":"7443551F-39C8-4C36-ABEA-3AFFECB214BB","toDetailCollection":{},"isSpacer":true,"fromDetail":{"output":{"letter_keys":{"_0":"a"}},"display":"A"}}],"row5":[],"row1":[{"id":"7275A1F6-0B85-428D-B8A6-A228E9087A9C","toDetailCollection":{},"fromDetail":{"output":{"mouse_buttons":{"_0":"button2"}},"display":"R click"}},{"id":"AE7C7C9E-118D-4B31-B634-C782584787B2","fromDetail":{"display":"L click","output":{"mouse_buttons":{"_0":"button1"}}},"toDetailCollection":{}}],"arrow_up":{"keyShape":"arrow_Up","fromDetail":{"output":{"arrow_keys":{"_0":"up_arrow"}},"display":"arrowtriangle.up.fill","isSFSymbol":true},"toDetailCollection":{},"id":"97E98461-6CE9-4EFB-B2AA-36D27E448AA2"},"arrow_right":{"keyShape":"arrow_LR","id":"40A486DF-6D91-4E97-A473-F2E5C98BE575","toDetailCollection":{},"fromDetail":{"output":{"arrow_keys":{"_0":"right_arrow"}},"display":"arrowtriangle.right.fill","isSFSymbol":true}},"idsInOrderRow5":[],"idsInOrderRow1":[{"id":"AE7C7C9E-118D-4B31-B634-C782584787B2"},{"id":"7275A1F6-0B85-428D-B8A6-A228E9087A9C"}],"idsInOrderRow4":[{"id":"7443551F-39C8-4C36-ABEA-3AFFECB214BB"}],"rowIndex_arrow":{"row6":{}},"row2":[{"fromDetail":{"output":{"mouse_buttons":{"_0":"button3"}},"display":"M click"},"id":"E89C5A32-1287-4524-AC2D-C14EE0139167","toDetailCollection":{}},{"id":"4E55C8DB-FFF0-441B-A3CC-31DDBC48CC72","fromDetail":{"output":{"letter_keys":{"_0":"a"}},"display":"A"},"toDetailCollection":{},"isSpacer":true,"unitSize":0.5}],"row6":[],"idsInOrderRow6":[],"arrow_down":{"fromDetail":{"isSFSymbol":true,"display":"arrowtriangle.down.fill","output":{"arrow_keys":{"_0":"down_arrow"}}},"keyShape":"arrow_Down","toDetailCollection":{},"id":"5D0682AF-943F-4A25-9184-BFB9AB4A4C39"},"row3":[{"id":"C63645D0-0A7B-4B7A-8B91-16C9E844B02C","isSpacer":true,"toDetailCollection":{},"fromDetail":{"display":"A","output":{"letter_keys":{"_0":"a"}}}}],"idsInOrderRow3":[{"id":"C63645D0-0A7B-4B7A-8B91-16C9E844B02C"}],"idsInOrderRow2":[{"id":"4E55C8DB-FFF0-441B-A3CC-31DDBC48CC72"},{"id":"E89C5A32-1287-4524-AC2D-C14EE0139167"}]}}},"selections":{"tab":{"remap":{}},"toDetail_macro":{"withModifier":{},"outputAndDisplay":{"display":"none","layerKey":"layer0","output":{"letter_keys":{"_0":"a"}}},"error":false,"id":"D2AADCA0-DD9D-4E00-8EA0-95A93996B034","indicator":false},"combo":{"key_up_order":"insensitive","key_down_order":"insensitive","toDetail":{},"id":"AE934B3A-8DCA-4ED1-9EDB-2C661D573E37","comboThreshold":50},"keyboardKey":{"fromDetail":{"output":{"letter_keys":{"_0":"a"}},"display":"A"},"id":"C562CCCC-D99D-4CF4-874A-6356D7F0D29B","toDetailCollection":{}},"condition":"condition0","layer":"layer0","macro":{"dictionary_key":null,"id":"D477A08C-AA25-4AFC-93F4-E01891F227DD","toDetailCollection":{"_collection":[],"idsInOrderCollection":[]},"name":"user Macro"},"customOrMacroTab":{"customizeKey":{}},"fromTab":{"qwertyKeyboard":{}},"toTab":"qwertyKeyboard","macroTab":{"userMacro":{}}},"name":"Colemak_JIS","macroCollection":{"_collection":[],"idsInOrderCollection":[]},"conditionDetailCollection":{"condition5":{"value":"com.vendor.condition5","name":"Condition5","isEnabled":false,"type":"Application"},"condition6":{"name":"Condition6","isEnabled":false,"value":"com.vendor.condition6","type":"Application"},"condition7":{"value":"com.vendor.condition7","isEnabled":false,"name":"Condition7","type":"Application"},"condition0":{"value":"com.vendor.condition0","name":"Default","type":"Application","isEnabled":true},"condition4":{"type":"Application","name":"Condition4","isEnabled":false,"value":"com.vendor.condition4"},"condition8":{"value":"com.vendor.condition8","isEnabled":false,"type":"Application","name":"Condition8"},"condition9":{"type":"Application","name":"Condition9","isEnabled":false,"value":"com.vendor.condition9"},"condition2":{"type":"Application","name":"Condition2","value":"com.vendor.condition2","isEnabled":false},"condition1":{"isEnabled":false,"value":"ja","type":"InputSource","name":"Condition1"},"condition3":{"name":"Condition3","type":"Application","value":"com.vendor.condition3","isEnabled":false}},"displayKeySize":65,"comboCollection":{"condition2":{"layer8":{},"layer5":{},"layer6":{},"layer1":{},"layer4":{},"layer2":{},"layer0":{},"layer3":{},"layer7":{}},"condition5":{"layer6":{},"layer8":{},"layer1":{},"layer5":{},"layer3":{},"layer0":{},"layer2":{},"layer4":{},"layer7":{}},"condition1":{"layer0":{},"layer7":{},"layer5":{},"layer1":{},"layer2":{},"layer4":{},"layer8":{},"layer3":{},"layer6":{}},"condition3":{"layer1":{},"layer3":{},"layer7":{},"layer0":{},"layer2":{},"layer5":{},"layer4":{},"layer6":{},"layer8":{}},"condition6":{"layer7":{},"layer6":{},"layer1":{},"layer8":{},"layer2":{},"layer3":{},"layer5":{},"layer4":{},"layer0":{}},"condition7":{"layer3":{},"layer5":{},"layer4":{},"layer6":{},"layer7":{},"layer0":{},"layer1":{},"layer2":{},"layer8":{}},"condition8":{"layer3":{},"layer7":{},"layer0":{},"layer4":{},"layer6":{},"layer8":{},"layer1":{},"layer5":{},"layer2":{}},"condition9":{"layer8":{},"layer7":{},"layer2":{},"layer5":{},"layer6":{},"layer3":{},"layer0":{},"layer1":{},"layer4":{}},"condition4":{"layer8":{},"layer2":{},"layer1":{},"layer3":{},"layer4":{},"layer5":{},"layer7":{},"layer0":{},"layer6":{}},"condition0":{"layer5":{},"layer8":{},"layer2":{},"layer3":{},"layer4":{},"layer6":{},"layer1":{},"layer7":{},"layer0":{}}}}