{"name":"Dvorak_UK","selections":{"toTab":"qwertyKeyboard","macroTab":{"userMacro":{}},"tab":{"remap":{}},"toDetail_macro":{"id":"D2AADCA0-DD9D-4E00-8EA0-95A93996B034","outputAndDisplay":{"display":"none","layerKey":"layer0","output":{"letter_keys":{"_0":"a"}}},"withModifier":{},"indicator":false,"error":false},"condition":"condition0","keyboardKey":{"fromDetail":{"output":{"letter_keys":{"_0":"a"}},"display":"A"},"toDetailCollection":{},"id":"C562CCCC-D99D-4CF4-874A-6356D7F0D29B"},"macro":{"toDetailCollection":{"idsInOrderCollection":[],"_collection":[]},"id":"D477A08C-AA25-4AFC-93F4-E01891F227DD","name":"user Macro","dictionary_key":null},"customOrMacroTab":{"customizeKey":{}},"combo":{"toDetail":{},"comboThreshold":50,"key_down_order":"insensitive","id":"AE934B3A-8DCA-4ED1-9EDB-2C661D573E37","key_up_order":"insensitive"},"layer":"layer0","fromTab":{"qwertyKeyboard":{}}},"keymap":{"mouse":{"tenkeyRows":{"enableArrowKeys":false,"arrow_up":{"id":"17649798-88C4-4BA1-9D53-FB0956B2CC77","keyShape":"arrow_Up","fromDetail":{"isSFSymbol":true,"display":"arrowtriangle.up.fill","output":{"arrow_keys":{"_0":"up_arrow"}}},"toDetailCollection":{}},"idsInOrderRow2":[{"id":"024F251D-644A-4657-A475-ED609E42D61E"}],"idsInOrderRow1":[{"id":"72EE05BD-65A6-4E67-A902-AA8B1B772268"}],"idsInOrderRow4":[{"id":"5A3CE6EE-60E3-435E-8135-362ED530DE1A"}],"idsInOrderRow3":[{"id":"4208E53F-5BA3-43C7-A344-28129A3CFA22"}],"idsInOrderRow5":[{"id":"6F0B2279-22AB-447F-8195-C1943A328C92"}],"row1":[{"fromDetail":{"display":"A","output":{"letter_keys":{"_0":"a"}}},"toDetailCollection":{},"id":"72EE05BD-65A6-4E67-A902-AA8B1B772268"}],"arrow_down":{"id":"CA643CCE-7773-4488-B490-833452DAABB0","toDetailCollection":{},"fromDetail":{"display":"arrowtriangle.down.fill","isSFSymbol":true,"output":{"arrow_keys":{"_0":"down_arrow"}}},"keyShape":"arrow_Down"},"rowIndex_arrow":{"row6":{}},"idsInOrderRow6":[{"id":"7FAD3FE1-8650-4A05-9AB4-092183CAE10B"}],"row5":[{"id":"6F0B2279-22AB-447F-8195-C1943A328C92","fromDetail":{"output":{"letter_keys":{"_0":"a"}},"display":"A"},"toDetailCollection":{}}],"row2":[{"id":"024F251D-644A-4657-A475-ED609E42D61E","fromDetail":{"display":"A","output":{"letter_keys":{"_0":"a"}}},"toDetailCollection":{}}],"row6":[{"fromDetail":{"output":{"letter_keys":{"_0":"a"}},"display":"A"},"toDetailCollection":{},"id":"7FAD3FE1-8650-4A05-9AB4-092183CAE10B"}],"row3":[{"fromDetail":{"output":{"letter_keys":{"_0":"a"}},"display":"A"},"toDetailCollection":{},"id":"4208E53F-5BA3-43C7-A344-28129A3CFA22"}],"row4":[{"id":"5A3CE6EE-60E3-435E-8135-362ED530DE1A","toDetailCollection":{},"fromDetail":{"output":{"letter_keys":{"_0":"a"}},"display":"A"}}],"arrow_right":{"keyShape":"arrow_LR","fromDetail":{"display":"arrowtriangle.right.fill","isSFSymbol":true,"output":{"arrow_keys":{"_0":"right_arrow"}}},"toDetailCollection":{},"id":"9A053376-6F60-4375-AE88-85020208221F"},"arrow_left":{"fromDetail":{"output":{"arrow_keys":{"_0":"left_arrow"}},"display":"arrowtriangle.left.fill","isSFSymbol":true},"toDetailCollection":{},"keyShape":"arrow_LR","id":"B542C765-0163-43D1-8156-D80E85288337"}},"isEnableSub":false,"mainRows":{"arrow_up":{"keyShape":"arrow_Up","fromDetail":{"isSFSymbol":true,"output":{"arrow_keys":{"_0":"up_arrow"}},"display":"arrowtriangle.up.fill"},"toDetailCollection":{},"id":"5FCF36E0-2357-449E-9F46-F4D9932F9F0C"},"idsInOrderRow3":[{"id":"0D153CA0-FB1E-45FE-BE58-F4B503139100"}],"rowIndex_arrow":{"row6":{}},"idsInOrderRow5":[],"row4":[{"id":"9F816F75-2F84-43D8-B74F-FCA28D59E17D","toDetailCollection":{},"fromDetail":{"output":{"letter_keys":{"_0":"a"}},"display":"A"},"isSpacer":true}],"idsInOrderRow2":[{"id":"9CB9141C-A162-4BD2-A45B-AD8926726D5F"},{"id":"BD7E7E3D-15E2-41F7-BBDD-819982154D6E"}],"row3":[{"fromDetail":{"display":"A","output":{"letter_keys":{"_0":"a"}}},"isSpacer":true,"id":"0D153CA0-FB1E-45FE-BE58-F4B503139100","toDetailCollection":{}}],"enableArrowKeys":false,"arrow_right":{"fromDetail":{"isSFSymbol":true,"output":{"arrow_keys":{"_0":"right_arrow"}},"display":"arrowtriangle.right.fill"},"keyShape":"arrow_LR","toDetailCollection":{},"id":"1E058E3F-050E-4431-9F67-CD0FCD98D01C"},"idsInOrderRow6":[],"idsInOrderRow1":[{"id":"E9127ED0-B54D-4985-BDCF-237EDC168373"},{"id":"D3607BA7-68AB-4430-93D1-505341E9DA45"}],"idsInOrderRow4":[{"id":"9F816F75-2F84-43D8-B74F-FCA28D59E17D"}],"row1":[{"toDetailCollection":{},"fromDetail":{"output":{"mouse_buttons":{"_0":"button2"}},"display":"R click"},"id":"D3607BA7-68AB-4430-93D1-505341E9DA45"},{"id":"E9127ED0-B54D-4985-BDCF-237EDC168373","fromDetail":{"output":{"mouse_buttons":{"_0":"button1"}},"display":"L click"},"toDetailCollection":{}}],"arrow_left":{"keyShape":"arrow_LR","id":"A8F471A4-0FCE-43A4-A53D-D946E26B65AE","toDetailCollection":{},"fromDetail":{"display":"arrowtriangle.left.fill","isSFSymbol":true,"output":{"arrow_keys":{"_0":"left_arrow"}}}},"arrow_down":{"fromDetail":{"output":{"arrow_keys":{"_0":"down_arrow"}},"display":"arrowtriangle.down.fill","isSFSymbol":true},"id":"A96BB5B9-1F09-42CB-9861-BA4322071978","toDetailCollection":{},"keyShape":"arrow_Down"},"row2":[{"fromDetail":{"output":{"letter_keys":{"_0":"a"}},"display":"A"},"id":"9CB9141C-A162-4BD2-A45B-AD8926726D5F","unitSize":0.5,"isSpacer":true,"toDetailCollection":{}},{"id":"BD7E7E3D-15E2-41F7-BBDD-819982154D6E","toDetailCollection":{},"fromDetail":{"display":"M click","output":{"mouse_buttons":{"_0":"button3"}}}}],"row6":[],"row5":[]},"isEnableMain":true,"sectionDetail":{"section":{"mouse":{}},"deviceDetail":{"product_id":"product_id","device_name":"mouse","is_vendor_id_Enabled":false,"is_location_id_Enabled":false,"location_id":"location_id","is_product_id_Enabled":false,"is_builtin_keyboard":false,"vendor_id":"vendor_id"}},"isEnableTenkey":false,"subRows":{"arrow_left":{"keyShape":"arrow_LR","toDetailCollection":{},"id":"D2404E94-9759-4E11-BAF0-C2827A8BCEBF","fromDetail":{"output":{"arrow_keys":{"_0":"left_arrow"}},"isSFSymbol":true,"display":"arrowtriangle.left.fill"}},"row3":[{"fromDetail":{"output":{"letter_keys":{"_0":"a"}},"display":"A"},"toDetailCollection":{},"id":"BA57DF05-0259-40A9-94BF-7323E984234D"}],"rowIndex_arrow":{"row6":{}},"idsInOrderRow2":[{"id":"598F0CD8-47E8-4820-871A-ADF781BA2C91"}],"enableArrowKeys":false,"arrow_down":{"keyShape":"arrow_Down","id":"1CD2DE16-3D41-4196-B7C5-0FB636D856AD","fromDetail":{"display":"arrowtriangle.down.fill","isSFSymbol":true,"output":{"arrow_keys":{"_0":"down_arrow"}}},"toDetailCollection":{}},"idsInOrderRow1":[{"id":"04FBBAEA-5DDE-4638-816C-26414CB224AF"}],"idsInOrderRow4":[{"id":"38E73A15-51FB-44A5-873E-759557841CCD"}],"row1":[{"id":"04FBBAEA-5DDE-4638-816C-26414CB224AF","fromDetail":{"output":{"letter_keys":{"_0":"a"}},"display":"A"},"toDetailCollection":{}}],"row6":[{"fromDetail":{"output":{"letter_keys":{"_0":"a"}},"display":"A"},"toDetailCollection":{},"id":"37C38CFC-3205-497C-9B38-21BE86192504"}],"idsInOrderRow5":[{"id":"3ECA9067-C5A3-47D2-A5FF-F84709B81676"}],"arrow_up":{"id":"9597B8BF-C8A7-4705-A95E-B07D8EF964BD","toDetailCollection":{},"keyShape":"arrow_Up","fromDetail":{"output":{"arrow_keys":{"_0":"up_arrow"}},"isSFSymbol":true,"display":"arrowtriangle.up.fill"}},"arrow_right":{"id":"CF66306E-183A-4FBC-AAF7-5DDB8CA3A7C5","fromDetail":{"display":"arrowtriangle.right.fill","isSFSymbol":true,"output":{"arrow_keys":{"_0":"right_arrow"}}},"toDetailCollection":{},"keyShape":"arrow_LR"},"row5":[{"toDetailCollection":{},"id":"3ECA9067-C5A3-47D2-A5FF-F84709B81676","fromDetail":{"display":"A","output":{"letter_keys":{"_0":"a"}}}}],"idsInOrderRow6":[{"id":"37C38CFC-3205-497C-9B38-21BE86192504"}],"idsInOrderRow3":[{"id":"BA57DF05-0259-40A9-94BF-7323E984234D"}],"row2":[{"toDetailCollection":{},"id":"598F0CD8-47E8-4820-871A-ADF781BA2C91","fromDetail":{"output":{"letter_keys":{"_0":"a"}},"display":"A"}}],"row4":[{"id":"38E73A15-51FB-44A5-873E-759557841CCD","toDetailCollection":{},"fromDetail":{"display":"A","output":{"letter_keys":{"_0":"a"}}}}]}},"keycodeRegion":"ISO","main":{"mainRows":{"arrow_right":{"fromDetail":{"output":{"arrow_keys":{"_0":"right_arrow"}},"display":"arrowtriangle.right.fill","isSFSymbol":true},"toDetailCollection":{},"id":"7C2DC787-6B64-48E2-A916-75FAAA4782F7","keyShape":"arrow_LR"},"arrow_down":{"toDetailCollection":{},"fromDetail":{"isSFSymbol":true,"display":"arrowtriangle.down.fill","output":{"arrow_keys":{"_0":"down_arrow"}}},"keyShape":"arrow_Down","id":"565FF3BA-2DF5-43D4-A56C-F806579DC790"},"row4":[{"fromDetail":{"output":{"letter_keys":{"_0":"k"}},"display":"K"},"toDetailCollection":{"condition0":{"layer0":{"withModifier_tap":{},"isCustomized_tap":true,"outputAndDisplay_tap":{"layerKey":"layer0","output":{"letter_keys":{"_0":"t"}},"display":"T"}}}},"id":"A1FFEFCA-3FA6-49AE-BD61-0E530F12FB87"},{"toDetailCollection":{"condition0":{"layer0":{"withModifier_tap":{},"isCustomized_tap":true,"outputAndDisplay_tap":{"display":"U","layerKey":"layer0","output":{"letter_keys":{"_0":"u"}}}}}},"id":"EDF692C9-E6E1-43F2-B7B8-FD7E136E4C0E","fromDetail":{"display":"F","output":{"letter_keys":{"_0":"f"}}}},{"id":"D8840354-8146-4867-AF71-08BD369C4749","fromDetail":{"output":{"controls_and_symbols":{"_0":"backslash_or_yen"}},"display":"\\"},"toDetailCollection":{}},{"id":"2C7A2A19-BFE9-45D5-BB1A-C5EB754883D8","toDetailCollection":{"condition0":{"layer0":{"isCustomized_tap":true,"outputAndDisplay_tap":{"output":{"controls_and_symbols":{"_0":"hyphen"}},"layerKey":"layer0","display":"-"},"withModifier_tap":{}}}},"fromDetail":{"display":"'","output":{"controls_and_symbols":{"_0":"single_quotation_or_colon"}}}},{"id":"4682CF7A-5A62-487D-AE7F-2DB07118723E","fromDetail":{"output":{"letter_keys":{"_0":"d"}},"display":"D"},"toDetailCollection":{"condition0":{"layer0":{"withModifier_tap":{},"outputAndDisplay_tap":{"layerKey":"layer0","output":{"letter_keys":{"_0":"e"}},"display":"E"},"isCustomized_tap":true}}}},{"id":"D73905B0-06D5-4D6B-8F73-F0258A81E7CB","fromDetail":{"output":{"letter_keys":{"_0":"s"}},"display":"S"},"toDetailCollection":{"condition0":{"layer0":{"withModifier_tap":{},"isCustomized_tap":true,"outputAndDisplay_tap":{"display":"O","layerKey":"layer0","output":{"letter_keys":{"_0":"o"}}}}}}},{"id":"E89A0C17-B62A-4639-8D7B-3C97C9275D52","fromDetail":{"output":{"letter_keys":{"_0":"j"}},"display":"J"},"toDetailCollection":{"condition0":{"layer0":{"withModifier_tap":{},"outputAndDisplay_tap":{"display":"H","layerKey":"layer0","output":{"letter_keys":{"_0":"h"}}},"isCustomized_tap":true}}}},{"id":"10A1928B-F711-4361-8609-87432559BA8E","toDetailCollection":{"condition0":{"layer0":{"withModifier_tap":{},"isCustomized_tap":true,"outputAndDisplay_tap":{"output":{"letter_keys":{"_0":"i"}},"layerKey":"layer0","display":"I"}}}},"fromDetail":{"output":{"letter_keys":{"_0":"g"}},"display":"G"}},{"toDetailCollection":{"condition0":{"layer0":{"withModifier_tap":{},"isCustomized_tap":true,"outputAndDisplay_tap":{"display":"N","layerKey":"layer0","output":{"letter_keys":{"_0":"n"}}}}}},"id":"A620C337-35BF-4ED7-BA5F-CB9DCFBD7D1B","fromDetail":{"output":{"letter_keys":{"_0":"l"}},"display":"L"}},{"toDetailCollection":{},"id":"22AFD0C6-824E-4A62-97D9-84DDCE3A4070","unitSize":1.75,"fromDetail":{"output":{"modifier_keys":{"_0":"caps_lock"}},"isSFSymbol":true,"display":"capslock"}},{"fromDetail":{"display":"H","output":{"letter_keys":{"_0":"h"}}},"id":"7E4258D5-2985-4136-BA90-AD6DB96D2CD0","toDetailCollection":{"condition0":{"layer0":{"isCustomized_tap":true,"outputAndDisplay_tap":{"layerKey":"layer0","display":"D","output":{"letter_keys":{"_0":"d"}}},"withModifier_tap":{}}}}},{"id":"076B2802-594A-4F5C-85F9-671426D249BF","fromDetail":{"output":{"controls_and_symbols":{"_0":"semicolon"}},"display":";"},"toDetailCollection":{"condition0":{"layer0":{"withModifier_tap":{},"outputAndDisplay_tap":{"output":{"letter_keys":{"_0":"s"}},"display":"S","layerKey":"layer0"},"isCustomized_tap":true}}}},{"toDetailCollection":{},"fromDetail":{"output":{"letter_keys":{"_0":"a"}},"display":"A"},"id":"0C33E86D-B3C9-4E4A-B5ED-4DFA5B501796"}],"idsInOrderRow3":[{"id":"E7B4B7D4-3FC8-4A22-8B05-496347021456"},{"id":"9CCB2ED1-0488-4B50-8354-886F9F23FECE"},{"id":"D77D1687-2E81-4183-BA97-BFA73D33F8F7"},{"id":"7A48E1AF-86B3-42A9-A128-ADAA4767D744"},{"id":"AF905BA8-B7E7-45DC-8C46-9E0243561AB1"},{"id":"E9F294A6-38DA-43B7-B126-9251809371E0"},{"id":"B3307732-4359-47A4-BBC4-AB5F78C140F6"},{"id":"519E7365-F3F9-410D-8EC3-D5E9E485A341"},{"id":"8943079F-BD79-4B1D-906F-7F8EC2A0FC8A"},{"id":"A32FC84F-5EE4-4A31-9B86-AA04B8BEE403"},{"id":"8E3CB7B7-2016-40F9-A3F4-A82A36ED4F27"},{"id":"8F9C61EA-E7B4-4B00-852F-94A3583F5AE2"},{"id":"D1660D8D-92E0-4988-AFBB-F33E4D4650B2"},{"id":"F31A52A7-4E2E-4714-826F-84520B5D059E"}],"row1":[{"toDetailCollection":{},"id":"B753E5FB-63AB-4522-9238-9050749FFE3F","fromDetail":{"output":{"controls_and_symbols":{"_0":"escape"}},"isSFSymbol":true,"display":"escape"},"unitSize":1.5},{"toDetailCollection":{},"id":"0323E942-5151-4B20-B544-D0D841157886","fromDetail":{"output":{"function_keys":{"_0":"f1"}},"display":"F1"}},{"toDetailCollection":{},"id":"AF7A8E82-B1A6-46A0-A4DF-E2569DCA7CE9","fromDetail":{"output":{"function_keys":{"_0":"f3"}},"display":"F3"}},{"fromDetail":{"display":"F11","output":{"function_keys":{"_0":"f11"}}},"id":"8C0D3259-76F7-49A1-8F19-D9B9980FF9E8","toDetailCollection":{}},{"toDetailCollection":{},"id":"F0938F1C-90E7-4C14-B937-B9AE4A97DBFC","fromDetail":{"output":{"function_keys":{"_0":"f2"}},"display":"F2"}},{"id":"B23FB27B-B87B-408B-81A1-E1B7C8CEA80B","fromDetail":{"display":"F10","output":{"function_keys":{"_0":"f10"}}},"toDetailCollection":{}},{"toDetailCollection":{},"id":"95C0D547-0FAD-44CB-9CF0-89606B3DCEDE","fromDetail":{"display":"F6","output":{"function_keys":{"_0":"f6"}}}},{"id":"120A18D7-EA01-4C3F-ADA9-466DFBA6F4E0","toDetailCollection":{},"fromDetail":{"display":"F8","output":{"function_keys":{"_0":"f8"}}}},{"toDetailCollection":{},"fromDetail":{"display":"F4","output":{"function_keys":{"_0":"f4"}}},"id":"75BAA8F5-A65A-4CE3-AE0E-09D17CB166FA"},{"toDetailCollection":{},"fromDetail":{"output":{"function_keys":{"_0":"f9"}},"display":"F9"},"id":"5A44C1D7-11DA-4CCA-9544-2ACDCFFAB01C"},{"fromDetail":{"output":{"function_keys":{"_0":"f7"}},"display":"F7"},"toDetailCollection":{},"id":"BE2B4A40-1D0C-4087-A75B-2245D011BA27"},{"id":"FFC5639E-F41A-4A6F-9293-E8D537DF2445","fromDetail":{"display":"F12","output":{"function_keys":{"_0":"f12"}}},"toDetailCollection":{}},{"id":"D5186EAD-EBA7-4FCF-9CCB-88D2D8E3C5D8","fromDetail":{"output":{"function_keys":{"_0":"f5"}},"display":"F5"},"toDetailCollection":{}}],"idsInOrderRow6":[{"id":"5AF52796-D78E-4A0C-A944-803C9F21B451"},{"id":"55D7BB59-5131-46CE-9ACE-72E05019CBDD"},{"id":"1F5897A1-C3C8-460C-959B-96325BE9D87F"},{"id":"A9898415-A33F-486B-809B-141B4552FBFE"},{"id":"D7F58BDE-FC1B-491B-90F7-3D32D3C391B8"},{"id":"6993207E-1429-40AF-9C4E-7AABC833ED2C"},{"id":"177EE48A-42F5-4735-960E-885A9759956B"}],"row2":[{"id":"34578786-F673-4910-8BA4-23E599884E99","toDetailCollection":{},"fromDetail":{"display":"4","output":{"number_keys":{"_0":"four"}}}},{"id":"E995D415-7CF8-4B30-8089-DC910B9F66A3","toDetailCollection":{"condition0":{"layer0":{"outputAndDisplay_tap":{"output":{"controls_and_symbols":{"_0":"close_square_bracket"}},"display":"]","layerKey":"layer0"},"isCustomized_tap":true,"withModifier_tap":{}}}},"fromDetail":{"output":{"controls_and_symbols":{"_0":"equal_sign_or_caret"}},"display":"="}},{"toDetailCollection":{},"id":"D25C15FB-7153-4863-877C-D87960AE1F71","fromDetail":{"display":"5","output":{"number_keys":{"_0":"five"}}}},{"fromDetail":{"output":{"controls_and_symbols":{"_0":"section"}},"display":"§"},"id":"CE1072F7-59AA-412B-9585-25686866D9BD","toDetailCollection":{}},{"toDetailCollection":{},"fromDetail":{"output":{"number_keys":{"_0":"nine"}},"display":"9"},"id":"92726F10-C00E-4E9B-A439-DDC13C025A91"},{"toDetailCollection":{"condition0":{"layer0":{"isCustomized_tap":true,"withModifier_tap":{},"outputAndDisplay_tap":{"output":{"controls_and_symbols":{"_0":"open_square_bracket"}},"layerKey":"layer0","display":"["}}}},"fromDetail":{"display":"-","output":{"controls_and_symbols":{"_0":"hyphen"}}},"id":"71A6BC04-033F-4C2B-B81B-9D425C32D2AA"},{"unitSize":1.5,"fromDetail":{"output":{"controls_and_symbols":{"_0":"delete_or_backspace"}},"display":"delete.left","isSFSymbol":true},"id":"D04F2B60-B1D2-45AE-AED8-1A963BE5F036","toDetailCollection":{}},{"id":"92FBF62A-E096-4139-8CF0-5C4B9A645CF6","toDetailCollection":{},"fromDetail":{"display":"0","output":{"number_keys":{"_0":"zero"}}}},{"id":"B58B500E-1E80-40EE-A2D9-7A0498F1869E","toDetailCollection":{},"fromDetail":{"output":{"number_keys":{"_0":"eight"}},"display":"8"}},{"toDetailCollection":{},"id":"A89D4B03-66DE-4BA1-8D7D-C10223DCBF23","fromDetail":{"display":"2","output":{"number_keys":{"_0":"two"}}}},{"id":"D5F7C326-AEE8-42FA-A545-0B9B4C064BCE","fromDetail":{"output":{"number_keys":{"_0":"six"}},"display":"6"},"toDetailCollection":{}},{"toDetailCollection":{},"fromDetail":{"output":{"number_keys":{"_0":"seven"}},"display":"7"},"id":"0869EE87-7A43-4196-8EFA-DE922DAB5800"},{"id":"6BFCED90-8A9E-4521-B829-9F99C6B00E4B","toDetailCollection":{},"fromDetail":{"output":{"number_keys":{"_0":"one"}},"display":"1"}},{"id":"488CCF85-7337-4AE0-860C-45312FA271DE","fromDetail":{"display":"3","output":{"number_keys":{"_0":"three"}}},"toDetailCollection":{}}],"row3":[{"fromDetail":{"output":{"letter_keys":{"_0":"i"}},"display":"I"},"id":"8943079F-BD79-4B1D-906F-7F8EC2A0FC8A","toDetailCollection":{"condition0":{"layer0":{"isCustomized_tap":true,"outputAndDisplay_tap":{"output":{"letter_keys":{"_0":"c"}},"display":"C","layerKey":"layer0"},"withModifier_tap":{}}}}},{"id":"A32FC84F-5EE4-4A31-9B86-AA04B8BEE403","fromDetail":{"display":"O","output":{"letter_keys":{"_0":"o"}}},"toDetailCollection":{"condition0":{"layer0":{"outputAndDisplay_tap":{"output":{"letter_keys":{"_0":"r"}},"display":"R","layerKey":"layer0"},"withModifier_tap":{},"isCustomized_tap":true}}}},{"toDetailCollection":{"condition0":{"layer0":{"withModifier_tap":{},"isCustomized_tap":true,"outputAndDisplay_tap":{"layerKey":"layer0","output":{"letter_keys":{"_0":"f"}},"display":"F"}}}},"fromDetail":{"output":{"letter_keys":{"_0":"y"}},"display":"Y"},"id":"B3307732-4359-47A4-BBC4-AB5F78C140F6"},{"toDetailCollection":{"condition0":{"layer0":{"withModifier_tap":{},"isCustomized_tap":true,"outputAndDisplay_tap":{"output":{"letter_keys":{"_0":"p"}},"display":"P","layerKey":"layer0"}}}},"fromDetail":{"output":{"letter_keys":{"_0":"r"}},"display":"R"},"id":"AF905BA8-B7E7-45DC-8C46-9E0243561AB1"},{"toDetailCollection":{"condition0":{"layer0":{"outputAndDisplay_tap":{"display":"L","output":{"letter_keys":{"_0":"l"}},"layerKey":"layer0"},"withModifier_tap":{},"isCustomized_tap":true}}},"id":"8E3CB7B7-2016-40F9-A3F4-A82A36ED4F27","fromDetail":{"display":"P","output":{"letter_keys":{"_0":"p"}}}},{"toDetailCollection":{"condition0":{"layer0":{"outputAndDisplay_tap":{"output":{"letter_keys":{"_0":"g"}},"display":"G","layerKey":"layer0"},"isCustomized_tap":true,"withModifier_tap":{}}}},"id":"519E7365-F3F9-410D-8EC3-D5E9E485A341","fromDetail":{"output":{"letter_keys":{"_0":"u"}},"display":"U"}},{"toDetailCollection":{},"fromDetail":{"display":"return","output":{"controls_and_symbols":{"_0":"return_or_enter"}},"isSFSymbol":true},"id":"F31A52A7-4E2E-4714-826F-84520B5D059E","keyShape":"enter_UK"},{"id":"E9F294A6-38DA-43B7-B126-9251809371E0","fromDetail":{"display":"T","output":{"letter_keys":{"_0":"t"}}},"toDetailCollection":{"condition0":{"layer0":{"outputAndDisplay_tap":{"layerKey":"layer0","display":"Y","output":{"letter_keys":{"_0":"y"}}},"withModifier_tap":{},"isCustomized_tap":true}}}},{"fromDetail":{"output":{"controls_and_symbols":{"_0":"close_square_bracket"}},"display":"]"},"id":"D1660D8D-92E0-4988-AFBB-F33E4D4650B2","toDetailCollection":{"condition0":{"layer0":{"outputAndDisplay_tap":{"layerKey":"layer0","output":{"controls_and_symbols":{"_0":"equal_sign"}},"display":"="},"isCustomized_tap":true,"withModifier_tap":{}}}}},{"id":"7A48E1AF-86B3-42A9-A128-ADAA4767D744","fromDetail":{"output":{"letter_keys":{"_0":"e"}},"display":"E"},"toDetailCollection":{"condition0":{"layer0":{"isCustomized_tap":true,"outputAndDisplay_tap":{"output":{"controls_and_symbols":{"_0":"period"}},"display":".","layerKey":"layer0"},"withModifier_tap":{}}}}},{"id":"9CCB2ED1-0488-4B50-8354-886F9F23FECE","fromDetail":{"output":{"letter_keys":{"_0":"q"}},"display":"Q"},"toDetailCollection":{"condition0":{"layer0":{"isCustomized_tap":true,"outputAndDisplay_tap":{"layerKey":"layer0","output":{"controls_and_symbols":{"_0":"single_quotation"}},"display":"'"},"withModifier_tap":{}}}}},{"toDetailCollection":{"condition0":{"layer0":{"isCustomized_tap":true,"outputAndDisplay_tap":{"layerKey":"layer0","output":{"controls_and_symbols":{"_0":"comma"}},"display":","},"withModifier_tap":{}}}},"id":"D77D1687-2E81-4183-BA97-BFA73D33F8F7","fromDetail":{"output":{"letter_keys":{"_0":"w"}},"display":"W"}},{"id":"E7B4B7D4-3FC8-4A22-8B05-496347021456","toDetailCollection":{},"unitSize":1.5,"fromDetail":{"isSFSymbol":true,"display":"arrow.right.to.line","output":{"controls_and_symbols":{"_0":"tab"}}}},{"id":"8F9C61EA-E7B4-4B00-852F-94A3583F5AE2","fromDetail":{"display":"[","output":{"controls_and_symbols":{"_0":"open_square_bracket"}}},"toDetailCollection":{"condition0":{"layer0":{"isCustomized_tap":true,"withModifier_tap":{},"outputAndDisplay_tap":{"layerKey":"layer0","output":{"controls_and_symbols":{"_0":"slash"}},"display":"\/"}}}}}],"idsInOrderRow2":[{"id":"CE1072F7-59AA-412B-9585-25686866D9BD"},{"id":"6BFCED90-8A9E-4521-B829-9F99C6B00E4B"},{"id":"A89D4B03-66DE-4BA1-8D7D-C10223DCBF23"},{"id":"488CCF85-7337-4AE0-860C-45312FA271DE"},{"id":"34578786-F673-4910-8BA4-23E599884E99"},{"id":"D25C15FB-7153-4863-877C-D87960AE1F71"},{"id":"D5F7C326-AEE8-42FA-A545-0B9B4C064BCE"},{"id":"0869EE87-7A43-4196-8EFA-DE922DAB5800"},{"id":"B58B500E-1E80-40EE-A2D9-7A0498F1869E"},{"id":"92726F10-C00E-4E9B-A439-DDC13C025A91"},{"id":"92FBF62A-E096-4139-8CF0-5C4B9A645CF6"},{"id":"71A6BC04-033F-4C2B-B81B-9D425C32D2AA"},{"id":"E995D415-7CF8-4B30-8089-DC910B9F66A3"},{"id":"D04F2B60-B1D2-45AE-AED8-1A963BE5F036"}],"idsInOrderRow1":[{"id":"B753E5FB-63AB-4522-9238-9050749FFE3F"},{"id":"0323E942-5151-4B20-B544-D0D841157886"},{"id":"F0938F1C-90E7-4C14-B937-B9AE4A97DBFC"},{"id":"AF7A8E82-B1A6-46A0-A4DF-E2569DCA7CE9"},{"id":"75BAA8F5-A65A-4CE3-AE0E-09D17CB166FA"},{"id":"D5186EAD-EBA7-4FCF-9CCB-88D2D8E3C5D8"},{"id":"95C0D547-0FAD-44CB-9CF0-89606B3DCEDE"},{"id":"BE2B4A40-1D0C-4087-A75B-2245D011BA27"},{"id":"120A18D7-EA01-4C3F-ADA9-466DFBA6F4E0"},{"id":"5A44C1D7-11DA-4CCA-9544-2ACDCFFAB01C"},{"id":"B23FB27B-B87B-408B-81A1-E1B7C8CEA80B"},{"id":"8C0D3259-76F7-49A1-8F19-D9B9980FF9E8"},{"id":"FFC5639E-F41A-4A6F-9293-E8D537DF2445"}],"idsInOrderRow5":[{"id":"C22312BB-5520-4270-BFF7-7582E2E166F0"},{"id":"7BD24B42-3469-4471-9973-FB6F8499E87F"},{"id":"8F2971CF-CA71-4DAE-816A-E36F9DAE5B8B"},{"id":"EFE363E0-24C5-43A9-BF49-BEC2A0931EE7"},{"id":"BE6106D9-26E5-40ED-9421-558A2D518575"},{"id":"76A3F51E-B198-4F14-B8A2-3F9A3476BD0B"},{"id":"B976F104-FF32-4D8A-969C-3B8CBC23E061"},{"id":"0308B1B5-83D2-48CA-BA1B-B884F63C3EB8"},{"id":"B93993D9-C750-4B8E-8C4F-280B7423FB8E"},{"id":"4877599B-C914-4E68-8AD5-490E9FB5F658"},{"id":"94B8F012-D6E2-4E6F-AD91-CC957C38F7CB"},{"id":"65D8291D-8FCE-4E9E-AE5F-6ABBA72B2751"},{"id":"7EEC4D1F-CB12-4AF8-B101-F683A55B79F3"}],"enableArrowKeys":true,"rowIndex_arrow":{"row6":{}},"arrow_up":{"toDetailCollection":{},"keyShape":"arrow_Up","id":"56279FD2-FB68-43A1-8428-CBBDDEA181EC","fromDetail":{"isSFSymbol":true,"output":{"arrow_keys":{"_0":"up_arrow"}},"display":"arrowtriangle.up.fill"}},"row5":[{"fromDetail":{"output":{"letter_keys":{"_0":"b"}},"display":"B"},"toDetailCollection":{"condition0":{"layer0":{"isCustomized_tap":true,"withModifier_tap":{},"outputAndDisplay_tap":{"display":"X","layerKey":"layer0","output":{"letter_keys":{"_0":"x"}}}}}},"id":"B976F104-FF32-4D8A-969C-3B8CBC23E061"},{"id":"7BD24B42-3469-4471-9973-FB6F8499E87F","fromDetail":{"output":{"controls_and_symbols":{"_0":"grave_accent"}},"display":"`"},"toDetailCollection":{}},{"id":"8F2971CF-CA71-4DAE-816A-E36F9DAE5B8B","fromDetail":{"output":{"letter_keys":{"_0":"z"}},"display":"Z"},"toDetailCollection":{"condition0":{"layer0":{"isCustomized_tap":true,"outputAndDisplay_tap":{"output":{"controls_and_symbols":{"_0":"semicolon"}},"layerKey":"layer0","display":";"},"withModifier_tap":{}}}}},{"toDetailCollection":{"condition0":{"layer0":{"outputAndDisplay_tap":{"output":{"letter_keys":{"_0":"z"}},"display":"Z","layerKey":"layer0"},"withModifier_tap":{},"isCustomized_tap":true}}},"fromDetail":{"output":{"controls_and_symbols":{"_0":"slash"}},"display":"\/"},"id":"65D8291D-8FCE-4E9E-AE5F-6ABBA72B2751"},{"toDetailCollection":{"condition0":{"layer0":{"withModifier_tap":{},"isCustomized_tap":true,"outputAndDisplay_tap":{"display":"W","layerKey":"layer0","output":{"letter_keys":{"_0":"w"}}}}}},"fromDetail":{"display":",","output":{"controls_and_symbols":{"_0":"comma"}}},"id":"4877599B-C914-4E68-8AD5-490E9FB5F658"},{"fromDetail":{"output":{"letter_keys":{"_0":"c"}},"display":"C"},"toDetailCollection":{"condition0":{"layer0":{"outputAndDisplay_tap":{"display":"J","output":{"letter_keys":{"_0":"j"}},"layerKey":"layer0"},"withModifier_tap":{},"isCustomized_tap":true}}},"id":"BE6106D9-26E5-40ED-9421-558A2D518575"},{"toDetailCollection":{"condition0":{"layer0":{"withModifier_tap":{},"outputAndDisplay_tap":{"output":{"letter_keys":{"_0":"k"}},"layerKey":"layer0","display":"K"},"isCustomized_tap":true}}},"id":"76A3F51E-B198-4F14-B8A2-3F9A3476BD0B","fromDetail":{"display":"V","output":{"letter_keys":{"_0":"v"}}}},{"unitSize":1.25,"id":"C22312BB-5520-4270-BFF7-7582E2E166F0","fromDetail":{"output":{"modifier_keys":{"_0":"left_shift"}},"isSFSymbol":true,"display":"shift"},"toDetailCollection":{}},{"fromDetail":{"display":"M","output":{"letter_keys":{"_0":"m"}}},"id":"B93993D9-C750-4B8E-8C4F-280B7423FB8E","toDetailCollection":{"condition0":{"layer0":{"isCustomized_tap":true,"outputAndDisplay_tap":{"display":"M","layerKey":"layer0","output":{"letter_keys":{"_0":"m"}}},"withModifier_tap":{}}}}},{"fromDetail":{"output":{"modifier_keys":{"_0":"right_shift"}},"display":"shift","isSFSymbol":true},"id":"7EEC4D1F-CB12-4AF8-B101-F683A55B79F3","toDetailCollection":{},"unitSize":2.25},{"id":"0308B1B5-83D2-48CA-BA1B-B884F63C3EB8","toDetailCollection":{"condition0":{"layer0":{"isCustomized_tap":true,"outputAndDisplay_tap":{"layerKey":"layer0","output":{"letter_keys":{"_0":"b"}},"display":"B"},"withModifier_tap":{}}}},"fromDetail":{"display":"N","output":{"letter_keys":{"_0":"n"}}}},{"id":"EFE363E0-24C5-43A9-BF49-BEC2A0931EE7","fromDetail":{"output":{"letter_keys":{"_0":"x"}},"display":"X"},"toDetailCollection":{"condition0":{"layer0":{"isCustomized_tap":true,"withModifier_tap":{},"outputAndDisplay_tap":{"output":{"letter_keys":{"_0":"q"}},"display":"Q","layerKey":"layer0"}}}}},{"fromDetail":{"output":{"controls_and_symbols":{"_0":"period"}},"display":"."},"id":"94B8F012-D6E2-4E6F-AD91-CC957C38F7CB","toDetailCollection":{"condition0":{"layer0":{"outputAndDisplay_tap":{"display":"V","output":{"letter_keys":{"_0":"v"}},"layerKey":"layer0"},"isCustomized_tap":true,"withModifier_tap":{}}}}}],"idsInOrderRow4":[{"id":"22AFD0C6-824E-4A62-97D9-84DDCE3A4070"},{"id":"0C33E86D-B3C9-4E4A-B5ED-4DFA5B501796"},{"id":"D73905B0-06D5-4D6B-8F73-F0258A81E7CB"},{"id":"4682CF7A-5A62-487D-AE7F-2DB07118723E"},{"id":"EDF692C9-E6E1-43F2-B7B8-FD7E136E4C0E"},{"id":"10A1928B-F711-4361-8609-87432559BA8E"},{"id":"7E4258D5-2985-4136-BA90-AD6DB96D2CD0"},{"id":"E89A0C17-B62A-4639-8D7B-3C97C9275D52"},{"id":"A1FFEFCA-3FA6-49AE-BD61-0E530F12FB87"},{"id":"A620C337-35BF-4ED7-BA5F-CB9DCFBD7D1B"},{"id":"076B2802-594A-4F5C-85F9-671426D249BF"},{"id":"2C7A2A19-BFE9-45D5-BB1A-C5EB754883D8"},{"id":"D8840354-8146-4867-AF71-08BD369C4749"}],"row6":[{"unitSize":5,"toDetailCollection":{},"id":"D7F58BDE-FC1B-491B-90F7-3D32D3C391B8","fromDetail":{"display":"␣","output":{"controls_and_symbols":{"_0":"spacebar"}}}},{"id":"6993207E-1429-40AF-9C4E-7AABC833ED2C","unitSize":1.25,"toDetailCollection":{},"fromDetail":{"output":{"modifier_keys":{"_0":"right_command"}},"display":"command","isSFSymbol":true}},{"toDetailCollection":{},"id":"5AF52796-D78E-4A0C-A944-803C9F21B451","fromDetail":{"display":"globe","output":{"modifier_keys":{"_0":"keyboard_fn"}},"isSFSymbol":true}},{"toDetailCollection":{},"id":"1F5897A1-C3C8-460C-959B-96325BE9D87F","fromDetail":{"output":{"modifier_keys":{"_0":"left_option"}},"isSFSymbol":true,"display":"option"}},{"toDetailCollection":{},"id":"177EE48A-42F5-4735-960E-885A9759956B","fromDetail":{"output":{"modifier_keys":{"_0":"right_option"}},"display":"option","isSFSymbol":true}},{"fromDetail":{"display":"command","isSFSymbol":true,"output":{"modifier_keys":{"_0":"left_command"}}},"unitSize":1.25,"toDetailCollection":{},"id":"A9898415-A33F-486B-809B-141B4552FBFE"},{"toDetailCollection":{},"fromDetail":{"isSFSymbol":true,"output":{"modifier_keys":{"_0":"left_control"}},"display":"control"},"id":"55D7BB59-5131-46CE-9ACE-72E05019CBDD"}],"arrow_left":{"keyShape":"arrow_LR","id":"1C0F90F3-8C3D-4BB9-909D-B3AFD4122FC4","fromDetail":{"isSFSymbol":true,"output":{"arrow_keys":{"_0":"left_arrow"}},"display":"arrowtriangle.left.fill"},"toDetailCollection":{}}},"tenkeyRows":{"idsInOrderRow2":[{"id":"9250E785-49BE-4066-905F-0EBFDEA60C42"},{"id":"3247CE08-3A8A-4909-AFA1-7ACCBC217305"},{"id":"BF2EFDEF-3F37-4A9F-8C0E-E2F4BE7B3FCC"},{"id":"6DD0F7EE-9523-4962-8382-DB0B0FEB7208"}],"arrow_up":{"id":"B299D9C4-B8AD-4BA8-AD63-2CA76B9CED45","keyShape":"arrow_Up","fromDetail":{"output":{"arrow_keys":{"_0":"up_arrow"}},"display":"arrowtriangle.up.fill","isSFSymbol":true},"toDetailCollection":{}},"row2":[{"toDetailCollection":{},"id":"3247CE08-3A8A-4909-AFA1-7ACCBC217305","fromDetail":{"output":{"keypad_keys":{"_0":"keypad_equal_sign"}},"display":"="}},{"toDetailCollection":{},"id":"6DD0F7EE-9523-4962-8382-DB0B0FEB7208","fromDetail":{"output":{"keypad_keys":{"_0":"keypad_asterisk"}},"display":"*"}},{"toDetailCollection":{},"fromDetail":{"display":"\/","output":{"keypad_keys":{"_0":"keypad_slash"}}},"id":"BF2EFDEF-3F37-4A9F-8C0E-E2F4BE7B3FCC"},{"fromDetail":{"display":"clear","output":{"others":{"_0":"clear"}}},"toDetailCollection":{},"id":"9250E785-49BE-4066-905F-0EBFDEA60C42"}],"idsInOrderRow6":[{"id":"77FA8FD5-04D9-4F06-B548-910CD4813304"},{"id":"2109916A-A17D-433E-9310-5DF36F06B61A"}],"row5":[{"id":"3BFF99C9-D03D-4B10-B663-D3DE6E5898FA","fromDetail":{"display":"projective","isSFSymbol":true,"output":{"keypad_keys":{"_0":"keypad_enter"}}},"keyShape":"enter_Tenkey","toDetailCollection":{}},{"toDetailCollection":{},"id":"7265B29D-ED88-4C83-9C14-DE52CF9F7681","fromDetail":{"display":"3","output":{"keypad_keys":{"_0":"keypad_3"}}}},{"id":"D5ADEC82-6543-4B6A-B811-B9F0F8ABC210","fromDetail":{"output":{"keypad_keys":{"_0":"keypad_2"}},"display":"2"},"toDetailCollection":{}},{"id":"522BBD05-B69E-42A8-9EB0-1DFCC3A05CD0","toDetailCollection":{},"fromDetail":{"output":{"keypad_keys":{"_0":"keypad_1"}},"display":"1"}}],"row6":[{"toDetailCollection":{},"id":"2109916A-A17D-433E-9310-5DF36F06B61A","fromDetail":{"output":{"keypad_keys":{"_0":"keypad_period"}},"display":"."}},{"fromDetail":{"output":{"keypad_keys":{"_0":"keypad_0"}},"display":"0"},"toDetailCollection":{},"unitSize":2,"id":"77FA8FD5-04D9-4F06-B548-910CD4813304"}],"idsInOrderRow4":[{"id":"47941ACD-CED3-42D9-8425-DCB03664C6D2"},{"id":"B58A435D-6D8B-49B6-A2B4-C63DC3A481A5"},{"id":"F955E46F-DFB2-4AAB-B19E-6CAD3323BDC2"},{"id":"8ADAE2D5-8590-43E3-AF4E-57EFFF608C07"}],"rowIndex_arrow":{"row6":{}},"row4":[{"id":"8ADAE2D5-8590-43E3-AF4E-57EFFF608C07","fromDetail":{"display":"+","output":{"keypad_keys":{"_0":"keypad_plus"}}},"toDetailCollection":{}},{"id":"F955E46F-DFB2-4AAB-B19E-6CAD3323BDC2","fromDetail":{"display":"6","output":{"keypad_keys":{"_0":"keypad_6"}}},"toDetailCollection":{}},{"id":"B58A435D-6D8B-49B6-A2B4-C63DC3A481A5","toDetailCollection":{},"fromDetail":{"display":"5","output":{"keypad_keys":{"_0":"keypad_5"}}}},{"id":"47941ACD-CED3-42D9-8425-DCB03664C6D2","toDetailCollection":{},"fromDetail":{"output":{"keypad_keys":{"_0":"keypad_4"}},"display":"4"}}],"arrow_down":{"fromDetail":{"output":{"arrow_keys":{"_0":"down_arrow"}},"display":"arrowtriangle.down.fill","isSFSymbol":true},"toDetailCollection":{},"id":"9DFF29A4-A0B5-4674-AF13-6BDE80F8F945","keyShape":"arrow_Down"},"row1":[{"toDetailCollection":{},"id":"4D87C684-330E-4688-813B-5402E601089C","fromDetail":{"output":{"function_keys":{"_0":"f19"}},"display":"F19"}},{"fromDetail":{"output":{"function_keys":{"_0":"f18"}},"display":"F18"},"toDetailCollection":{},"id":"82CEEE5C-0285-420F-B694-A0BA6659287F"},{"id":"79F97323-0D9B-4535-8EE5-A67293695781","fromDetail":{"output":{"function_keys":{"_0":"f17"}},"display":"F17"},"toDetailCollection":{}},{"id":"77500085-B98B-4C68-9366-B5209B296B95","toDetailCollection":{},"fromDetail":{"output":{"function_keys":{"_0":"f16"}},"display":"F16"}}],"arrow_right":{"toDetailCollection":{},"keyShape":"arrow_LR","fromDetail":{"output":{"arrow_keys":{"_0":"right_arrow"}},"display":"arrowtriangle.right.fill","isSFSymbol":true},"id":"80CE8264-1DE0-4406-B440-9E1FCAED56C9"},"row3":[{"fromDetail":{"display":"-","output":{"keypad_keys":{"_0":"keypad_hyphen"}}},"toDetailCollection":{},"id":"8FD2FB18-97C2-4CA4-A866-A00DC65463FA"},{"id":"50AA3BEF-12B4-4B89-94B1-0F04E312178D","toDetailCollection":{},"fromDetail":{"output":{"keypad_keys":{"_0":"keypad_9"}},"display":"9"}},{"fromDetail":{"output":{"keypad_keys":{"_0":"keypad_8"}},"display":"8"},"id":"C83BCFF0-F802-4573-957B-4917CF465887","toDetailCollection":{}},{"id":"9E91AF8D-ADD1-49E1-B671-9CF6DD2953A3","fromDetail":{"display":"7","output":{"keypad_keys":{"_0":"keypad_7"}}},"toDetailCollection":{}}],"idsInOrderRow3":[{"id":"9E91AF8D-ADD1-49E1-B671-9CF6DD2953A3"},{"id":"C83BCFF0-F802-4573-957B-4917CF465887"},{"id":"50AA3BEF-12B4-4B89-94B1-0F04E312178D"},{"id":"8FD2FB18-97C2-4CA4-A866-A00DC65463FA"}],"enableArrowKeys":false,"idsInOrderRow5":[{"id":"522BBD05-B69E-42A8-9EB0-1DFCC3A05CD0"},{"id":"D5ADEC82-6543-4B6A-B811-B9F0F8ABC210"},{"id":"7265B29D-ED88-4C83-9C14-DE52CF9F7681"},{"id":"3BFF99C9-D03D-4B10-B663-D3DE6E5898FA"}],"idsInOrderRow1":[{"id":"77500085-B98B-4C68-9366-B5209B296B95"},{"id":"79F97323-0D9B-4535-8EE5-A67293695781"},{"id":"82CEEE5C-0285-420F-B694-A0BA6659287F"},{"id":"4D87C684-330E-4688-813B-5402E601089C"}],"arrow_left":{"fromDetail":{"isSFSymbol":true,"output":{"arrow_keys":{"_0":"left_arrow"}},"display":"arrowtriangle.left.fill"},"toDetailCollection":{},"id":"D81E869F-1532-4E99-AB65-BAD2E4ABFF6B","keyShape":"arrow_LR"}},"sectionDetail":{"section":{"main":{}},"deviceDetail":{"device_name":"mainKeyboard","vendor_id":"vendor_id","is_location_id_Enabled":false,"is_product_id_Enabled":false,"is_vendor_id_Enabled":false,"is_builtin_keyboard":false,"location_id":"location_id","product_id":"product_id"}},"isEnableTenkey":false,"isEnableMain":true,"isEnableSub":false,"subRows":{"row1":[{"id":"2EE22A8E-A9DF-485E-BB94-229881F5CEC8","toDetailCollection":{},"fromDetail":{"output":{"function_keys":{"_0":"f15"}},"display":"F15"}},{"toDetailCollection":{},"fromDetail":{"display":"F14","output":{"function_keys":{"_0":"f14"}}},"id":"956E19A7-597E-47F2-AA3F-D28239F1A2AD"},{"id":"4DD2BFB3-86AB-4B06-AA83-E9EE094452CD","fromDetail":{"display":"F13","output":{"function_keys":{"_0":"f13"}}},"toDetailCollection":{}}],"idsInOrderRow1":[{"id":"4DD2BFB3-86AB-4B06-AA83-E9EE094452CD"},{"id":"956E19A7-597E-47F2-AA3F-D28239F1A2AD"},{"id":"2EE22A8E-A9DF-485E-BB94-229881F5CEC8"}],"enableArrowKeys":false,"row3":[{"id":"02FAEE02-2937-411B-82F7-747F78DA6391","toDetailCollection":{},"fromDetail":{"isSFSymbol":true,"output":{"arrow_keys":{"_0":"page_down"}},"display":"arrow.down"}},{"id":"0314F044-7093-4254-B88A-8A1BF6514DF4","fromDetail":{"display":"arrow.down.to.line","isSFSymbol":true,"output":{"arrow_keys":{"_0":"end"}}},"toDetailCollection":{}},{"toDetailCollection":{},"id":"A5D2D083-7370-4BC0-855E-998CE869A900","fromDetail":{"isSFSymbol":true,"output":{"controls_and_symbols":{"_0":"delete_forward"}},"display":"delete.right"}}],"idsInOrderRow2":[{"id":"5DC2086A-04F3-414A-8AFD-F9C9BA2CBCB3"},{"id":"D63D6469-20B0-4210-BB97-FFC380B3BC03"},{"id":"CE46B42C-D78D-4395-BF91-0EBB66EB985C"}],"arrow_down":{"keyShape":"arrow_Down","fromDetail":{"isSFSymbol":true,"output":{"arrow_keys":{"_0":"down_arrow"}},"display":"arrowtriangle.down.fill"},"toDetailCollection":{},"id":"11BDBFC3-F22E-4746-A623-F4027F34F9E9"},"row5":[{"id":"26E2DEF7-DED0-4A72-84FB-EBF8C134ED4C","fromDetail":{"display":"arrowtriangle.up.fill","output":{"arrow_keys":{"_0":"up_arrow"}},"isSFSymbol":true},"toDetailCollection":{}},{"isSpacer":true,"fromDetail":{"output":{"letter_keys":{"_0":"a"}},"display":"A"},"id":"7507E591-D7AC-4903-AC66-0AC99D981E81","toDetailCollection":{}}],"row6":[{"toDetailCollection":{},"id":"6190CD32-96A6-451E-AFD8-18AA64163A72","fromDetail":{"output":{"arrow_keys":{"_0":"right_arrow"}},"display":"arrowtriangle.right.fill","isSFSymbol":true}},{"id":"E5AA6A44-56F8-4986-97FF-83C507B2F191","toDetailCollection":{},"fromDetail":{"display":"arrowtriangle.down.fill","output":{"arrow_keys":{"_0":"down_arrow"}},"isSFSymbol":true}},{"id":"202B5FD3-B680-43A1-B979-4589E7DBFCFC","fromDetail":{"output":{"arrow_keys":{"_0":"left_arrow"}},"isSFSymbol":true,"display":"arrowtriangle.left.fill"},"toDetailCollection":{}}],"rowIndex_arrow":{"row6":{}},"idsInOrderRow4":[],"arrow_left":{"toDetailCollection":{},"id":"20944CA4-E2CD-4A12-958D-D2607592CAE3","keyShape":"arrow_LR","fromDetail":{"display":"arrowtriangle.left.fill","isSFSymbol":true,"output":{"arrow_keys":{"_0":"left_arrow"}}}},"idsInOrderRow3":[{"id":"A5D2D083-7370-4BC0-855E-998CE869A900"},{"id":"0314F044-7093-4254-B88A-8A1BF6514DF4"},{"id":"02FAEE02-2937-411B-82F7-747F78DA6391"}],"arrow_right":{"keyShape":"arrow_LR","toDetailCollection":{},"id":"517BF628-7CE2-4D64-9048-569F492148B7","fromDetail":{"isSFSymbol":true,"output":{"arrow_keys":{"_0":"right_arrow"}},"display":"arrowtriangle.right.fill"}},"idsInOrderRow6":[{"id":"202B5FD3-B680-43A1-B979-4589E7DBFCFC"},{"id":"E5AA6A44-56F8-4986-97FF-83C507B2F191"},{"id":"6190CD32-96A6-451E-AFD8-18AA64163A72"}],"row4":[],"arrow_up":{"keyShape":"arrow_Up","id":"D8BE8B60-02E1-44A8-9648-6CC72E8447A1","fromDetail":{"display":"arrowtriangle.up.fill","isSFSymbol":true,"output":{"arrow_keys":{"_0":"up_arrow"}}},"toDetailCollection":{}},"row2":[{"id":"D63D6469-20B0-4210-BB97-FFC380B3BC03","toDetailCollection":{},"fromDetail":{"isSFSymbol":true,"output":{"arrow_keys":{"_0":"home"}},"display":"arrow.up.to.line"}},{"fromDetail":{"output":{"arrow_keys":{"_0":"page_up"}},"display":"arrow.up","isSFSymbol":true},"id":"CE46B42C-D78D-4395-BF91-0EBB66EB985C","toDetailCollection":{}},{"fromDetail":{"output":{"keys_in_pc_keyboards":{"_0":"insert"}},"display":"text.insert","isSFSymbol":true},"toDetailCollection":{},"id":"5DC2086A-04F3-414A-8AFD-F9C9BA2CBCB3"}],"idsInOrderRow5":[{"id":"7507E591-D7AC-4903-AC66-0AC99D981E81"},{"id":"26E2DEF7-DED0-4A72-84FB-EBF8C134ED4C"}]}},"other":{"subRows":{"rowIndex_arrow":{"row6":{}},"idsInOrderRow4":[],"idsInOrderRow5":[{"id":"E75CB1BC-0868-4301-A19A-F9D3616FB329"},{"id":"C60801D5-9C28-4248-B014-D518A577A732"}],"row3":[{"id":"BAC7AFED-6987-4026-BDCD-3242CC080E72","fromDetail":{"isSFSymbol":true,"output":{"controls_and_symbols":{"_0":"delete_forward"}},"display":"delete.right"},"toDetailCollection":{}},{"toDetailCollection":{},"fromDetail":{"display":"arrow.down","output":{"arrow_keys":{"_0":"page_down"}},"isSFSymbol":true},"id":"58699B90-2184-4B37-B4DA-3581B97BC3DD"},{"toDetailCollection":{},"fromDetail":{"output":{"arrow_keys":{"_0":"end"}},"isSFSymbol":true,"display":"arrow.down.to.line"},"id":"4F43E0D8-DF3F-4A8E-A62C-7E812EB74229"}],"row2":[{"toDetailCollection":{},"fromDetail":{"display":"text.insert","isSFSymbol":true,"output":{"keys_in_pc_keyboards":{"_0":"insert"}}},"id":"58270E70-B93A-4CD9-96D5-A99A1696BA8B"},{"toDetailCollection":{},"fromDetail":{"display":"arrow.up.to.line","output":{"arrow_keys":{"_0":"home"}},"isSFSymbol":true},"id":"648EF154-EE2F-4D2C-ABD4-17AB943C40CF"},{"toDetailCollection":{},"id":"218AEC95-DD2A-44E1-954E-63FEBE19C9CA","fromDetail":{"display":"arrow.up","isSFSymbol":true,"output":{"arrow_keys":{"_0":"page_up"}}}}],"arrow_down":{"id":"7148444A-6DD3-49D2-960A-F11CC363C048","keyShape":"arrow_Down","fromDetail":{"display":"arrowtriangle.down.fill","output":{"arrow_keys":{"_0":"down_arrow"}},"isSFSymbol":true},"toDetailCollection":{}},"row1":[{"fromDetail":{"display":"F15","output":{"function_keys":{"_0":"f15"}}},"id":"4BA9493D-04A4-4A57-A4BF-44E118506DE5","toDetailCollection":{}},{"toDetailCollection":{},"id":"4BAFB91B-4CE3-4993-B7AE-D734731A4C62","fromDetail":{"output":{"function_keys":{"_0":"f14"}},"display":"F14"}},{"id":"C809C641-1838-41CB-B6FE-853EEE75E5E8","toDetailCollection":{},"fromDetail":{"display":"F13","output":{"function_keys":{"_0":"f13"}}}}],"row5":[{"fromDetail":{"isSFSymbol":true,"display":"arrowtriangle.up.fill","output":{"arrow_keys":{"_0":"up_arrow"}}},"id":"C60801D5-9C28-4248-B014-D518A577A732","toDetailCollection":{}},{"isSpacer":true,"fromDetail":{"display":"A","output":{"letter_keys":{"_0":"a"}}},"id":"E75CB1BC-0868-4301-A19A-F9D3616FB329","toDetailCollection":{}}],"idsInOrderRow3":[{"id":"BAC7AFED-6987-4026-BDCD-3242CC080E72"},{"id":"4F43E0D8-DF3F-4A8E-A62C-7E812EB74229"},{"id":"58699B90-2184-4B37-B4DA-3581B97BC3DD"}],"idsInOrderRow1":[{"id":"C809C641-1838-41CB-B6FE-853EEE75E5E8"},{"id":"4BAFB91B-4CE3-4993-B7AE-D734731A4C62"},{"id":"4BA9493D-04A4-4A57-A4BF-44E118506DE5"}],"arrow_right":{"fromDetail":{"output":{"arrow_keys":{"_0":"right_arrow"}},"display":"arrowtriangle.right.fill","isSFSymbol":true},"id":"5CB0D6CB-4874-4502-BAF9-BBF09DB9997B","toDetailCollection":{},"keyShape":"arrow_LR"},"idsInOrderRow2":[{"id":"58270E70-B93A-4CD9-96D5-A99A1696BA8B"},{"id":"648EF154-EE2F-4D2C-ABD4-17AB943C40CF"},{"id":"218AEC95-DD2A-44E1-954E-63FEBE19C9CA"}],"enableArrowKeys":false,"row4":[],"arrow_left":{"toDetailCollection":{},"fromDetail":{"isSFSymbol":true,"display":"arrowtriangle.left.fill","output":{"arrow_keys":{"_0":"left_arrow"}}},"id":"23C39CFD-D5FD-4EEA-91E8-2DE5E8A244CC","keyShape":"arrow_LR"},"arrow_up":{"id":"21291342-D62C-4BAF-B884-1730245D23D5","keyShape":"arrow_Up","fromDetail":{"output":{"arrow_keys":{"_0":"up_arrow"}},"isSFSymbol":true,"display":"arrowtriangle.up.fill"},"toDetailCollection":{}},"row6":[{"toDetailCollection":{},"id":"5CD90F77-FF33-4DA0-B9CA-7042FD317324","fromDetail":{"isSFSymbol":true,"output":{"arrow_keys":{"_0":"left_arrow"}},"display":"arrowtriangle.left.fill"}},{"toDetailCollection":{},"id":"11F7B452-412C-44CB-80DA-1B0DF71297A2","fromDetail":{"output":{"arrow_keys":{"_0":"right_arrow"}},"display":"arrowtriangle.right.fill","isSFSymbol":true}},{"id":"7481CC5E-89A3-491F-AA8A-1270E128963B","toDetailCollection":{},"fromDetail":{"isSFSymbol":true,"display":"arrowtriangle.down.fill","output":{"arrow_keys":{"_0":"down_arrow"}}}}],"idsInOrderRow6":[{"id":"5CD90F77-FF33-4DA0-B9CA-7042FD317324"},{"id":"7481CC5E-89A3-491F-AA8A-1270E128963B"},{"id":"11F7B452-412C-44CB-80DA-1B0DF71297A2"}]},"mainRows":{"row6":[{"fromDetail":{"display":"0","output":{"keypad_keys":{"_0":"keypad_0"}}},"id":"098AD7DD-C2AB-4817-9588-6435FA91C729","toDetailCollection":{},"unitSize":2},{"toDetailCollection":{},"id":"F01979B3-4EEA-49EE-9B1D-A41F0334FA80","fromDetail":{"output":{"keypad_keys":{"_0":"keypad_period"}},"display":"."}}],"arrow_up":{"keyShape":"arrow_Up","toDetailCollection":{},"id":"C8770E21-4133-4BD7-A8ED-C9C95C0335BD","fromDetail":{"display":"arrowtriangle.up.fill","isSFSymbol":true,"output":{"arrow_keys":{"_0":"up_arrow"}}}},"idsInOrderRow2":[{"id":"49AB47D1-E6CE-49B9-8BBE-74C70BEEE5D6"},{"id":"A3E98539-4EE5-4280-9EA9-A03126FDDDE0"},{"id":"33B26054-4D3C-46D9-96EA-3671415FA4A8"},{"id":"CD135ED8-12BB-4A72-B965-F4268DCAD668"}],"arrow_down":{"fromDetail":{"isSFSymbol":true,"output":{"arrow_keys":{"_0":"down_arrow"}},"display":"arrowtriangle.down.fill"},"toDetailCollection":{},"id":"98C4D4D5-2341-437D-A003-639B32ECEDCD","keyShape":"arrow_Down"},"row2":[{"toDetailCollection":{},"id":"CD135ED8-12BB-4A72-B965-F4268DCAD668","fromDetail":{"display":"*","output":{"keypad_keys":{"_0":"keypad_asterisk"}}}},{"toDetailCollection":{},"id":"33B26054-4D3C-46D9-96EA-3671415FA4A8","fromDetail":{"display":"\/","output":{"keypad_keys":{"_0":"keypad_slash"}}}},{"id":"A3E98539-4EE5-4280-9EA9-A03126FDDDE0","toDetailCollection":{},"fromDetail":{"output":{"keypad_keys":{"_0":"keypad_equal_sign"}},"display":"="}},{"toDetailCollection":{},"id":"49AB47D1-E6CE-49B9-8BBE-74C70BEEE5D6","fromDetail":{"output":{"others":{"_0":"clear"}},"display":"clear"}}],"row4":[{"toDetailCollection":{},"id":"42C339AB-27A4-4D01-933E-18EB496483A1","fromDetail":{"output":{"keypad_keys":{"_0":"keypad_plus"}},"display":"+"}},{"toDetailCollection":{},"id":"DF7C11C8-318F-44DC-A5AA-FCA49111CBC7","fromDetail":{"display":"6","output":{"keypad_keys":{"_0":"keypad_6"}}}},{"fromDetail":{"output":{"keypad_keys":{"_0":"keypad_4"}},"display":"4"},"id":"8A28C4D2-A821-4BB7-A52A-904E5FB53B0B","toDetailCollection":{}},{"toDetailCollection":{},"id":"74F821F6-3F4A-4A2F-B9F6-59AE0483BC2C","fromDetail":{"display":"5","output":{"keypad_keys":{"_0":"keypad_5"}}}}],"row3":[{"toDetailCollection":{},"id":"87F6337F-FD4F-4011-8B89-32312556D348","fromDetail":{"output":{"keypad_keys":{"_0":"keypad_hyphen"}},"display":"-"}},{"fromDetail":{"output":{"keypad_keys":{"_0":"keypad_9"}},"display":"9"},"toDetailCollection":{},"id":"E2A7B285-2C29-4F5D-AB39-B9152E3439AF"},{"fromDetail":{"output":{"keypad_keys":{"_0":"keypad_8"}},"display":"8"},"id":"0D1BACFD-7301-4B3A-9075-01D11F57D125","toDetailCollection":{}},{"fromDetail":{"display":"7","output":{"keypad_keys":{"_0":"keypad_7"}}},"id":"8BD5DF1B-7894-4A79-BFE1-A1CB7BE9E731","toDetailCollection":{}}],"row1":[{"fromDetail":{"display":"F19","output":{"function_keys":{"_0":"f19"}}},"id":"877E6F53-B917-484D-BAF5-846499944161","toDetailCollection":{}},{"id":"745309CA-7253-488C-A014-71B06CBD3782","fromDetail":{"output":{"function_keys":{"_0":"f18"}},"display":"F18"},"toDetailCollection":{}},{"fromDetail":{"output":{"function_keys":{"_0":"f17"}},"display":"F17"},"id":"5CAA0DCA-9933-4B38-AB41-CBE6FEFF1CD4","toDetailCollection":{}},{"fromDetail":{"output":{"function_keys":{"_0":"f16"}},"display":"F16"},"id":"F3E978A4-DD1E-418F-93C5-D704D18E38C7","toDetailCollection":{}}],"idsInOrderRow3":[{"id":"8BD5DF1B-7894-4A79-BFE1-A1CB7BE9E731"},{"id":"0D1BACFD-7301-4B3A-9075-01D11F57D125"},{"id":"E2A7B285-2C29-4F5D-AB39-B9152E3439AF"},{"id":"87F6337F-FD4F-4011-8B89-32312556D348"}],"idsInOrderRow5":[{"id":"BA3E1E59-F810-4834-B83D-87992EAFBB0D"},{"id":"1501FF70-9C7A-415C-9952-1C3A28B1B224"},{"id":"7BB94703-DA1D-45E5-A339-5052FC264817"},{"id":"E2BF3535-854A-4069-B25D-8F4A88EB2FD7"}],"enableArrowKeys":false,"idsInOrderRow1":[{"id":"F3E978A4-DD1E-418F-93C5-D704D18E38C7"},{"id":"5CAA0DCA-9933-4B38-AB41-CBE6FEFF1CD4"},{"id":"745309CA-7253-488C-A014-71B06CBD3782"},{"id":"877E6F53-B917-484D-BAF5-846499944161"}],"row5":[{"keyShape":"enter_Tenkey","toDetailCollection":{},"fromDetail":{"isSFSymbol":true,"output":{"keypad_keys":{"_0":"keypad_enter"}},"display":"projective"},"id":"E2BF3535-854A-4069-B25D-8F4A88EB2FD7"},{"id":"7BB94703-DA1D-45E5-A339-5052FC264817","toDetailCollection":{},"fromDetail":{"output":{"keypad_keys":{"_0":"keypad_3"}},"display":"3"}},{"toDetailCollection":{},"fromDetail":{"display":"2","output":{"keypad_keys":{"_0":"keypad_2"}}},"id":"1501FF70-9C7A-415C-9952-1C3A28B1B224"},{"toDetailCollection":{},"id":"BA3E1E59-F810-4834-B83D-87992EAFBB0D","fromDetail":{"display":"1","output":{"keypad_keys":{"_0":"keypad_1"}}}}],"arrow_left":{"keyShape":"arrow_LR","fromDetail":{"output":{"arrow_keys":{"_0":"left_arrow"}},"isSFSymbol":true,"display":"arrowtriangle.left.fill"},"toDetailCollection":{},"id":"B5BFFB38-38E9-4EFA-9C3F-854743C4EC1C"},"arrow_right":{"keyShape":"arrow_LR","fromDetail":{"display":"arrowtriangle.right.fill","isSFSymbol":true,"output":{"arrow_keys":{"_0":"right_arrow"}}},"id":"332C81EC-CA60-4F40-9214-9F603331E391","toDetailCollection":{}},"idsInOrderRow4":[{"id":"8A28C4D2-A821-4BB7-A52A-904E5FB53B0B"},{"id":"74F821F6-3F4A-4A2F-B9F6-59AE0483BC2C"},{"id":"DF7C11C8-318F-44DC-A5AA-FCA49111CBC7"},{"id":"42C339AB-27A4-4D01-933E-18EB496483A1"}],"rowIndex_arrow":{"row6":{}},"idsInOrderRow6":[{"id":"098AD7DD-C2AB-4817-9588-6435FA91C729"},{"id":"F01979B3-4EEA-49EE-9B1D-A41F0334FA80"}]},"isEnableSub":false,"sectionDetail":{"deviceDetail":{"location_id":"location_id","device_name":"otherDevice","is_location_id_Enabled":false,"is_product_id_Enabled":false,"is_builtin_keyboard":false,"product_id":"product_id","is_vendor_id_Enabled":false,"vendor_id":"vendor_id"},"section":{"other":{}}},"isEnableMain":true,"tenkeyRows":{"row4":[{"id":"52A56B20-BEE4-4BC7-836F-9B59FF64F05A","fromDetail":{"display":"4","output":{"keypad_keys":{"_0":"keypad_4"}}},"toDetailCollection":{}},{"id":"313396C6-9CF4-4F3E-A3BF-7B371BC4FF66","fromDetail":{"output":{"keypad_keys":{"_0":"keypad_plus"}},"display":"+"},"toDetailCollection":{}},{"id":"63283F52-CF58-48B3-9F09-81FB298AC29E","fromDetail":{"display":"5","output":{"keypad_keys":{"_0":"keypad_5"}}},"toDetailCollection":{}},{"fromDetail":{"display":"6","output":{"keypad_keys":{"_0":"keypad_6"}}},"id":"034E4920-B50F-451A-A35E-6A21A3B32524","toDetailCollection":{}}],"row3":[{"id":"79180926-D774-44D0-A14C-376E5F21E98E","fromDetail":{"output":{"keypad_keys":{"_0":"keypad_hyphen"}},"display":"-"},"toDetailCollection":{}},{"id":"32DB9E23-F14E-495A-8E56-B22666C804DF","fromDetail":{"output":{"keypad_keys":{"_0":"keypad_9"}},"display":"9"},"toDetailCollection":{}},{"toDetailCollection":{},"id":"C1363676-2017-4356-B91B-DA968A8657AD","fromDetail":{"output":{"keypad_keys":{"_0":"keypad_8"}},"display":"8"}},{"fromDetail":{"output":{"keypad_keys":{"_0":"keypad_7"}},"display":"7"},"id":"5914C9EA-4FD5-4D94-B29E-A3D7CEC69575","toDetailCollection":{}}],"row6":[{"id":"1590B0E9-16B7-4F56-897A-A15D9AB93291","fromDetail":{"display":".","output":{"keypad_keys":{"_0":"keypad_period"}}},"toDetailCollection":{}},{"id":"6229E4E8-E0D3-4164-B699-DC739EB3450B","unitSize":2,"fromDetail":{"display":"0","output":{"keypad_keys":{"_0":"keypad_0"}}},"toDetailCollection":{}}],"idsInOrderRow6":[{"id":"6229E4E8-E0D3-4164-B699-DC739EB3450B"},{"id":"1590B0E9-16B7-4F56-897A-A15D9AB93291"}],"arrow_left":{"toDetailCollection":{},"id":"6581BC53-2D38-4E0F-9707-C6815B51FA81","keyShape":"arrow_LR","fromDetail":{"output":{"arrow_keys":{"_0":"left_arrow"}},"isSFSymbol":true,"display":"arrowtriangle.left.fill"}},"idsInOrderRow1":[{"id":"FE5FB53A-146C-4CA2-8316-005E8FC9FBE8"},{"id":"489BE21A-0BAF-4077-B0B1-342DA615C203"},{"id":"731B7289-A6DE-42D9-A1EF-2E66C41A2BEF"},{"id":"F2E42205-7A19-4630-B729-797BC6145523"}],"row2":[{"fromDetail":{"output":{"keypad_keys":{"_0":"keypad_asterisk"}},"display":"*"},"toDetailCollection":{},"id":"1E847CA5-D246-42A0-BEE8-E860F0D9CC22"},{"id":"FCCBDB30-E4C6-48CF-9380-20F54111C0A0","toDetailCollection":{},"fromDetail":{"display":"\/","output":{"keypad_keys":{"_0":"keypad_slash"}}}},{"id":"72368AD1-B592-4EF2-8A6F-443D346060A7","fromDetail":{"display":"=","output":{"keypad_keys":{"_0":"keypad_equal_sign"}}},"toDetailCollection":{}},{"fromDetail":{"output":{"others":{"_0":"clear"}},"display":"clear"},"id":"D32B143E-B656-4026-976D-50F30D49736B","toDetailCollection":{}}],"idsInOrderRow3":[{"id":"5914C9EA-4FD5-4D94-B29E-A3D7CEC69575"},{"id":"C1363676-2017-4356-B91B-DA968A8657AD"},{"id":"32DB9E23-F14E-495A-8E56-B22666C804DF"},{"id":"79180926-D774-44D0-A14C-376E5F21E98E"}],"idsInOrderRow5":[{"id":"F5147722-3DC7-4097-9281-3D040F55BF9A"},{"id":"8719FAF5-81A3-42A2-B893-4E00534F21CF"},{"id":"144F1436-1C32-4C9E-BF0D-68740B734006"},{"id":"2BE6BBAE-294E-4A6F-AED8-E0AE72885EB3"}],"row5":[{"toDetailCollection":{},"id":"8719FAF5-81A3-42A2-B893-4E00534F21CF","fromDetail":{"output":{"keypad_keys":{"_0":"keypad_2"}},"display":"2"}},{"toDetailCollection":{},"fromDetail":{"output":{"keypad_keys":{"_0":"keypad_3"}},"display":"3"},"id":"144F1436-1C32-4C9E-BF0D-68740B734006"},{"fromDetail":{"display":"projective","isSFSymbol":true,"output":{"keypad_keys":{"_0":"keypad_enter"}}},"toDetailCollection":{},"id":"2BE6BBAE-294E-4A6F-AED8-E0AE72885EB3","keyShape":"enter_Tenkey"},{"fromDetail":{"output":{"keypad_keys":{"_0":"keypad_1"}},"display":"1"},"toDetailCollection":{},"id":"F5147722-3DC7-4097-9281-3D040F55BF9A"}],"enableArrowKeys":false,"row1":[{"id":"489BE21A-0BAF-4077-B0B1-342DA615C203","fromDetail":{"output":{"function_keys":{"_0":"f17"}},"display":"F17"},"toDetailCollection":{}},{"id":"F2E42205-7A19-4630-B729-797BC6145523","toDetailCollection":{},"fromDetail":{"output":{"function_keys":{"_0":"f19"}},"display":"F19"}},{"id":"731B7289-A6DE-42D9-A1EF-2E66C41A2BEF","fromDetail":{"display":"F18","output":{"function_keys":{"_0":"f18"}}},"toDetailCollection":{}},{"fromDetail":{"display":"F16","output":{"function_keys":{"_0":"f16"}}},"toDetailCollection":{},"id":"FE5FB53A-146C-4CA2-8316-005E8FC9FBE8"}],"idsInOrderRow4":[{"id":"52A56B20-BEE4-4BC7-836F-9B59FF64F05A"},{"id":"63283F52-CF58-48B3-9F09-81FB298AC29E"},{"id":"034E4920-B50F-451A-A35E-6A21A3B32524"},{"id":"313396C6-9CF4-4F3E-A3BF-7B371BC4FF66"}],"idsInOrderRow2":[{"id":"D32B143E-B656-4026-976D-50F30D49736B"},{"id":"72368AD1-B592-4EF2-8A6F-443D346060A7"},{"id":"FCCBDB30-E4C6-48CF-9380-20F54111C0A0"},{"id":"1E847CA5-D246-42A0-BEE8-E860F0D9CC22"}],"rowIndex_arrow":{"row6":{}},"arrow_up":{"keyShape":"arrow_Up","fromDetail":{"output":{"arrow_keys":{"_0":"up_arrow"}},"display":"arrowtriangle.up.fill","isSFSymbol":true},"toDetailCollection":{},"id":"D3C5187F-50B8-469F-80EE-6480EF854EBA"},"arrow_down":{"keyShape":"arrow_Down","id":"BF8CFF38-C7B1-49FE-B130-A9C8A6F2A688","toDetailCollection":{},"fromDetail":{"display":"arrowtriangle.down.fill","isSFSymbol":true,"output":{"arrow_keys":{"_0":"down_arrow"}}}},"arrow_right":{"toDetailCollection":{},"keyShape":"arrow_LR","fromDetail":{"isSFSymbol":true,"output":{"arrow_keys":{"_0":"right_arrow"}},"display":"arrowtriangle.right.fill"},"id":"81206160-47AF-4403-9171-3E2B9A6D2B1A"}},"isEnableTenkey":false},"validSections":{"sections":[{"main":{}}]}},"macroCollection":{"idsInOrderCollection":[],"_collection":[]},"conditionDetailCollection":{"condition1":{"value":"ja","name":"Condition1","type":"InputSource","isEnabled":false},"condition6":{"name":"Condition6","value":"com.vendor.condition6","isEnabled":false,"type":"Application"},"condition7":{"type":"Application","value":"com.vendor.condition7","name":"Condition7","isEnabled":false},"condition0":{"type":"Application","value":"com.vendor.condition0","isEnabled":true,"name":"Default"},"condition2":{"name":"Condition2","isEnabled":false,"type":"Application","value":"com.vendor.condition2"},"condition8":{"type":"Application","value":"com.vendor.condition8","isEnabled":false,"name":"Condition8"},"condition4":{"isEnabled":false,"type":"Application","value":"com.vendor.condition4","name":"Condition4"},"condition5":{"type":"Application","value":"com.vendor.condition5","isEnabled":false,"name":"Condition5"},"condition9":{"name":"Condition9","type":"Application","value":"com.vendor.condition9","isEnabled":false},"condition3":{"value":"com.vendor.condition3","type":"Application","name":"Condition3","isEnabled":false}},"comboCollection":{"condition5":{"layer3":{},"layer2":{},"layer5":{},"layer7":{},"layer8":{},"layer4":{},"layer1":{},"layer0":{},"layer6":{}},"condition8":{"layer5":{},"layer0":{},"layer6":{},"layer7":{},"layer1":{},"layer4":{},"layer3":{},"layer8":{},"layer2":{}},"condition6":{"layer3":{},"layer6":{},"layer7":{},"layer8":{},"layer5":{},"layer2":{},"layer1":{},"layer0":{},"layer4":{}},"condition2":{"layer1":{},"layer3":{},"layer0":{},"layer8":{},"layer7":{},"layer4":{},"layer2":{},"layer6":{},"layer5":{}},"condition0":{"layer6":{},"layer1":{},"layer7":{},"layer8":{},"layer0":{},"layer4":{},"layer2":{},"layer5":{},"layer3":{}},"condition7":{"layer5":{},"layer4":{},"layer1":{},"layer2":{},"layer0":{},"layer3":{},"layer6":{},"layer7":{},"layer8":{}},"condition4":{"layer7":{},"layer4":{},"layer2":{},"layer3":{},"layer1":{},"layer8":{},"layer0":{},"layer5":{},"layer6":{}},"condition1":{"layer0":{},"layer1":{},"layer7":{},"layer8":{},"layer3":{},"layer2":{},"layer4":{},"layer6":{},"layer5":{}},"condition9":{"layer2":{},"layer7":{},"layer4":{},"layer0":{},"layer5":{},"layer1":{},"layer6":{},"layer8":{},"layer3":{}},"condition3":{"layer1":{},"layer3":{},"layer6":{},"layer5":{},"layer2":{},"layer8":{},"layer7":{},"layer0":{},"layer4":{}}},"displayKeySize":65}