{"selections":{"condition":"condition0","customOrMacroTab":{"customizeKey":{}},"keyboardKey":{"id":"C562CCCC-D99D-4CF4-874A-6356D7F0D29B","fromDetail":{"output":{"letter_keys":{"_0":"a"}},"display":"A"},"toDetailCollection":{}},"toTab":"qwertyKeyboard","macroTab":{"userMacro":{}},"layer":"layer0","macro":{"dictionary_key":null,"toDetailCollection":{"_collection":[],"idsInOrderCollection":[]},"id":"D477A08C-AA25-4AFC-93F4-E01891F227DD","name":"user Macro"},"combo":{"id":"AE934B3A-8DCA-4ED1-9EDB-2C661D573E37","toDetail":{},"comboThreshold":50,"key_down_order":"insensitive","key_up_order":"insensitive"},"toDetail_macro":{"error":false,"id":"D2AADCA0-DD9D-4E00-8EA0-95A93996B034","outputAndDisplay":{"output":{"letter_keys":{"_0":"a"}},"display":"none","layerKey":"layer0"},"indicator":false,"withModifier":{}},"fromTab":{"qwertyKeyboard":{}},"tab":{"remap":{}}},"conditionDetailCollection":{"condition7":{"value":"com.vendor.condition7","type":"Application","isEnabled":false,"name":"Condition7"},"condition2":{"isEnabled":false,"name":"Condition2","type":"Application","value":"com.vendor.condition2"},"condition0":{"type":"Application","name":"Default","value":"com.vendor.condition0","isEnabled":true},"condition3":{"isEnabled":false,"value":"com.vendor.condition3","name":"Condition3","type":"Application"},"condition1":{"isEnabled":false,"value":"ja","name":"Condition1","type":"InputSource"},"condition9":{"value":"com.vendor.condition9","isEnabled":false,"type":"Application","name":"Condition9"},"condition4":{"isEnabled":false,"value":"com.vendor.condition4","type":"Application","name":"Condition4"},"condition5":{"name":"Condition5","type":"Application","isEnabled":false,"value":"com.vendor.condition5"},"condition6":{"isEnabled":false,"value":"com.vendor.condition6","type":"Application","name":"Condition6"},"condition8":{"type":"Application","isEnabled":false,"value":"com.vendor.condition8","name":"Condition8"}},"keymap":{"validSections":{"sections":[{"main":{}}]},"main":{"sectionDetail":{"deviceDetail":{"is_builtin_keyboard":false,"is_location_id_Enabled":false,"is_product_id_Enabled":false,"location_id":"location_id","product_id":"product_id","device_name":"mainKeyboard","is_vendor_id_Enabled":false,"vendor_id":"vendor_id"},"section":{"main":{}}},"isEnableMain":true,"subRows":{"idsInOrderRow5":[{"id":"05E9C65A-3A75-41B5-8940-8019670F1376"},{"id":"96362DA3-05CC-4C2B-B6D3-CD0A548D8257"}],"row2":[{"id":"E60F0F40-2CE8-44F6-B954-CE024404E4F9","toDetailCollection":{},"fromDetail":{"display":"arrow.up","output":{"arrow_keys":{"_0":"page_up"}},"isSFSymbol":true}},{"fromDetail":{"display":"arrow.up.to.line","isSFSymbol":true,"output":{"arrow_keys":{"_0":"home"}}},"id":"A81BF24A-3A74-4B7D-BCE1-489F536743B1","toDetailCollection":{}},{"id":"025702A3-94A9-4A44-9E2A-FF41BB2C736F","fromDetail":{"output":{"keys_in_pc_keyboards":{"_0":"insert"}},"display":"text.insert","isSFSymbol":true},"toDetailCollection":{}}],"arrow_left":{"toDetailCollection":{},"fromDetail":{"output":{"arrow_keys":{"_0":"left_arrow"}},"isSFSymbol":true,"display":"arrowtriangle.left.fill"},"keyShape":"arrow_LR","id":"20C96CA5-799C-44A2-9391-A9031351FB32"},"arrow_down":{"keyShape":"arrow_Down","fromDetail":{"display":"arrowtriangle.down.fill","isSFSymbol":true,"output":{"arrow_keys":{"_0":"down_arrow"}}},"toDetailCollection":{},"id":"D815A387-F6A4-4B85-B218-70F56E5BCA9C"},"arrow_up":{"toDetailCollection":{},"keyShape":"arrow_Up","fromDetail":{"output":{"arrow_keys":{"_0":"up_arrow"}},"isSFSymbol":true,"display":"arrowtriangle.up.fill"},"id":"F4C394CB-14AC-4E12-9AE2-8A6EE10A4996"},"row5":[{"id":"96362DA3-05CC-4C2B-B6D3-CD0A548D8257","fromDetail":{"output":{"arrow_keys":{"_0":"up_arrow"}},"isSFSymbol":true,"display":"arrowtriangle.up.fill"},"toDetailCollection":{}},{"isSpacer":true,"fromDetail":{"output":{"letter_keys":{"_0":"a"}},"display":"A"},"toDetailCollection":{},"id":"05E9C65A-3A75-41B5-8940-8019670F1376"}],"idsInOrderRow1":[{"id":"26DDB990-8430-49BB-8407-CF2305F09D6B"},{"id":"97ACFBE8-61B2-4376-B2F2-252F0AD19127"},{"id":"6F56DD57-16A2-41CE-B66D-9E9358D70CDC"}],"row3":[{"toDetailCollection":{},"id":"7E445A77-4790-480B-8919-B89102AD6927","fromDetail":{"output":{"arrow_keys":{"_0":"page_down"}},"display":"arrow.down","isSFSymbol":true}},{"id":"DCBC90EF-5FBB-4BAC-98AB-9F6FB133352E","toDetailCollection":{},"fromDetail":{"isSFSymbol":true,"display":"arrow.down.to.line","output":{"arrow_keys":{"_0":"end"}}}},{"fromDetail":{"display":"delete.right","isSFSymbol":true,"output":{"controls_and_symbols":{"_0":"delete_forward"}}},"id":"4064E54F-24C3-4BFD-BDE1-9F5EA38BD9D5","toDetailCollection":{}}],"idsInOrderRow3":[{"id":"4064E54F-24C3-4BFD-BDE1-9F5EA38BD9D5"},{"id":"DCBC90EF-5FBB-4BAC-98AB-9F6FB133352E"},{"id":"7E445A77-4790-480B-8919-B89102AD6927"}],"idsInOrderRow2":[{"id":"025702A3-94A9-4A44-9E2A-FF41BB2C736F"},{"id":"A81BF24A-3A74-4B7D-BCE1-489F536743B1"},{"id":"E60F0F40-2CE8-44F6-B954-CE024404E4F9"}],"row6":[{"toDetailCollection":{},"id":"55616D95-E407-46EF-96DA-749FFF039F3F","fromDetail":{"output":{"arrow_keys":{"_0":"right_arrow"}},"display":"arrowtriangle.right.fill","isSFSymbol":true}},{"fromDetail":{"display":"arrowtriangle.down.fill","isSFSymbol":true,"output":{"arrow_keys":{"_0":"down_arrow"}}},"id":"BAEA370E-B4AE-4F93-8CDB-85F3DF3043E7","toDetailCollection":{}},{"fromDetail":{"output":{"arrow_keys":{"_0":"left_arrow"}},"isSFSymbol":true,"display":"arrowtriangle.left.fill"},"id":"92CB2A74-FB50-4FFC-A1EC-7BA943EBB2B9","toDetailCollection":{}}],"row4":[],"enableArrowKeys":false,"rowIndex_arrow":{"row6":{}},"arrow_right":{"fromDetail":{"isSFSymbol":true,"output":{"arrow_keys":{"_0":"right_arrow"}},"display":"arrowtriangle.right.fill"},"id":"6CE7ABD9-3A1E-441E-AD82-0629A96D4AF5","toDetailCollection":{},"keyShape":"arrow_LR"},"idsInOrderRow4":[],"idsInOrderRow6":[{"id":"92CB2A74-FB50-4FFC-A1EC-7BA943EBB2B9"},{"id":"BAEA370E-B4AE-4F93-8CDB-85F3DF3043E7"},{"id":"55616D95-E407-46EF-96DA-749FFF039F3F"}],"row1":[{"id":"97ACFBE8-61B2-4376-B2F2-252F0AD19127","toDetailCollection":{},"fromDetail":{"display":"F14","output":{"function_keys":{"_0":"f14"}}}},{"id":"6F56DD57-16A2-41CE-B66D-9E9358D70CDC","toDetailCollection":{},"fromDetail":{"display":"F15","output":{"function_keys":{"_0":"f15"}}}},{"toDetailCollection":{},"id":"26DDB990-8430-49BB-8407-CF2305F09D6B","fromDetail":{"display":"F13","output":{"function_keys":{"_0":"f13"}}}}]},"isEnableTenkey":false,"isEnableSub":false,"mainRows":{"arrow_up":{"toDetailCollection":{},"fromDetail":{"isSFSymbol":true,"output":{"arrow_keys":{"_0":"up_arrow"}},"display":"arrowtriangle.up.fill"},"keyShape":"arrow_Up","id":"4CD596D2-5234-4072-AF20-0446F1BC2B8C"},"row1":[{"fromDetail":{"display":"F10","output":{"function_keys":{"_0":"f10"}}},"toDetailCollection":{},"id":"80D2796A-0F78-466A-A578-622763A070E3"},{"id":"F8DCF302-AB6F-4409-9595-EBEF2DEBD680","fromDetail":{"output":{"function_keys":{"_0":"f5"}},"display":"F5"},"toDetailCollection":{}},{"fromDetail":{"output":{"function_keys":{"_0":"f9"}},"display":"F9"},"id":"9555D12E-9C0D-47FB-A5EC-E96398E39E89","toDetailCollection":{}},{"fromDetail":{"output":{"function_keys":{"_0":"f8"}},"display":"F8"},"id":"F5B4E370-64A5-43BA-8658-24AF1C7A2935","toDetailCollection":{}},{"id":"D81507C9-5C07-4F09-8402-4DF18A51CDC4","unitSize":1.5,"fromDetail":{"output":{"controls_and_symbols":{"_0":"escape"}},"display":"escape","isSFSymbol":true},"toDetailCollection":{}},{"id":"8DDB5005-E5B9-4E24-9574-45B6ACC63260","fromDetail":{"display":"F2","output":{"function_keys":{"_0":"f2"}}},"toDetailCollection":{}},{"toDetailCollection":{},"id":"F0FB9E2B-DFA5-4861-BC49-D07409067A83","fromDetail":{"output":{"function_keys":{"_0":"f6"}},"display":"F6"}},{"toDetailCollection":{},"id":"F28B23AB-7F93-43D3-B8A7-1EB3DB1896AD","fromDetail":{"output":{"function_keys":{"_0":"f11"}},"display":"F11"}},{"id":"A24C7EB8-7B87-492C-9312-AA6EFF80C264","fromDetail":{"output":{"function_keys":{"_0":"f3"}},"display":"F3"},"toDetailCollection":{}},{"fromDetail":{"output":{"function_keys":{"_0":"f4"}},"display":"F4"},"toDetailCollection":{},"id":"D9A9646D-F5E6-4B25-B0FA-6E346303ECDD"},{"toDetailCollection":{},"id":"7D2F6D95-2C61-48FA-BFB5-F7D4774B50BB","fromDetail":{"display":"F7","output":{"function_keys":{"_0":"f7"}}}},{"fromDetail":{"display":"F1","output":{"function_keys":{"_0":"f1"}}},"id":"73AF61CC-C468-47CA-AF2D-B3C4EF9F4A91","toDetailCollection":{}},{"toDetailCollection":{},"fromDetail":{"display":"F12","output":{"function_keys":{"_0":"f12"}}},"id":"08A5B940-E4F4-42A4-8C85-27339C30AA13"}],"idsInOrderRow1":[{"id":"D81507C9-5C07-4F09-8402-4DF18A51CDC4"},{"id":"73AF61CC-C468-47CA-AF2D-B3C4EF9F4A91"},{"id":"8DDB5005-E5B9-4E24-9574-45B6ACC63260"},{"id":"A24C7EB8-7B87-492C-9312-AA6EFF80C264"},{"id":"D9A9646D-F5E6-4B25-B0FA-6E346303ECDD"},{"id":"F8DCF302-AB6F-4409-9595-EBEF2DEBD680"},{"id":"F0FB9E2B-DFA5-4861-BC49-D07409067A83"},{"id":"7D2F6D95-2C61-48FA-BFB5-F7D4774B50BB"},{"id":"F5B4E370-64A5-43BA-8658-24AF1C7A2935"},{"id":"9555D12E-9C0D-47FB-A5EC-E96398E39E89"},{"id":"80D2796A-0F78-466A-A578-622763A070E3"},{"id":"F28B23AB-7F93-43D3-B8A7-1EB3DB1896AD"},{"id":"08A5B940-E4F4-42A4-8C85-27339C30AA13"}],"rowIndex_arrow":{"row6":{}},"arrow_down":{"keyShape":"arrow_Down","fromDetail":{"output":{"arrow_keys":{"_0":"down_arrow"}},"isSFSymbol":true,"display":"arrowtriangle.down.fill"},"id":"DFD25A99-C83C-4AE0-A831-0F79EAB369A2","toDetailCollection":{}},"enableArrowKeys":true,"row6":[{"id":"385A93E1-718D-4880-868C-92A9937A025E","fromDetail":{"output":{"modifier_keys":{"_0":"left_option"}},"display":"option","isSFSymbol":true},"toDetailCollection":{}},{"id":"03D47CFA-D068-4401-9B64-A6CE79736C19","fromDetail":{"output":{"modifier_keys":{"_0":"right_option"}},"display":"option","isSFSymbol":true},"toDetailCollection":{}},{"unitSize":5,"toDetailCollection":{},"id":"4344B7AD-0A40-40CB-B137-B064D3A43D73","fromDetail":{"display":"␣","output":{"controls_and_symbols":{"_0":"spacebar"}}}},{"toDetailCollection":{},"fromDetail":{"output":{"modifier_keys":{"_0":"left_control"}},"display":"control","isSFSymbol":true},"id":"793C0D88-7A78-4AF7-A2C2-30A16AC1CD9D"},{"id":"98626F90-3A98-4595-99F6-D74023497068","fromDetail":{"isSFSymbol":true,"output":{"modifier_keys":{"_0":"keyboard_fn"}},"display":"globe"},"toDetailCollection":{}},{"id":"95EFEACA-143A-45C1-B79A-F206EBFF38E5","unitSize":1.25,"toDetailCollection":{},"fromDetail":{"isSFSymbol":true,"output":{"modifier_keys":{"_0":"right_command"}},"display":"command"}},{"toDetailCollection":{},"fromDetail":{"display":"command","isSFSymbol":true,"output":{"modifier_keys":{"_0":"left_command"}}},"unitSize":1.25,"id":"9A49081D-83E6-4135-B3DE-86126E98EE33"}],"row5":[{"toDetailCollection":{"condition0":{"layer0":{"withModifier_tap":{},"isCustomized_tap":true,"outputAndDisplay_tap":{"layerKey":"layer0","output":{"letter_keys":{"_0":"m"}},"display":"M"}}}},"fromDetail":{"output":{"letter_keys":{"_0":"m"}},"display":"M"},"id":"B1EACA4E-0F7A-43CD-91C0-C5CCA15C73D1"},{"fromDetail":{"display":"\/","output":{"controls_and_symbols":{"_0":"slash"}}},"id":"A057F89A-585B-4199-BACA-3A8934912C87","toDetailCollection":{"condition0":{"layer0":{"isCustomized_tap":true,"outputAndDisplay_tap":{"display":"Z","layerKey":"layer0","output":{"letter_keys":{"_0":"z"}}},"withModifier_tap":{}}}}},{"id":"B764BB15-58F4-4515-A7BF-3E5DCDD1A33F","fromDetail":{"output":{"controls_and_symbols":{"_0":"period"}},"display":"."},"toDetailCollection":{"condition0":{"layer0":{"isCustomized_tap":true,"withModifier_tap":{},"outputAndDisplay_tap":{"output":{"letter_keys":{"_0":"v"}},"layerKey":"layer0","display":"V"}}}}},{"toDetailCollection":{"condition0":{"layer0":{"withModifier_tap":{},"outputAndDisplay_tap":{"display":"K","layerKey":"layer0","output":{"letter_keys":{"_0":"k"}}},"isCustomized_tap":true}}},"id":"B8A46A25-755D-49D4-B2DF-F6D227EE568C","fromDetail":{"display":"V","output":{"letter_keys":{"_0":"v"}}}},{"id":"5B86B47B-1403-4513-ADAC-608B8A129FE5","fromDetail":{"output":{"letter_keys":{"_0":"b"}},"display":"B"},"toDetailCollection":{"condition0":{"layer0":{"isCustomized_tap":true,"outputAndDisplay_tap":{"layerKey":"layer0","output":{"letter_keys":{"_0":"x"}},"display":"X"},"withModifier_tap":{}}}}},{"id":"12D188E8-58DB-4540-BA80-D84D02908EA4","fromDetail":{"output":{"letter_keys":{"_0":"x"}},"display":"X"},"toDetailCollection":{"condition0":{"layer0":{"isCustomized_tap":true,"outputAndDisplay_tap":{"display":"Q","output":{"letter_keys":{"_0":"q"}},"layerKey":"layer0"},"withModifier_tap":{}}}}},{"id":"29DA3285-3C2E-472F-8D3D-F73F273901A0","fromDetail":{"output":{"modifier_keys":{"_0":"right_shift"}},"display":"shift","isSFSymbol":true},"unitSize":2.25,"toDetailCollection":{}},{"fromDetail":{"display":"Z","output":{"letter_keys":{"_0":"z"}}},"toDetailCollection":{"condition0":{"layer0":{"outputAndDisplay_tap":{"output":{"controls_and_symbols":{"_0":"semicolon"}},"display":";","layerKey":"layer0"},"isCustomized_tap":true,"withModifier_tap":{}}}},"id":"B14C2315-BD45-457B-A6FF-E9A0F8E5D24F"},{"id":"049AA69D-B269-4595-8AB9-69C245B484F5","toDetailCollection":{"condition0":{"layer0":{"outputAndDisplay_tap":{"layerKey":"layer0","display":"J","output":{"letter_keys":{"_0":"j"}}},"isCustomized_tap":true,"withModifier_tap":{}}}},"fromDetail":{"display":"C","output":{"letter_keys":{"_0":"c"}}}},{"id":"EBBF1274-7DCE-4444-B30E-469D34DC7E09","fromDetail":{"output":{"letter_keys":{"_0":"n"}},"display":"N"},"toDetailCollection":{"condition0":{"layer0":{"isCustomized_tap":true,"outputAndDisplay_tap":{"display":"B","output":{"letter_keys":{"_0":"b"}},"layerKey":"layer0"},"withModifier_tap":{}}}}},{"unitSize":2.25,"toDetailCollection":{},"id":"F67A2D97-79AD-4B6F-9B61-140BEB2D4435","fromDetail":{"display":"shift","isSFSymbol":true,"output":{"modifier_keys":{"_0":"left_shift"}}}},{"toDetailCollection":{"condition0":{"layer0":{"outputAndDisplay_tap":{"output":{"letter_keys":{"_0":"w"}},"layerKey":"layer0","display":"W"},"withModifier_tap":{},"isCustomized_tap":true}}},"id":"BD854D1E-0CBD-4ED4-8B02-36F294630818","fromDetail":{"output":{"controls_and_symbols":{"_0":"comma"}},"display":","}}],"idsInOrderRow4":[{"id":"9B3BB4F1-7035-4D3F-973A-D37CB10D8C01"},{"id":"C49142C0-B1C0-4756-9CEC-22D174CC7C32"},{"id":"70737C98-1251-427D-9DEF-1B456D68A088"},{"id":"6E3ABA35-B6C3-4E9A-8E97-44C1BF4E8FDF"},{"id":"12B2D596-0DD6-492B-8BC9-C5B7621FE993"},{"id":"4C01BB77-274A-4DA2-A12F-9CDB6C0D6F9C"},{"id":"43B5A24E-9C2C-43A4-B6F4-BF6DD3A7A70D"},{"id":"7CA110E3-1B12-4C61-946D-CDCA4A6D38E3"},{"id":"8060467E-BA05-45AD-B779-654FE9999AB8"},{"id":"AB975A05-AC23-47B5-8AE8-8A5A0886C751"},{"id":"31042806-36BA-418A-BBE9-0443F58595E1"},{"id":"E2B7A9AB-E708-49CF-95E4-CBAF9CA96ACA"},{"id":"E631DA0F-FB80-454D-8148-9F913226C7A4"}],"idsInOrderRow6":[{"id":"98626F90-3A98-4595-99F6-D74023497068"},{"id":"793C0D88-7A78-4AF7-A2C2-30A16AC1CD9D"},{"id":"385A93E1-718D-4880-868C-92A9937A025E"},{"id":"9A49081D-83E6-4135-B3DE-86126E98EE33"},{"id":"4344B7AD-0A40-40CB-B137-B064D3A43D73"},{"id":"95EFEACA-143A-45C1-B79A-F206EBFF38E5"},{"id":"03D47CFA-D068-4401-9B64-A6CE79736C19"}],"idsInOrderRow3":[{"id":"F381A093-0A14-4FDC-83A4-8DB8A98EA538"},{"id":"B9D03914-9EA9-4D6C-B68D-3B78D8982484"},{"id":"FE170C65-AAF5-4676-944C-A1F2C197F89E"},{"id":"8E79C463-0551-4D75-8351-4A34DD25C661"},{"id":"82BDD25E-3B1B-4BB9-812A-500CC238370C"},{"id":"D53E0708-1674-4B6D-A870-F3DE07C7B409"},{"id":"51429DBD-6024-4EA1-9B05-A1B1932A2461"},{"id":"02C40C7A-CC75-482C-9BC8-851F710C6B0B"},{"id":"2CC6A976-D43E-42A7-B63A-898B427C72D1"},{"id":"C1BCC0F6-FAE9-4536-8530-B476ED1ECCDA"},{"id":"C10C10F7-8A97-4012-8FAC-F178788BCA01"},{"id":"DA574136-9CB9-487F-B028-6AD972CB016B"},{"id":"4781F088-53CE-46DE-A323-D4F573A88060"},{"id":"9E2996F0-7F54-4FD0-B689-BE5254BB0F1A"}],"arrow_right":{"fromDetail":{"isSFSymbol":true,"output":{"arrow_keys":{"_0":"right_arrow"}},"display":"arrowtriangle.right.fill"},"id":"C0C51EDB-1E44-45E7-A626-1C6F20760A28","toDetailCollection":{},"keyShape":"arrow_LR"},"row3":[{"toDetailCollection":{"condition0":{"layer0":{"isCustomized_tap":true,"outputAndDisplay_tap":{"display":"P","output":{"letter_keys":{"_0":"p"}},"layerKey":"layer0"},"withModifier_tap":{}}}},"fromDetail":{"output":{"letter_keys":{"_0":"r"}},"display":"R"},"id":"82BDD25E-3B1B-4BB9-812A-500CC238370C"},{"fromDetail":{"display":"T","output":{"letter_keys":{"_0":"t"}}},"toDetailCollection":{"condition0":{"layer0":{"isCustomized_tap":true,"outputAndDisplay_tap":{"layerKey":"layer0","output":{"letter_keys":{"_0":"y"}},"display":"Y"},"withModifier_tap":{}}}},"id":"D53E0708-1674-4B6D-A870-F3DE07C7B409"},{"id":"02C40C7A-CC75-482C-9BC8-851F710C6B0B","fromDetail":{"output":{"letter_keys":{"_0":"u"}},"display":"U"},"toDetailCollection":{"condition0":{"layer0":{"outputAndDisplay_tap":{"layerKey":"layer0","output":{"letter_keys":{"_0":"g"}},"display":"G"},"withModifier_tap":{},"isCustomized_tap":true}}}},{"toDetailCollection":{"condition0":{"layer0":{"outputAndDisplay_tap":{"display":"L","layerKey":"layer0","output":{"letter_keys":{"_0":"l"}}},"withModifier_tap":{},"isCustomized_tap":true}}},"id":"C10C10F7-8A97-4012-8FAC-F178788BCA01","fromDetail":{"display":"P","output":{"letter_keys":{"_0":"p"}}}},{"id":"4781F088-53CE-46DE-A323-D4F573A88060","fromDetail":{"output":{"controls_and_symbols":{"_0":"close_square_bracket"}},"display":"]"},"toDetailCollection":{"condition0":{"layer0":{"outputAndDisplay_tap":{"output":{"controls_and_symbols":{"_0":"equal_sign"}},"layerKey":"layer0","display":"="},"withModifier_tap":{},"isCustomized_tap":true}}}},{"toDetailCollection":{"condition0":{"layer0":{"isCustomized_tap":true,"outputAndDisplay_tap":{"layerKey":"layer0","output":{"controls_and_symbols":{"_0":"comma"}},"display":","},"withModifier_tap":{}}}},"id":"FE170C65-AAF5-4676-944C-A1F2C197F89E","fromDetail":{"output":{"letter_keys":{"_0":"w"}},"display":"W"}},{"id":"8E79C463-0551-4D75-8351-4A34DD25C661","fromDetail":{"display":"E","output":{"letter_keys":{"_0":"e"}}},"toDetailCollection":{"condition0":{"layer0":{"withModifier_tap":{},"isCustomized_tap":true,"outputAndDisplay_tap":{"layerKey":"layer0","output":{"controls_and_symbols":{"_0":"period"}},"display":"."}}}}},{"fromDetail":{"output":{"letter_keys":{"_0":"q"}},"display":"Q"},"toDetailCollection":{"condition0":{"layer0":{"withModifier_tap":{},"isCustomized_tap":true,"outputAndDisplay_tap":{"output":{"controls_and_symbols":{"_0":"single_quotation"}},"display":"'","layerKey":"layer0"}}}},"id":"B9D03914-9EA9-4D6C-B68D-3B78D8982484"},{"fromDetail":{"display":"O","output":{"letter_keys":{"_0":"o"}}},"id":"C1BCC0F6-FAE9-4536-8530-B476ED1ECCDA","toDetailCollection":{"condition0":{"layer0":{"isCustomized_tap":true,"outputAndDisplay_tap":{"display":"R","output":{"letter_keys":{"_0":"r"}},"layerKey":"layer0"},"withModifier_tap":{}}}}},{"toDetailCollection":{},"fromDetail":{"display":"\\","output":{"controls_and_symbols":{"_0":"backslash_or_yen"}}},"id":"9E2996F0-7F54-4FD0-B689-BE5254BB0F1A"},{"fromDetail":{"display":"[","output":{"controls_and_symbols":{"_0":"open_square_bracket"}}},"id":"DA574136-9CB9-487F-B028-6AD972CB016B","toDetailCollection":{"condition0":{"layer0":{"outputAndDisplay_tap":{"display":"\/","layerKey":"layer0","output":{"controls_and_symbols":{"_0":"slash"}}},"withModifier_tap":{},"isCustomized_tap":true}}}},{"toDetailCollection":{},"unitSize":1.5,"id":"F381A093-0A14-4FDC-83A4-8DB8A98EA538","fromDetail":{"isSFSymbol":true,"display":"arrow.right.to.line","output":{"controls_and_symbols":{"_0":"tab"}}}},{"id":"2CC6A976-D43E-42A7-B63A-898B427C72D1","fromDetail":{"output":{"letter_keys":{"_0":"i"}},"display":"I"},"toDetailCollection":{"condition0":{"layer0":{"isCustomized_tap":true,"withModifier_tap":{},"outputAndDisplay_tap":{"layerKey":"layer0","output":{"letter_keys":{"_0":"k"}},"display":"K"}}}}},{"toDetailCollection":{"condition0":{"layer0":{"outputAndDisplay_tap":{"display":"F","layerKey":"layer0","output":{"letter_keys":{"_0":"f"}}},"withModifier_tap":{},"isCustomized_tap":true}}},"id":"51429DBD-6024-4EA1-9B05-A1B1932A2461","fromDetail":{"output":{"letter_keys":{"_0":"y"}},"display":"Y"}}],"row2":[{"id":"BBD9A46D-12C9-4F6B-811F-C4A84FC33C47","toDetailCollection":{},"fromDetail":{"output":{"number_keys":{"_0":"eight"}},"display":"8"}},{"id":"D6FE7830-4B27-467D-8F6B-6F13C37B514E","toDetailCollection":{},"fromDetail":{"display":"3","output":{"number_keys":{"_0":"three"}}}},{"fromDetail":{"output":{"number_keys":{"_0":"two"}},"display":"2"},"toDetailCollection":{},"id":"2A7219E5-7E8D-407E-91C2-B33B22C25B6D"},{"toDetailCollection":{},"fromDetail":{"output":{"number_keys":{"_0":"six"}},"display":"6"},"id":"4CDDF8AF-9D36-4172-89E8-1616C81C4E6D"},{"id":"5F5FC175-46F9-4F88-9ECF-16F1F67484D1","fromDetail":{"output":{"number_keys":{"_0":"nine"}},"display":"9"},"toDetailCollection":{}},{"id":"6181BBD1-65EC-4DB1-9071-087E63634533","fromDetail":{"output":{"number_keys":{"_0":"seven"}},"display":"7"},"toDetailCollection":{}},{"fromDetail":{"output":{"controls_and_symbols":{"_0":"equal_sign_or_caret"}},"display":"="},"toDetailCollection":{"condition0":{"layer0":{"isCustomized_tap":true,"outputAndDisplay_tap":{"output":{"controls_and_symbols":{"_0":"close_square_bracket"}},"display":"]","layerKey":"layer0"},"withModifier_tap":{}}}},"id":"0E862A29-5B89-454B-A90A-585B3DC8752F"},{"toDetailCollection":{},"id":"D8965C13-2967-4567-8990-0BAC43829933","fromDetail":{"output":{"number_keys":{"_0":"four"}},"display":"4"}},{"id":"E0D5FFF7-5C09-42E7-8F10-608971BD98C6","fromDetail":{"output":{"controls_and_symbols":{"_0":"grave_accent"}},"display":"`"},"toDetailCollection":{}},{"id":"FBA68FB9-9B4F-4F49-BC74-3229C6C24C3B","fromDetail":{"display":"1","output":{"number_keys":{"_0":"one"}}},"toDetailCollection":{}},{"id":"B43325A0-F3BA-469D-A723-AD9F6882BF4D","fromDetail":{"output":{"number_keys":{"_0":"five"}},"display":"5"},"toDetailCollection":{}},{"toDetailCollection":{},"id":"32B6D2E3-AE8F-4A58-8D0A-77FA567D80CA","fromDetail":{"display":"delete.left","isSFSymbol":true,"output":{"controls_and_symbols":{"_0":"delete_or_backspace"}}},"unitSize":1.5},{"fromDetail":{"output":{"controls_and_symbols":{"_0":"hyphen"}},"display":"-"},"id":"B49EADB9-05C1-4E3E-AB3E-BC1BB1A877C4","toDetailCollection":{"condition0":{"layer0":{"withModifier_tap":{},"outputAndDisplay_tap":{"layerKey":"layer0","display":"[","output":{"controls_and_symbols":{"_0":"open_square_bracket"}}},"isCustomized_tap":true}}}},{"toDetailCollection":{},"id":"27D47BC2-1DF3-44B0-BA27-F3BBAEDA6EDB","fromDetail":{"output":{"number_keys":{"_0":"zero"}},"display":"0"}}],"idsInOrderRow2":[{"id":"E0D5FFF7-5C09-42E7-8F10-608971BD98C6"},{"id":"FBA68FB9-9B4F-4F49-BC74-3229C6C24C3B"},{"id":"2A7219E5-7E8D-407E-91C2-B33B22C25B6D"},{"id":"D6FE7830-4B27-467D-8F6B-6F13C37B514E"},{"id":"D8965C13-2967-4567-8990-0BAC43829933"},{"id":"B43325A0-F3BA-469D-A723-AD9F6882BF4D"},{"id":"4CDDF8AF-9D36-4172-89E8-1616C81C4E6D"},{"id":"6181BBD1-65EC-4DB1-9071-087E63634533"},{"id":"BBD9A46D-12C9-4F6B-811F-C4A84FC33C47"},{"id":"5F5FC175-46F9-4F88-9ECF-16F1F67484D1"},{"id":"27D47BC2-1DF3-44B0-BA27-F3BBAEDA6EDB"},{"id":"B49EADB9-05C1-4E3E-AB3E-BC1BB1A877C4"},{"id":"0E862A29-5B89-454B-A90A-585B3DC8752F"},{"id":"32B6D2E3-AE8F-4A58-8D0A-77FA567D80CA"}],"idsInOrderRow5":[{"id":"F67A2D97-79AD-4B6F-9B61-140BEB2D4435"},{"id":"B14C2315-BD45-457B-A6FF-E9A0F8E5D24F"},{"id":"12D188E8-58DB-4540-BA80-D84D02908EA4"},{"id":"049AA69D-B269-4595-8AB9-69C245B484F5"},{"id":"B8A46A25-755D-49D4-B2DF-F6D227EE568C"},{"id":"5B86B47B-1403-4513-ADAC-608B8A129FE5"},{"id":"EBBF1274-7DCE-4444-B30E-469D34DC7E09"},{"id":"B1EACA4E-0F7A-43CD-91C0-C5CCA15C73D1"},{"id":"BD854D1E-0CBD-4ED4-8B02-36F294630818"},{"id":"B764BB15-58F4-4515-A7BF-3E5DCDD1A33F"},{"id":"A057F89A-585B-4199-BACA-3A8934912C87"},{"id":"29DA3285-3C2E-472F-8D3D-F73F273901A0"}],"row4":[{"id":"6E3ABA35-B6C3-4E9A-8E97-44C1BF4E8FDF","toDetailCollection":{"condition0":{"layer0":{"isCustomized_tap":true,"outputAndDisplay_tap":{"display":"E","output":{"letter_keys":{"_0":"e"}},"layerKey":"layer0"},"withModifier_tap":{}}}},"fromDetail":{"display":"D","output":{"letter_keys":{"_0":"d"}}}},{"id":"7CA110E3-1B12-4C61-946D-CDCA4A6D38E3","toDetailCollection":{"condition0":{"layer0":{"isCustomized_tap":true,"outputAndDisplay_tap":{"layerKey":"layer0","display":"H","output":{"letter_keys":{"_0":"h"}}},"withModifier_tap":{}}}},"fromDetail":{"display":"J","output":{"letter_keys":{"_0":"j"}}}},{"toDetailCollection":{},"fromDetail":{"display":"A","output":{"letter_keys":{"_0":"a"}}},"id":"C49142C0-B1C0-4756-9CEC-22D174CC7C32"},{"id":"AB975A05-AC23-47B5-8AE8-8A5A0886C751","toDetailCollection":{"condition0":{"layer0":{"outputAndDisplay_tap":{"output":{"letter_keys":{"_0":"n"}},"display":"N","layerKey":"layer0"},"isCustomized_tap":true,"withModifier_tap":{}}}},"fromDetail":{"display":"L","output":{"letter_keys":{"_0":"l"}}}},{"toDetailCollection":{"condition0":{"layer0":{"withModifier_tap":{},"outputAndDisplay_tap":{"output":{"letter_keys":{"_0":"s"}},"display":"S","layerKey":"layer0"},"isCustomized_tap":true}}},"fromDetail":{"output":{"controls_and_symbols":{"_0":"semicolon"}},"display":";"},"id":"31042806-36BA-418A-BBE9-0443F58595E1"},{"toDetailCollection":{"condition0":{"layer0":{"withModifier_tap":{},"isCustomized_tap":true,"outputAndDisplay_tap":{"output":{"letter_keys":{"_0":"u"}},"display":"U","layerKey":"layer0"}}}},"id":"12B2D596-0DD6-492B-8BC9-C5B7621FE993","fromDetail":{"display":"F","output":{"letter_keys":{"_0":"f"}}}},{"id":"4C01BB77-274A-4DA2-A12F-9CDB6C0D6F9C","fromDetail":{"output":{"letter_keys":{"_0":"g"}},"display":"G"},"toDetailCollection":{"condition0":{"layer0":{"withModifier_tap":{},"isCustomized_tap":true,"outputAndDisplay_tap":{"output":{"letter_keys":{"_0":"i"}},"display":"I","layerKey":"layer0"}}}}},{"fromDetail":{"display":"H","output":{"letter_keys":{"_0":"h"}}},"id":"43B5A24E-9C2C-43A4-B6F4-BF6DD3A7A70D","toDetailCollection":{"condition0":{"layer0":{"withModifier_tap":{},"isCustomized_tap":true,"outputAndDisplay_tap":{"layerKey":"layer0","output":{"letter_keys":{"_0":"d"}},"display":"D"}}}}},{"id":"9B3BB4F1-7035-4D3F-973A-D37CB10D8C01","fromDetail":{"isSFSymbol":true,"display":"capslock","output":{"modifier_keys":{"_0":"caps_lock"}}},"unitSize":1.75,"toDetailCollection":{}},{"toDetailCollection":{"condition0":{"layer0":{"withModifier_tap":{},"isCustomized_tap":true,"outputAndDisplay_tap":{"display":"O","output":{"letter_keys":{"_0":"o"}},"layerKey":"layer0"}}}},"id":"70737C98-1251-427D-9DEF-1B456D68A088","fromDetail":{"output":{"letter_keys":{"_0":"s"}},"display":"S"}},{"toDetailCollection":{"condition0":{"layer0":{"withModifier_tap":{},"outputAndDisplay_tap":{"display":"-","layerKey":"layer0","output":{"controls_and_symbols":{"_0":"hyphen"}}},"isCustomized_tap":true}}},"fromDetail":{"display":"'","output":{"controls_and_symbols":{"_0":"single_quotation_or_colon"}}},"id":"E2B7A9AB-E708-49CF-95E4-CBAF9CA96ACA"},{"toDetailCollection":{},"unitSize":1.75,"fromDetail":{"isSFSymbol":true,"output":{"controls_and_symbols":{"_0":"return_or_enter"}},"display":"return"},"id":"E631DA0F-FB80-454D-8148-9F913226C7A4"},{"id":"8060467E-BA05-45AD-B779-654FE9999AB8","toDetailCollection":{"condition0":{"layer0":{"outputAndDisplay_tap":{"output":{"letter_keys":{"_0":"t"}},"display":"T","layerKey":"layer0"},"isCustomized_tap":true,"withModifier_tap":{}}}},"fromDetail":{"display":"K","output":{"letter_keys":{"_0":"k"}}}}],"arrow_left":{"keyShape":"arrow_LR","fromDetail":{"display":"arrowtriangle.left.fill","isSFSymbol":true,"output":{"arrow_keys":{"_0":"left_arrow"}}},"id":"7553608F-1365-4544-B915-AB6B43915D4E","toDetailCollection":{}}},"tenkeyRows":{"row6":[{"fromDetail":{"display":".","output":{"keypad_keys":{"_0":"keypad_period"}}},"id":"D317ACE4-35A1-4A24-9F6A-230F2147E770","toDetailCollection":{}},{"unitSize":2,"fromDetail":{"output":{"keypad_keys":{"_0":"keypad_0"}},"display":"0"},"id":"230C05D6-B59E-4E58-976A-241C47E9D658","toDetailCollection":{}}],"idsInOrderRow4":[{"id":"EED1A98E-73CA-4C13-90F0-CD652F1646E8"},{"id":"D37438A0-4A1C-4D5D-B878-AA3263AB45F1"},{"id":"42792D7F-12CB-4121-8CE2-BBE452885776"},{"id":"A5C4B179-3108-44A8-B488-B786447D6C08"}],"arrow_up":{"keyShape":"arrow_Up","fromDetail":{"output":{"arrow_keys":{"_0":"up_arrow"}},"display":"arrowtriangle.up.fill","isSFSymbol":true},"toDetailCollection":{},"id":"373A58DC-2D9B-4DC2-BD5A-510AC4223774"},"row1":[{"fromDetail":{"output":{"function_keys":{"_0":"f17"}},"display":"F17"},"toDetailCollection":{},"id":"A8F07D10-15F8-41AB-A47B-529A8471150E"},{"id":"8625AEFF-58DE-466B-9089-62594ACA7A8C","toDetailCollection":{},"fromDetail":{"display":"F18","output":{"function_keys":{"_0":"f18"}}}},{"fromDetail":{"display":"F16","output":{"function_keys":{"_0":"f16"}}},"toDetailCollection":{},"id":"8B88E29D-CC48-4FB7-9D8D-84AE73E4BE78"},{"toDetailCollection":{},"fromDetail":{"display":"F19","output":{"function_keys":{"_0":"f19"}}},"id":"7A877A1D-2C74-4193-A19C-68E557399486"}],"idsInOrderRow5":[{"id":"318E15FB-E330-4EFB-B12C-55F0DB973100"},{"id":"48A8D266-6665-441C-B39E-7ADA9E77431B"},{"id":"B420B890-F54A-4B75-BE00-B55F9C105191"},{"id":"FEE0493E-2508-46F2-9367-76D2737BD700"}],"rowIndex_arrow":{"row6":{}},"row5":[{"id":"B420B890-F54A-4B75-BE00-B55F9C105191","toDetailCollection":{},"fromDetail":{"display":"3","output":{"keypad_keys":{"_0":"keypad_3"}}}},{"toDetailCollection":{},"fromDetail":{"display":"1","output":{"keypad_keys":{"_0":"keypad_1"}}},"id":"318E15FB-E330-4EFB-B12C-55F0DB973100"},{"fromDetail":{"display":"2","output":{"keypad_keys":{"_0":"keypad_2"}}},"id":"48A8D266-6665-441C-B39E-7ADA9E77431B","toDetailCollection":{}},{"toDetailCollection":{},"id":"FEE0493E-2508-46F2-9367-76D2737BD700","fromDetail":{"output":{"keypad_keys":{"_0":"keypad_enter"}},"display":"projective","isSFSymbol":true},"keyShape":"enter_Tenkey"}],"row4":[{"toDetailCollection":{},"fromDetail":{"output":{"keypad_keys":{"_0":"keypad_4"}},"display":"4"},"id":"EED1A98E-73CA-4C13-90F0-CD652F1646E8"},{"toDetailCollection":{},"fromDetail":{"output":{"keypad_keys":{"_0":"keypad_plus"}},"display":"+"},"id":"A5C4B179-3108-44A8-B488-B786447D6C08"},{"fromDetail":{"display":"5","output":{"keypad_keys":{"_0":"keypad_5"}}},"id":"D37438A0-4A1C-4D5D-B878-AA3263AB45F1","toDetailCollection":{}},{"id":"42792D7F-12CB-4121-8CE2-BBE452885776","toDetailCollection":{},"fromDetail":{"output":{"keypad_keys":{"_0":"keypad_6"}},"display":"6"}}],"enableArrowKeys":false,"idsInOrderRow1":[{"id":"8B88E29D-CC48-4FB7-9D8D-84AE73E4BE78"},{"id":"A8F07D10-15F8-41AB-A47B-529A8471150E"},{"id":"8625AEFF-58DE-466B-9089-62594ACA7A8C"},{"id":"7A877A1D-2C74-4193-A19C-68E557399486"}],"idsInOrderRow2":[{"id":"16184F27-907E-4B8B-ABA4-0EDDF445CBD4"},{"id":"DA82FA87-E856-4E2F-A8D1-C87CC662F44F"},{"id":"7B94E812-D4D7-4447-8463-8D66D444EB0A"},{"id":"9FABAB6D-A07D-44D3-B06F-151ED014F104"}],"arrow_right":{"fromDetail":{"output":{"arrow_keys":{"_0":"right_arrow"}},"display":"arrowtriangle.right.fill","isSFSymbol":true},"id":"17E86AA2-518F-47EF-961C-F911F6764A80","toDetailCollection":{},"keyShape":"arrow_LR"},"row3":[{"fromDetail":{"display":"9","output":{"keypad_keys":{"_0":"keypad_9"}}},"toDetailCollection":{},"id":"2905F166-D470-49C3-96E3-829E8ADD3E3D"},{"id":"70829C45-CAB4-4B0C-B07A-F84BE3A780E5","fromDetail":{"output":{"keypad_keys":{"_0":"keypad_8"}},"display":"8"},"toDetailCollection":{}},{"toDetailCollection":{},"fromDetail":{"output":{"keypad_keys":{"_0":"keypad_7"}},"display":"7"},"id":"20ACC45B-570A-44F8-8FAF-2190C1298018"},{"fromDetail":{"output":{"keypad_keys":{"_0":"keypad_hyphen"}},"display":"-"},"toDetailCollection":{},"id":"6E2CC16F-10D3-46D0-AC42-C2079BBF839A"}],"idsInOrderRow3":[{"id":"20ACC45B-570A-44F8-8FAF-2190C1298018"},{"id":"70829C45-CAB4-4B0C-B07A-F84BE3A780E5"},{"id":"2905F166-D470-49C3-96E3-829E8ADD3E3D"},{"id":"6E2CC16F-10D3-46D0-AC42-C2079BBF839A"}],"idsInOrderRow6":[{"id":"230C05D6-B59E-4E58-976A-241C47E9D658"},{"id":"D317ACE4-35A1-4A24-9F6A-230F2147E770"}],"row2":[{"fromDetail":{"display":"\/","output":{"keypad_keys":{"_0":"keypad_slash"}}},"toDetailCollection":{},"id":"7B94E812-D4D7-4447-8463-8D66D444EB0A"},{"id":"16184F27-907E-4B8B-ABA4-0EDDF445CBD4","toDetailCollection":{},"fromDetail":{"display":"clear","output":{"others":{"_0":"clear"}}}},{"fromDetail":{"output":{"keypad_keys":{"_0":"keypad_asterisk"}},"display":"*"},"id":"9FABAB6D-A07D-44D3-B06F-151ED014F104","toDetailCollection":{}},{"toDetailCollection":{},"id":"DA82FA87-E856-4E2F-A8D1-C87CC662F44F","fromDetail":{"display":"=","output":{"keypad_keys":{"_0":"keypad_equal_sign"}}}}],"arrow_down":{"keyShape":"arrow_Down","toDetailCollection":{},"id":"399B2537-E251-4BB4-A2A5-43DE1B1966D3","fromDetail":{"isSFSymbol":true,"output":{"arrow_keys":{"_0":"down_arrow"}},"display":"arrowtriangle.down.fill"}},"arrow_left":{"keyShape":"arrow_LR","toDetailCollection":{},"fromDetail":{"display":"arrowtriangle.left.fill","isSFSymbol":true,"output":{"arrow_keys":{"_0":"left_arrow"}}},"id":"34A9B6D2-91A3-411A-BEE4-CA7EFB8DCF70"}}},"mouse":{"sectionDetail":{"section":{"mouse":{}},"deviceDetail":{"is_vendor_id_Enabled":false,"device_name":"mouse","is_location_id_Enabled":false,"product_id":"product_id","is_product_id_Enabled":false,"location_id":"location_id","vendor_id":"vendor_id","is_builtin_keyboard":false}},"isEnableSub":false,"isEnableTenkey":false,"isEnableMain":true,"mainRows":{"idsInOrderRow6":[],"arrow_left":{"keyShape":"arrow_LR","fromDetail":{"output":{"arrow_keys":{"_0":"left_arrow"}},"display":"arrowtriangle.left.fill","isSFSymbol":true},"toDetailCollection":{},"id":"6C9CC165-C730-4C18-A957-558B7968B279"},"arrow_right":{"keyShape":"arrow_LR","fromDetail":{"display":"arrowtriangle.right.fill","output":{"arrow_keys":{"_0":"right_arrow"}},"isSFSymbol":true},"toDetailCollection":{},"id":"07FF188F-845C-4566-B14E-DC1B62ED8115"},"row4":[{"id":"82925448-EB4B-4375-B263-F7A4188D96F1","fromDetail":{"output":{"letter_keys":{"_0":"a"}},"display":"A"},"toDetailCollection":{},"isSpacer":true}],"row3":[{"toDetailCollection":{},"isSpacer":true,"fromDetail":{"display":"A","output":{"letter_keys":{"_0":"a"}}},"id":"3764C4ED-D228-45A6-86B8-D61208F965B4"}],"row5":[],"rowIndex_arrow":{"row6":{}},"row6":[],"arrow_down":{"id":"4D397B4B-E553-4384-8D97-F6D4B071DBCA","toDetailCollection":{},"keyShape":"arrow_Down","fromDetail":{"display":"arrowtriangle.down.fill","isSFSymbol":true,"output":{"arrow_keys":{"_0":"down_arrow"}}}},"enableArrowKeys":false,"idsInOrderRow4":[{"id":"82925448-EB4B-4375-B263-F7A4188D96F1"}],"row2":[{"id":"B89E5438-DCA2-4C82-A83D-20E5A20E70F3","fromDetail":{"output":{"letter_keys":{"_0":"a"}},"display":"A"},"toDetailCollection":{},"isSpacer":true,"unitSize":0.5},{"fromDetail":{"output":{"mouse_buttons":{"_0":"button3"}},"display":"M click"},"toDetailCollection":{},"id":"22A227BA-FD11-4BA0-9DE9-73931EA94378"}],"row1":[{"fromDetail":{"output":{"mouse_buttons":{"_0":"button1"}},"display":"L click"},"toDetailCollection":{},"id":"3B0BB6D8-8EC9-4914-A8CC-950BB0C816BA"},{"id":"2AEEE9E1-D0A6-44EC-951B-37085D1B428C","fromDetail":{"output":{"mouse_buttons":{"_0":"button2"}},"display":"R click"},"toDetailCollection":{}}],"idsInOrderRow3":[{"id":"3764C4ED-D228-45A6-86B8-D61208F965B4"}],"idsInOrderRow1":[{"id":"3B0BB6D8-8EC9-4914-A8CC-950BB0C816BA"},{"id":"2AEEE9E1-D0A6-44EC-951B-37085D1B428C"}],"arrow_up":{"fromDetail":{"display":"arrowtriangle.up.fill","output":{"arrow_keys":{"_0":"up_arrow"}},"isSFSymbol":true},"id":"DBD977C2-3B0A-4332-97A7-917BDF3CA42C","keyShape":"arrow_Up","toDetailCollection":{}},"idsInOrderRow5":[],"idsInOrderRow2":[{"id":"B89E5438-DCA2-4C82-A83D-20E5A20E70F3"},{"id":"22A227BA-FD11-4BA0-9DE9-73931EA94378"}]},"subRows":{"arrow_left":{"fromDetail":{"output":{"arrow_keys":{"_0":"left_arrow"}},"isSFSymbol":true,"display":"arrowtriangle.left.fill"},"toDetailCollection":{},"id":"6F3829F1-B534-409C-83DB-D23B2DA0CD3E","keyShape":"arrow_LR"},"arrow_right":{"fromDetail":{"isSFSymbol":true,"display":"arrowtriangle.right.fill","output":{"arrow_keys":{"_0":"right_arrow"}}},"keyShape":"arrow_LR","toDetailCollection":{},"id":"93F65F32-F748-4717-9F44-A6399F1845BB"},"idsInOrderRow5":[{"id":"25C6E488-C0B9-4AF9-B5E6-1105797E1249"}],"row5":[{"fromDetail":{"display":"A","output":{"letter_keys":{"_0":"a"}}},"toDetailCollection":{},"id":"25C6E488-C0B9-4AF9-B5E6-1105797E1249"}],"row3":[{"toDetailCollection":{},"fromDetail":{"display":"A","output":{"letter_keys":{"_0":"a"}}},"id":"26056DB3-55FD-435E-B8A4-AE38D59EB984"}],"idsInOrderRow2":[{"id":"5E3153DD-6762-4948-B720-B151F1C2E93B"}],"idsInOrderRow4":[{"id":"C5B21167-16AE-4249-B9B0-C40FE3F9E608"}],"enableArrowKeys":false,"idsInOrderRow1":[{"id":"F8174AD7-1CA2-4317-A747-2CA8AE532FC1"}],"arrow_up":{"fromDetail":{"display":"arrowtriangle.up.fill","output":{"arrow_keys":{"_0":"up_arrow"}},"isSFSymbol":true},"toDetailCollection":{},"id":"052B9EB6-137C-458F-BD0D-0CABAA697EA5","keyShape":"arrow_Up"},"row1":[{"id":"F8174AD7-1CA2-4317-A747-2CA8AE532FC1","fromDetail":{"output":{"letter_keys":{"_0":"a"}},"display":"A"},"toDetailCollection":{}}],"arrow_down":{"id":"01BBA213-270E-4C6A-B06A-4F7DDF4EAE26","fromDetail":{"isSFSymbol":true,"output":{"arrow_keys":{"_0":"down_arrow"}},"display":"arrowtriangle.down.fill"},"toDetailCollection":{},"keyShape":"arrow_Down"},"row2":[{"fromDetail":{"display":"A","output":{"letter_keys":{"_0":"a"}}},"toDetailCollection":{},"id":"5E3153DD-6762-4948-B720-B151F1C2E93B"}],"idsInOrderRow6":[{"id":"26E96210-3F3B-4927-B4E0-9E98BE3C4B5F"}],"idsInOrderRow3":[{"id":"26056DB3-55FD-435E-B8A4-AE38D59EB984"}],"rowIndex_arrow":{"row6":{}},"row6":[{"fromDetail":{"display":"A","output":{"letter_keys":{"_0":"a"}}},"toDetailCollection":{},"id":"26E96210-3F3B-4927-B4E0-9E98BE3C4B5F"}],"row4":[{"id":"C5B21167-16AE-4249-B9B0-C40FE3F9E608","toDetailCollection":{},"fromDetail":{"display":"A","output":{"letter_keys":{"_0":"a"}}}}]},"tenkeyRows":{"idsInOrderRow2":[{"id":"3CDB33FB-B2A7-4E80-98F6-1B54BA9C8630"}],"enableArrowKeys":false,"rowIndex_arrow":{"row6":{}},"row3":[{"id":"A4034906-717E-40CC-BCC1-3EDEEEA4B887","fromDetail":{"display":"A","output":{"letter_keys":{"_0":"a"}}},"toDetailCollection":{}}],"row2":[{"id":"3CDB33FB-B2A7-4E80-98F6-1B54BA9C8630","fromDetail":{"output":{"letter_keys":{"_0":"a"}},"display":"A"},"toDetailCollection":{}}],"row4":[{"fromDetail":{"output":{"letter_keys":{"_0":"a"}},"display":"A"},"toDetailCollection":{},"id":"12C385E0-7345-466C-9501-D4EC2D856CB6"}],"arrow_down":{"fromDetail":{"output":{"arrow_keys":{"_0":"down_arrow"}},"display":"arrowtriangle.down.fill","isSFSymbol":true},"keyShape":"arrow_Down","id":"61C2CD8E-DFC4-4794-B24A-108FD8C5BEDF","toDetailCollection":{}},"row5":[{"fromDetail":{"output":{"letter_keys":{"_0":"a"}},"display":"A"},"toDetailCollection":{},"id":"A8B4B733-5D18-4D64-919D-3116EDA7AE53"}],"arrow_left":{"toDetailCollection":{},"fromDetail":{"output":{"arrow_keys":{"_0":"left_arrow"}},"display":"arrowtriangle.left.fill","isSFSymbol":true},"id":"9D4C8B60-2F16-4F4A-AD3F-91E5C3AE399F","keyShape":"arrow_LR"},"row6":[{"id":"ACE9DC82-D381-4FE2-A2C3-315EC5B52624","toDetailCollection":{},"fromDetail":{"output":{"letter_keys":{"_0":"a"}},"display":"A"}}],"idsInOrderRow6":[{"id":"ACE9DC82-D381-4FE2-A2C3-315EC5B52624"}],"idsInOrderRow5":[{"id":"A8B4B733-5D18-4D64-919D-3116EDA7AE53"}],"row1":[{"id":"FBA23F4A-F413-4071-9AED-AC42B5A97661","toDetailCollection":{},"fromDetail":{"display":"A","output":{"letter_keys":{"_0":"a"}}}}],"idsInOrderRow3":[{"id":"A4034906-717E-40CC-BCC1-3EDEEEA4B887"}],"arrow_up":{"fromDetail":{"output":{"arrow_keys":{"_0":"up_arrow"}},"display":"arrowtriangle.up.fill","isSFSymbol":true},"keyShape":"arrow_Up","toDetailCollection":{},"id":"C03C5B6C-E04E-4A59-99A9-19F04ACAB244"},"idsInOrderRow4":[{"id":"12C385E0-7345-466C-9501-D4EC2D856CB6"}],"arrow_right":{"keyShape":"arrow_LR","toDetailCollection":{},"id":"3607AAB3-0145-417B-BA54-E124F70E5E4E","fromDetail":{"output":{"arrow_keys":{"_0":"right_arrow"}},"display":"arrowtriangle.right.fill","isSFSymbol":true}},"idsInOrderRow1":[{"id":"FBA23F4A-F413-4071-9AED-AC42B5A97661"}]}},"keycodeRegion":"ANSI","other":{"sectionDetail":{"deviceDetail":{"is_vendor_id_Enabled":false,"device_name":"otherDevice","vendor_id":"vendor_id","is_location_id_Enabled":false,"is_builtin_keyboard":false,"product_id":"product_id","location_id":"location_id","is_product_id_Enabled":false},"section":{"other":{}}},"isEnableSub":false,"mainRows":{"idsInOrderRow5":[{"id":"0C99F284-092D-4A54-969F-BD0F63404AE5"},{"id":"A11089E3-0CF5-4C55-8966-FEC28E12E252"},{"id":"B3F3A56A-E7F7-4DEF-A9E6-3DEF04B827A9"},{"id":"51732271-A2B7-42D9-81B3-F72407C7FED5"}],"arrow_right":{"fromDetail":{"output":{"arrow_keys":{"_0":"right_arrow"}},"isSFSymbol":true,"display":"arrowtriangle.right.fill"},"keyShape":"arrow_LR","toDetailCollection":{},"id":"2127AD61-2015-4178-91CE-B11F2138A222"},"rowIndex_arrow":{"row6":{}},"row6":[{"id":"6ABD03C2-A99E-41A4-B31C-E015ECE60F4B","toDetailCollection":{},"fromDetail":{"output":{"keypad_keys":{"_0":"keypad_period"}},"display":"."}},{"unitSize":2,"fromDetail":{"output":{"keypad_keys":{"_0":"keypad_0"}},"display":"0"},"id":"C7B51C36-C147-46C0-9F9E-14957E22A59B","toDetailCollection":{}}],"row2":[{"toDetailCollection":{},"id":"AEF40A46-398F-4522-BEF4-91895BDDCD8F","fromDetail":{"display":"\/","output":{"keypad_keys":{"_0":"keypad_slash"}}}},{"id":"D430DDBB-42CA-49E7-88B6-D284D7D09DC1","fromDetail":{"display":"clear","output":{"others":{"_0":"clear"}}},"toDetailCollection":{}},{"id":"411344FA-5E7D-4180-BE8D-95DBCF5C9BC3","fromDetail":{"display":"*","output":{"keypad_keys":{"_0":"keypad_asterisk"}}},"toDetailCollection":{}},{"id":"BEDD0899-1706-4271-B9FF-AFA9E75377F0","fromDetail":{"output":{"keypad_keys":{"_0":"keypad_equal_sign"}},"display":"="},"toDetailCollection":{}}],"idsInOrderRow2":[{"id":"D430DDBB-42CA-49E7-88B6-D284D7D09DC1"},{"id":"BEDD0899-1706-4271-B9FF-AFA9E75377F0"},{"id":"AEF40A46-398F-4522-BEF4-91895BDDCD8F"},{"id":"411344FA-5E7D-4180-BE8D-95DBCF5C9BC3"}],"idsInOrderRow4":[{"id":"A6424DCE-7CA2-41AA-A0D8-5551CDCE83D3"},{"id":"7D2A41C2-F981-44D2-9933-A4CB0A32C4F6"},{"id":"A59A6251-661F-4271-BCF9-87F41B2215F8"},{"id":"03510C87-F143-4A60-8CC4-268C113A9586"}],"row1":[{"toDetailCollection":{},"id":"C19D8F95-0940-46E0-AFC7-04D5F32C975C","fromDetail":{"output":{"function_keys":{"_0":"f18"}},"display":"F18"}},{"fromDetail":{"output":{"function_keys":{"_0":"f16"}},"display":"F16"},"toDetailCollection":{},"id":"3E6329C2-8EFB-4500-B9FB-113543C6E276"},{"toDetailCollection":{},"fromDetail":{"output":{"function_keys":{"_0":"f19"}},"display":"F19"},"id":"985AA3B7-8305-4CE7-B30D-EEFF15E882C8"},{"fromDetail":{"display":"F17","output":{"function_keys":{"_0":"f17"}}},"id":"77ABB915-F857-4AFE-9448-D46081D2CCFE","toDetailCollection":{}}],"row4":[{"id":"A59A6251-661F-4271-BCF9-87F41B2215F8","toDetailCollection":{},"fromDetail":{"output":{"keypad_keys":{"_0":"keypad_6"}},"display":"6"}},{"fromDetail":{"display":"5","output":{"keypad_keys":{"_0":"keypad_5"}}},"id":"7D2A41C2-F981-44D2-9933-A4CB0A32C4F6","toDetailCollection":{}},{"id":"03510C87-F143-4A60-8CC4-268C113A9586","toDetailCollection":{},"fromDetail":{"output":{"keypad_keys":{"_0":"keypad_plus"}},"display":"+"}},{"toDetailCollection":{},"fromDetail":{"output":{"keypad_keys":{"_0":"keypad_4"}},"display":"4"},"id":"A6424DCE-7CA2-41AA-A0D8-5551CDCE83D3"}],"row5":[{"id":"A11089E3-0CF5-4C55-8966-FEC28E12E252","fromDetail":{"output":{"keypad_keys":{"_0":"keypad_2"}},"display":"2"},"toDetailCollection":{}},{"keyShape":"enter_Tenkey","id":"51732271-A2B7-42D9-81B3-F72407C7FED5","toDetailCollection":{},"fromDetail":{"isSFSymbol":true,"output":{"keypad_keys":{"_0":"keypad_enter"}},"display":"projective"}},{"fromDetail":{"output":{"keypad_keys":{"_0":"keypad_3"}},"display":"3"},"toDetailCollection":{},"id":"B3F3A56A-E7F7-4DEF-A9E6-3DEF04B827A9"},{"toDetailCollection":{},"id":"0C99F284-092D-4A54-969F-BD0F63404AE5","fromDetail":{"display":"1","output":{"keypad_keys":{"_0":"keypad_1"}}}}],"enableArrowKeys":false,"arrow_up":{"id":"F5F2C0D1-D42B-4D96-9AAB-76BD885928F5","toDetailCollection":{},"keyShape":"arrow_Up","fromDetail":{"output":{"arrow_keys":{"_0":"up_arrow"}},"isSFSymbol":true,"display":"arrowtriangle.up.fill"}},"arrow_down":{"id":"CCDEAC53-8F51-4A1A-8EEE-A47AC7EC6358","toDetailCollection":{},"fromDetail":{"display":"arrowtriangle.down.fill","isSFSymbol":true,"output":{"arrow_keys":{"_0":"down_arrow"}}},"keyShape":"arrow_Down"},"idsInOrderRow1":[{"id":"3E6329C2-8EFB-4500-B9FB-113543C6E276"},{"id":"77ABB915-F857-4AFE-9448-D46081D2CCFE"},{"id":"C19D8F95-0940-46E0-AFC7-04D5F32C975C"},{"id":"985AA3B7-8305-4CE7-B30D-EEFF15E882C8"}],"idsInOrderRow6":[{"id":"C7B51C36-C147-46C0-9F9E-14957E22A59B"},{"id":"6ABD03C2-A99E-41A4-B31C-E015ECE60F4B"}],"idsInOrderRow3":[{"id":"29424EBF-1912-4F9B-9C0E-18B32C97D1EF"},{"id":"EC47CB23-1906-4A80-A497-0ED9DE240E23"},{"id":"261D97DA-4DA7-4177-9B94-5B7541B0040A"},{"id":"F17CD77C-9E9C-4E95-966D-EFD97569ACAE"}],"row3":[{"id":"261D97DA-4DA7-4177-9B94-5B7541B0040A","fromDetail":{"output":{"keypad_keys":{"_0":"keypad_9"}},"display":"9"},"toDetailCollection":{}},{"fromDetail":{"output":{"keypad_keys":{"_0":"keypad_hyphen"}},"display":"-"},"toDetailCollection":{},"id":"F17CD77C-9E9C-4E95-966D-EFD97569ACAE"},{"toDetailCollection":{},"fromDetail":{"display":"8","output":{"keypad_keys":{"_0":"keypad_8"}}},"id":"EC47CB23-1906-4A80-A497-0ED9DE240E23"},{"toDetailCollection":{},"id":"29424EBF-1912-4F9B-9C0E-18B32C97D1EF","fromDetail":{"display":"7","output":{"keypad_keys":{"_0":"keypad_7"}}}}],"arrow_left":{"toDetailCollection":{},"id":"82DEF1BE-16A8-4251-9A58-A73E666706E1","keyShape":"arrow_LR","fromDetail":{"output":{"arrow_keys":{"_0":"left_arrow"}},"isSFSymbol":true,"display":"arrowtriangle.left.fill"}}},"subRows":{"idsInOrderRow3":[{"id":"4CDFF3DF-7D1F-4A0E-AB0A-087F5636C00C"},{"id":"AE01D687-6036-4C4E-B9DC-21A5EC9D749E"},{"id":"0BF7C1EE-9C0E-4E0F-A8DA-8E8A3F9E8492"}],"row5":[{"fromDetail":{"output":{"arrow_keys":{"_0":"up_arrow"}},"isSFSymbol":true,"display":"arrowtriangle.up.fill"},"id":"B0F33FB9-E5A1-4FBB-A7B7-F893D3D95F3E","toDetailCollection":{}},{"isSpacer":true,"toDetailCollection":{},"id":"BCADDC2C-6716-4916-8B2C-E915DFCDA50A","fromDetail":{"output":{"letter_keys":{"_0":"a"}},"display":"A"}}],"idsInOrderRow5":[{"id":"BCADDC2C-6716-4916-8B2C-E915DFCDA50A"},{"id":"B0F33FB9-E5A1-4FBB-A7B7-F893D3D95F3E"}],"row6":[{"id":"4BDD59E0-E89D-4E88-B650-95BE6219E7F2","toDetailCollection":{},"fromDetail":{"isSFSymbol":true,"display":"arrowtriangle.down.fill","output":{"arrow_keys":{"_0":"down_arrow"}}}},{"fromDetail":{"display":"arrowtriangle.right.fill","isSFSymbol":true,"output":{"arrow_keys":{"_0":"right_arrow"}}},"id":"76408B7E-597B-483C-A92D-036BEBBBE480","toDetailCollection":{}},{"toDetailCollection":{},"id":"38CB85F5-1918-470C-95EF-8F23DA7CEBD3","fromDetail":{"isSFSymbol":true,"display":"arrowtriangle.left.fill","output":{"arrow_keys":{"_0":"left_arrow"}}}}],"row1":[{"toDetailCollection":{},"id":"A0FC699E-3E49-43D0-8399-04CDAE7102B2","fromDetail":{"display":"F15","output":{"function_keys":{"_0":"f15"}}}},{"toDetailCollection":{},"id":"B724852A-08E3-4C04-87F8-71F2D423EFCF","fromDetail":{"output":{"function_keys":{"_0":"f14"}},"display":"F14"}},{"fromDetail":{"output":{"function_keys":{"_0":"f13"}},"display":"F13"},"id":"448C5B74-DA17-44D3-8C17-5325A8610305","toDetailCollection":{}}],"row3":[{"fromDetail":{"output":{"controls_and_symbols":{"_0":"delete_forward"}},"display":"delete.right","isSFSymbol":true},"id":"4CDFF3DF-7D1F-4A0E-AB0A-087F5636C00C","toDetailCollection":{}},{"fromDetail":{"display":"arrow.down","output":{"arrow_keys":{"_0":"page_down"}},"isSFSymbol":true},"toDetailCollection":{},"id":"0BF7C1EE-9C0E-4E0F-A8DA-8E8A3F9E8492"},{"id":"AE01D687-6036-4C4E-B9DC-21A5EC9D749E","fromDetail":{"output":{"arrow_keys":{"_0":"end"}},"display":"arrow.down.to.line","isSFSymbol":true},"toDetailCollection":{}}],"rowIndex_arrow":{"row6":{}},"arrow_left":{"toDetailCollection":{},"fromDetail":{"display":"arrowtriangle.left.fill","output":{"arrow_keys":{"_0":"left_arrow"}},"isSFSymbol":true},"id":"BF0E4C8D-BAAA-4319-9C50-28288795BDEC","keyShape":"arrow_LR"},"arrow_down":{"id":"15AA437F-D668-4494-8BE5-2FFF7AACA0EF","toDetailCollection":{},"keyShape":"arrow_Down","fromDetail":{"display":"arrowtriangle.down.fill","output":{"arrow_keys":{"_0":"down_arrow"}},"isSFSymbol":true}},"arrow_right":{"id":"B614C848-EC19-4038-88F8-A21FB2BB3E29","keyShape":"arrow_LR","fromDetail":{"isSFSymbol":true,"output":{"arrow_keys":{"_0":"right_arrow"}},"display":"arrowtriangle.right.fill"},"toDetailCollection":{}},"idsInOrderRow1":[{"id":"448C5B74-DA17-44D3-8C17-5325A8610305"},{"id":"B724852A-08E3-4C04-87F8-71F2D423EFCF"},{"id":"A0FC699E-3E49-43D0-8399-04CDAE7102B2"}],"arrow_up":{"keyShape":"arrow_Up","toDetailCollection":{},"fromDetail":{"isSFSymbol":true,"output":{"arrow_keys":{"_0":"up_arrow"}},"display":"arrowtriangle.up.fill"},"id":"78C39083-8CAF-45FD-AB24-2714ACA5C9FE"},"idsInOrderRow2":[{"id":"2E6839E7-8C9C-4BDF-A668-9FC0AD584334"},{"id":"90217705-4110-409C-9E06-BA5E2D0B7E3A"},{"id":"E6D32963-63AC-45D2-8509-C828ABF012B9"}],"idsInOrderRow6":[{"id":"38CB85F5-1918-470C-95EF-8F23DA7CEBD3"},{"id":"4BDD59E0-E89D-4E88-B650-95BE6219E7F2"},{"id":"76408B7E-597B-483C-A92D-036BEBBBE480"}],"row4":[],"enableArrowKeys":false,"row2":[{"id":"E6D32963-63AC-45D2-8509-C828ABF012B9","toDetailCollection":{},"fromDetail":{"isSFSymbol":true,"output":{"arrow_keys":{"_0":"page_up"}},"display":"arrow.up"}},{"id":"90217705-4110-409C-9E06-BA5E2D0B7E3A","toDetailCollection":{},"fromDetail":{"output":{"arrow_keys":{"_0":"home"}},"display":"arrow.up.to.line","isSFSymbol":true}},{"id":"2E6839E7-8C9C-4BDF-A668-9FC0AD584334","fromDetail":{"isSFSymbol":true,"display":"text.insert","output":{"keys_in_pc_keyboards":{"_0":"insert"}}},"toDetailCollection":{}}],"idsInOrderRow4":[]},"isEnableTenkey":false,"tenkeyRows":{"arrow_down":{"fromDetail":{"isSFSymbol":true,"display":"arrowtriangle.down.fill","output":{"arrow_keys":{"_0":"down_arrow"}}},"id":"C616DFB3-01D8-45DF-BD37-CC1114BF4D97","toDetailCollection":{},"keyShape":"arrow_Down"},"row4":[{"id":"F573BD25-B701-42D9-A5CF-4D74CB3A795F","toDetailCollection":{},"fromDetail":{"output":{"keypad_keys":{"_0":"keypad_plus"}},"display":"+"}},{"fromDetail":{"output":{"keypad_keys":{"_0":"keypad_6"}},"display":"6"},"id":"74DDA994-3438-4437-907F-C3C97F2074FB","toDetailCollection":{}},{"fromDetail":{"output":{"keypad_keys":{"_0":"keypad_5"}},"display":"5"},"toDetailCollection":{},"id":"2A33E4FE-6C62-46FA-AFD3-5403D9BB3C90"},{"id":"0715FC34-FE58-45E1-AFDC-AA55A1071119","fromDetail":{"output":{"keypad_keys":{"_0":"keypad_4"}},"display":"4"},"toDetailCollection":{}}],"rowIndex_arrow":{"row6":{}},"row1":[{"fromDetail":{"display":"F17","output":{"function_keys":{"_0":"f17"}}},"toDetailCollection":{},"id":"DB4D4314-CF32-4A31-8FCD-96328E7BDC70"},{"fromDetail":{"output":{"function_keys":{"_0":"f19"}},"display":"F19"},"toDetailCollection":{},"id":"BDA7FA50-88F8-4D92-A828-2ECCB653CAB5"},{"id":"EF04ADAD-36C6-4145-BEFD-BE279C66BF95","fromDetail":{"output":{"function_keys":{"_0":"f18"}},"display":"F18"},"toDetailCollection":{}},{"id":"4FB3C6B5-BCF1-4DA2-95EB-32841884746B","fromDetail":{"display":"F16","output":{"function_keys":{"_0":"f16"}}},"toDetailCollection":{}}],"idsInOrderRow3":[{"id":"CE871D18-245C-46DE-B269-9E1C50662625"},{"id":"FAC936DD-97B8-460F-B3A1-69E39EB3CFA7"},{"id":"E826039C-F164-403A-A3A2-6C24368C35EC"},{"id":"3DCB91C0-D41A-4130-B63E-339BBDC28F8F"}],"idsInOrderRow6":[{"id":"37B4C3D3-C7EB-430E-8CA0-D6FD3BFCCE18"},{"id":"B872BE0B-0ACB-458D-B276-F366FAD8ACE8"}],"idsInOrderRow5":[{"id":"2B4B593B-1545-4C35-BF2F-2C25B4707F1F"},{"id":"A531BCB0-8BEA-4269-99EA-D9ADCC579ACD"},{"id":"BC349737-AEC7-40BE-9CF2-ADA9E7A958AC"},{"id":"69E68544-0D90-408A-9CC7-DE9088428935"}],"row2":[{"toDetailCollection":{},"fromDetail":{"display":"\/","output":{"keypad_keys":{"_0":"keypad_slash"}}},"id":"7397EA5E-9F85-4F83-A1EF-DC1B53464649"},{"toDetailCollection":{},"id":"674D76FA-707E-417B-AAE6-5EB5FD3B6B10","fromDetail":{"display":"*","output":{"keypad_keys":{"_0":"keypad_asterisk"}}}},{"fromDetail":{"output":{"keypad_keys":{"_0":"keypad_equal_sign"}},"display":"="},"toDetailCollection":{},"id":"C60686C3-85F8-4DF0-9451-E900F981AA98"},{"id":"B3388740-3295-4D4C-B9AE-75854C9DFA65","toDetailCollection":{},"fromDetail":{"display":"clear","output":{"others":{"_0":"clear"}}}}],"row5":[{"id":"69E68544-0D90-408A-9CC7-DE9088428935","toDetailCollection":{},"fromDetail":{"display":"projective","isSFSymbol":true,"output":{"keypad_keys":{"_0":"keypad_enter"}}},"keyShape":"enter_Tenkey"},{"fromDetail":{"display":"3","output":{"keypad_keys":{"_0":"keypad_3"}}},"toDetailCollection":{},"id":"BC349737-AEC7-40BE-9CF2-ADA9E7A958AC"},{"fromDetail":{"output":{"keypad_keys":{"_0":"keypad_2"}},"display":"2"},"id":"A531BCB0-8BEA-4269-99EA-D9ADCC579ACD","toDetailCollection":{}},{"toDetailCollection":{},"id":"2B4B593B-1545-4C35-BF2F-2C25B4707F1F","fromDetail":{"output":{"keypad_keys":{"_0":"keypad_1"}},"display":"1"}}],"arrow_up":{"fromDetail":{"output":{"arrow_keys":{"_0":"up_arrow"}},"display":"arrowtriangle.up.fill","isSFSymbol":true},"keyShape":"arrow_Up","toDetailCollection":{},"id":"E22ECCC9-4EFB-475B-BF79-65DE63D3CFEE"},"idsInOrderRow1":[{"id":"4FB3C6B5-BCF1-4DA2-95EB-32841884746B"},{"id":"DB4D4314-CF32-4A31-8FCD-96328E7BDC70"},{"id":"EF04ADAD-36C6-4145-BEFD-BE279C66BF95"},{"id":"BDA7FA50-88F8-4D92-A828-2ECCB653CAB5"}],"idsInOrderRow2":[{"id":"B3388740-3295-4D4C-B9AE-75854C9DFA65"},{"id":"C60686C3-85F8-4DF0-9451-E900F981AA98"},{"id":"7397EA5E-9F85-4F83-A1EF-DC1B53464649"},{"id":"674D76FA-707E-417B-AAE6-5EB5FD3B6B10"}],"row3":[{"toDetailCollection":{},"id":"3DCB91C0-D41A-4130-B63E-339BBDC28F8F","fromDetail":{"output":{"keypad_keys":{"_0":"keypad_hyphen"}},"display":"-"}},{"id":"E826039C-F164-403A-A3A2-6C24368C35EC","fromDetail":{"display":"9","output":{"keypad_keys":{"_0":"keypad_9"}}},"toDetailCollection":{}},{"fromDetail":{"display":"8","output":{"keypad_keys":{"_0":"keypad_8"}}},"id":"FAC936DD-97B8-460F-B3A1-69E39EB3CFA7","toDetailCollection":{}},{"id":"CE871D18-245C-46DE-B269-9E1C50662625","fromDetail":{"output":{"keypad_keys":{"_0":"keypad_7"}},"display":"7"},"toDetailCollection":{}}],"row6":[{"fromDetail":{"display":".","output":{"keypad_keys":{"_0":"keypad_period"}}},"id":"B872BE0B-0ACB-458D-B276-F366FAD8ACE8","toDetailCollection":{}},{"id":"37B4C3D3-C7EB-430E-8CA0-D6FD3BFCCE18","unitSize":2,"fromDetail":{"display":"0","output":{"keypad_keys":{"_0":"keypad_0"}}},"toDetailCollection":{}}],"enableArrowKeys":false,"idsInOrderRow4":[{"id":"0715FC34-FE58-45E1-AFDC-AA55A1071119"},{"id":"2A33E4FE-6C62-46FA-AFD3-5403D9BB3C90"},{"id":"74DDA994-3438-4437-907F-C3C97F2074FB"},{"id":"F573BD25-B701-42D9-A5CF-4D74CB3A795F"}],"arrow_left":{"keyShape":"arrow_LR","fromDetail":{"display":"arrowtriangle.left.fill","isSFSymbol":true,"output":{"arrow_keys":{"_0":"left_arrow"}}},"id":"7D8ABFF8-D190-41CB-A08C-4372D675A3E7","toDetailCollection":{}},"arrow_right":{"keyShape":"arrow_LR","id":"8CC7962A-2B09-4C50-9AA1-BCCB89C60CFF","toDetailCollection":{},"fromDetail":{"output":{"arrow_keys":{"_0":"right_arrow"}},"display":"arrowtriangle.right.fill","isSFSymbol":true}}},"isEnableMain":true}},"displayKeySize":65,"name":"DvorakJP_US","comboCollection":{"condition9":{"layer2":{},"layer3":{},"layer7":{},"layer6":{},"layer8":{},"layer0":{},"layer4":{},"layer5":{},"layer1":{}},"condition0":{"layer1":{},"layer7":{},"layer8":{},"layer3":{},"layer4":{},"layer0":{},"layer5":{},"layer2":{},"layer6":{}},"condition3":{"layer5":{},"layer0":{},"layer7":{},"layer4":{},"layer1":{},"layer6":{},"layer8":{},"layer3":{},"layer2":{}},"condition5":{"layer3":{},"layer2":{},"layer6":{},"layer8":{},"layer7":{},"layer5":{},"layer1":{},"layer4":{},"layer0":{}},"condition4":{"layer6":{},"layer0":{},"layer7":{},"layer8":{},"layer1":{},"layer5":{},"layer3":{},"layer2":{},"layer4":{}},"condition8":{"layer5":{},"layer6":{},"layer2":{},"layer7":{},"layer4":{},"layer3":{},"layer1":{},"layer0":{},"layer8":{}},"condition1":{"layer3":{},"layer0":{},"layer7":{},"layer4":{},"layer5":{},"layer1":{},"layer2":{},"layer6":{},"layer8":{}},"condition6":{"layer5":{},"layer8":{},"layer1":{},"layer7":{},"layer3":{},"layer4":{},"layer0":{},"layer6":{},"layer2":{}},"condition2":{"layer4":{},"layer2":{},"layer5":{},"layer3":{},"layer1":{},"layer0":{},"layer8":{},"layer7":{},"layer6":{}},"condition7":{"layer2":{},"layer4":{},"layer0":{},"layer8":{},"layer3":{},"layer7":{},"layer5":{},"layer6":{},"layer1":{}}},"macroCollection":{"_collection":[],"idsInOrderCollection":[]}}