{"name":"Dvorak_US","comboCollection":{"condition6":{"layer7":{},"layer8":{},"layer3":{},"layer2":{},"layer4":{},"layer5":{},"layer1":{},"layer6":{},"layer0":{}},"condition7":{"layer6":{},"layer4":{},"layer3":{},"layer7":{},"layer2":{},"layer8":{},"layer1":{},"layer0":{},"layer5":{}},"condition4":{"layer2":{},"layer1":{},"layer3":{},"layer0":{},"layer7":{},"layer8":{},"layer5":{},"layer4":{},"layer6":{}},"condition5":{"layer6":{},"layer7":{},"layer3":{},"layer5":{},"layer1":{},"layer4":{},"layer2":{},"layer8":{},"layer0":{}},"condition0":{"layer5":{},"layer2":{},"layer3":{},"layer6":{},"layer7":{},"layer8":{},"layer4":{},"layer1":{},"layer0":{}},"condition2":{"layer4":{},"layer5":{},"layer0":{},"layer3":{},"layer7":{},"layer2":{},"layer1":{},"layer6":{},"layer8":{}},"condition9":{"layer3":{},"layer8":{},"layer6":{},"layer7":{},"layer5":{},"layer4":{},"layer0":{},"layer2":{},"layer1":{}},"condition1":{"layer1":{},"layer0":{},"layer2":{},"layer3":{},"layer4":{},"layer5":{},"layer7":{},"layer8":{},"layer6":{}},"condition8":{"layer3":{},"layer5":{},"layer1":{},"layer0":{},"layer4":{},"layer7":{},"layer6":{},"layer2":{},"layer8":{}},"condition3":{"layer3":{},"layer2":{},"layer6":{},"layer7":{},"layer4":{},"layer5":{},"layer0":{},"layer1":{},"layer8":{}}},"displayKeySize":65,"selections":{"toTab":"qwertyKeyboard","keyboardKey":{"id":"C562CCCC-D99D-4CF4-874A-6356D7F0D29B","fromDetail":{"output":{"letter_keys":{"_0":"a"}},"display":"A"},"toDetailCollection":{}},"customOrMacroTab":{"customizeKey":{}},"toDetail_macro":{"error":false,"outputAndDisplay":{"layerKey":"layer0","output":{"letter_keys":{"_0":"a"}},"display":"none"},"indicator":false,"withModifier":{},"id":"D2AADCA0-DD9D-4E00-8EA0-95A93996B034"},"macroTab":{"userMacro":{}},"combo":{"key_down_order":"insensitive","toDetail":{},"comboThreshold":50,"id":"AE934B3A-8DCA-4ED1-9EDB-2C661D573E37","key_up_order":"insensitive"},"fromTab":{"qwertyKeyboard":{}},"layer":"layer0","condition":"condition0","tab":{"remap":{}},"macro":{"id":"D477A08C-AA25-4AFC-93F4-E01891F227DD","dictionary_key":null,"toDetailCollection":{"_collection":[],"idsInOrderCollection":[]},"name":"user Macro"}},"keymap":{"keycodeRegion":"ANSI","main":{"isEnableTenkey":false,"sectionDetail":{"section":{"main":{}},"deviceDetail":{"product_id":"product_id","is_builtin_keyboard":false,"location_id":"location_id","is_vendor_id_Enabled":false,"vendor_id":"vendor_id","is_location_id_Enabled":false,"is_product_id_Enabled":false,"device_name":"mainKeyboard"}},"mainRows":{"row5":[{"toDetailCollection":{"condition0":{"layer0":{"isCustomized_tap":true,"outputAndDisplay_tap":{"layerKey":"layer0","display":"X","output":{"letter_keys":{"_0":"x"}}},"withModifier_tap":{}}}},"id":"3010537B-0DB8-43E1-99FC-77764500D32E","fromDetail":{"display":"B","output":{"letter_keys":{"_0":"b"}}}},{"toDetailCollection":{},"fromDetail":{"output":{"modifier_keys":{"_0":"left_shift"}},"display":"shift","isSFSymbol":true},"unitSize":2.25,"id":"8D72388A-0D64-421E-9A93-B0898EF46648"},{"fromDetail":{"display":"N","output":{"letter_keys":{"_0":"n"}}},"id":"F5772676-36DE-4BDB-9416-20F5C38B9017","toDetailCollection":{"condition0":{"layer0":{"isCustomized_tap":true,"outputAndDisplay_tap":{"output":{"letter_keys":{"_0":"b"}},"display":"B","layerKey":"layer0"},"withModifier_tap":{}}}}},{"id":"EA329B2F-D487-4FE7-BF08-F58F8628D921","toDetailCollection":{"condition0":{"layer0":{"withModifier_tap":{},"isCustomized_tap":true,"outputAndDisplay_tap":{"display":"V","output":{"letter_keys":{"_0":"v"}},"layerKey":"layer0"}}}},"fromDetail":{"output":{"controls_and_symbols":{"_0":"period"}},"display":"."}},{"fromDetail":{"output":{"letter_keys":{"_0":"v"}},"display":"V"},"id":"73B00F68-1CB1-460B-9F52-E681B1F3FA6A","toDetailCollection":{"condition0":{"layer0":{"withModifier_tap":{},"isCustomized_tap":true,"outputAndDisplay_tap":{"output":{"letter_keys":{"_0":"k"}},"display":"K","layerKey":"layer0"}}}}},{"fromDetail":{"display":"\/","output":{"controls_and_symbols":{"_0":"slash"}}},"id":"37C13D56-66FB-478B-8C32-CE8284F8EDF7","toDetailCollection":{"condition0":{"layer0":{"withModifier_tap":{},"isCustomized_tap":true,"outputAndDisplay_tap":{"layerKey":"layer0","output":{"letter_keys":{"_0":"z"}},"display":"Z"}}}}},{"fromDetail":{"output":{"controls_and_symbols":{"_0":"comma"}},"display":","},"toDetailCollection":{"condition0":{"layer0":{"withModifier_tap":{},"isCustomized_tap":true,"outputAndDisplay_tap":{"display":"W","output":{"letter_keys":{"_0":"w"}},"layerKey":"layer0"}}}},"id":"2CBE85F6-1B9A-43D7-8F1C-700255039386"},{"id":"BA14097D-B496-4081-9690-C382033770A6","toDetailCollection":{},"fromDetail":{"output":{"modifier_keys":{"_0":"right_shift"}},"isSFSymbol":true,"display":"shift"},"unitSize":2.25},{"toDetailCollection":{"condition0":{"layer0":{"isCustomized_tap":true,"outputAndDisplay_tap":{"output":{"letter_keys":{"_0":"q"}},"display":"Q","layerKey":"layer0"},"withModifier_tap":{}}}},"id":"C4A256FC-9A5D-42DB-AB7D-BAA962C38D92","fromDetail":{"output":{"letter_keys":{"_0":"x"}},"display":"X"}},{"toDetailCollection":{"condition0":{"layer0":{"withModifier_tap":{},"isCustomized_tap":true,"outputAndDisplay_tap":{"layerKey":"layer0","display":"M","output":{"letter_keys":{"_0":"m"}}}}}},"id":"74335F4F-9C89-4681-A174-3CA52B74FFC4","fromDetail":{"output":{"letter_keys":{"_0":"m"}},"display":"M"}},{"id":"0FA3626B-F270-4877-BADD-A99071E7E39A","toDetailCollection":{"condition0":{"layer0":{"isCustomized_tap":true,"withModifier_tap":{},"outputAndDisplay_tap":{"output":{"controls_and_symbols":{"_0":"semicolon"}},"display":";","layerKey":"layer0"}}}},"fromDetail":{"output":{"letter_keys":{"_0":"z"}},"display":"Z"}},{"id":"032C86E4-6FCA-4D19-9275-E5DC15DCB148","fromDetail":{"output":{"letter_keys":{"_0":"c"}},"display":"C"},"toDetailCollection":{"condition0":{"layer0":{"withModifier_tap":{},"isCustomized_tap":true,"outputAndDisplay_tap":{"output":{"letter_keys":{"_0":"j"}},"display":"J","layerKey":"layer0"}}}}}],"arrow_down":{"keyShape":"arrow_Down","fromDetail":{"isSFSymbol":true,"output":{"arrow_keys":{"_0":"down_arrow"}},"display":"arrowtriangle.down.fill"},"toDetailCollection":{},"id":"4B4EA97F-B8EB-4EFD-879F-E3C4063378EC"},"idsInOrderRow5":[{"id":"8D72388A-0D64-421E-9A93-B0898EF46648"},{"id":"0FA3626B-F270-4877-BADD-A99071E7E39A"},{"id":"C4A256FC-9A5D-42DB-AB7D-BAA962C38D92"},{"id":"032C86E4-6FCA-4D19-9275-E5DC15DCB148"},{"id":"73B00F68-1CB1-460B-9F52-E681B1F3FA6A"},{"id":"3010537B-0DB8-43E1-99FC-77764500D32E"},{"id":"F5772676-36DE-4BDB-9416-20F5C38B9017"},{"id":"74335F4F-9C89-4681-A174-3CA52B74FFC4"},{"id":"2CBE85F6-1B9A-43D7-8F1C-700255039386"},{"id":"EA329B2F-D487-4FE7-BF08-F58F8628D921"},{"id":"37C13D56-66FB-478B-8C32-CE8284F8EDF7"},{"id":"BA14097D-B496-4081-9690-C382033770A6"}],"arrow_right":{"fromDetail":{"display":"arrowtriangle.right.fill","output":{"arrow_keys":{"_0":"right_arrow"}},"isSFSymbol":true},"id":"AA5AE401-E5B3-4DFF-AC04-226483ABFAFE","toDetailCollection":{},"keyShape":"arrow_LR"},"row2":[{"id":"6279EBA8-EF44-4D3E-947F-2764B010E5A3","toDetailCollection":{},"fromDetail":{"display":"4","output":{"number_keys":{"_0":"four"}}}},{"id":"123A15EF-5CE6-455F-A2E7-1CA55932B820","fromDetail":{"display":"2","output":{"number_keys":{"_0":"two"}}},"toDetailCollection":{}},{"toDetailCollection":{"condition0":{"layer0":{"withModifier_tap":{},"isCustomized_tap":true,"outputAndDisplay_tap":{"layerKey":"layer0","output":{"controls_and_symbols":{"_0":"close_square_bracket"}},"display":"]"}}}},"id":"AB0EC4B5-35E0-43CC-AFF3-15869E787C1D","fromDetail":{"output":{"controls_and_symbols":{"_0":"equal_sign_or_caret"}},"display":"="}},{"id":"54E7CF05-9529-4731-A3F4-A01B5E12DD38","toDetailCollection":{},"fromDetail":{"display":"5","output":{"number_keys":{"_0":"five"}}}},{"id":"17F21784-96C5-4717-BE5D-8FDD38ECFFD9","fromDetail":{"output":{"controls_and_symbols":{"_0":"hyphen"}},"display":"-"},"toDetailCollection":{"condition0":{"layer0":{"withModifier_tap":{},"outputAndDisplay_tap":{"output":{"controls_and_symbols":{"_0":"open_square_bracket"}},"display":"[","layerKey":"layer0"},"isCustomized_tap":true}}}},{"fromDetail":{"display":"8","output":{"number_keys":{"_0":"eight"}}},"toDetailCollection":{},"id":"DA0B77EF-3836-4FF5-B9D5-F6770BFACD49"},{"id":"AB37C0B4-C7DD-43CA-8C4F-01153D0D8269","fromDetail":{"display":"`","output":{"controls_and_symbols":{"_0":"grave_accent"}}},"toDetailCollection":{}},{"id":"A2A78A78-B82E-4BAE-A25F-56C75E8DF9DC","fromDetail":{"display":"3","output":{"number_keys":{"_0":"three"}}},"toDetailCollection":{}},{"fromDetail":{"output":{"number_keys":{"_0":"seven"}},"display":"7"},"toDetailCollection":{},"id":"631751D3-7B80-4230-A546-83D42F078474"},{"fromDetail":{"output":{"number_keys":{"_0":"zero"}},"display":"0"},"toDetailCollection":{},"id":"50526A5C-8C36-4045-B8B3-FA3375A35CD9"},{"fromDetail":{"display":"delete.left","isSFSymbol":true,"output":{"controls_and_symbols":{"_0":"delete_or_backspace"}}},"id":"FA855D39-5904-4ED4-A8F3-28E99F276541","unitSize":1.5,"toDetailCollection":{}},{"id":"73A661E0-0E94-4B24-8261-B30D83E34A12","fromDetail":{"output":{"number_keys":{"_0":"one"}},"display":"1"},"toDetailCollection":{}},{"id":"5D84CCFF-A59D-4762-80E3-F7081CA75056","toDetailCollection":{},"fromDetail":{"display":"9","output":{"number_keys":{"_0":"nine"}}}},{"toDetailCollection":{},"id":"B2C0836E-9540-4A47-9C05-DFEEB246C7B8","fromDetail":{"output":{"number_keys":{"_0":"six"}},"display":"6"}}],"rowIndex_arrow":{"row6":{}},"idsInOrderRow4":[{"id":"C754BEE8-C64B-40D1-ADED-B08748CF93E1"},{"id":"66C6A375-771F-4547-A941-0BCD50BAF82C"},{"id":"E6073792-EEBB-4AB1-ADC3-8FCB99F20C2E"},{"id":"206244E8-EB56-499A-9F31-946283E46E2E"},{"id":"A4CE0141-B4A3-4718-83F1-D815864136A4"},{"id":"84451C86-AF5A-48DE-AF14-A139BA4769CA"},{"id":"B8E64584-B1B3-4C43-92F0-56265A4ACDA3"},{"id":"FF4E0BA5-9CAE-41B0-A166-9624D5BCC5FF"},{"id":"0F08B60B-672E-4504-9588-BCC102952894"},{"id":"CFA391C1-C9AA-43DE-9E4C-9CC4B0E90998"},{"id":"8B3E7CCC-2DEA-47B8-AD24-0882FD1D2C63"},{"id":"29E740BA-F3B9-4C9A-BB2D-DE782CB04802"},{"id":"77FD3356-41EB-475B-8A73-0C6F066CA785"}],"idsInOrderRow1":[{"id":"B525114C-6DA2-4019-8EE5-6FE66087DBAF"},{"id":"033892ED-41BC-4B4C-B412-1B1D6191B3A8"},{"id":"8C95E6C3-8ABD-41D4-B155-ABE59F4A598B"},{"id":"E657304A-C967-4897-9B38-7DFF2A10AA13"},{"id":"BFE75D8D-A9AF-4DAE-9545-20FE16933EC5"},{"id":"415A6E8F-33EB-4812-AD48-FFE78665989E"},{"id":"070605DD-E8BE-43B4-A63F-B296C0EE8E28"},{"id":"6C3B399A-22A2-465F-8922-87A2A3AEFD51"},{"id":"FB635900-5181-4B28-A778-4B7384A321AD"},{"id":"D1C724C4-9A4E-4EA7-8AB7-5DF3EE7414E5"},{"id":"1065DFD3-7A92-4435-9FC6-5EE4979725E5"},{"id":"17CB7785-43CE-4F7F-870F-C5E9FC6C9E7B"},{"id":"7F17F5BE-F7AE-4CD9-9190-C3677C8CBD22"}],"idsInOrderRow2":[{"id":"AB37C0B4-C7DD-43CA-8C4F-01153D0D8269"},{"id":"73A661E0-0E94-4B24-8261-B30D83E34A12"},{"id":"123A15EF-5CE6-455F-A2E7-1CA55932B820"},{"id":"A2A78A78-B82E-4BAE-A25F-56C75E8DF9DC"},{"id":"6279EBA8-EF44-4D3E-947F-2764B010E5A3"},{"id":"54E7CF05-9529-4731-A3F4-A01B5E12DD38"},{"id":"B2C0836E-9540-4A47-9C05-DFEEB246C7B8"},{"id":"631751D3-7B80-4230-A546-83D42F078474"},{"id":"DA0B77EF-3836-4FF5-B9D5-F6770BFACD49"},{"id":"5D84CCFF-A59D-4762-80E3-F7081CA75056"},{"id":"50526A5C-8C36-4045-B8B3-FA3375A35CD9"},{"id":"17F21784-96C5-4717-BE5D-8FDD38ECFFD9"},{"id":"AB0EC4B5-35E0-43CC-AFF3-15869E787C1D"},{"id":"FA855D39-5904-4ED4-A8F3-28E99F276541"}],"row4":[{"id":"84451C86-AF5A-48DE-AF14-A139BA4769CA","toDetailCollection":{"condition0":{"layer0":{"isCustomized_tap":true,"outputAndDisplay_tap":{"output":{"letter_keys":{"_0":"i"}},"display":"I","layerKey":"layer0"},"withModifier_tap":{}}}},"fromDetail":{"output":{"letter_keys":{"_0":"g"}},"display":"G"}},{"toDetailCollection":{},"id":"66C6A375-771F-4547-A941-0BCD50BAF82C","fromDetail":{"output":{"letter_keys":{"_0":"a"}},"display":"A"}},{"fromDetail":{"output":{"controls_and_symbols":{"_0":"single_quotation_or_colon"}},"display":"'"},"toDetailCollection":{"condition0":{"layer0":{"isCustomized_tap":true,"outputAndDisplay_tap":{"output":{"controls_and_symbols":{"_0":"hyphen"}},"layerKey":"layer0","display":"-"},"withModifier_tap":{}}}},"id":"29E740BA-F3B9-4C9A-BB2D-DE782CB04802"},{"toDetailCollection":{"condition0":{"layer0":{"outputAndDisplay_tap":{"layerKey":"layer0","display":"E","output":{"letter_keys":{"_0":"e"}}},"isCustomized_tap":true,"withModifier_tap":{}}}},"fromDetail":{"output":{"letter_keys":{"_0":"d"}},"display":"D"},"id":"206244E8-EB56-499A-9F31-946283E46E2E"},{"id":"CFA391C1-C9AA-43DE-9E4C-9CC4B0E90998","toDetailCollection":{"condition0":{"layer0":{"withModifier_tap":{},"outputAndDisplay_tap":{"output":{"letter_keys":{"_0":"n"}},"display":"N","layerKey":"layer0"},"isCustomized_tap":true}}},"fromDetail":{"display":"L","output":{"letter_keys":{"_0":"l"}}}},{"id":"77FD3356-41EB-475B-8A73-0C6F066CA785","fromDetail":{"output":{"controls_and_symbols":{"_0":"return_or_enter"}},"display":"return","isSFSymbol":true},"unitSize":1.75,"toDetailCollection":{}},{"fromDetail":{"output":{"modifier_keys":{"_0":"caps_lock"}},"display":"capslock","isSFSymbol":true},"toDetailCollection":{},"unitSize":1.75,"id":"C754BEE8-C64B-40D1-ADED-B08748CF93E1"},{"fromDetail":{"output":{"letter_keys":{"_0":"j"}},"display":"J"},"toDetailCollection":{"condition0":{"layer0":{"withModifier_tap":{},"isCustomized_tap":true,"outputAndDisplay_tap":{"output":{"letter_keys":{"_0":"h"}},"layerKey":"layer0","display":"H"}}}},"id":"FF4E0BA5-9CAE-41B0-A166-9624D5BCC5FF"},{"toDetailCollection":{"condition0":{"layer0":{"withModifier_tap":{},"outputAndDisplay_tap":{"layerKey":"layer0","display":"T","output":{"letter_keys":{"_0":"t"}}},"isCustomized_tap":true}}},"id":"0F08B60B-672E-4504-9588-BCC102952894","fromDetail":{"output":{"letter_keys":{"_0":"k"}},"display":"K"}},{"fromDetail":{"output":{"letter_keys":{"_0":"f"}},"display":"F"},"id":"A4CE0141-B4A3-4718-83F1-D815864136A4","toDetailCollection":{"condition0":{"layer0":{"outputAndDisplay_tap":{"display":"U","layerKey":"layer0","output":{"letter_keys":{"_0":"u"}}},"withModifier_tap":{},"isCustomized_tap":true}}}},{"id":"E6073792-EEBB-4AB1-ADC3-8FCB99F20C2E","fromDetail":{"output":{"letter_keys":{"_0":"s"}},"display":"S"},"toDetailCollection":{"condition0":{"layer0":{"isCustomized_tap":true,"outputAndDisplay_tap":{"layerKey":"layer0","output":{"letter_keys":{"_0":"o"}},"display":"O"},"withModifier_tap":{}}}}},{"fromDetail":{"display":"H","output":{"letter_keys":{"_0":"h"}}},"toDetailCollection":{"condition0":{"layer0":{"outputAndDisplay_tap":{"display":"D","output":{"letter_keys":{"_0":"d"}},"layerKey":"layer0"},"withModifier_tap":{},"isCustomized_tap":true}}},"id":"B8E64584-B1B3-4C43-92F0-56265A4ACDA3"},{"toDetailCollection":{"condition0":{"layer0":{"isCustomized_tap":true,"outputAndDisplay_tap":{"display":"S","output":{"letter_keys":{"_0":"s"}},"layerKey":"layer0"},"withModifier_tap":{}}}},"id":"8B3E7CCC-2DEA-47B8-AD24-0882FD1D2C63","fromDetail":{"output":{"controls_and_symbols":{"_0":"semicolon"}},"display":";"}}],"row3":[{"toDetailCollection":{"condition0":{"layer0":{"withModifier_tap":{},"isCustomized_tap":true,"outputAndDisplay_tap":{"output":{"controls_and_symbols":{"_0":"period"}},"display":".","layerKey":"layer0"}}}},"id":"382BCCFB-B57B-466C-B103-2CFBB809EFD5","fromDetail":{"output":{"letter_keys":{"_0":"e"}},"display":"E"}},{"fromDetail":{"output":{"letter_keys":{"_0":"o"}},"display":"O"},"toDetailCollection":{"condition0":{"layer0":{"withModifier_tap":{},"outputAndDisplay_tap":{"layerKey":"layer0","output":{"letter_keys":{"_0":"r"}},"display":"R"},"isCustomized_tap":true}}},"id":"D569AB04-D848-4345-B524-6DD84AF844E4"},{"id":"4966497D-A490-4CB1-80A8-D02C1A7B23EC","toDetailCollection":{"condition0":{"layer0":{"isCustomized_tap":true,"withModifier_tap":{},"outputAndDisplay_tap":{"output":{"controls_and_symbols":{"_0":"slash"}},"display":"\/","layerKey":"layer0"}}}},"fromDetail":{"display":"[","output":{"controls_and_symbols":{"_0":"open_square_bracket"}}}},{"fromDetail":{"output":{"controls_and_symbols":{"_0":"tab"}},"display":"arrow.right.to.line","isSFSymbol":true},"id":"FEF447B6-5A74-4700-BF3A-810C2D47CC9B","unitSize":1.5,"toDetailCollection":{}},{"toDetailCollection":{"condition0":{"layer0":{"outputAndDisplay_tap":{"display":"=","output":{"controls_and_symbols":{"_0":"equal_sign"}},"layerKey":"layer0"},"isCustomized_tap":true,"withModifier_tap":{}}}},"fromDetail":{"display":"]","output":{"controls_and_symbols":{"_0":"close_square_bracket"}}},"id":"C0EE8BC2-3F17-477B-A5F9-BE4A838C5B0A"},{"toDetailCollection":{"condition0":{"layer0":{"isCustomized_tap":true,"outputAndDisplay_tap":{"layerKey":"layer0","display":"F","output":{"letter_keys":{"_0":"f"}}},"withModifier_tap":{}}}},"id":"859DC3F9-B1FE-4107-84F3-A3001AD8E41F","fromDetail":{"output":{"letter_keys":{"_0":"y"}},"display":"Y"}},{"toDetailCollection":{"condition0":{"layer0":{"withModifier_tap":{},"isCustomized_tap":true,"outputAndDisplay_tap":{"layerKey":"layer0","output":{"letter_keys":{"_0":"c"}},"display":"C"}}}},"id":"F281792E-732B-4F9C-8DEB-D93EB49BE900","fromDetail":{"output":{"letter_keys":{"_0":"i"}},"display":"I"}},{"id":"7CACF65F-52AA-47AD-8369-CD34CD025A38","fromDetail":{"display":"R","output":{"letter_keys":{"_0":"r"}}},"toDetailCollection":{"condition0":{"layer0":{"isCustomized_tap":true,"withModifier_tap":{},"outputAndDisplay_tap":{"display":"P","output":{"letter_keys":{"_0":"p"}},"layerKey":"layer0"}}}}},{"id":"F16A9838-7D61-4FC6-AB70-EEBCAB5BDEFB","toDetailCollection":{"condition0":{"layer0":{"isCustomized_tap":true,"outputAndDisplay_tap":{"output":{"letter_keys":{"_0":"g"}},"display":"G","layerKey":"layer0"},"withModifier_tap":{}}}},"fromDetail":{"output":{"letter_keys":{"_0":"u"}},"display":"U"}},{"fromDetail":{"display":"P","output":{"letter_keys":{"_0":"p"}}},"toDetailCollection":{"condition0":{"layer0":{"withModifier_tap":{},"isCustomized_tap":true,"outputAndDisplay_tap":{"display":"L","layerKey":"layer0","output":{"letter_keys":{"_0":"l"}}}}}},"id":"C4C67B97-4D32-4581-A6CA-0AE23A7F2465"},{"toDetailCollection":{"condition0":{"layer0":{"withModifier_tap":{},"isCustomized_tap":true,"outputAndDisplay_tap":{"display":"Y","output":{"letter_keys":{"_0":"y"}},"layerKey":"layer0"}}}},"id":"B0406055-CAF3-4A57-9829-D2486974127C","fromDetail":{"output":{"letter_keys":{"_0":"t"}},"display":"T"}},{"id":"CC794219-3FA0-43BF-B94A-94A9518ACA4F","fromDetail":{"output":{"letter_keys":{"_0":"w"}},"display":"W"},"toDetailCollection":{"condition0":{"layer0":{"withModifier_tap":{},"outputAndDisplay_tap":{"output":{"controls_and_symbols":{"_0":"comma"}},"display":",","layerKey":"layer0"},"isCustomized_tap":true}}}},{"fromDetail":{"output":{"letter_keys":{"_0":"q"}},"display":"Q"},"toDetailCollection":{"condition0":{"layer0":{"isCustomized_tap":true,"outputAndDisplay_tap":{"output":{"controls_and_symbols":{"_0":"single_quotation"}},"display":"'","layerKey":"layer0"},"withModifier_tap":{}}}},"id":"4DEBE19F-AAB3-4331-9DBF-9D4F55481E26"},{"fromDetail":{"output":{"controls_and_symbols":{"_0":"backslash_or_yen"}},"display":"\\"},"toDetailCollection":{},"id":"0172AAE5-4FDE-45FC-8BE3-B4A16D2DDA58"}],"idsInOrderRow6":[{"id":"2C10FF80-175C-46A4-A733-C3CA42F0A92E"},{"id":"145250C8-7AE1-4E19-99DD-D8C5EC79B591"},{"id":"6461AE96-C6EB-4E5D-9FF9-7DEBB6247115"},{"id":"E8655180-0A7C-4A95-B31C-18FEFDE16C24"},{"id":"30E7B34E-05F1-4D8D-B90E-B7740200230C"},{"id":"07595C89-ABB7-464B-8929-FD35770C4B4E"},{"id":"C720DDE1-146A-405E-9E39-F6143968EBC9"}],"arrow_up":{"id":"A7641F2E-4E56-4538-A6CD-2CEC52536809","keyShape":"arrow_Up","fromDetail":{"display":"arrowtriangle.up.fill","isSFSymbol":true,"output":{"arrow_keys":{"_0":"up_arrow"}}},"toDetailCollection":{}},"row6":[{"toDetailCollection":{},"id":"C720DDE1-146A-405E-9E39-F6143968EBC9","fromDetail":{"isSFSymbol":true,"output":{"modifier_keys":{"_0":"right_option"}},"display":"option"}},{"toDetailCollection":{},"id":"145250C8-7AE1-4E19-99DD-D8C5EC79B591","fromDetail":{"display":"control","output":{"modifier_keys":{"_0":"left_control"}},"isSFSymbol":true}},{"fromDetail":{"isSFSymbol":true,"output":{"modifier_keys":{"_0":"keyboard_fn"}},"display":"globe"},"id":"2C10FF80-175C-46A4-A733-C3CA42F0A92E","toDetailCollection":{}},{"toDetailCollection":{},"id":"E8655180-0A7C-4A95-B31C-18FEFDE16C24","fromDetail":{"output":{"modifier_keys":{"_0":"left_command"}},"isSFSymbol":true,"display":"command"},"unitSize":1.25},{"id":"6461AE96-C6EB-4E5D-9FF9-7DEBB6247115","fromDetail":{"display":"option","isSFSymbol":true,"output":{"modifier_keys":{"_0":"left_option"}}},"toDetailCollection":{}},{"unitSize":5,"fromDetail":{"display":"␣","output":{"controls_and_symbols":{"_0":"spacebar"}}},"id":"30E7B34E-05F1-4D8D-B90E-B7740200230C","toDetailCollection":{}},{"id":"07595C89-ABB7-464B-8929-FD35770C4B4E","toDetailCollection":{},"unitSize":1.25,"fromDetail":{"output":{"modifier_keys":{"_0":"right_command"}},"display":"command","isSFSymbol":true}}],"row1":[{"id":"415A6E8F-33EB-4812-AD48-FFE78665989E","fromDetail":{"display":"F5","output":{"function_keys":{"_0":"f5"}}},"toDetailCollection":{}},{"id":"E657304A-C967-4897-9B38-7DFF2A10AA13","toDetailCollection":{},"fromDetail":{"output":{"function_keys":{"_0":"f3"}},"display":"F3"}},{"fromDetail":{"display":"F7","output":{"function_keys":{"_0":"f7"}}},"toDetailCollection":{},"id":"6C3B399A-22A2-465F-8922-87A2A3AEFD51"},{"fromDetail":{"display":"F1","output":{"function_keys":{"_0":"f1"}}},"toDetailCollection":{},"id":"033892ED-41BC-4B4C-B412-1B1D6191B3A8"},{"fromDetail":{"display":"F9","output":{"function_keys":{"_0":"f9"}}},"id":"D1C724C4-9A4E-4EA7-8AB7-5DF3EE7414E5","toDetailCollection":{}},{"fromDetail":{"output":{"function_keys":{"_0":"f10"}},"display":"F10"},"toDetailCollection":{},"id":"1065DFD3-7A92-4435-9FC6-5EE4979725E5"},{"id":"B525114C-6DA2-4019-8EE5-6FE66087DBAF","toDetailCollection":{},"unitSize":1.5,"fromDetail":{"output":{"controls_and_symbols":{"_0":"escape"}},"isSFSymbol":true,"display":"escape"}},{"id":"FB635900-5181-4B28-A778-4B7384A321AD","fromDetail":{"display":"F8","output":{"function_keys":{"_0":"f8"}}},"toDetailCollection":{}},{"fromDetail":{"output":{"function_keys":{"_0":"f6"}},"display":"F6"},"id":"070605DD-E8BE-43B4-A63F-B296C0EE8E28","toDetailCollection":{}},{"toDetailCollection":{},"id":"BFE75D8D-A9AF-4DAE-9545-20FE16933EC5","fromDetail":{"display":"F4","output":{"function_keys":{"_0":"f4"}}}},{"toDetailCollection":{},"fromDetail":{"display":"F2","output":{"function_keys":{"_0":"f2"}}},"id":"8C95E6C3-8ABD-41D4-B155-ABE59F4A598B"},{"fromDetail":{"output":{"function_keys":{"_0":"f11"}},"display":"F11"},"id":"17CB7785-43CE-4F7F-870F-C5E9FC6C9E7B","toDetailCollection":{}},{"id":"7F17F5BE-F7AE-4CD9-9190-C3677C8CBD22","fromDetail":{"display":"F12","output":{"function_keys":{"_0":"f12"}}},"toDetailCollection":{}}],"arrow_left":{"keyShape":"arrow_LR","toDetailCollection":{},"id":"B2C7E376-E1B3-4D2B-8A5F-61CC0EB55488","fromDetail":{"output":{"arrow_keys":{"_0":"left_arrow"}},"display":"arrowtriangle.left.fill","isSFSymbol":true}},"idsInOrderRow3":[{"id":"FEF447B6-5A74-4700-BF3A-810C2D47CC9B"},{"id":"4DEBE19F-AAB3-4331-9DBF-9D4F55481E26"},{"id":"CC794219-3FA0-43BF-B94A-94A9518ACA4F"},{"id":"382BCCFB-B57B-466C-B103-2CFBB809EFD5"},{"id":"7CACF65F-52AA-47AD-8369-CD34CD025A38"},{"id":"B0406055-CAF3-4A57-9829-D2486974127C"},{"id":"859DC3F9-B1FE-4107-84F3-A3001AD8E41F"},{"id":"F16A9838-7D61-4FC6-AB70-EEBCAB5BDEFB"},{"id":"F281792E-732B-4F9C-8DEB-D93EB49BE900"},{"id":"D569AB04-D848-4345-B524-6DD84AF844E4"},{"id":"C4C67B97-4D32-4581-A6CA-0AE23A7F2465"},{"id":"4966497D-A490-4CB1-80A8-D02C1A7B23EC"},{"id":"C0EE8BC2-3F17-477B-A5F9-BE4A838C5B0A"},{"id":"0172AAE5-4FDE-45FC-8BE3-B4A16D2DDA58"}],"enableArrowKeys":true},"tenkeyRows":{"row6":[{"fromDetail":{"display":".","output":{"keypad_keys":{"_0":"keypad_period"}}},"toDetailCollection":{},"id":"1DEE8884-4425-43A7-98C4-26FA43392490"},{"fromDetail":{"display":"0","output":{"keypad_keys":{"_0":"keypad_0"}}},"id":"63531E8E-141E-447E-996C-464D2D2BF7F5","unitSize":2,"toDetailCollection":{}}],"idsInOrderRow3":[{"id":"032B31E8-09A2-4F63-AB26-8903946ECA07"},{"id":"97C2A53C-318F-4D89-8B92-5DDE4CCA44D3"},{"id":"D133B089-CE83-4CA1-9B0D-FA16D3888724"},{"id":"E825112B-286B-49BB-9428-9A3C99CAA156"}],"idsInOrderRow5":[{"id":"5509F5DC-71FC-464D-912B-2ADDCAFD7ECB"},{"id":"0676929A-8E64-41B7-952D-85AF15E6B8AB"},{"id":"322C535B-FECC-49AE-85FB-E97EC58C11A7"},{"id":"C7E52EF9-2B8E-4DFB-996E-FACEEA7627A0"}],"idsInOrderRow6":[{"id":"63531E8E-141E-447E-996C-464D2D2BF7F5"},{"id":"1DEE8884-4425-43A7-98C4-26FA43392490"}],"row1":[{"fromDetail":{"output":{"function_keys":{"_0":"f18"}},"display":"F18"},"toDetailCollection":{},"id":"06E48C9B-7B0F-49A9-89AC-F0CB418114F6"},{"fromDetail":{"display":"F19","output":{"function_keys":{"_0":"f19"}}},"toDetailCollection":{},"id":"F6BBFBFB-A303-4893-A518-ED68CA4126DD"},{"fromDetail":{"display":"F17","output":{"function_keys":{"_0":"f17"}}},"toDetailCollection":{},"id":"51DD0FC9-2C70-4E43-9326-8185CBA2110A"},{"id":"230248DD-06DE-47D3-B7BD-2BB9F971DC91","fromDetail":{"display":"F16","output":{"function_keys":{"_0":"f16"}}},"toDetailCollection":{}}],"arrow_right":{"fromDetail":{"output":{"arrow_keys":{"_0":"right_arrow"}},"isSFSymbol":true,"display":"arrowtriangle.right.fill"},"keyShape":"arrow_LR","toDetailCollection":{},"id":"79090F8B-C905-4D36-B133-8BA8EB350377"},"row4":[{"toDetailCollection":{},"id":"1F9F0F0E-7F53-4938-9EA4-AA6EA099938A","fromDetail":{"display":"+","output":{"keypad_keys":{"_0":"keypad_plus"}}}},{"id":"9E96AFA1-C725-4C3B-A8BC-E4F5645B22BF","toDetailCollection":{},"fromDetail":{"output":{"keypad_keys":{"_0":"keypad_6"}},"display":"6"}},{"id":"A7CC04E5-8FE0-4E16-9D6A-CE13E865A9DA","toDetailCollection":{},"fromDetail":{"output":{"keypad_keys":{"_0":"keypad_5"}},"display":"5"}},{"fromDetail":{"output":{"keypad_keys":{"_0":"keypad_4"}},"display":"4"},"toDetailCollection":{},"id":"04CA4917-EAA9-4BC3-A5FF-FB8EB173B6C1"}],"enableArrowKeys":false,"arrow_down":{"id":"2E936CD9-422E-4E93-BEA7-F0B130A59EF3","toDetailCollection":{},"keyShape":"arrow_Down","fromDetail":{"isSFSymbol":true,"display":"arrowtriangle.down.fill","output":{"arrow_keys":{"_0":"down_arrow"}}}},"arrow_up":{"toDetailCollection":{},"keyShape":"arrow_Up","id":"F3D15827-EE99-452C-B2A4-F92F94D46CBE","fromDetail":{"display":"arrowtriangle.up.fill","isSFSymbol":true,"output":{"arrow_keys":{"_0":"up_arrow"}}}},"idsInOrderRow1":[{"id":"230248DD-06DE-47D3-B7BD-2BB9F971DC91"},{"id":"51DD0FC9-2C70-4E43-9326-8185CBA2110A"},{"id":"06E48C9B-7B0F-49A9-89AC-F0CB418114F6"},{"id":"F6BBFBFB-A303-4893-A518-ED68CA4126DD"}],"row3":[{"fromDetail":{"output":{"keypad_keys":{"_0":"keypad_hyphen"}},"display":"-"},"toDetailCollection":{},"id":"E825112B-286B-49BB-9428-9A3C99CAA156"},{"id":"D133B089-CE83-4CA1-9B0D-FA16D3888724","fromDetail":{"output":{"keypad_keys":{"_0":"keypad_9"}},"display":"9"},"toDetailCollection":{}},{"toDetailCollection":{},"id":"97C2A53C-318F-4D89-8B92-5DDE4CCA44D3","fromDetail":{"display":"8","output":{"keypad_keys":{"_0":"keypad_8"}}}},{"toDetailCollection":{},"id":"032B31E8-09A2-4F63-AB26-8903946ECA07","fromDetail":{"output":{"keypad_keys":{"_0":"keypad_7"}},"display":"7"}}],"rowIndex_arrow":{"row6":{}},"arrow_left":{"keyShape":"arrow_LR","fromDetail":{"isSFSymbol":true,"output":{"arrow_keys":{"_0":"left_arrow"}},"display":"arrowtriangle.left.fill"},"toDetailCollection":{},"id":"A6FB7EB9-8BC2-43C8-939B-002CBAA5063A"},"row2":[{"fromDetail":{"output":{"others":{"_0":"clear"}},"display":"clear"},"id":"A66C97A8-91D4-4FB8-9104-FF18866825F5","toDetailCollection":{}},{"fromDetail":{"output":{"keypad_keys":{"_0":"keypad_slash"}},"display":"\/"},"id":"36C4D516-BF13-4AD3-8213-C5EC14FA7C8C","toDetailCollection":{}},{"id":"2F420260-1C97-464C-933F-760F3CB9D0BE","fromDetail":{"display":"=","output":{"keypad_keys":{"_0":"keypad_equal_sign"}}},"toDetailCollection":{}},{"toDetailCollection":{},"id":"AB013F1F-F230-42FE-B351-20B0888D810F","fromDetail":{"output":{"keypad_keys":{"_0":"keypad_asterisk"}},"display":"*"}}],"row5":[{"fromDetail":{"output":{"keypad_keys":{"_0":"keypad_enter"}},"isSFSymbol":true,"display":"projective"},"id":"C7E52EF9-2B8E-4DFB-996E-FACEEA7627A0","keyShape":"enter_Tenkey","toDetailCollection":{}},{"id":"5509F5DC-71FC-464D-912B-2ADDCAFD7ECB","fromDetail":{"display":"1","output":{"keypad_keys":{"_0":"keypad_1"}}},"toDetailCollection":{}},{"id":"0676929A-8E64-41B7-952D-85AF15E6B8AB","fromDetail":{"display":"2","output":{"keypad_keys":{"_0":"keypad_2"}}},"toDetailCollection":{}},{"id":"322C535B-FECC-49AE-85FB-E97EC58C11A7","fromDetail":{"display":"3","output":{"keypad_keys":{"_0":"keypad_3"}}},"toDetailCollection":{}}],"idsInOrderRow2":[{"id":"A66C97A8-91D4-4FB8-9104-FF18866825F5"},{"id":"2F420260-1C97-464C-933F-760F3CB9D0BE"},{"id":"36C4D516-BF13-4AD3-8213-C5EC14FA7C8C"},{"id":"AB013F1F-F230-42FE-B351-20B0888D810F"}],"idsInOrderRow4":[{"id":"04CA4917-EAA9-4BC3-A5FF-FB8EB173B6C1"},{"id":"A7CC04E5-8FE0-4E16-9D6A-CE13E865A9DA"},{"id":"9E96AFA1-C725-4C3B-A8BC-E4F5645B22BF"},{"id":"1F9F0F0E-7F53-4938-9EA4-AA6EA099938A"}]},"subRows":{"row1":[{"id":"3D4CB2ED-768C-4A09-9B87-0444C83BE471","fromDetail":{"output":{"function_keys":{"_0":"f15"}},"display":"F15"},"toDetailCollection":{}},{"toDetailCollection":{},"fromDetail":{"output":{"function_keys":{"_0":"f14"}},"display":"F14"},"id":"4A0497DA-109D-44DE-8E13-D06BA5F6A10F"},{"toDetailCollection":{},"fromDetail":{"display":"F13","output":{"function_keys":{"_0":"f13"}}},"id":"C5C75DBC-C133-4BB1-AE23-8664D33B7C1F"}],"enableArrowKeys":false,"idsInOrderRow1":[{"id":"C5C75DBC-C133-4BB1-AE23-8664D33B7C1F"},{"id":"4A0497DA-109D-44DE-8E13-D06BA5F6A10F"},{"id":"3D4CB2ED-768C-4A09-9B87-0444C83BE471"}],"row3":[{"id":"960B1808-4D7C-4092-B973-667777F50F68","fromDetail":{"output":{"arrow_keys":{"_0":"page_down"}},"isSFSymbol":true,"display":"arrow.down"},"toDetailCollection":{}},{"fromDetail":{"output":{"arrow_keys":{"_0":"end"}},"isSFSymbol":true,"display":"arrow.down.to.line"},"toDetailCollection":{},"id":"B36DFC9A-D569-46AC-85C1-5407F842C034"},{"fromDetail":{"output":{"controls_and_symbols":{"_0":"delete_forward"}},"isSFSymbol":true,"display":"delete.right"},"toDetailCollection":{},"id":"9E426B06-4010-447C-B144-6FF783EE9EFB"}],"idsInOrderRow4":[],"arrow_up":{"keyShape":"arrow_Up","fromDetail":{"isSFSymbol":true,"output":{"arrow_keys":{"_0":"up_arrow"}},"display":"arrowtriangle.up.fill"},"id":"D2498CB4-6BDD-4D60-AFFD-C3114C4B5606","toDetailCollection":{}},"idsInOrderRow5":[{"id":"BD6F100E-A0A9-4E51-BB3D-51C6EB4CC974"},{"id":"37F4BC77-F898-4B96-8776-D5E2F464F387"}],"arrow_down":{"id":"1A941191-B9A2-4306-87F7-229AEB19E0EB","keyShape":"arrow_Down","fromDetail":{"display":"arrowtriangle.down.fill","output":{"arrow_keys":{"_0":"down_arrow"}},"isSFSymbol":true},"toDetailCollection":{}},"idsInOrderRow3":[{"id":"9E426B06-4010-447C-B144-6FF783EE9EFB"},{"id":"B36DFC9A-D569-46AC-85C1-5407F842C034"},{"id":"960B1808-4D7C-4092-B973-667777F50F68"}],"idsInOrderRow6":[{"id":"6A641BC2-8694-4D60-862A-407776C98BB3"},{"id":"323F8D38-2AF7-4EE5-8F8A-5BDCEB181E7D"},{"id":"BC7302B5-20F1-40EF-B5F4-EC22AF2639DC"}],"row5":[{"fromDetail":{"display":"arrowtriangle.up.fill","isSFSymbol":true,"output":{"arrow_keys":{"_0":"up_arrow"}}},"id":"37F4BC77-F898-4B96-8776-D5E2F464F387","toDetailCollection":{}},{"isSpacer":true,"toDetailCollection":{},"fromDetail":{"display":"A","output":{"letter_keys":{"_0":"a"}}},"id":"BD6F100E-A0A9-4E51-BB3D-51C6EB4CC974"}],"row4":[],"row2":[{"fromDetail":{"output":{"arrow_keys":{"_0":"page_up"}},"display":"arrow.up","isSFSymbol":true},"id":"2E2EF030-AAC8-46D4-A684-E471221563A5","toDetailCollection":{}},{"toDetailCollection":{},"id":"D3414986-CDBB-4321-823A-75EAAEC4749B","fromDetail":{"isSFSymbol":true,"output":{"arrow_keys":{"_0":"home"}},"display":"arrow.up.to.line"}},{"fromDetail":{"display":"text.insert","output":{"keys_in_pc_keyboards":{"_0":"insert"}},"isSFSymbol":true},"toDetailCollection":{},"id":"0C5BE35A-B588-47C8-BD42-48177E7A4034"}],"arrow_left":{"id":"D5D34F58-BA31-4073-AC7C-8437EBE11ABA","keyShape":"arrow_LR","toDetailCollection":{},"fromDetail":{"display":"arrowtriangle.left.fill","output":{"arrow_keys":{"_0":"left_arrow"}},"isSFSymbol":true}},"rowIndex_arrow":{"row6":{}},"row6":[{"toDetailCollection":{},"id":"BC7302B5-20F1-40EF-B5F4-EC22AF2639DC","fromDetail":{"isSFSymbol":true,"display":"arrowtriangle.right.fill","output":{"arrow_keys":{"_0":"right_arrow"}}}},{"fromDetail":{"display":"arrowtriangle.down.fill","isSFSymbol":true,"output":{"arrow_keys":{"_0":"down_arrow"}}},"id":"323F8D38-2AF7-4EE5-8F8A-5BDCEB181E7D","toDetailCollection":{}},{"fromDetail":{"isSFSymbol":true,"output":{"arrow_keys":{"_0":"left_arrow"}},"display":"arrowtriangle.left.fill"},"toDetailCollection":{},"id":"6A641BC2-8694-4D60-862A-407776C98BB3"}],"idsInOrderRow2":[{"id":"0C5BE35A-B588-47C8-BD42-48177E7A4034"},{"id":"D3414986-CDBB-4321-823A-75EAAEC4749B"},{"id":"2E2EF030-AAC8-46D4-A684-E471221563A5"}],"arrow_right":{"toDetailCollection":{},"keyShape":"arrow_LR","fromDetail":{"display":"arrowtriangle.right.fill","isSFSymbol":true,"output":{"arrow_keys":{"_0":"right_arrow"}}},"id":"8078F23C-8DAB-425B-B3A0-9883B3E9A5C8"}},"isEnableSub":false,"isEnableMain":true},"other":{"mainRows":{"rowIndex_arrow":{"row6":{}},"arrow_up":{"fromDetail":{"isSFSymbol":true,"display":"arrowtriangle.up.fill","output":{"arrow_keys":{"_0":"up_arrow"}}},"toDetailCollection":{},"id":"1CABD0F7-A5D3-41BE-A3AF-9219CB725065","keyShape":"arrow_Up"},"idsInOrderRow4":[{"id":"087B9E70-DEAE-403D-B7CB-A762E1D62024"},{"id":"D86F1305-CCE7-42B4-B2C4-F73EEDD0C4C7"},{"id":"08946731-6F03-41C0-81B0-FB90ED48E046"},{"id":"3B2AC41A-2247-48D1-997D-E7BADEACB18E"}],"idsInOrderRow5":[{"id":"D09972BC-47C6-45B8-9D41-BC2094AF9326"},{"id":"43DA06D0-A658-4FDC-BE90-090DD8BEFA68"},{"id":"72A5365B-350F-46DB-8934-701A17E4BE5B"},{"id":"15178BD2-7030-4EA6-9C9C-0139F2F5388B"}],"enableArrowKeys":false,"arrow_down":{"id":"A1CA24EC-1D8F-429D-9444-DB63FEAAE694","fromDetail":{"isSFSymbol":true,"display":"arrowtriangle.down.fill","output":{"arrow_keys":{"_0":"down_arrow"}}},"keyShape":"arrow_Down","toDetailCollection":{}},"row4":[{"toDetailCollection":{},"fromDetail":{"output":{"keypad_keys":{"_0":"keypad_5"}},"display":"5"},"id":"D86F1305-CCE7-42B4-B2C4-F73EEDD0C4C7"},{"id":"3B2AC41A-2247-48D1-997D-E7BADEACB18E","toDetailCollection":{},"fromDetail":{"output":{"keypad_keys":{"_0":"keypad_plus"}},"display":"+"}},{"toDetailCollection":{},"fromDetail":{"output":{"keypad_keys":{"_0":"keypad_6"}},"display":"6"},"id":"08946731-6F03-41C0-81B0-FB90ED48E046"},{"toDetailCollection":{},"fromDetail":{"output":{"keypad_keys":{"_0":"keypad_4"}},"display":"4"},"id":"087B9E70-DEAE-403D-B7CB-A762E1D62024"}],"arrow_right":{"keyShape":"arrow_LR","id":"C95E0727-E3D6-43C3-A8A6-F62EF83B4A6D","fromDetail":{"output":{"arrow_keys":{"_0":"right_arrow"}},"display":"arrowtriangle.right.fill","isSFSymbol":true},"toDetailCollection":{}},"row2":[{"fromDetail":{"display":"*","output":{"keypad_keys":{"_0":"keypad_asterisk"}}},"toDetailCollection":{},"id":"65559B15-9749-429F-8A73-41DA63226FFA"},{"fromDetail":{"display":"=","output":{"keypad_keys":{"_0":"keypad_equal_sign"}}},"id":"44C126DA-AF4B-4794-A5EC-1B533A2ADA86","toDetailCollection":{}},{"fromDetail":{"output":{"others":{"_0":"clear"}},"display":"clear"},"id":"0F00F4B2-DAB1-4A4A-8D41-CC74B5FE9761","toDetailCollection":{}},{"id":"39FAE2B3-0FC4-4ABD-91CB-6B06C3C0375F","fromDetail":{"output":{"keypad_keys":{"_0":"keypad_slash"}},"display":"\/"},"toDetailCollection":{}}],"idsInOrderRow2":[{"id":"0F00F4B2-DAB1-4A4A-8D41-CC74B5FE9761"},{"id":"44C126DA-AF4B-4794-A5EC-1B533A2ADA86"},{"id":"39FAE2B3-0FC4-4ABD-91CB-6B06C3C0375F"},{"id":"65559B15-9749-429F-8A73-41DA63226FFA"}],"row1":[{"fromDetail":{"display":"F19","output":{"function_keys":{"_0":"f19"}}},"id":"40847AFA-5D05-41B9-BEE6-85D742EA8832","toDetailCollection":{}},{"id":"242F4BC7-82F5-49C6-B1A8-DDF390C8DE0C","fromDetail":{"display":"F18","output":{"function_keys":{"_0":"f18"}}},"toDetailCollection":{}},{"id":"B0D64405-6D5B-4BAD-BABA-FC44A883F496","fromDetail":{"display":"F17","output":{"function_keys":{"_0":"f17"}}},"toDetailCollection":{}},{"toDetailCollection":{},"fromDetail":{"display":"F16","output":{"function_keys":{"_0":"f16"}}},"id":"32DDB15E-64C1-42A4-A80F-7731DC8879D1"}],"idsInOrderRow6":[{"id":"4E7ABFE5-194E-43ED-9890-D353FDA398F9"},{"id":"906103D1-6116-4AF8-A769-120A32B92FD6"}],"row6":[{"fromDetail":{"display":".","output":{"keypad_keys":{"_0":"keypad_period"}}},"toDetailCollection":{},"id":"906103D1-6116-4AF8-A769-120A32B92FD6"},{"id":"4E7ABFE5-194E-43ED-9890-D353FDA398F9","unitSize":2,"fromDetail":{"output":{"keypad_keys":{"_0":"keypad_0"}},"display":"0"},"toDetailCollection":{}}],"row3":[{"fromDetail":{"display":"-","output":{"keypad_keys":{"_0":"keypad_hyphen"}}},"id":"10FBDEE8-EC1D-4FA6-A9F2-1810A1C0C552","toDetailCollection":{}},{"toDetailCollection":{},"id":"943D0E72-0BA4-4A8E-BA62-67D7882A56CD","fromDetail":{"output":{"keypad_keys":{"_0":"keypad_9"}},"display":"9"}},{"toDetailCollection":{},"fromDetail":{"display":"8","output":{"keypad_keys":{"_0":"keypad_8"}}},"id":"6F4F6568-D2DC-47D4-AA3B-61E34159AA27"},{"toDetailCollection":{},"fromDetail":{"output":{"keypad_keys":{"_0":"keypad_7"}},"display":"7"},"id":"8E9F84F9-151B-40DB-A0B7-DF345B4005BA"}],"row5":[{"toDetailCollection":{},"fromDetail":{"output":{"keypad_keys":{"_0":"keypad_2"}},"display":"2"},"id":"43DA06D0-A658-4FDC-BE90-090DD8BEFA68"},{"fromDetail":{"output":{"keypad_keys":{"_0":"keypad_1"}},"display":"1"},"toDetailCollection":{},"id":"D09972BC-47C6-45B8-9D41-BC2094AF9326"},{"fromDetail":{"output":{"keypad_keys":{"_0":"keypad_enter"}},"isSFSymbol":true,"display":"projective"},"id":"15178BD2-7030-4EA6-9C9C-0139F2F5388B","keyShape":"enter_Tenkey","toDetailCollection":{}},{"id":"72A5365B-350F-46DB-8934-701A17E4BE5B","toDetailCollection":{},"fromDetail":{"display":"3","output":{"keypad_keys":{"_0":"keypad_3"}}}}],"idsInOrderRow3":[{"id":"8E9F84F9-151B-40DB-A0B7-DF345B4005BA"},{"id":"6F4F6568-D2DC-47D4-AA3B-61E34159AA27"},{"id":"943D0E72-0BA4-4A8E-BA62-67D7882A56CD"},{"id":"10FBDEE8-EC1D-4FA6-A9F2-1810A1C0C552"}],"idsInOrderRow1":[{"id":"32DDB15E-64C1-42A4-A80F-7731DC8879D1"},{"id":"B0D64405-6D5B-4BAD-BABA-FC44A883F496"},{"id":"242F4BC7-82F5-49C6-B1A8-DDF390C8DE0C"},{"id":"40847AFA-5D05-41B9-BEE6-85D742EA8832"}],"arrow_left":{"id":"E0367D6F-C017-41CD-A254-5FECA5985889","fromDetail":{"display":"arrowtriangle.left.fill","isSFSymbol":true,"output":{"arrow_keys":{"_0":"left_arrow"}}},"keyShape":"arrow_LR","toDetailCollection":{}}},"isEnableMain":true,"subRows":{"rowIndex_arrow":{"row6":{}},"idsInOrderRow4":[],"idsInOrderRow5":[{"id":"B6626F44-B4F5-4C45-99E5-0422A275AD8D"},{"id":"C4A09DE0-8180-4BCF-B053-0A9247F98025"}],"row3":[{"fromDetail":{"display":"delete.right","output":{"controls_and_symbols":{"_0":"delete_forward"}},"isSFSymbol":true},"id":"1B04678E-38E8-4B97-9372-A041CDF179FD","toDetailCollection":{}},{"fromDetail":{"display":"arrow.down.to.line","output":{"arrow_keys":{"_0":"end"}},"isSFSymbol":true},"id":"FF484F8F-BE41-4341-8538-3A8FE00FAA13","toDetailCollection":{}},{"toDetailCollection":{},"fromDetail":{"display":"arrow.down","isSFSymbol":true,"output":{"arrow_keys":{"_0":"page_down"}}},"id":"3BD1172E-3A1A-4A54-8EFD-4F43D5BF14CB"}],"row2":[{"toDetailCollection":{},"id":"55950810-5427-465C-A909-FFB0DABEEB49","fromDetail":{"output":{"arrow_keys":{"_0":"home"}},"display":"arrow.up.to.line","isSFSymbol":true}},{"id":"7508FD69-8705-4D02-A51E-DBDABDFAA8E9","fromDetail":{"output":{"arrow_keys":{"_0":"page_up"}},"isSFSymbol":true,"display":"arrow.up"},"toDetailCollection":{}},{"id":"20E8FEAB-6C3F-480D-B178-11E27ECBF5D1","toDetailCollection":{},"fromDetail":{"display":"text.insert","isSFSymbol":true,"output":{"keys_in_pc_keyboards":{"_0":"insert"}}}}],"arrow_down":{"toDetailCollection":{},"fromDetail":{"isSFSymbol":true,"output":{"arrow_keys":{"_0":"down_arrow"}},"display":"arrowtriangle.down.fill"},"id":"E19815D6-1700-4E78-B07A-221A9BDC01BA","keyShape":"arrow_Down"},"idsInOrderRow3":[{"id":"1B04678E-38E8-4B97-9372-A041CDF179FD"},{"id":"FF484F8F-BE41-4341-8538-3A8FE00FAA13"},{"id":"3BD1172E-3A1A-4A54-8EFD-4F43D5BF14CB"}],"row5":[{"id":"B6626F44-B4F5-4C45-99E5-0422A275AD8D","isSpacer":true,"fromDetail":{"output":{"letter_keys":{"_0":"a"}},"display":"A"},"toDetailCollection":{}},{"toDetailCollection":{},"id":"C4A09DE0-8180-4BCF-B053-0A9247F98025","fromDetail":{"isSFSymbol":true,"display":"arrowtriangle.up.fill","output":{"arrow_keys":{"_0":"up_arrow"}}}}],"row1":[{"toDetailCollection":{},"fromDetail":{"output":{"function_keys":{"_0":"f13"}},"display":"F13"},"id":"ED572203-7512-468B-BAF2-010E5E6C6B6E"},{"toDetailCollection":{},"id":"EBD6FFA3-D1F8-47D1-ADA4-10911DAE93FB","fromDetail":{"output":{"function_keys":{"_0":"f15"}},"display":"F15"}},{"id":"56D7070B-458E-4DF2-9046-1889E70D1ED1","toDetailCollection":{},"fromDetail":{"display":"F14","output":{"function_keys":{"_0":"f14"}}}}],"idsInOrderRow1":[{"id":"ED572203-7512-468B-BAF2-010E5E6C6B6E"},{"id":"56D7070B-458E-4DF2-9046-1889E70D1ED1"},{"id":"EBD6FFA3-D1F8-47D1-ADA4-10911DAE93FB"}],"arrow_right":{"fromDetail":{"isSFSymbol":true,"output":{"arrow_keys":{"_0":"right_arrow"}},"display":"arrowtriangle.right.fill"},"keyShape":"arrow_LR","toDetailCollection":{},"id":"5E2FDE58-A694-4B28-BD03-7907C6D60B1D"},"idsInOrderRow2":[{"id":"20E8FEAB-6C3F-480D-B178-11E27ECBF5D1"},{"id":"55950810-5427-465C-A909-FFB0DABEEB49"},{"id":"7508FD69-8705-4D02-A51E-DBDABDFAA8E9"}],"enableArrowKeys":false,"row4":[],"arrow_left":{"keyShape":"arrow_LR","fromDetail":{"output":{"arrow_keys":{"_0":"left_arrow"}},"display":"arrowtriangle.left.fill","isSFSymbol":true},"toDetailCollection":{},"id":"D7C3BF15-9CC1-422A-BC36-8558610CC4E0"},"arrow_up":{"fromDetail":{"isSFSymbol":true,"display":"arrowtriangle.up.fill","output":{"arrow_keys":{"_0":"up_arrow"}}},"id":"86EA4284-74A5-4DA4-A2CB-4FBECC4DF0AD","keyShape":"arrow_Up","toDetailCollection":{}},"row6":[{"toDetailCollection":{},"id":"4F29F54A-DFD7-493C-A78B-B63061073180","fromDetail":{"output":{"arrow_keys":{"_0":"left_arrow"}},"isSFSymbol":true,"display":"arrowtriangle.left.fill"}},{"id":"52ACA8E0-E435-4E12-B774-1A690CC2B838","fromDetail":{"output":{"arrow_keys":{"_0":"right_arrow"}},"display":"arrowtriangle.right.fill","isSFSymbol":true},"toDetailCollection":{}},{"toDetailCollection":{},"id":"2FC87514-5909-4B63-954F-1124FCCB2FA9","fromDetail":{"display":"arrowtriangle.down.fill","output":{"arrow_keys":{"_0":"down_arrow"}},"isSFSymbol":true}}],"idsInOrderRow6":[{"id":"4F29F54A-DFD7-493C-A78B-B63061073180"},{"id":"2FC87514-5909-4B63-954F-1124FCCB2FA9"},{"id":"52ACA8E0-E435-4E12-B774-1A690CC2B838"}]},"sectionDetail":{"section":{"other":{}},"deviceDetail":{"vendor_id":"vendor_id","location_id":"location_id","device_name":"otherDevice","is_location_id_Enabled":false,"is_product_id_Enabled":false,"product_id":"product_id","is_vendor_id_Enabled":false,"is_builtin_keyboard":false}},"isEnableSub":false,"tenkeyRows":{"idsInOrderRow6":[{"id":"1D2BDAC4-6D4D-4A91-8A79-0F6C33A989AC"},{"id":"6FE74BA8-0607-4791-95AA-89E395EC5D76"}],"row4":[{"id":"9A83C3CA-DFD5-42F8-BC90-BA1F9DD9570A","toDetailCollection":{},"fromDetail":{"output":{"keypad_keys":{"_0":"keypad_plus"}},"display":"+"}},{"toDetailCollection":{},"fromDetail":{"output":{"keypad_keys":{"_0":"keypad_5"}},"display":"5"},"id":"FBFCF572-DC34-4113-A042-6E5E323AD3BB"},{"fromDetail":{"output":{"keypad_keys":{"_0":"keypad_6"}},"display":"6"},"toDetailCollection":{},"id":"891D28A2-9262-4917-93AA-8A7F5D95A046"},{"fromDetail":{"display":"4","output":{"keypad_keys":{"_0":"keypad_4"}}},"toDetailCollection":{},"id":"14562E67-4435-452A-ABAA-86D89C2A3EED"}],"idsInOrderRow5":[{"id":"8C54F6A5-98EB-4195-83E0-167A540B2436"},{"id":"AD512BFD-CCE9-432E-B20F-97143F9AAE6E"},{"id":"B59D8A53-5C4E-495C-AC6E-6DB6440AAA02"},{"id":"A816CA95-227E-409D-A903-5E60E3C999A3"}],"row3":[{"toDetailCollection":{},"fromDetail":{"output":{"keypad_keys":{"_0":"keypad_hyphen"}},"display":"-"},"id":"CF0AF385-C3EA-4665-B354-0359D58DE934"},{"id":"64606EA7-3861-4BE5-B3F8-37E350197C07","fromDetail":{"output":{"keypad_keys":{"_0":"keypad_8"}},"display":"8"},"toDetailCollection":{}},{"fromDetail":{"output":{"keypad_keys":{"_0":"keypad_7"}},"display":"7"},"toDetailCollection":{},"id":"8920BD13-5429-45F2-A995-4DAE40BE5587"},{"fromDetail":{"output":{"keypad_keys":{"_0":"keypad_9"}},"display":"9"},"toDetailCollection":{},"id":"156BBD02-6CF1-4075-AEB5-728A0CE160FB"}],"row2":[{"id":"636EAEDC-A089-4898-8073-BCBE03D2EED6","fromDetail":{"output":{"keypad_keys":{"_0":"keypad_slash"}},"display":"\/"},"toDetailCollection":{}},{"id":"D2568CC4-B8F9-430E-9513-D589409FD54D","fromDetail":{"display":"*","output":{"keypad_keys":{"_0":"keypad_asterisk"}}},"toDetailCollection":{}},{"id":"2A2E32FE-79D4-417A-AE86-217900493B2C","fromDetail":{"display":"=","output":{"keypad_keys":{"_0":"keypad_equal_sign"}}},"toDetailCollection":{}},{"id":"B7821EB0-139D-4CB8-8C8C-AB47D9A4BF0F","fromDetail":{"output":{"others":{"_0":"clear"}},"display":"clear"},"toDetailCollection":{}}],"rowIndex_arrow":{"row6":{}},"arrow_left":{"id":"8944E038-71CF-4424-AB4A-D3807A52D7E1","fromDetail":{"output":{"arrow_keys":{"_0":"left_arrow"}},"display":"arrowtriangle.left.fill","isSFSymbol":true},"toDetailCollection":{},"keyShape":"arrow_LR"},"arrow_right":{"keyShape":"arrow_LR","id":"A5653FA2-EF92-4156-9CFE-39F071CB9A0E","fromDetail":{"output":{"arrow_keys":{"_0":"right_arrow"}},"isSFSymbol":true,"display":"arrowtriangle.right.fill"},"toDetailCollection":{}},"idsInOrderRow2":[{"id":"B7821EB0-139D-4CB8-8C8C-AB47D9A4BF0F"},{"id":"2A2E32FE-79D4-417A-AE86-217900493B2C"},{"id":"636EAEDC-A089-4898-8073-BCBE03D2EED6"},{"id":"D2568CC4-B8F9-430E-9513-D589409FD54D"}],"row6":[{"unitSize":2,"id":"1D2BDAC4-6D4D-4A91-8A79-0F6C33A989AC","fromDetail":{"output":{"keypad_keys":{"_0":"keypad_0"}},"display":"0"},"toDetailCollection":{}},{"fromDetail":{"output":{"keypad_keys":{"_0":"keypad_period"}},"display":"."},"id":"6FE74BA8-0607-4791-95AA-89E395EC5D76","toDetailCollection":{}}],"arrow_down":{"id":"EA52B43F-385A-4BF1-A92A-1F88806E2E99","keyShape":"arrow_Down","toDetailCollection":{},"fromDetail":{"output":{"arrow_keys":{"_0":"down_arrow"}},"isSFSymbol":true,"display":"arrowtriangle.down.fill"}},"row1":[{"toDetailCollection":{},"fromDetail":{"display":"F17","output":{"function_keys":{"_0":"f17"}}},"id":"19E89014-AC26-45A4-88E5-B1BA3279C294"},{"id":"243FFF1C-842E-45FB-BFBD-E2CA5F210E1C","fromDetail":{"display":"F16","output":{"function_keys":{"_0":"f16"}}},"toDetailCollection":{}},{"id":"4154A775-8CC1-45F5-92E0-2427C10061C4","fromDetail":{"output":{"function_keys":{"_0":"f18"}},"display":"F18"},"toDetailCollection":{}},{"toDetailCollection":{},"id":"EE81F260-A16D-41D2-B8F9-AE0B2F512643","fromDetail":{"output":{"function_keys":{"_0":"f19"}},"display":"F19"}}],"idsInOrderRow1":[{"id":"243FFF1C-842E-45FB-BFBD-E2CA5F210E1C"},{"id":"19E89014-AC26-45A4-88E5-B1BA3279C294"},{"id":"4154A775-8CC1-45F5-92E0-2427C10061C4"},{"id":"EE81F260-A16D-41D2-B8F9-AE0B2F512643"}],"idsInOrderRow3":[{"id":"8920BD13-5429-45F2-A995-4DAE40BE5587"},{"id":"64606EA7-3861-4BE5-B3F8-37E350197C07"},{"id":"156BBD02-6CF1-4075-AEB5-728A0CE160FB"},{"id":"CF0AF385-C3EA-4665-B354-0359D58DE934"}],"arrow_up":{"keyShape":"arrow_Up","id":"12BAC7A4-D90D-469B-A621-73A43733F5DA","fromDetail":{"output":{"arrow_keys":{"_0":"up_arrow"}},"display":"arrowtriangle.up.fill","isSFSymbol":true},"toDetailCollection":{}},"row5":[{"id":"A816CA95-227E-409D-A903-5E60E3C999A3","fromDetail":{"display":"projective","output":{"keypad_keys":{"_0":"keypad_enter"}},"isSFSymbol":true},"keyShape":"enter_Tenkey","toDetailCollection":{}},{"fromDetail":{"display":"1","output":{"keypad_keys":{"_0":"keypad_1"}}},"id":"8C54F6A5-98EB-4195-83E0-167A540B2436","toDetailCollection":{}},{"toDetailCollection":{},"id":"AD512BFD-CCE9-432E-B20F-97143F9AAE6E","fromDetail":{"display":"2","output":{"keypad_keys":{"_0":"keypad_2"}}}},{"id":"B59D8A53-5C4E-495C-AC6E-6DB6440AAA02","toDetailCollection":{},"fromDetail":{"display":"3","output":{"keypad_keys":{"_0":"keypad_3"}}}}],"idsInOrderRow4":[{"id":"14562E67-4435-452A-ABAA-86D89C2A3EED"},{"id":"FBFCF572-DC34-4113-A042-6E5E323AD3BB"},{"id":"891D28A2-9262-4917-93AA-8A7F5D95A046"},{"id":"9A83C3CA-DFD5-42F8-BC90-BA1F9DD9570A"}],"enableArrowKeys":false},"isEnableTenkey":false},"validSections":{"sections":[{"main":{}}]},"mouse":{"isEnableSub":false,"mainRows":{"enableArrowKeys":false,"row4":[{"isSpacer":true,"fromDetail":{"output":{"letter_keys":{"_0":"a"}},"display":"A"},"toDetailCollection":{},"id":"1D22836E-79DE-40D1-84A7-F6D6E9B2A01B"}],"idsInOrderRow3":[{"id":"6A228FF0-321C-4B3A-B65A-27700044E3FE"}],"row5":[],"idsInOrderRow1":[{"id":"4065C310-88AA-41E7-8838-2C0D78C6815F"},{"id":"38E362DA-9E85-4879-8454-B38075A56D69"}],"arrow_down":{"fromDetail":{"output":{"arrow_keys":{"_0":"down_arrow"}},"display":"arrowtriangle.down.fill","isSFSymbol":true},"keyShape":"arrow_Down","id":"F3A01EB0-BE6C-4A77-9607-7C32AD3D3609","toDetailCollection":{}},"row2":[{"id":"DFD91E25-198D-4986-8C1C-36BF3718D3AA","toDetailCollection":{},"fromDetail":{"output":{"mouse_buttons":{"_0":"button3"}},"display":"M click"}},{"fromDetail":{"display":"A","output":{"letter_keys":{"_0":"a"}}},"toDetailCollection":{},"unitSize":0.5,"isSpacer":true,"id":"5B62E934-7A63-4CF6-80E3-60E9280BFE13"}],"idsInOrderRow4":[{"id":"1D22836E-79DE-40D1-84A7-F6D6E9B2A01B"}],"row6":[],"row1":[{"id":"38E362DA-9E85-4879-8454-B38075A56D69","toDetailCollection":{},"fromDetail":{"output":{"mouse_buttons":{"_0":"button2"}},"display":"R click"}},{"fromDetail":{"display":"L click","output":{"mouse_buttons":{"_0":"button1"}}},"toDetailCollection":{},"id":"4065C310-88AA-41E7-8838-2C0D78C6815F"}],"row3":[{"isSpacer":true,"fromDetail":{"display":"A","output":{"letter_keys":{"_0":"a"}}},"id":"6A228FF0-321C-4B3A-B65A-27700044E3FE","toDetailCollection":{}}],"idsInOrderRow6":[],"arrow_left":{"fromDetail":{"output":{"arrow_keys":{"_0":"left_arrow"}},"display":"arrowtriangle.left.fill","isSFSymbol":true},"keyShape":"arrow_LR","id":"A3368565-540B-4474-AB65-58C51B639276","toDetailCollection":{}},"idsInOrderRow5":[],"arrow_right":{"id":"16116697-DB33-499D-BA96-A08EB2FC3C47","toDetailCollection":{},"fromDetail":{"output":{"arrow_keys":{"_0":"right_arrow"}},"display":"arrowtriangle.right.fill","isSFSymbol":true},"keyShape":"arrow_LR"},"idsInOrderRow2":[{"id":"5B62E934-7A63-4CF6-80E3-60E9280BFE13"},{"id":"DFD91E25-198D-4986-8C1C-36BF3718D3AA"}],"rowIndex_arrow":{"row6":{}},"arrow_up":{"toDetailCollection":{},"id":"0CE3E40C-7C88-42AD-AAF1-C2A0A3A92E76","keyShape":"arrow_Up","fromDetail":{"display":"arrowtriangle.up.fill","output":{"arrow_keys":{"_0":"up_arrow"}},"isSFSymbol":true}}},"sectionDetail":{"deviceDetail":{"is_vendor_id_Enabled":false,"device_name":"mouse","is_builtin_keyboard":false,"is_product_id_Enabled":false,"vendor_id":"vendor_id","location_id":"location_id","product_id":"product_id","is_location_id_Enabled":false},"section":{"mouse":{}}},"subRows":{"idsInOrderRow4":[{"id":"109D7E4C-1FA3-421A-A2EE-750D197A9227"}],"row2":[{"fromDetail":{"display":"A","output":{"letter_keys":{"_0":"a"}}},"toDetailCollection":{},"id":"122A8BE2-3B0D-4C6D-A3E1-1100E6E3AF56"}],"row5":[{"fromDetail":{"output":{"letter_keys":{"_0":"a"}},"display":"A"},"toDetailCollection":{},"id":"4848A275-20BD-4722-AA91-3F639DED7469"}],"arrow_up":{"toDetailCollection":{},"id":"042905A6-0249-4E28-A5F6-F04CFC76E578","fromDetail":{"isSFSymbol":true,"display":"arrowtriangle.up.fill","output":{"arrow_keys":{"_0":"up_arrow"}}},"keyShape":"arrow_Up"},"row3":[{"toDetailCollection":{},"id":"A62565BB-8BF2-4673-8B26-4E1C2A7F89FC","fromDetail":{"display":"A","output":{"letter_keys":{"_0":"a"}}}}],"row4":[{"fromDetail":{"display":"A","output":{"letter_keys":{"_0":"a"}}},"toDetailCollection":{},"id":"109D7E4C-1FA3-421A-A2EE-750D197A9227"}],"rowIndex_arrow":{"row6":{}},"row1":[{"fromDetail":{"output":{"letter_keys":{"_0":"a"}},"display":"A"},"toDetailCollection":{},"id":"F1664609-9675-4DDF-BFB0-9E3FB490EB2C"}],"idsInOrderRow6":[{"id":"079936D9-C398-43FC-ADCD-7C4BE04DE275"}],"idsInOrderRow2":[{"id":"122A8BE2-3B0D-4C6D-A3E1-1100E6E3AF56"}],"idsInOrderRow1":[{"id":"F1664609-9675-4DDF-BFB0-9E3FB490EB2C"}],"arrow_left":{"id":"4AAC96B1-733F-4AD0-A2EE-B8B88EFEFD87","keyShape":"arrow_LR","fromDetail":{"output":{"arrow_keys":{"_0":"left_arrow"}},"display":"arrowtriangle.left.fill","isSFSymbol":true},"toDetailCollection":{}},"idsInOrderRow5":[{"id":"4848A275-20BD-4722-AA91-3F639DED7469"}],"row6":[{"fromDetail":{"output":{"letter_keys":{"_0":"a"}},"display":"A"},"toDetailCollection":{},"id":"079936D9-C398-43FC-ADCD-7C4BE04DE275"}],"arrow_down":{"toDetailCollection":{},"id":"138300B7-FEC2-4CE9-A710-27C4EC295F8E","fromDetail":{"output":{"arrow_keys":{"_0":"down_arrow"}},"display":"arrowtriangle.down.fill","isSFSymbol":true},"keyShape":"arrow_Down"},"idsInOrderRow3":[{"id":"A62565BB-8BF2-4673-8B26-4E1C2A7F89FC"}],"enableArrowKeys":false,"arrow_right":{"keyShape":"arrow_LR","toDetailCollection":{},"fromDetail":{"output":{"arrow_keys":{"_0":"right_arrow"}},"isSFSymbol":true,"display":"arrowtriangle.right.fill"},"id":"5A94CAA6-C448-42C4-A5AC-7A556EC3B744"}},"isEnableMain":true,"tenkeyRows":{"row4":[{"id":"D03F21A1-C15B-4E46-9C83-28B0FF70E271","fromDetail":{"output":{"letter_keys":{"_0":"a"}},"display":"A"},"toDetailCollection":{}}],"row3":[{"toDetailCollection":{},"id":"B64F4F57-294D-4E5E-B379-83C38B43C3F3","fromDetail":{"display":"A","output":{"letter_keys":{"_0":"a"}}}}],"row2":[{"id":"A4AE25B3-57DA-4526-B989-A0EF41BC7D7A","fromDetail":{"output":{"letter_keys":{"_0":"a"}},"display":"A"},"toDetailCollection":{}}],"enableArrowKeys":false,"row5":[{"id":"997367B0-BE1A-4DA5-8A32-F18600956FA2","fromDetail":{"display":"A","output":{"letter_keys":{"_0":"a"}}},"toDetailCollection":{}}],"idsInOrderRow2":[{"id":"A4AE25B3-57DA-4526-B989-A0EF41BC7D7A"}],"idsInOrderRow3":[{"id":"B64F4F57-294D-4E5E-B379-83C38B43C3F3"}],"idsInOrderRow5":[{"id":"997367B0-BE1A-4DA5-8A32-F18600956FA2"}],"arrow_up":{"id":"8F7B4BB9-E4AF-4289-959B-D42DC796579B","toDetailCollection":{},"keyShape":"arrow_Up","fromDetail":{"display":"arrowtriangle.up.fill","isSFSymbol":true,"output":{"arrow_keys":{"_0":"up_arrow"}}}},"row1":[{"toDetailCollection":{},"fromDetail":{"output":{"letter_keys":{"_0":"a"}},"display":"A"},"id":"C453086F-B642-4F0F-A91E-55508B8B1A2B"}],"idsInOrderRow6":[{"id":"93E92ADD-C85B-42F4-A17E-57E6C394E6C3"}],"arrow_down":{"keyShape":"arrow_Down","id":"0B6C2241-93E0-40B2-B8EB-C43B30C2BA79","toDetailCollection":{},"fromDetail":{"output":{"arrow_keys":{"_0":"down_arrow"}},"display":"arrowtriangle.down.fill","isSFSymbol":true}},"idsInOrderRow1":[{"id":"C453086F-B642-4F0F-A91E-55508B8B1A2B"}],"idsInOrderRow4":[{"id":"D03F21A1-C15B-4E46-9C83-28B0FF70E271"}],"arrow_right":{"keyShape":"arrow_LR","fromDetail":{"output":{"arrow_keys":{"_0":"right_arrow"}},"display":"arrowtriangle.right.fill","isSFSymbol":true},"toDetailCollection":{},"id":"CA048B6A-AA14-42B9-B499-4F951BBAC32E"},"row6":[{"toDetailCollection":{},"id":"93E92ADD-C85B-42F4-A17E-57E6C394E6C3","fromDetail":{"display":"A","output":{"letter_keys":{"_0":"a"}}}}],"arrow_left":{"fromDetail":{"output":{"arrow_keys":{"_0":"left_arrow"}},"display":"arrowtriangle.left.fill","isSFSymbol":true},"id":"637AC398-65A5-4D10-AC93-C72B4C605971","toDetailCollection":{},"keyShape":"arrow_LR"},"rowIndex_arrow":{"row6":{}}},"isEnableTenkey":false}},"conditionDetailCollection":{"condition0":{"value":"com.vendor.condition0","type":"Application","isEnabled":true,"name":"Default"},"condition6":{"value":"com.vendor.condition6","name":"Condition6","type":"Application","isEnabled":false},"condition7":{"value":"com.vendor.condition7","isEnabled":false,"name":"Condition7","type":"Application"},"condition3":{"isEnabled":false,"type":"Application","value":"com.vendor.condition3","name":"Condition3"},"condition1":{"isEnabled":false,"name":"Condition1","type":"InputSource","value":"ja"},"condition2":{"type":"Application","value":"com.vendor.condition2","isEnabled":false,"name":"Condition2"},"condition8":{"name":"Condition8","type":"Application","isEnabled":false,"value":"com.vendor.condition8"},"condition5":{"value":"com.vendor.condition5","type":"Application","name":"Condition5","isEnabled":false},"condition4":{"name":"Condition4","value":"com.vendor.condition4","type":"Application","isEnabled":false},"condition9":{"type":"Application","name":"Condition9","value":"com.vendor.condition9","isEnabled":false}},"macroCollection":{"idsInOrderCollection":[],"_collection":[]}}