{"keymap":{"validSections":{"sections":[{"main":{}}]},"mouse":{"tenkeyRows":{"enableArrowKeys":false,"idsInOrderRow3":[{"id":"880A0030-14A0-47A2-A7BF-C81BD8EAB7AE"}],"row2":[{"fromDetail":{"output":{"letter_keys":{"_0":"a"}},"display":"A"},"toDetailCollection":{},"id":"3583D9B7-0F80-4734-A53A-DA9425561037"}],"arrow_up":{"toDetailCollection":{},"keyShape":"arrow_Up","id":"9060633F-8D10-40BB-8962-EEC0DADCFFF6","fromDetail":{"output":{"arrow_keys":{"_0":"up_arrow"}},"isSFSymbol":true,"display":"arrowtriangle.up.fill"}},"idsInOrderRow4":[{"id":"DD2C100C-7C6A-41ED-96F4-656F8B660ABC"}],"idsInOrderRow6":[{"id":"29A1DF83-7A14-482B-9FFD-15858BB05DC7"}],"idsInOrderRow1":[{"id":"EDA2D177-316E-4DF4-84F8-5FB383F91735"}],"row4":[{"toDetailCollection":{},"fromDetail":{"output":{"letter_keys":{"_0":"a"}},"display":"A"},"id":"DD2C100C-7C6A-41ED-96F4-656F8B660ABC"}],"arrow_left":{"toDetailCollection":{},"id":"D4198973-C8EF-42D2-AEB0-2187F85114B6","fromDetail":{"output":{"arrow_keys":{"_0":"left_arrow"}},"isSFSymbol":true,"display":"arrowtriangle.left.fill"},"keyShape":"arrow_LR"},"row1":[{"id":"EDA2D177-316E-4DF4-84F8-5FB383F91735","toDetailCollection":{},"fromDetail":{"output":{"letter_keys":{"_0":"a"}},"display":"A"}}],"row6":[{"id":"29A1DF83-7A14-482B-9FFD-15858BB05DC7","fromDetail":{"display":"A","output":{"letter_keys":{"_0":"a"}}},"toDetailCollection":{}}],"row3":[{"id":"880A0030-14A0-47A2-A7BF-C81BD8EAB7AE","fromDetail":{"output":{"letter_keys":{"_0":"a"}},"display":"A"},"toDetailCollection":{}}],"row5":[{"id":"A681A57C-296B-4005-9639-EA7991CFD100","fromDetail":{"output":{"letter_keys":{"_0":"a"}},"display":"A"},"toDetailCollection":{}}],"rowIndex_arrow":{"row6":{}},"idsInOrderRow2":[{"id":"3583D9B7-0F80-4734-A53A-DA9425561037"}],"arrow_down":{"toDetailCollection":{},"id":"BC0D74CC-78D8-47A4-AD16-DA49D59BBD56","fromDetail":{"isSFSymbol":true,"output":{"arrow_keys":{"_0":"down_arrow"}},"display":"arrowtriangle.down.fill"},"keyShape":"arrow_Down"},"arrow_right":{"keyShape":"arrow_LR","id":"D4E2B85F-0160-4EC8-8A16-1653D875513E","toDetailCollection":{},"fromDetail":{"isSFSymbol":true,"output":{"arrow_keys":{"_0":"right_arrow"}},"display":"arrowtriangle.right.fill"}},"idsInOrderRow5":[{"id":"A681A57C-296B-4005-9639-EA7991CFD100"}]},"subRows":{"row2":[{"toDetailCollection":{},"fromDetail":{"display":"A","output":{"letter_keys":{"_0":"a"}}},"id":"E2BEF4D3-2460-4BA6-B599-E5228A7D3C8E"}],"arrow_up":{"id":"464A633A-9121-4DFA-9536-B09FA84CF38B","toDetailCollection":{},"fromDetail":{"isSFSymbol":true,"output":{"arrow_keys":{"_0":"up_arrow"}},"display":"arrowtriangle.up.fill"},"keyShape":"arrow_Up"},"idsInOrderRow3":[{"id":"27B2C874-C64E-49EB-97E2-B5F5816DC43E"}],"row6":[{"id":"011EA505-CE68-43E3-969B-B91355700F68","toDetailCollection":{},"fromDetail":{"display":"A","output":{"letter_keys":{"_0":"a"}}}}],"arrow_right":{"keyShape":"arrow_LR","id":"1251BE20-19C0-4FCB-8D7B-4A0D8B38D572","toDetailCollection":{},"fromDetail":{"display":"arrowtriangle.right.fill","output":{"arrow_keys":{"_0":"right_arrow"}},"isSFSymbol":true}},"idsInOrderRow6":[{"id":"011EA505-CE68-43E3-969B-B91355700F68"}],"arrow_down":{"toDetailCollection":{},"keyShape":"arrow_Down","id":"C979DD0A-B99A-4FB2-BC52-867A96BF79C2","fromDetail":{"isSFSymbol":true,"output":{"arrow_keys":{"_0":"down_arrow"}},"display":"arrowtriangle.down.fill"}},"idsInOrderRow5":[{"id":"CE595DD9-E192-4928-8149-EA2177A26157"}],"enableArrowKeys":false,"rowIndex_arrow":{"row6":{}},"row3":[{"toDetailCollection":{},"id":"27B2C874-C64E-49EB-97E2-B5F5816DC43E","fromDetail":{"display":"A","output":{"letter_keys":{"_0":"a"}}}}],"arrow_left":{"toDetailCollection":{},"id":"136CA393-C057-428E-A5DF-F18C1C31A2F3","fromDetail":{"isSFSymbol":true,"output":{"arrow_keys":{"_0":"left_arrow"}},"display":"arrowtriangle.left.fill"},"keyShape":"arrow_LR"},"row4":[{"id":"3B3BE659-6571-4706-B81C-0DE20E6292AD","toDetailCollection":{},"fromDetail":{"output":{"letter_keys":{"_0":"a"}},"display":"A"}}],"row5":[{"fromDetail":{"display":"A","output":{"letter_keys":{"_0":"a"}}},"id":"CE595DD9-E192-4928-8149-EA2177A26157","toDetailCollection":{}}],"idsInOrderRow2":[{"id":"E2BEF4D3-2460-4BA6-B599-E5228A7D3C8E"}],"row1":[{"id":"C1ED2E81-58ED-4656-8493-F0DB6E0CEDCF","fromDetail":{"display":"A","output":{"letter_keys":{"_0":"a"}}},"toDetailCollection":{}}],"idsInOrderRow4":[{"id":"3B3BE659-6571-4706-B81C-0DE20E6292AD"}],"idsInOrderRow1":[{"id":"C1ED2E81-58ED-4656-8493-F0DB6E0CEDCF"}]},"isEnableTenkey":false,"isEnableMain":true,"mainRows":{"arrow_right":{"id":"ABC4D375-2FB3-4B99-AEF6-DCFA46CC67FD","keyShape":"arrow_LR","fromDetail":{"output":{"arrow_keys":{"_0":"right_arrow"}},"display":"arrowtriangle.right.fill","isSFSymbol":true},"toDetailCollection":{}},"idsInOrderRow6":[],"row3":[{"id":"0948D29F-FC21-45DE-B697-64845D51D773","isSpacer":true,"toDetailCollection":{},"fromDetail":{"display":"A","output":{"letter_keys":{"_0":"a"}}}}],"idsInOrderRow3":[{"id":"0948D29F-FC21-45DE-B697-64845D51D773"}],"row6":[],"enableArrowKeys":false,"arrow_up":{"toDetailCollection":{},"keyShape":"arrow_Up","id":"E53891F0-C2C0-4519-9793-C8C686F03817","fromDetail":{"output":{"arrow_keys":{"_0":"up_arrow"}},"display":"arrowtriangle.up.fill","isSFSymbol":true}},"arrow_down":{"keyShape":"arrow_Down","fromDetail":{"isSFSymbol":true,"output":{"arrow_keys":{"_0":"down_arrow"}},"display":"arrowtriangle.down.fill"},"id":"C985A99F-FAFF-4748-9DB5-B14C9D70614C","toDetailCollection":{}},"idsInOrderRow5":[],"row1":[{"fromDetail":{"output":{"mouse_buttons":{"_0":"button2"}},"display":"R click"},"toDetailCollection":{},"id":"F53AC6AC-4E31-48E8-8D63-3BC9030D5AFC"},{"id":"128FB700-58B4-4BF1-A9E4-D90154FDC766","fromDetail":{"output":{"mouse_buttons":{"_0":"button1"}},"display":"L click"},"toDetailCollection":{}}],"idsInOrderRow2":[{"id":"EAE79001-321E-49AE-BE59-21CA4B5871DE"},{"id":"C950335A-1C38-40BE-BF6A-1CAC102D7028"}],"idsInOrderRow4":[{"id":"3B6DCFA7-F4D9-450C-BEA3-5E464AC6A507"}],"idsInOrderRow1":[{"id":"128FB700-58B4-4BF1-A9E4-D90154FDC766"},{"id":"F53AC6AC-4E31-48E8-8D63-3BC9030D5AFC"}],"row4":[{"id":"3B6DCFA7-F4D9-450C-BEA3-5E464AC6A507","fromDetail":{"output":{"letter_keys":{"_0":"a"}},"display":"A"},"toDetailCollection":{},"isSpacer":true}],"arrow_left":{"keyShape":"arrow_LR","fromDetail":{"display":"arrowtriangle.left.fill","output":{"arrow_keys":{"_0":"left_arrow"}},"isSFSymbol":true},"id":"E862D0F0-BE01-4052-95E5-DFBE42E4D24E","toDetailCollection":{}},"row2":[{"toDetailCollection":{},"id":"C950335A-1C38-40BE-BF6A-1CAC102D7028","fromDetail":{"output":{"mouse_buttons":{"_0":"button3"}},"display":"M click"}},{"isSpacer":true,"fromDetail":{"output":{"letter_keys":{"_0":"a"}},"display":"A"},"unitSize":0.5,"toDetailCollection":{},"id":"EAE79001-321E-49AE-BE59-21CA4B5871DE"}],"row5":[],"rowIndex_arrow":{"row6":{}}},"isEnableSub":false,"sectionDetail":{"deviceDetail":{"vendor_id":"vendor_id","is_builtin_keyboard":false,"device_name":"mouse","is_product_id_Enabled":false,"is_location_id_Enabled":false,"product_id":"product_id","is_vendor_id_Enabled":false,"location_id":"location_id"},"section":{"mouse":{}}}},"keycodeRegion":"JIS","main":{"isEnableSub":false,"mainRows":{"idsInOrderRow1":[{"id":"F1E16337-051D-4967-953E-FDDBC915A9B2"},{"id":"053C797D-5140-4560-8BE2-8C8D8B0BAF91"},{"id":"B573040A-1C0B-4657-B545-39E85B892487"},{"id":"80AACE99-2AD1-4BF7-ABE4-E33B8FCC7715"},{"id":"02B97974-F4E4-4BEE-AA94-48BD0A59868D"},{"id":"7ACD9102-95D7-46F3-A76A-38559DE4C6CD"},{"id":"104074CC-9EEB-4F44-B881-9191C25FD062"},{"id":"60728088-C665-4F9E-ADF3-11785E22955D"},{"id":"C862AF23-D07E-4E08-B049-BA2936040296"},{"id":"1DB96F18-050E-4955-A228-04220C11B924"},{"id":"06851793-E973-47D6-8A43-C1A97F32696C"},{"id":"8537B4CC-B146-4638-ABE9-2585240B43DF"},{"id":"521F6533-500A-487D-B58F-DA94AB25ADB4"}],"idsInOrderRow3":[{"id":"4D23AC6F-47B5-41D1-AEC1-E7D1BCCF9013"},{"id":"5E62F0BC-E3E5-417C-812C-0D2A68403BCF"},{"id":"64E32E67-E0E6-40C3-A464-DA8500DB607D"},{"id":"5193306B-3486-45B7-A2D1-4FD41AACA650"},{"id":"41098EC2-3703-4456-A60A-1B9D636B4EE9"},{"id":"F9FE80DD-CEB0-4624-96F2-4D1EBA7232D4"},{"id":"D4F7C7EA-9AA4-4EFB-BB01-128B9898BD5F"},{"id":"59096EEE-9FA4-4659-BDCC-8A6529DCB0C4"},{"id":"96B8FEB4-A981-47F9-81FD-4B38AD4DB8C4"},{"id":"253F7334-BD70-4861-99DE-4EB9230068A1"},{"id":"7F4AD015-4404-4413-92DE-6E760A65EB46"},{"id":"18CE4181-A1D4-41A4-9C71-4D1898DA5C9F"},{"id":"E28E77AA-0DBB-4027-A82A-9607C4F4DFEA"},{"id":"A3F3B9F5-D3AD-47A0-9138-593EA589505A"}],"idsInOrderRow6":[{"id":"F1544F9E-90DA-40F6-A686-3A584A3EFBA0"},{"id":"457DFE64-9B70-44B4-B502-9FE77E6BC776"},{"id":"D6CBDB21-F514-4057-9FBF-3E24A1331EAF"},{"id":"FD54BAA9-7040-4CA1-87AF-7216595DE8C0"},{"id":"17F24908-B948-47AB-B043-1BAEC55DD0D9"},{"id":"361909B0-572A-4754-AE12-733CC73AA0EB"},{"id":"F049B187-D089-4FB2-A499-D0B9A4FCE56D"},{"id":"7131B3A8-4073-4264-BB1E-2711DFC5D8BF"}],"row3":[{"id":"4D23AC6F-47B5-41D1-AEC1-E7D1BCCF9013","fromDetail":{"output":{"controls_and_symbols":{"_0":"tab"}},"display":"arrow.right.to.line","isSFSymbol":true},"toDetailCollection":{}},{"fromDetail":{"output":{"letter_keys":{"_0":"o"}},"display":"O"},"toDetailCollection":{"condition0":{"layer0":{"outputAndDisplay_tap":{"display":"Y","output":{"letter_keys":{"_0":"y"}},"layerKey":"layer0"},"withModifier_tap":{},"isCustomized_tap":true}}},"id":"253F7334-BD70-4861-99DE-4EB9230068A1"},{"id":"F9FE80DD-CEB0-4624-96F2-4D1EBA7232D4","fromDetail":{"output":{"letter_keys":{"_0":"t"}},"display":"T"},"toDetailCollection":{"condition0":{"layer0":{"outputAndDisplay_tap":{"output":{"controls_and_symbols":{"_0":"semicolon"}},"display":";","layerKey":"layer0"},"withModifier_tap":{},"isCustomized_tap":true}}}},{"fromDetail":{"display":"@","output":{"controls_and_symbols":{"_0":"commercial_at_jis"}}},"toDetailCollection":{},"id":"18CE4181-A1D4-41A4-9C71-4D1898DA5C9F"},{"fromDetail":{"display":"R","output":{"letter_keys":{"_0":"r"}}},"toDetailCollection":{"condition0":{"layer0":{"withModifier_tap":{},"outputAndDisplay_tap":{"output":{"controls_and_symbols":{"_0":"period"}},"display":".","layerKey":"layer0"},"isCustomized_tap":true}}},"id":"41098EC2-3703-4456-A60A-1B9D636B4EE9"},{"toDetailCollection":{"condition0":{"layer0":{"isCustomized_tap":true,"outputAndDisplay_tap":{"layerKey":"layer0","output":{"letter_keys":{"_0":"r"}},"display":"R"},"withModifier_tap":{}}}},"fromDetail":{"display":"U","output":{"letter_keys":{"_0":"u"}}},"id":"59096EEE-9FA4-4659-BDCC-8A6529DCB0C4"},{"id":"7F4AD015-4404-4413-92DE-6E760A65EB46","fromDetail":{"output":{"letter_keys":{"_0":"p"}},"display":"P"},"toDetailCollection":{}},{"id":"64E32E67-E0E6-40C3-A464-DA8500DB607D","toDetailCollection":{},"fromDetail":{"display":"W","output":{"letter_keys":{"_0":"w"}}}},{"toDetailCollection":{},"unitSize":1.5,"id":"A3F3B9F5-D3AD-47A0-9138-593EA589505A","keyShape":"enter_JIS","fromDetail":{"output":{"controls_and_symbols":{"_0":"return_or_enter"}},"display":"return","isSFSymbol":true}},{"id":"E28E77AA-0DBB-4027-A82A-9607C4F4DFEA","fromDetail":{"display":"[","output":{"controls_and_symbols":{"_0":"open_square_bracket_jis"}}},"toDetailCollection":{}},{"fromDetail":{"display":"Y","output":{"letter_keys":{"_0":"y"}}},"toDetailCollection":{"condition0":{"layer0":{"isCustomized_tap":true,"outputAndDisplay_tap":{"layerKey":"layer0","display":"M","output":{"letter_keys":{"_0":"m"}}},"withModifier_tap":{}}}},"id":"D4F7C7EA-9AA4-4EFB-BB01-128B9898BD5F"},{"toDetailCollection":{"condition0":{"layer0":{"isCustomized_tap":true,"outputAndDisplay_tap":{"layerKey":"layer0","display":"D","output":{"letter_keys":{"_0":"d"}}},"withModifier_tap":{}}}},"id":"96B8FEB4-A981-47F9-81FD-4B38AD4DB8C4","fromDetail":{"output":{"letter_keys":{"_0":"i"}},"display":"I"}},{"id":"5193306B-3486-45B7-A2D1-4FD41AACA650","fromDetail":{"display":"E","output":{"letter_keys":{"_0":"e"}}},"toDetailCollection":{"condition0":{"layer0":{"isCustomized_tap":true,"outputAndDisplay_tap":{"output":{"controls_and_symbols":{"_0":"comma"}},"display":",","layerKey":"layer0"},"withModifier_tap":{}}}}},{"fromDetail":{"output":{"letter_keys":{"_0":"q"}},"display":"Q"},"toDetailCollection":{},"id":"5E62F0BC-E3E5-417C-812C-0D2A68403BCF"}],"row6":[{"fromDetail":{"output":{"modifier_keys":{"_0":"caps_lock"}},"isSFSymbol":true,"display":"capslock"},"toDetailCollection":{},"id":"F1544F9E-90DA-40F6-A686-3A584A3EFBA0"},{"id":"457DFE64-9B70-44B4-B502-9FE77E6BC776","toDetailCollection":{},"fromDetail":{"isSFSymbol":true,"display":"option","output":{"modifier_keys":{"_0":"left_option"}}}},{"unitSize":1.25,"id":"361909B0-572A-4754-AE12-733CC73AA0EB","fromDetail":{"output":{"japanese":{"_0":"kana"}},"display":"かな"},"toDetailCollection":{}},{"id":"7131B3A8-4073-4264-BB1E-2711DFC5D8BF","toDetailCollection":{},"fromDetail":{"display":"globe","isSFSymbol":true,"output":{"modifier_keys":{"_0":"keyboard_fn"}}}},{"unitSize":1.25,"id":"F049B187-D089-4FB2-A499-D0B9A4FCE56D","fromDetail":{"display":"command","isSFSymbol":true,"output":{"modifier_keys":{"_0":"right_command"}}},"toDetailCollection":{}},{"id":"D6CBDB21-F514-4057-9FBF-3E24A1331EAF","fromDetail":{"isSFSymbol":true,"display":"command","output":{"modifier_keys":{"_0":"left_command"}}},"unitSize":1.25,"toDetailCollection":{}},{"fromDetail":{"output":{"japanese":{"_0":"eisuu"}},"display":"英数"},"toDetailCollection":{},"id":"FD54BAA9-7040-4CA1-87AF-7216595DE8C0","unitSize":1.25},{"fromDetail":{"output":{"controls_and_symbols":{"_0":"spacebar"}},"display":"␣"},"toDetailCollection":{},"id":"17F24908-B948-47AB-B043-1BAEC55DD0D9","unitSize":3.5}],"row2":[{"fromDetail":{"output":{"international_keys":{"_0":"international3"}},"display":"\\"},"id":"83F38F51-D0F9-417C-8614-3E192D8C941C","toDetailCollection":{}},{"id":"092A8E79-1128-4167-B4AB-475F1467EC6D","fromDetail":{"output":{"number_keys":{"_0":"eight"}},"display":"8"},"toDetailCollection":{}},{"id":"58EBCD1B-8E84-4D2B-9FAF-141EA69E0266","toDetailCollection":{},"fromDetail":{"output":{"number_keys":{"_0":"six"}},"display":"6"}},{"id":"87342E8F-A1D6-443E-84EA-2ACF96778DD0","fromDetail":{"display":"3","output":{"number_keys":{"_0":"three"}}},"toDetailCollection":{}},{"fromDetail":{"display":"1","output":{"number_keys":{"_0":"one"}}},"unitSize":1.25,"id":"ED48EDBE-8BC8-4F54-9B01-81AF60A21C07","toDetailCollection":{}},{"fromDetail":{"display":"4","output":{"number_keys":{"_0":"four"}}},"id":"6F40D2F7-CAAD-430C-AB03-FD60A488A384","toDetailCollection":{}},{"fromDetail":{"display":"9","output":{"number_keys":{"_0":"nine"}}},"toDetailCollection":{},"id":"433DC893-84E5-42F4-BF99-E7D082D13F74"},{"id":"BF260D03-AEAA-4762-8921-8CAF21F34416","fromDetail":{"output":{"controls_and_symbols":{"_0":"equal_sign_or_caret"}},"display":"^"},"toDetailCollection":{}},{"id":"C77C4845-FC6F-4F5C-A596-0101823315B9","toDetailCollection":{},"unitSize":1.25,"fromDetail":{"output":{"controls_and_symbols":{"_0":"delete_or_backspace"}},"display":"delete.left","isSFSymbol":true}},{"fromDetail":{"display":"0","output":{"number_keys":{"_0":"zero"}}},"toDetailCollection":{},"id":"4F9D76BF-E58E-423E-9BE8-CE22E52F5036"},{"toDetailCollection":{},"id":"BE22FAED-4265-4124-AF17-75D7F4AF6877","fromDetail":{"output":{"number_keys":{"_0":"seven"}},"display":"7"}},{"toDetailCollection":{},"id":"F752A04A-8DB3-4360-81C2-8A690058F95A","fromDetail":{"output":{"number_keys":{"_0":"five"}},"display":"5"}},{"id":"14F990E4-7D17-41E7-8D0A-DB1EF9D3E8EE","toDetailCollection":{},"fromDetail":{"display":"-","output":{"controls_and_symbols":{"_0":"hyphen"}}}},{"fromDetail":{"display":"2","output":{"number_keys":{"_0":"two"}}},"id":"E0A6758F-5E07-412F-A050-A65E4857D059","toDetailCollection":{}}],"idsInOrderRow4":[{"id":"753230E3-9DAE-4C48-B785-F978A4A3D8A2"},{"id":"07D64093-FD83-44EA-8E9F-075657630302"},{"id":"B89E4CA1-785A-4B18-A2E7-1CE97581DBC0"},{"id":"C0B1A3B9-5B9A-4983-A2FE-7565FBFEF97A"},{"id":"8A189338-FEF0-4A43-BF87-A0A70A5ECC29"},{"id":"8DB6D98C-96FD-4918-999D-092E4DAE1DEF"},{"id":"D1A95D47-AC80-4B06-B72B-3B69E13EAC3E"},{"id":"76EB5B6D-2053-41DE-8BC0-2124BB3979E3"},{"id":"3203CC0A-2D05-42E4-AFCA-854FA73BAE96"},{"id":"9481D516-43E8-4420-BB1A-F02B5CC9DBAB"},{"id":"8B7E608D-9434-49B5-81E1-4C08B5616695"},{"id":"0E17DA95-512A-428C-8E7E-B08B0B384D68"},{"id":"4EE15F3C-6870-4457-8677-0142908C4C34"}],"enableArrowKeys":true,"idsInOrderRow5":[{"id":"AAFF8640-032F-4C0E-9E20-83FC829F1515"},{"id":"56B095CD-766C-4482-8535-151310093B8C"},{"id":"61020D71-4D29-4D12-93E0-14DD87238FE8"},{"id":"3D418D38-D7C4-41B5-9EBB-4A2CCADE3DC9"},{"id":"370FAAEA-EA6E-4A33-8AC6-9DB46D5D4140"},{"id":"D0278DD8-2A29-4949-8D7D-86E28C8F2D3B"},{"id":"B5D89671-C86F-4E39-A4BC-C15D2B13CBF0"},{"id":"F0E98990-1947-4AB2-B74D-694A8A924572"},{"id":"2AEE7DD4-C52A-49F0-B59A-499365A461BB"},{"id":"B32F86A7-271B-445F-8E70-68E606CC8367"},{"id":"FAD5FF79-024A-4441-98C6-0C9717E2081D"},{"id":"0BB439E6-2F85-453E-81A3-A101A90311F3"},{"id":"50A7BDB2-3C8F-4155-BC53-4F4A8FED3B7E"}],"row1":[{"fromDetail":{"output":{"controls_and_symbols":{"_0":"escape"}},"display":"escape","isSFSymbol":true},"id":"F1E16337-051D-4967-953E-FDDBC915A9B2","toDetailCollection":{},"unitSize":1.5},{"id":"053C797D-5140-4560-8BE2-8C8D8B0BAF91","fromDetail":{"output":{"function_keys":{"_0":"f1"}},"display":"F1"},"toDetailCollection":{}},{"id":"B573040A-1C0B-4657-B545-39E85B892487","fromDetail":{"display":"F2","output":{"function_keys":{"_0":"f2"}}},"toDetailCollection":{}},{"fromDetail":{"output":{"function_keys":{"_0":"f3"}},"display":"F3"},"toDetailCollection":{},"id":"80AACE99-2AD1-4BF7-ABE4-E33B8FCC7715"},{"toDetailCollection":{},"id":"02B97974-F4E4-4BEE-AA94-48BD0A59868D","fromDetail":{"output":{"function_keys":{"_0":"f4"}},"display":"F4"}},{"toDetailCollection":{},"id":"7ACD9102-95D7-46F3-A76A-38559DE4C6CD","fromDetail":{"display":"F5","output":{"function_keys":{"_0":"f5"}}}},{"id":"104074CC-9EEB-4F44-B881-9191C25FD062","toDetailCollection":{},"fromDetail":{"output":{"function_keys":{"_0":"f6"}},"display":"F6"}},{"id":"60728088-C665-4F9E-ADF3-11785E22955D","fromDetail":{"output":{"function_keys":{"_0":"f7"}},"display":"F7"},"toDetailCollection":{}},{"toDetailCollection":{},"id":"C862AF23-D07E-4E08-B049-BA2936040296","fromDetail":{"display":"F8","output":{"function_keys":{"_0":"f8"}}}},{"toDetailCollection":{},"id":"1DB96F18-050E-4955-A228-04220C11B924","fromDetail":{"display":"F9","output":{"function_keys":{"_0":"f9"}}}},{"id":"06851793-E973-47D6-8A43-C1A97F32696C","toDetailCollection":{},"fromDetail":{"output":{"function_keys":{"_0":"f10"}},"display":"F10"}},{"id":"8537B4CC-B146-4638-ABE9-2585240B43DF","fromDetail":{"output":{"function_keys":{"_0":"f11"}},"display":"F11"},"toDetailCollection":{}},{"id":"521F6533-500A-487D-B58F-DA94AB25ADB4","fromDetail":{"output":{"function_keys":{"_0":"f12"}},"display":"F12"},"toDetailCollection":{}}],"arrow_up":{"id":"07595CDC-5EF5-4B1D-AC0E-CBB7B9A8BA7A","fromDetail":{"display":"arrowtriangle.up.fill","isSFSymbol":true,"output":{"arrow_keys":{"_0":"up_arrow"}}},"toDetailCollection":{},"keyShape":"arrow_Up"},"arrow_down":{"toDetailCollection":{},"fromDetail":{"output":{"arrow_keys":{"_0":"down_arrow"}},"display":"arrowtriangle.down.fill","isSFSymbol":true},"keyShape":"arrow_Down","id":"659A4DF8-41EA-41C7-B87D-BE6ABCBFCF12"},"rowIndex_arrow":{"row6":{}},"arrow_left":{"id":"C713A7A2-AB62-407E-9767-E839A6ACA39A","fromDetail":{"output":{"arrow_keys":{"_0":"left_arrow"}},"display":"arrowtriangle.left.fill","isSFSymbol":true},"keyShape":"arrow_LR","toDetailCollection":{}},"row4":[{"fromDetail":{"output":{"letter_keys":{"_0":"f"}},"display":"F"},"id":"8A189338-FEF0-4A43-BF87-A0A70A5ECC29","toDetailCollection":{"condition0":{"layer0":{"outputAndDisplay_tap":{"output":{"letter_keys":{"_0":"i"}},"layerKey":"layer0","display":"I"},"isCustomized_tap":true,"withModifier_tap":{}}}}},{"toDetailCollection":{"condition0":{"layer0":{"outputAndDisplay_tap":{"layerKey":"layer0","display":"N","output":{"letter_keys":{"_0":"n"}}},"withModifier_tap":{},"isCustomized_tap":true}}},"fromDetail":{"output":{"controls_and_symbols":{"_0":"semicolon"}},"display":";"},"id":"8B7E608D-9434-49B5-81E1-4C08B5616695"},{"id":"3203CC0A-2D05-42E4-AFCA-854FA73BAE96","fromDetail":{"display":"K","output":{"letter_keys":{"_0":"k"}}},"toDetailCollection":{}},{"toDetailCollection":{},"fromDetail":{"output":{"modifier_keys":{"_0":"left_control"}},"isSFSymbol":true,"display":"control"},"id":"753230E3-9DAE-4C48-B785-F978A4A3D8A2","unitSize":1.25},{"fromDetail":{"output":{"letter_keys":{"_0":"j"}},"display":"J"},"id":"76EB5B6D-2053-41DE-8BC0-2124BB3979E3","toDetailCollection":{"condition0":{"layer0":{"isCustomized_tap":true,"withModifier_tap":{},"outputAndDisplay_tap":{"layerKey":"layer0","output":{"letter_keys":{"_0":"t"}},"display":"T"}}}}},{"id":"B89E4CA1-785A-4B18-A2E7-1CE97581DBC0","toDetailCollection":{"condition0":{"layer0":{"isCustomized_tap":true,"outputAndDisplay_tap":{"output":{"letter_keys":{"_0":"o"}},"layerKey":"layer0","display":"O"},"withModifier_tap":{}}}},"fromDetail":{"output":{"letter_keys":{"_0":"s"}},"display":"S"}},{"id":"0E17DA95-512A-428C-8E7E-B08B0B384D68","fromDetail":{"output":{"controls_and_symbols":{"_0":"single_quotation_or_colon"}},"display":":"},"toDetailCollection":{}},{"fromDetail":{"display":"L","output":{"letter_keys":{"_0":"l"}}},"id":"9481D516-43E8-4420-BB1A-F02B5CC9DBAB","toDetailCollection":{"condition0":{"layer0":{"withModifier_tap":{},"outputAndDisplay_tap":{"layerKey":"layer0","output":{"letter_keys":{"_0":"s"}},"display":"S"},"isCustomized_tap":true}}}},{"fromDetail":{"display":"G","output":{"letter_keys":{"_0":"g"}}},"toDetailCollection":{"condition0":{"layer0":{"withModifier_tap":{},"isCustomized_tap":true,"outputAndDisplay_tap":{"layerKey":"layer0","output":{"letter_keys":{"_0":"u"}},"display":"U"}}}},"id":"8DB6D98C-96FD-4918-999D-092E4DAE1DEF"},{"id":"07D64093-FD83-44EA-8E9F-075657630302","toDetailCollection":{},"fromDetail":{"display":"A","output":{"letter_keys":{"_0":"a"}}}},{"fromDetail":{"output":{"letter_keys":{"_0":"d"}},"display":"D"},"toDetailCollection":{"condition0":{"layer0":{"isCustomized_tap":true,"outputAndDisplay_tap":{"display":"E","layerKey":"layer0","output":{"letter_keys":{"_0":"e"}}},"withModifier_tap":{}}}},"id":"C0B1A3B9-5B9A-4983-A2FE-7565FBFEF97A"},{"toDetailCollection":{},"id":"4EE15F3C-6870-4457-8677-0142908C4C34","fromDetail":{"display":"]","output":{"controls_and_symbols":{"_0":"close_square_bracket_jis"}}}},{"id":"D1A95D47-AC80-4B06-B72B-3B69E13EAC3E","fromDetail":{"output":{"letter_keys":{"_0":"h"}},"display":"H"},"toDetailCollection":{"condition0":{"layer0":{"isCustomized_tap":true,"withModifier_tap":{},"outputAndDisplay_tap":{"output":{"letter_keys":{"_0":"g"}},"display":"G","layerKey":"layer0"}}}}}],"idsInOrderRow2":[{"id":"ED48EDBE-8BC8-4F54-9B01-81AF60A21C07"},{"id":"E0A6758F-5E07-412F-A050-A65E4857D059"},{"id":"87342E8F-A1D6-443E-84EA-2ACF96778DD0"},{"id":"6F40D2F7-CAAD-430C-AB03-FD60A488A384"},{"id":"F752A04A-8DB3-4360-81C2-8A690058F95A"},{"id":"58EBCD1B-8E84-4D2B-9FAF-141EA69E0266"},{"id":"BE22FAED-4265-4124-AF17-75D7F4AF6877"},{"id":"092A8E79-1128-4167-B4AB-475F1467EC6D"},{"id":"433DC893-84E5-42F4-BF99-E7D082D13F74"},{"id":"4F9D76BF-E58E-423E-9BE8-CE22E52F5036"},{"id":"14F990E4-7D17-41E7-8D0A-DB1EF9D3E8EE"},{"id":"BF260D03-AEAA-4762-8921-8CAF21F34416"},{"id":"83F38F51-D0F9-417C-8614-3E192D8C941C"},{"id":"C77C4845-FC6F-4F5C-A596-0101823315B9"}],"arrow_right":{"fromDetail":{"output":{"arrow_keys":{"_0":"right_arrow"}},"display":"arrowtriangle.right.fill","isSFSymbol":true},"id":"0A645960-0737-430A-8BCE-FFBC98C21944","toDetailCollection":{},"keyShape":"arrow_LR"},"row5":[{"id":"B5D89671-C86F-4E39-A4BC-C15D2B13CBF0","fromDetail":{"output":{"letter_keys":{"_0":"n"}},"display":"N"},"toDetailCollection":{"condition0":{"layer0":{"outputAndDisplay_tap":{"display":"B","output":{"letter_keys":{"_0":"b"}},"layerKey":"layer0"},"isCustomized_tap":true,"withModifier_tap":{}}}}},{"fromDetail":{"display":"B","output":{"letter_keys":{"_0":"b"}}},"id":"D0278DD8-2A29-4949-8D7D-86E28C8F2D3B","toDetailCollection":{"condition0":{"layer0":{"outputAndDisplay_tap":{"display":"F","layerKey":"layer0","output":{"letter_keys":{"_0":"f"}}},"withModifier_tap":{},"isCustomized_tap":true}}}},{"fromDetail":{"output":{"modifier_keys":{"_0":"right_shift"}},"display":"shift","isSFSymbol":true},"unitSize":1.75,"toDetailCollection":{},"id":"50A7BDB2-3C8F-4155-BC53-4F4A8FED3B7E"},{"id":"AAFF8640-032F-4C0E-9E20-83FC829F1515","fromDetail":{"output":{"modifier_keys":{"_0":"left_shift"}},"display":"shift","isSFSymbol":true},"toDetailCollection":{},"unitSize":1.75},{"toDetailCollection":{},"id":"61020D71-4D29-4D12-93E0-14DD87238FE8","fromDetail":{"output":{"letter_keys":{"_0":"x"}},"display":"X"}},{"fromDetail":{"output":{"international_keys":{"_0":"international1"}},"display":"_"},"id":"0BB439E6-2F85-453E-81A3-A101A90311F3","toDetailCollection":{}},{"id":"370FAAEA-EA6E-4A33-8AC6-9DB46D5D4140","fromDetail":{"output":{"letter_keys":{"_0":"v"}},"display":"V"},"toDetailCollection":{}},{"fromDetail":{"display":",","output":{"controls_and_symbols":{"_0":"comma"}}},"toDetailCollection":{"condition0":{"layer0":{"withModifier_tap":{},"outputAndDisplay_tap":{"display":"J","layerKey":"layer0","output":{"letter_keys":{"_0":"j"}}},"isCustomized_tap":true}}},"id":"2AEE7DD4-C52A-49F0-B59A-499365A461BB"},{"toDetailCollection":{},"id":"56B095CD-766C-4482-8535-151310093B8C","fromDetail":{"display":"Z","output":{"letter_keys":{"_0":"z"}}}},{"toDetailCollection":{},"id":"FAD5FF79-024A-4441-98C6-0C9717E2081D","fromDetail":{"display":"\/","output":{"controls_and_symbols":{"_0":"slash"}}}},{"fromDetail":{"display":"M","output":{"letter_keys":{"_0":"m"}}},"toDetailCollection":{"condition0":{"layer0":{"withModifier_tap":{},"outputAndDisplay_tap":{"display":"H","output":{"letter_keys":{"_0":"h"}},"layerKey":"layer0"},"isCustomized_tap":true}}},"id":"F0E98990-1947-4AB2-B74D-694A8A924572"},{"toDetailCollection":{},"id":"3D418D38-D7C4-41B5-9EBB-4A2CCADE3DC9","fromDetail":{"output":{"letter_keys":{"_0":"c"}},"display":"C"}},{"fromDetail":{"output":{"controls_and_symbols":{"_0":"period"}},"display":"."},"id":"B32F86A7-271B-445F-8E70-68E606CC8367","toDetailCollection":{"condition0":{"layer0":{"outputAndDisplay_tap":{"output":{"letter_keys":{"_0":"l"}},"display":"L","layerKey":"layer0"},"isCustomized_tap":true,"withModifier_tap":{}}}}}]},"tenkeyRows":{"arrow_down":{"toDetailCollection":{},"keyShape":"arrow_Down","fromDetail":{"output":{"arrow_keys":{"_0":"down_arrow"}},"display":"arrowtriangle.down.fill","isSFSymbol":true},"id":"EAF4410C-A534-4479-AF1E-AFB71DC506F0"},"arrow_right":{"fromDetail":{"display":"arrowtriangle.right.fill","isSFSymbol":true,"output":{"arrow_keys":{"_0":"right_arrow"}}},"id":"452DF7DD-FCF9-473C-8F8F-38AC461202A6","toDetailCollection":{},"keyShape":"arrow_LR"},"arrow_left":{"toDetailCollection":{},"keyShape":"arrow_LR","fromDetail":{"output":{"arrow_keys":{"_0":"left_arrow"}},"display":"arrowtriangle.left.fill","isSFSymbol":true},"id":"632F259D-6EB5-44F8-BC79-6DA6C96F864E"},"rowIndex_arrow":{"row6":{}},"row6":[{"id":"0DA8E384-21DA-4C7E-8E72-7AB4CFDFFACD","fromDetail":{"output":{"keypad_keys":{"_0":"keypad_0"}},"display":"0"},"toDetailCollection":{}},{"toDetailCollection":{},"id":"4F01A498-C392-4CFC-981A-EADB4F1BB31B","fromDetail":{"display":",","output":{"keypad_keys":{"_0":"keypad_comma"}}}},{"toDetailCollection":{},"fromDetail":{"output":{"keypad_keys":{"_0":"keypad_period"}},"display":"."},"id":"BFE59513-A627-4FC5-9644-F8F4E12807E7"}],"arrow_up":{"toDetailCollection":{},"id":"859AB862-373A-41B1-B6F9-3FCF50811777","keyShape":"arrow_Up","fromDetail":{"output":{"arrow_keys":{"_0":"up_arrow"}},"display":"arrowtriangle.up.fill","isSFSymbol":true}},"row2":[{"toDetailCollection":{},"fromDetail":{"output":{"keypad_keys":{"_0":"keypad_slash"}},"display":"\/"},"id":"D7BBC096-02FE-4201-A7AD-9D22786E11FB"},{"id":"F98A53E4-4A74-4958-846D-FBE0DDB20278","fromDetail":{"display":"=","output":{"keypad_keys":{"_0":"keypad_equal_sign"}}},"toDetailCollection":{}},{"fromDetail":{"output":{"others":{"_0":"clear"}},"display":"clear"},"id":"E5DC2CA3-9D97-417E-82E6-D12F3EDDBB06","toDetailCollection":{}},{"fromDetail":{"output":{"keypad_keys":{"_0":"keypad_asterisk"}},"display":"*"},"id":"AD213486-108C-462D-AA75-0E8AA79A9A14","toDetailCollection":{}}],"row3":[{"toDetailCollection":{},"id":"6AA46A51-709C-4A5F-ADC0-7DB82ADF2E65","fromDetail":{"display":"8","output":{"keypad_keys":{"_0":"keypad_8"}}}},{"toDetailCollection":{},"fromDetail":{"output":{"keypad_keys":{"_0":"keypad_9"}},"display":"9"},"id":"FA89A4B4-AB1A-4599-A588-DCB0C8B9F616"},{"id":"FF7B0084-D87D-46D3-9A38-FB4BA41FFFB1","fromDetail":{"display":"-","output":{"keypad_keys":{"_0":"keypad_hyphen"}}},"toDetailCollection":{}},{"fromDetail":{"output":{"keypad_keys":{"_0":"keypad_7"}},"display":"7"},"toDetailCollection":{},"id":"6B1630C8-C926-4E0B-A9AD-11D4C297D760"}],"row5":[{"toDetailCollection":{},"fromDetail":{"display":"3","output":{"keypad_keys":{"_0":"keypad_3"}}},"id":"1B137D93-D2C4-4573-8EA0-0134160BCB62"},{"fromDetail":{"display":"2","output":{"keypad_keys":{"_0":"keypad_2"}}},"toDetailCollection":{},"id":"78649DB2-D5E4-4300-A41C-9798F018F9AD"},{"toDetailCollection":{},"id":"517BD5C0-86EC-406B-87C0-B42A663986EA","fromDetail":{"display":"1","output":{"keypad_keys":{"_0":"keypad_1"}}}},{"keyShape":"enter_Tenkey","toDetailCollection":{},"id":"0897785E-F89C-484A-A526-E6C4DEFAF148","fromDetail":{"output":{"keypad_keys":{"_0":"keypad_enter"}},"display":"projective","isSFSymbol":true}}],"idsInOrderRow4":[{"id":"AF41A32F-48C0-4D64-94C3-46FEB30DA2D4"},{"id":"46BF6DA4-DD0E-4BBB-9F3E-A115706ABD50"},{"id":"402F0FF4-2BDC-4CF5-B2AE-B3F6A5C5B0AE"},{"id":"B03F74E4-5AA4-451C-8726-9A01E141CAA9"}],"row4":[{"fromDetail":{"display":"6","output":{"keypad_keys":{"_0":"keypad_6"}}},"id":"402F0FF4-2BDC-4CF5-B2AE-B3F6A5C5B0AE","toDetailCollection":{}},{"fromDetail":{"output":{"keypad_keys":{"_0":"keypad_5"}},"display":"5"},"id":"46BF6DA4-DD0E-4BBB-9F3E-A115706ABD50","toDetailCollection":{}},{"id":"B03F74E4-5AA4-451C-8726-9A01E141CAA9","fromDetail":{"display":"+","output":{"keypad_keys":{"_0":"keypad_plus"}}},"toDetailCollection":{}},{"fromDetail":{"display":"4","output":{"keypad_keys":{"_0":"keypad_4"}}},"toDetailCollection":{},"id":"AF41A32F-48C0-4D64-94C3-46FEB30DA2D4"}],"idsInOrderRow6":[{"id":"0DA8E384-21DA-4C7E-8E72-7AB4CFDFFACD"},{"id":"4F01A498-C392-4CFC-981A-EADB4F1BB31B"},{"id":"BFE59513-A627-4FC5-9644-F8F4E12807E7"}],"idsInOrderRow2":[{"id":"E5DC2CA3-9D97-417E-82E6-D12F3EDDBB06"},{"id":"F98A53E4-4A74-4958-846D-FBE0DDB20278"},{"id":"D7BBC096-02FE-4201-A7AD-9D22786E11FB"},{"id":"AD213486-108C-462D-AA75-0E8AA79A9A14"}],"row1":[{"toDetailCollection":{},"fromDetail":{"output":{"function_keys":{"_0":"f18"}},"display":"F18"},"id":"559DD81F-97DC-4960-AF93-8E0EC13D867C"},{"toDetailCollection":{},"fromDetail":{"display":"F17","output":{"function_keys":{"_0":"f17"}}},"id":"6984E2B7-8908-4399-92E6-C6263F13C82F"},{"id":"2BDE3DD8-C58A-499D-A639-D92559ECD428","fromDetail":{"display":"F19","output":{"function_keys":{"_0":"f19"}}},"toDetailCollection":{}},{"toDetailCollection":{},"id":"BCD77492-FC7B-42A2-9FA5-0C622EE9B15D","fromDetail":{"output":{"function_keys":{"_0":"f16"}},"display":"F16"}}],"idsInOrderRow5":[{"id":"517BD5C0-86EC-406B-87C0-B42A663986EA"},{"id":"78649DB2-D5E4-4300-A41C-9798F018F9AD"},{"id":"1B137D93-D2C4-4573-8EA0-0134160BCB62"},{"id":"0897785E-F89C-484A-A526-E6C4DEFAF148"}],"idsInOrderRow1":[{"id":"BCD77492-FC7B-42A2-9FA5-0C622EE9B15D"},{"id":"6984E2B7-8908-4399-92E6-C6263F13C82F"},{"id":"559DD81F-97DC-4960-AF93-8E0EC13D867C"},{"id":"2BDE3DD8-C58A-499D-A639-D92559ECD428"}],"enableArrowKeys":false,"idsInOrderRow3":[{"id":"6B1630C8-C926-4E0B-A9AD-11D4C297D760"},{"id":"6AA46A51-709C-4A5F-ADC0-7DB82ADF2E65"},{"id":"FA89A4B4-AB1A-4599-A588-DCB0C8B9F616"},{"id":"FF7B0084-D87D-46D3-9A38-FB4BA41FFFB1"}]},"isEnableTenkey":false,"subRows":{"row4":[],"idsInOrderRow5":[{"id":"1050E239-6E44-44B5-9216-9888FF456021"},{"id":"D6D06671-8969-4041-B7E8-C9A23DD347FC"}],"idsInOrderRow4":[],"arrow_up":{"toDetailCollection":{},"id":"E09D9392-47C5-4C81-8D32-CDEC3FC9498A","keyShape":"arrow_Up","fromDetail":{"isSFSymbol":true,"display":"arrowtriangle.up.fill","output":{"arrow_keys":{"_0":"up_arrow"}}}},"idsInOrderRow2":[{"id":"036555A0-F30B-4ADA-BED5-07AC70EECEF3"},{"id":"474365C5-3BF7-4FE1-9194-2E47C95A46C0"},{"id":"F6B7FA75-3E63-4A04-AEF1-3CBB53A0570D"}],"row3":[{"id":"865E7F5A-93CE-4D92-A36B-A87715D2973C","fromDetail":{"display":"arrow.down","output":{"arrow_keys":{"_0":"page_down"}},"isSFSymbol":true},"toDetailCollection":{}},{"toDetailCollection":{},"fromDetail":{"output":{"controls_and_symbols":{"_0":"delete_forward"}},"isSFSymbol":true,"display":"delete.right"},"id":"79B3B0FD-7013-40B9-AD22-E5324201FF2A"},{"fromDetail":{"isSFSymbol":true,"display":"arrow.down.to.line","output":{"arrow_keys":{"_0":"end"}}},"toDetailCollection":{},"id":"4B09D5BE-FE29-420C-B5DA-F54FBE7CEE05"}],"idsInOrderRow3":[{"id":"79B3B0FD-7013-40B9-AD22-E5324201FF2A"},{"id":"4B09D5BE-FE29-420C-B5DA-F54FBE7CEE05"},{"id":"865E7F5A-93CE-4D92-A36B-A87715D2973C"}],"enableArrowKeys":false,"rowIndex_arrow":{"row6":{}},"row5":[{"toDetailCollection":{},"isSpacer":true,"fromDetail":{"display":"A","output":{"letter_keys":{"_0":"a"}}},"id":"1050E239-6E44-44B5-9216-9888FF456021"},{"id":"D6D06671-8969-4041-B7E8-C9A23DD347FC","fromDetail":{"output":{"arrow_keys":{"_0":"up_arrow"}},"display":"arrowtriangle.up.fill","isSFSymbol":true},"toDetailCollection":{}}],"arrow_down":{"id":"E2C25CCA-204F-4820-85CD-F94BCA05A62C","keyShape":"arrow_Down","toDetailCollection":{},"fromDetail":{"isSFSymbol":true,"output":{"arrow_keys":{"_0":"down_arrow"}},"display":"arrowtriangle.down.fill"}},"arrow_right":{"id":"10797F97-AAD2-48F1-AF1E-E82BF960A7A6","fromDetail":{"isSFSymbol":true,"output":{"arrow_keys":{"_0":"right_arrow"}},"display":"arrowtriangle.right.fill"},"keyShape":"arrow_LR","toDetailCollection":{}},"idsInOrderRow6":[{"id":"E34AAEF7-1CBF-4F1E-B107-538DC57EF4ED"},{"id":"A9450A63-5E32-4E02-ADB1-AE2617C00E4B"},{"id":"22CAAD00-0087-41E1-8773-1CCADAD9E672"}],"row2":[{"fromDetail":{"display":"arrow.up.to.line","output":{"arrow_keys":{"_0":"home"}},"isSFSymbol":true},"toDetailCollection":{},"id":"474365C5-3BF7-4FE1-9194-2E47C95A46C0"},{"id":"F6B7FA75-3E63-4A04-AEF1-3CBB53A0570D","fromDetail":{"display":"arrow.up","output":{"arrow_keys":{"_0":"page_up"}},"isSFSymbol":true},"toDetailCollection":{}},{"toDetailCollection":{},"id":"036555A0-F30B-4ADA-BED5-07AC70EECEF3","fromDetail":{"isSFSymbol":true,"output":{"keys_in_pc_keyboards":{"_0":"insert"}},"display":"text.insert"}}],"row1":[{"toDetailCollection":{},"fromDetail":{"output":{"function_keys":{"_0":"f13"}},"display":"F13"},"id":"1D189419-041E-499B-81A6-7BCA575F7CDD"},{"toDetailCollection":{},"id":"A8C93316-8599-4650-B2C2-4C88B47140D3","fromDetail":{"output":{"function_keys":{"_0":"f15"}},"display":"F15"}},{"id":"ABED3B13-C5B0-4BE6-9472-1BE2EC4B7605","fromDetail":{"display":"F14","output":{"function_keys":{"_0":"f14"}}},"toDetailCollection":{}}],"arrow_left":{"fromDetail":{"isSFSymbol":true,"output":{"arrow_keys":{"_0":"left_arrow"}},"display":"arrowtriangle.left.fill"},"keyShape":"arrow_LR","id":"2ACC8C43-2A1A-4FBE-BA41-C0D2BAA2F88D","toDetailCollection":{}},"idsInOrderRow1":[{"id":"1D189419-041E-499B-81A6-7BCA575F7CDD"},{"id":"ABED3B13-C5B0-4BE6-9472-1BE2EC4B7605"},{"id":"A8C93316-8599-4650-B2C2-4C88B47140D3"}],"row6":[{"id":"22CAAD00-0087-41E1-8773-1CCADAD9E672","fromDetail":{"isSFSymbol":true,"output":{"arrow_keys":{"_0":"right_arrow"}},"display":"arrowtriangle.right.fill"},"toDetailCollection":{}},{"id":"A9450A63-5E32-4E02-ADB1-AE2617C00E4B","fromDetail":{"display":"arrowtriangle.down.fill","isSFSymbol":true,"output":{"arrow_keys":{"_0":"down_arrow"}}},"toDetailCollection":{}},{"fromDetail":{"output":{"arrow_keys":{"_0":"left_arrow"}},"isSFSymbol":true,"display":"arrowtriangle.left.fill"},"toDetailCollection":{},"id":"E34AAEF7-1CBF-4F1E-B107-538DC57EF4ED"}]},"isEnableMain":true,"sectionDetail":{"deviceDetail":{"is_vendor_id_Enabled":false,"vendor_id":"vendor_id","location_id":"location_id","product_id":"product_id","is_location_id_Enabled":false,"device_name":"mainKeyboard","is_builtin_keyboard":false,"is_product_id_Enabled":false},"section":{"main":{}}}},"other":{"mainRows":{"idsInOrderRow2":[{"id":"35691F0D-05FA-4BE7-81B8-7851294577CC"},{"id":"BCEDA53A-5AA8-4F49-B7F1-F2A23562FFE5"},{"id":"09099B00-CDEB-4723-84BA-D818D68B57F2"},{"id":"A2AB4948-9B62-45F0-9FFE-2E59DD71A7FD"}],"idsInOrderRow5":[{"id":"D859CF80-3C31-47C7-B902-366685FEA4EB"},{"id":"056F4582-27F4-4D4E-83F5-9E85E0430096"},{"id":"772107F1-EFAA-4E16-A286-5A6C2EB84F45"},{"id":"345D580D-5D31-4A3C-B876-B006F51CC2E0"}],"arrow_left":{"id":"A149C527-6D14-4903-ADD4-CC16AC9A6433","fromDetail":{"display":"arrowtriangle.left.fill","output":{"arrow_keys":{"_0":"left_arrow"}},"isSFSymbol":true},"toDetailCollection":{},"keyShape":"arrow_LR"},"arrow_up":{"fromDetail":{"display":"arrowtriangle.up.fill","isSFSymbol":true,"output":{"arrow_keys":{"_0":"up_arrow"}}},"toDetailCollection":{},"keyShape":"arrow_Up","id":"96FB1DFB-F312-42F4-A167-C7F355CC170A"},"arrow_right":{"keyShape":"arrow_LR","id":"65A50621-03A8-4988-8ADA-196923CC2319","toDetailCollection":{},"fromDetail":{"display":"arrowtriangle.right.fill","isSFSymbol":true,"output":{"arrow_keys":{"_0":"right_arrow"}}}},"row4":[{"fromDetail":{"output":{"keypad_keys":{"_0":"keypad_6"}},"display":"6"},"toDetailCollection":{},"id":"D546BB93-71A2-4E10-ABC5-EC0B70CB326C"},{"toDetailCollection":{},"id":"DC9D35C5-CABF-48F3-B8E5-CC53638D8C17","fromDetail":{"output":{"keypad_keys":{"_0":"keypad_5"}},"display":"5"}},{"id":"32876D53-664F-42EB-BE07-D1E837AAE115","fromDetail":{"display":"4","output":{"keypad_keys":{"_0":"keypad_4"}}},"toDetailCollection":{}},{"id":"C90A8037-11B8-4C0B-A380-1C721DDA47CC","fromDetail":{"output":{"keypad_keys":{"_0":"keypad_plus"}},"display":"+"},"toDetailCollection":{}}],"row1":[{"id":"F0721C78-0B23-4063-BBBF-DB059A434F7C","fromDetail":{"display":"F16","output":{"function_keys":{"_0":"f16"}}},"toDetailCollection":{}},{"toDetailCollection":{},"fromDetail":{"display":"F18","output":{"function_keys":{"_0":"f18"}}},"id":"205C983A-8A8D-45D8-9275-83DFB6631E48"},{"fromDetail":{"output":{"function_keys":{"_0":"f17"}},"display":"F17"},"id":"1C5183E2-6540-4DB9-8B80-3AD2D040288E","toDetailCollection":{}},{"toDetailCollection":{},"fromDetail":{"output":{"function_keys":{"_0":"f19"}},"display":"F19"},"id":"53444493-F815-41E2-967D-BAFE4CB853EC"}],"arrow_down":{"toDetailCollection":{},"fromDetail":{"isSFSymbol":true,"display":"arrowtriangle.down.fill","output":{"arrow_keys":{"_0":"down_arrow"}}},"id":"68FEEA4D-1073-4AB3-8DD3-60AD2D2AB895","keyShape":"arrow_Down"},"row3":[{"id":"6CB66216-8818-4AA3-B365-49876592BF69","toDetailCollection":{},"fromDetail":{"display":"9","output":{"keypad_keys":{"_0":"keypad_9"}}}},{"fromDetail":{"display":"7","output":{"keypad_keys":{"_0":"keypad_7"}}},"id":"3F734904-F13E-4745-8BE7-18663E5440BF","toDetailCollection":{}},{"id":"91F9EB69-1341-478F-8720-6CF51DE1540D","fromDetail":{"output":{"keypad_keys":{"_0":"keypad_8"}},"display":"8"},"toDetailCollection":{}},{"id":"90EBD60B-A34A-4FD3-B0A3-5189F1CCE42D","fromDetail":{"output":{"keypad_keys":{"_0":"keypad_hyphen"}},"display":"-"},"toDetailCollection":{}}],"enableArrowKeys":false,"idsInOrderRow4":[{"id":"32876D53-664F-42EB-BE07-D1E837AAE115"},{"id":"DC9D35C5-CABF-48F3-B8E5-CC53638D8C17"},{"id":"D546BB93-71A2-4E10-ABC5-EC0B70CB326C"},{"id":"C90A8037-11B8-4C0B-A380-1C721DDA47CC"}],"idsInOrderRow3":[{"id":"3F734904-F13E-4745-8BE7-18663E5440BF"},{"id":"91F9EB69-1341-478F-8720-6CF51DE1540D"},{"id":"6CB66216-8818-4AA3-B365-49876592BF69"},{"id":"90EBD60B-A34A-4FD3-B0A3-5189F1CCE42D"}],"rowIndex_arrow":{"row6":{}},"idsInOrderRow6":[{"id":"611E5CFD-4712-40D6-85B2-DED94999F314"},{"id":"CF62ACBB-D697-4955-B1BC-10197F03C012"},{"id":"09559AFA-F20F-41E5-83F6-1869127D3066"}],"row2":[{"toDetailCollection":{},"id":"09099B00-CDEB-4723-84BA-D818D68B57F2","fromDetail":{"output":{"keypad_keys":{"_0":"keypad_slash"}},"display":"\/"}},{"fromDetail":{"display":"clear","output":{"others":{"_0":"clear"}}},"toDetailCollection":{},"id":"35691F0D-05FA-4BE7-81B8-7851294577CC"},{"fromDetail":{"display":"*","output":{"keypad_keys":{"_0":"keypad_asterisk"}}},"toDetailCollection":{},"id":"A2AB4948-9B62-45F0-9FFE-2E59DD71A7FD"},{"id":"BCEDA53A-5AA8-4F49-B7F1-F2A23562FFE5","fromDetail":{"output":{"keypad_keys":{"_0":"keypad_equal_sign"}},"display":"="},"toDetailCollection":{}}],"row6":[{"id":"CF62ACBB-D697-4955-B1BC-10197F03C012","fromDetail":{"output":{"keypad_keys":{"_0":"keypad_comma"}},"display":","},"toDetailCollection":{}},{"id":"09559AFA-F20F-41E5-83F6-1869127D3066","fromDetail":{"display":".","output":{"keypad_keys":{"_0":"keypad_period"}}},"toDetailCollection":{}},{"fromDetail":{"output":{"keypad_keys":{"_0":"keypad_0"}},"display":"0"},"toDetailCollection":{},"id":"611E5CFD-4712-40D6-85B2-DED94999F314"}],"row5":[{"fromDetail":{"display":"3","output":{"keypad_keys":{"_0":"keypad_3"}}},"toDetailCollection":{},"id":"772107F1-EFAA-4E16-A286-5A6C2EB84F45"},{"toDetailCollection":{},"keyShape":"enter_Tenkey","fromDetail":{"display":"projective","output":{"keypad_keys":{"_0":"keypad_enter"}},"isSFSymbol":true},"id":"345D580D-5D31-4A3C-B876-B006F51CC2E0"},{"id":"056F4582-27F4-4D4E-83F5-9E85E0430096","toDetailCollection":{},"fromDetail":{"output":{"keypad_keys":{"_0":"keypad_2"}},"display":"2"}},{"fromDetail":{"display":"1","output":{"keypad_keys":{"_0":"keypad_1"}}},"toDetailCollection":{},"id":"D859CF80-3C31-47C7-B902-366685FEA4EB"}],"idsInOrderRow1":[{"id":"F0721C78-0B23-4063-BBBF-DB059A434F7C"},{"id":"1C5183E2-6540-4DB9-8B80-3AD2D040288E"},{"id":"205C983A-8A8D-45D8-9275-83DFB6631E48"},{"id":"53444493-F815-41E2-967D-BAFE4CB853EC"}]},"isEnableMain":true,"subRows":{"arrow_down":{"fromDetail":{"isSFSymbol":true,"output":{"arrow_keys":{"_0":"down_arrow"}},"display":"arrowtriangle.down.fill"},"id":"A1717787-CCB8-4C55-BFF7-30BEDE9B59B4","keyShape":"arrow_Down","toDetailCollection":{}},"row2":[{"id":"EE5BCD86-135D-48BE-8234-CEDC3731D718","fromDetail":{"isSFSymbol":true,"display":"arrow.up","output":{"arrow_keys":{"_0":"page_up"}}},"toDetailCollection":{}},{"toDetailCollection":{},"fromDetail":{"output":{"keys_in_pc_keyboards":{"_0":"insert"}},"display":"text.insert","isSFSymbol":true},"id":"FFA068CF-17DB-4E88-8441-2925D6487A0D"},{"fromDetail":{"display":"arrow.up.to.line","isSFSymbol":true,"output":{"arrow_keys":{"_0":"home"}}},"id":"54FD702E-B947-480F-8571-3C14517510E1","toDetailCollection":{}}],"arrow_left":{"fromDetail":{"isSFSymbol":true,"display":"arrowtriangle.left.fill","output":{"arrow_keys":{"_0":"left_arrow"}}},"keyShape":"arrow_LR","id":"55C0BAEA-C21C-4C21-8DA0-A1378F8F1C6A","toDetailCollection":{}},"idsInOrderRow2":[{"id":"FFA068CF-17DB-4E88-8441-2925D6487A0D"},{"id":"54FD702E-B947-480F-8571-3C14517510E1"},{"id":"EE5BCD86-135D-48BE-8234-CEDC3731D718"}],"row4":[],"rowIndex_arrow":{"row6":{}},"row5":[{"fromDetail":{"output":{"letter_keys":{"_0":"a"}},"display":"A"},"toDetailCollection":{},"id":"158C692A-C794-4753-AEF6-7CC39EE71997","isSpacer":true},{"id":"E56CB14F-6830-4D40-A429-796F5E7E43EC","toDetailCollection":{},"fromDetail":{"display":"arrowtriangle.up.fill","isSFSymbol":true,"output":{"arrow_keys":{"_0":"up_arrow"}}}}],"row1":[{"id":"F3627E1D-6C03-44AF-9D42-92F884A30B50","fromDetail":{"display":"F15","output":{"function_keys":{"_0":"f15"}}},"toDetailCollection":{}},{"id":"7F2F833F-F538-4E22-8CD7-9772D09BBB3C","fromDetail":{"output":{"function_keys":{"_0":"f13"}},"display":"F13"},"toDetailCollection":{}},{"toDetailCollection":{},"fromDetail":{"output":{"function_keys":{"_0":"f14"}},"display":"F14"},"id":"502AFA6E-30B0-4749-B087-DB63CD75AF1A"}],"idsInOrderRow6":[{"id":"4A30551F-02A5-4CC2-A0C0-FFF654000635"},{"id":"4C05F90E-EB65-478B-A8EA-2A24E855414B"},{"id":"9ED8A410-28A0-4FA3-BD47-1691C025023A"}],"idsInOrderRow5":[{"id":"158C692A-C794-4753-AEF6-7CC39EE71997"},{"id":"E56CB14F-6830-4D40-A429-796F5E7E43EC"}],"row6":[{"id":"9ED8A410-28A0-4FA3-BD47-1691C025023A","fromDetail":{"isSFSymbol":true,"output":{"arrow_keys":{"_0":"right_arrow"}},"display":"arrowtriangle.right.fill"},"toDetailCollection":{}},{"fromDetail":{"output":{"arrow_keys":{"_0":"down_arrow"}},"display":"arrowtriangle.down.fill","isSFSymbol":true},"id":"4C05F90E-EB65-478B-A8EA-2A24E855414B","toDetailCollection":{}},{"toDetailCollection":{},"id":"4A30551F-02A5-4CC2-A0C0-FFF654000635","fromDetail":{"display":"arrowtriangle.left.fill","output":{"arrow_keys":{"_0":"left_arrow"}},"isSFSymbol":true}}],"enableArrowKeys":false,"arrow_right":{"toDetailCollection":{},"keyShape":"arrow_LR","fromDetail":{"isSFSymbol":true,"display":"arrowtriangle.right.fill","output":{"arrow_keys":{"_0":"right_arrow"}}},"id":"6D044216-46BF-4FEA-8B63-726F8B53E73D"},"row3":[{"toDetailCollection":{},"fromDetail":{"display":"arrow.down.to.line","isSFSymbol":true,"output":{"arrow_keys":{"_0":"end"}}},"id":"46EE4A20-8706-4D61-AF52-B4FC84A621A8"},{"fromDetail":{"output":{"arrow_keys":{"_0":"page_down"}},"display":"arrow.down","isSFSymbol":true},"id":"DFA08170-41A9-4C9D-B077-997FE70339A7","toDetailCollection":{}},{"fromDetail":{"isSFSymbol":true,"display":"delete.right","output":{"controls_and_symbols":{"_0":"delete_forward"}}},"id":"7B9163D2-8D41-42C7-BB93-76B108EF90B2","toDetailCollection":{}}],"idsInOrderRow1":[{"id":"7F2F833F-F538-4E22-8CD7-9772D09BBB3C"},{"id":"502AFA6E-30B0-4749-B087-DB63CD75AF1A"},{"id":"F3627E1D-6C03-44AF-9D42-92F884A30B50"}],"idsInOrderRow3":[{"id":"7B9163D2-8D41-42C7-BB93-76B108EF90B2"},{"id":"46EE4A20-8706-4D61-AF52-B4FC84A621A8"},{"id":"DFA08170-41A9-4C9D-B077-997FE70339A7"}],"idsInOrderRow4":[],"arrow_up":{"toDetailCollection":{},"keyShape":"arrow_Up","id":"F2621210-EF63-493A-8363-4F10EDE18DE0","fromDetail":{"display":"arrowtriangle.up.fill","isSFSymbol":true,"output":{"arrow_keys":{"_0":"up_arrow"}}}}},"isEnableSub":false,"isEnableTenkey":false,"tenkeyRows":{"arrow_down":{"id":"6F976F7F-EB39-4BB2-B97E-CE5D0448268F","fromDetail":{"isSFSymbol":true,"output":{"arrow_keys":{"_0":"down_arrow"}},"display":"arrowtriangle.down.fill"},"keyShape":"arrow_Down","toDetailCollection":{}},"arrow_right":{"fromDetail":{"isSFSymbol":true,"output":{"arrow_keys":{"_0":"right_arrow"}},"display":"arrowtriangle.right.fill"},"keyShape":"arrow_LR","toDetailCollection":{},"id":"D143ED41-8111-4ABC-B23E-42F3906AB983"},"row2":[{"toDetailCollection":{},"id":"23DFD97C-1664-4B3F-9930-82D997720854","fromDetail":{"output":{"keypad_keys":{"_0":"keypad_asterisk"}},"display":"*"}},{"fromDetail":{"output":{"keypad_keys":{"_0":"keypad_slash"}},"display":"\/"},"toDetailCollection":{},"id":"2E000BAA-1881-48CD-B20D-1E71F62C16B5"},{"id":"2CB1E99F-A597-42EA-A866-10ED8F970636","fromDetail":{"display":"=","output":{"keypad_keys":{"_0":"keypad_equal_sign"}}},"toDetailCollection":{}},{"id":"E05352BE-C295-4F27-B5FB-48CAD8867815","fromDetail":{"output":{"others":{"_0":"clear"}},"display":"clear"},"toDetailCollection":{}}],"rowIndex_arrow":{"row6":{}},"idsInOrderRow4":[{"id":"2FC7B111-6E50-40A1-AF2B-89AFBB99C00E"},{"id":"540235EB-E434-42AB-8C5D-3BAF2D3246CB"},{"id":"752C4923-5749-417A-A0EE-CDCA432E8061"},{"id":"BDAB18C6-C17C-4A9A-92C8-EDE163293EB9"}],"arrow_left":{"fromDetail":{"display":"arrowtriangle.left.fill","output":{"arrow_keys":{"_0":"left_arrow"}},"isSFSymbol":true},"keyShape":"arrow_LR","toDetailCollection":{},"id":"FB01FA48-179C-496B-B7E7-833468C587AF"},"idsInOrderRow1":[{"id":"6B22B9EF-9226-4CF6-AFBF-9BF038A4A71D"},{"id":"20E76214-5873-489C-BEC4-D4A8C12B3FA5"},{"id":"82895EAB-9012-48FC-8FA2-B5F34FC941D7"},{"id":"57E1124B-7EB6-4FCF-B0B6-93A29750CEEA"}],"row6":[{"fromDetail":{"output":{"keypad_keys":{"_0":"keypad_period"}},"display":"."},"toDetailCollection":{},"id":"66009A44-A8A8-41E3-904C-A11A651A0FF3"},{"fromDetail":{"output":{"keypad_keys":{"_0":"keypad_comma"}},"display":","},"id":"95AA9534-E252-4A79-8CDB-9E60A8FF591C","toDetailCollection":{}},{"toDetailCollection":{},"id":"6422F585-22F6-4D07-B900-0D7130CA1241","fromDetail":{"display":"0","output":{"keypad_keys":{"_0":"keypad_0"}}}}],"idsInOrderRow3":[{"id":"45597B80-3FA3-497D-87F2-6EB7AB174C8A"},{"id":"C0AD0FE4-3CA5-4589-9225-EDE9839B101E"},{"id":"E154D65A-4BD5-403B-AE22-CD04AD893CE3"},{"id":"547F8293-AB6E-4D1D-808F-1F232A4DB18F"}],"row3":[{"toDetailCollection":{},"fromDetail":{"output":{"keypad_keys":{"_0":"keypad_8"}},"display":"8"},"id":"C0AD0FE4-3CA5-4589-9225-EDE9839B101E"},{"toDetailCollection":{},"id":"45597B80-3FA3-497D-87F2-6EB7AB174C8A","fromDetail":{"output":{"keypad_keys":{"_0":"keypad_7"}},"display":"7"}},{"id":"E154D65A-4BD5-403B-AE22-CD04AD893CE3","fromDetail":{"output":{"keypad_keys":{"_0":"keypad_9"}},"display":"9"},"toDetailCollection":{}},{"id":"547F8293-AB6E-4D1D-808F-1F232A4DB18F","fromDetail":{"output":{"keypad_keys":{"_0":"keypad_hyphen"}},"display":"-"},"toDetailCollection":{}}],"idsInOrderRow6":[{"id":"6422F585-22F6-4D07-B900-0D7130CA1241"},{"id":"95AA9534-E252-4A79-8CDB-9E60A8FF591C"},{"id":"66009A44-A8A8-41E3-904C-A11A651A0FF3"}],"row1":[{"id":"6B22B9EF-9226-4CF6-AFBF-9BF038A4A71D","fromDetail":{"display":"F16","output":{"function_keys":{"_0":"f16"}}},"toDetailCollection":{}},{"toDetailCollection":{},"id":"57E1124B-7EB6-4FCF-B0B6-93A29750CEEA","fromDetail":{"output":{"function_keys":{"_0":"f19"}},"display":"F19"}},{"toDetailCollection":{},"id":"82895EAB-9012-48FC-8FA2-B5F34FC941D7","fromDetail":{"output":{"function_keys":{"_0":"f18"}},"display":"F18"}},{"toDetailCollection":{},"fromDetail":{"output":{"function_keys":{"_0":"f17"}},"display":"F17"},"id":"20E76214-5873-489C-BEC4-D4A8C12B3FA5"}],"idsInOrderRow2":[{"id":"E05352BE-C295-4F27-B5FB-48CAD8867815"},{"id":"2CB1E99F-A597-42EA-A866-10ED8F970636"},{"id":"2E000BAA-1881-48CD-B20D-1E71F62C16B5"},{"id":"23DFD97C-1664-4B3F-9930-82D997720854"}],"row5":[{"id":"BE5AA721-503C-42FC-B03F-8011BFA4BAC2","fromDetail":{"display":"3","output":{"keypad_keys":{"_0":"keypad_3"}}},"toDetailCollection":{}},{"fromDetail":{"display":"1","output":{"keypad_keys":{"_0":"keypad_1"}}},"toDetailCollection":{},"id":"CB1C4566-7B54-4652-96E9-79551F188055"},{"keyShape":"enter_Tenkey","id":"63D00DF8-08DE-4015-AAC3-3DABF151E974","toDetailCollection":{},"fromDetail":{"output":{"keypad_keys":{"_0":"keypad_enter"}},"display":"projective","isSFSymbol":true}},{"toDetailCollection":{},"id":"BD0917DD-9711-4E95-A5B5-D10A1F136F10","fromDetail":{"output":{"keypad_keys":{"_0":"keypad_2"}},"display":"2"}}],"row4":[{"id":"BDAB18C6-C17C-4A9A-92C8-EDE163293EB9","toDetailCollection":{},"fromDetail":{"output":{"keypad_keys":{"_0":"keypad_plus"}},"display":"+"}},{"id":"540235EB-E434-42AB-8C5D-3BAF2D3246CB","fromDetail":{"output":{"keypad_keys":{"_0":"keypad_5"}},"display":"5"},"toDetailCollection":{}},{"id":"752C4923-5749-417A-A0EE-CDCA432E8061","fromDetail":{"output":{"keypad_keys":{"_0":"keypad_6"}},"display":"6"},"toDetailCollection":{}},{"id":"2FC7B111-6E50-40A1-AF2B-89AFBB99C00E","fromDetail":{"output":{"keypad_keys":{"_0":"keypad_4"}},"display":"4"},"toDetailCollection":{}}],"idsInOrderRow5":[{"id":"CB1C4566-7B54-4652-96E9-79551F188055"},{"id":"BD0917DD-9711-4E95-A5B5-D10A1F136F10"},{"id":"BE5AA721-503C-42FC-B03F-8011BFA4BAC2"},{"id":"63D00DF8-08DE-4015-AAC3-3DABF151E974"}],"enableArrowKeys":false,"arrow_up":{"keyShape":"arrow_Up","id":"5F79F264-78D6-473E-8230-2B7CDA4BB46A","fromDetail":{"isSFSymbol":true,"output":{"arrow_keys":{"_0":"up_arrow"}},"display":"arrowtriangle.up.fill"},"toDetailCollection":{}}},"sectionDetail":{"section":{"other":{}},"deviceDetail":{"location_id":"location_id","is_builtin_keyboard":false,"is_location_id_Enabled":false,"is_vendor_id_Enabled":false,"is_product_id_Enabled":false,"product_id":"product_id","device_name":"otherDevice","vendor_id":"vendor_id"}}}},"name":"Eucalyn_JIS","displayKeySize":65,"macroCollection":{"idsInOrderCollection":[],"_collection":[]},"conditionDetailCollection":{"condition1":{"type":"InputSource","isEnabled":false,"value":"ja","name":"Condition1"},"condition0":{"isEnabled":true,"name":"Default","type":"Application","value":"com.vendor.condition0"},"condition2":{"isEnabled":false,"name":"Condition2","value":"com.vendor.condition2","type":"Application"},"condition4":{"value":"com.vendor.condition4","type":"Application","isEnabled":false,"name":"Condition4"},"condition7":{"name":"Condition7","value":"com.vendor.condition7","isEnabled":false,"type":"Application"},"condition3":{"type":"Application","value":"com.vendor.condition3","isEnabled":false,"name":"Condition3"},"condition6":{"type":"Application","isEnabled":false,"value":"com.vendor.condition6","name":"Condition6"},"condition8":{"isEnabled":false,"value":"com.vendor.condition8","type":"Application","name":"Condition8"},"condition9":{"value":"com.vendor.condition9","name":"Condition9","isEnabled":false,"type":"Application"},"condition5":{"type":"Application","isEnabled":false,"name":"Condition5","value":"com.vendor.condition5"}},"selections":{"toDetail_macro":{"indicator":false,"id":"D2AADCA0-DD9D-4E00-8EA0-95A93996B034","error":false,"withModifier":{},"outputAndDisplay":{"display":"none","output":{"letter_keys":{"_0":"a"}},"layerKey":"layer0"}},"keyboardKey":{"id":"C562CCCC-D99D-4CF4-874A-6356D7F0D29B","fromDetail":{"display":"A","output":{"letter_keys":{"_0":"a"}}},"toDetailCollection":{}},"combo":{"key_up_order":"insensitive","comboThreshold":50,"toDetail":{},"id":"AE934B3A-8DCA-4ED1-9EDB-2C661D573E37","key_down_order":"insensitive"},"fromTab":{"qwertyKeyboard":{}},"macroTab":{"userMacro":{}},"toTab":"qwertyKeyboard","tab":{"remap":{}},"layer":"layer0","customOrMacroTab":{"customizeKey":{}},"macro":{"id":"D477A08C-AA25-4AFC-93F4-E01891F227DD","toDetailCollection":{"_collection":[],"idsInOrderCollection":[]},"name":"user Macro","dictionary_key":null},"condition":"condition0"},"comboCollection":{"condition8":{"layer0":{},"layer6":{},"layer8":{},"layer7":{},"layer3":{},"layer1":{},"layer4":{},"layer5":{},"layer2":{}},"condition3":{"layer1":{},"layer6":{},"layer5":{},"layer0":{},"layer4":{},"layer2":{},"layer7":{},"layer8":{},"layer3":{}},"condition5":{"layer1":{},"layer6":{},"layer2":{},"layer3":{},"layer7":{},"layer0":{},"layer8":{},"layer4":{},"layer5":{}},"condition2":{"layer6":{},"layer1":{},"layer7":{},"layer8":{},"layer0":{},"layer5":{},"layer4":{},"layer3":{},"layer2":{}},"condition7":{"layer7":{},"layer2":{},"layer0":{},"layer3":{},"layer1":{},"layer8":{},"layer6":{},"layer5":{},"layer4":{}},"condition9":{"layer8":{},"layer6":{},"layer1":{},"layer2":{},"layer7":{},"layer5":{},"layer3":{},"layer4":{},"layer0":{}},"condition4":{"layer2":{},"layer0":{},"layer4":{},"layer3":{},"layer8":{},"layer5":{},"layer1":{},"layer7":{},"layer6":{}},"condition0":{"layer6":{},"layer4":{},"layer1":{},"layer8":{},"layer0":{},"layer7":{},"layer3":{},"layer2":{},"layer5":{}},"condition1":{"layer1":{},"layer2":{},"layer6":{},"layer7":{},"layer4":{},"layer8":{},"layer5":{},"layer0":{},"layer3":{}},"condition6":{"layer4":{},"layer6":{},"layer1":{},"layer5":{},"layer7":{},"layer8":{},"layer0":{},"layer3":{},"layer2":{}}}}