{"displayKeySize":65,"name":"Eucalyn_UK","conditionDetailCollection":{"condition1":{"name":"Condition1","type":"InputSource","value":"ja","isEnabled":false},"condition6":{"name":"Condition6","value":"com.vendor.condition6","type":"Application","isEnabled":false},"condition8":{"value":"com.vendor.condition8","isEnabled":false,"name":"Condition8","type":"Application"},"condition9":{"type":"Application","value":"com.vendor.condition9","name":"Condition9","isEnabled":false},"condition2":{"type":"Application","isEnabled":false,"value":"com.vendor.condition2","name":"Condition2"},"condition3":{"name":"Condition3","isEnabled":false,"type":"Application","value":"com.vendor.condition3"},"condition7":{"name":"Condition7","value":"com.vendor.condition7","isEnabled":false,"type":"Application"},"condition5":{"name":"Condition5","value":"com.vendor.condition5","type":"Application","isEnabled":false},"condition0":{"type":"Application","isEnabled":true,"name":"Default","value":"com.vendor.condition0"},"condition4":{"name":"Condition4","isEnabled":false,"value":"com.vendor.condition4","type":"Application"}},"selections":{"toTab":"qwertyKeyboard","condition":"condition0","fromTab":{"qwertyKeyboard":{}},"tab":{"remap":{}},"combo":{"key_down_order":"insensitive","key_up_order":"insensitive","comboThreshold":50,"toDetail":{},"id":"AE934B3A-8DCA-4ED1-9EDB-2C661D573E37"},"macro":{"dictionary_key":null,"name":"user Macro","toDetailCollection":{"_collection":[],"idsInOrderCollection":[]},"id":"D477A08C-AA25-4AFC-93F4-E01891F227DD"},"layer":"layer0","keyboardKey":{"fromDetail":{"output":{"letter_keys":{"_0":"a"}},"display":"A"},"id":"C562CCCC-D99D-4CF4-874A-6356D7F0D29B","toDetailCollection":{}},"toDetail_macro":{"indicator":false,"outputAndDisplay":{"display":"none","output":{"letter_keys":{"_0":"a"}},"layerKey":"layer0"},"withModifier":{},"id":"D2AADCA0-DD9D-4E00-8EA0-95A93996B034","error":false},"macroTab":{"userMacro":{}},"customOrMacroTab":{"customizeKey":{}}},"macroCollection":{"idsInOrderCollection":[],"_collection":[]},"keymap":{"mouse":{"subRows":{"row3":[{"fromDetail":{"display":"A","output":{"letter_keys":{"_0":"a"}}},"toDetailCollection":{},"id":"261594D0-06B2-4A03-8B99-700F09DDC8AE"}],"idsInOrderRow6":[{"id":"56D8E211-773A-435A-8464-CCCAD2051BE5"}],"idsInOrderRow2":[{"id":"1549B552-D3C0-45E1-9479-E6D48887798C"}],"row1":[{"toDetailCollection":{},"id":"7FA23A74-9580-464A-A9B2-4DA13CC9586C","fromDetail":{"output":{"letter_keys":{"_0":"a"}},"display":"A"}}],"row2":[{"fromDetail":{"display":"A","output":{"letter_keys":{"_0":"a"}}},"id":"1549B552-D3C0-45E1-9479-E6D48887798C","toDetailCollection":{}}],"enableArrowKeys":false,"arrow_right":{"keyShape":"arrow_LR","id":"5456F08B-1D17-4B87-908D-97746162F2E9","fromDetail":{"output":{"arrow_keys":{"_0":"right_arrow"}},"isSFSymbol":true,"display":"arrowtriangle.right.fill"},"toDetailCollection":{}},"idsInOrderRow5":[{"id":"3B7C8440-F32B-4434-83C2-811C5AAB202B"}],"arrow_left":{"toDetailCollection":{},"keyShape":"arrow_LR","fromDetail":{"isSFSymbol":true,"output":{"arrow_keys":{"_0":"left_arrow"}},"display":"arrowtriangle.left.fill"},"id":"E535152F-C562-40B0-9895-0B085DF74755"},"row4":[{"toDetailCollection":{},"fromDetail":{"display":"A","output":{"letter_keys":{"_0":"a"}}},"id":"57A3BCAE-CBD2-4810-B396-BDEB8D01FF1C"}],"idsInOrderRow1":[{"id":"7FA23A74-9580-464A-A9B2-4DA13CC9586C"}],"row6":[{"id":"56D8E211-773A-435A-8464-CCCAD2051BE5","toDetailCollection":{},"fromDetail":{"output":{"letter_keys":{"_0":"a"}},"display":"A"}}],"idsInOrderRow4":[{"id":"57A3BCAE-CBD2-4810-B396-BDEB8D01FF1C"}],"idsInOrderRow3":[{"id":"261594D0-06B2-4A03-8B99-700F09DDC8AE"}],"row5":[{"id":"3B7C8440-F32B-4434-83C2-811C5AAB202B","fromDetail":{"display":"A","output":{"letter_keys":{"_0":"a"}}},"toDetailCollection":{}}],"rowIndex_arrow":{"row6":{}},"arrow_up":{"fromDetail":{"output":{"arrow_keys":{"_0":"up_arrow"}},"display":"arrowtriangle.up.fill","isSFSymbol":true},"id":"EAFF06BC-C787-479E-A24D-F86A450DF277","keyShape":"arrow_Up","toDetailCollection":{}},"arrow_down":{"id":"40E535BE-8307-46B6-9F81-B79B9C662999","fromDetail":{"display":"arrowtriangle.down.fill","output":{"arrow_keys":{"_0":"down_arrow"}},"isSFSymbol":true},"toDetailCollection":{},"keyShape":"arrow_Down"}},"sectionDetail":{"section":{"mouse":{}},"deviceDetail":{"is_builtin_keyboard":false,"is_location_id_Enabled":false,"vendor_id":"vendor_id","is_vendor_id_Enabled":false,"device_name":"mouse","is_product_id_Enabled":false,"product_id":"product_id","location_id":"location_id"}},"tenkeyRows":{"row2":[{"fromDetail":{"output":{"letter_keys":{"_0":"a"}},"display":"A"},"id":"49BA93B0-AC8B-4B49-8086-BE542B1CAE7C","toDetailCollection":{}}],"idsInOrderRow5":[{"id":"C13231BF-0ADA-48C8-9270-3C96AE15BC49"}],"row3":[{"toDetailCollection":{},"id":"F860929F-D7BF-4B04-B417-3C09F50F4E11","fromDetail":{"display":"A","output":{"letter_keys":{"_0":"a"}}}}],"row6":[{"id":"E40DA786-A479-4982-8B4B-676D5A4A0D39","toDetailCollection":{},"fromDetail":{"display":"A","output":{"letter_keys":{"_0":"a"}}}}],"row5":[{"toDetailCollection":{},"id":"C13231BF-0ADA-48C8-9270-3C96AE15BC49","fromDetail":{"output":{"letter_keys":{"_0":"a"}},"display":"A"}}],"row1":[{"fromDetail":{"output":{"letter_keys":{"_0":"a"}},"display":"A"},"toDetailCollection":{},"id":"C35A89D4-1FB9-4BFE-B7EF-8D7FCDD1299F"}],"idsInOrderRow3":[{"id":"F860929F-D7BF-4B04-B417-3C09F50F4E11"}],"arrow_right":{"keyShape":"arrow_LR","id":"784FDD94-19DF-4543-80D4-22E7F4572718","fromDetail":{"isSFSymbol":true,"output":{"arrow_keys":{"_0":"right_arrow"}},"display":"arrowtriangle.right.fill"},"toDetailCollection":{}},"idsInOrderRow1":[{"id":"C35A89D4-1FB9-4BFE-B7EF-8D7FCDD1299F"}],"row4":[{"id":"189F68D1-81EE-4727-BAC2-3DB5FA0F6705","fromDetail":{"output":{"letter_keys":{"_0":"a"}},"display":"A"},"toDetailCollection":{}}],"enableArrowKeys":false,"idsInOrderRow2":[{"id":"49BA93B0-AC8B-4B49-8086-BE542B1CAE7C"}],"arrow_up":{"keyShape":"arrow_Up","id":"14F02A66-E888-472C-A266-BF3D371A5521","fromDetail":{"display":"arrowtriangle.up.fill","output":{"arrow_keys":{"_0":"up_arrow"}},"isSFSymbol":true},"toDetailCollection":{}},"idsInOrderRow6":[{"id":"E40DA786-A479-4982-8B4B-676D5A4A0D39"}],"arrow_down":{"fromDetail":{"display":"arrowtriangle.down.fill","output":{"arrow_keys":{"_0":"down_arrow"}},"isSFSymbol":true},"id":"01C93699-2B0D-4BDB-95C7-B60AEA20BD0C","keyShape":"arrow_Down","toDetailCollection":{}},"rowIndex_arrow":{"row6":{}},"arrow_left":{"toDetailCollection":{},"fromDetail":{"isSFSymbol":true,"display":"arrowtriangle.left.fill","output":{"arrow_keys":{"_0":"left_arrow"}}},"id":"8FB5D600-A71A-4AA3-A0E5-C1DED335D752","keyShape":"arrow_LR"},"idsInOrderRow4":[{"id":"189F68D1-81EE-4727-BAC2-3DB5FA0F6705"}]},"isEnableTenkey":false,"isEnableSub":false,"isEnableMain":true,"mainRows":{"enableArrowKeys":false,"idsInOrderRow5":[],"idsInOrderRow1":[{"id":"5BE7C352-A198-4BD8-88C7-7D9C2BBADD26"},{"id":"D073EC89-120D-40C0-A189-DC3BB364F88D"}],"rowIndex_arrow":{"row6":{}},"arrow_left":{"id":"69510139-9858-4E81-9F04-F577FFBE602D","keyShape":"arrow_LR","fromDetail":{"isSFSymbol":true,"display":"arrowtriangle.left.fill","output":{"arrow_keys":{"_0":"left_arrow"}}},"toDetailCollection":{}},"row3":[{"fromDetail":{"output":{"letter_keys":{"_0":"a"}},"display":"A"},"id":"E9B8450A-727D-4220-88AA-006AC6F0F4CF","toDetailCollection":{},"isSpacer":true}],"row4":[{"id":"C2E55182-066F-42EF-84CB-CAC91A04DA38","isSpacer":true,"fromDetail":{"output":{"letter_keys":{"_0":"a"}},"display":"A"},"toDetailCollection":{}}],"idsInOrderRow4":[{"id":"C2E55182-066F-42EF-84CB-CAC91A04DA38"}],"row5":[],"row6":[],"arrow_up":{"fromDetail":{"output":{"arrow_keys":{"_0":"up_arrow"}},"display":"arrowtriangle.up.fill","isSFSymbol":true},"toDetailCollection":{},"keyShape":"arrow_Up","id":"0801E54D-F2C3-4989-9FBE-B33379D488BD"},"row2":[{"isSpacer":true,"fromDetail":{"output":{"letter_keys":{"_0":"a"}},"display":"A"},"toDetailCollection":{},"id":"23BF9C4C-85F2-4B43-9CE1-60C092637509","unitSize":0.5},{"id":"B3A0CC09-97D4-41BD-A923-090817BCDCC7","fromDetail":{"output":{"mouse_buttons":{"_0":"button3"}},"display":"M click"},"toDetailCollection":{}}],"arrow_down":{"keyShape":"arrow_Down","fromDetail":{"display":"arrowtriangle.down.fill","output":{"arrow_keys":{"_0":"down_arrow"}},"isSFSymbol":true},"toDetailCollection":{},"id":"05E8AE3C-54ED-4251-A285-9037E627026F"},"idsInOrderRow6":[],"idsInOrderRow3":[{"id":"E9B8450A-727D-4220-88AA-006AC6F0F4CF"}],"arrow_right":{"toDetailCollection":{},"fromDetail":{"isSFSymbol":true,"display":"arrowtriangle.right.fill","output":{"arrow_keys":{"_0":"right_arrow"}}},"id":"3F989A5A-007A-442C-8465-B88BF6A19A85","keyShape":"arrow_LR"},"row1":[{"toDetailCollection":{},"id":"5BE7C352-A198-4BD8-88C7-7D9C2BBADD26","fromDetail":{"display":"L click","output":{"mouse_buttons":{"_0":"button1"}}}},{"toDetailCollection":{},"id":"D073EC89-120D-40C0-A189-DC3BB364F88D","fromDetail":{"output":{"mouse_buttons":{"_0":"button2"}},"display":"R click"}}],"idsInOrderRow2":[{"id":"23BF9C4C-85F2-4B43-9CE1-60C092637509"},{"id":"B3A0CC09-97D4-41BD-A923-090817BCDCC7"}]}},"validSections":{"sections":[{"main":{}}]},"other":{"sectionDetail":{"deviceDetail":{"is_builtin_keyboard":false,"device_name":"otherDevice","is_location_id_Enabled":false,"product_id":"product_id","vendor_id":"vendor_id","is_vendor_id_Enabled":false,"location_id":"location_id","is_product_id_Enabled":false},"section":{"other":{}}},"isEnableSub":false,"isEnableTenkey":false,"isEnableMain":true,"mainRows":{"row5":[{"toDetailCollection":{},"id":"B6EA4E8A-E123-49C2-B06F-0430B41B152C","fromDetail":{"display":"3","output":{"keypad_keys":{"_0":"keypad_3"}}}},{"id":"C88DF8AC-97DD-40B6-9A0F-1A1AB7688796","fromDetail":{"display":"projective","isSFSymbol":true,"output":{"keypad_keys":{"_0":"keypad_enter"}}},"keyShape":"enter_Tenkey","toDetailCollection":{}},{"fromDetail":{"display":"2","output":{"keypad_keys":{"_0":"keypad_2"}}},"id":"DC326E54-5DED-446C-A897-7B98FF3A5518","toDetailCollection":{}},{"toDetailCollection":{},"id":"67678487-1F49-48AE-AA02-1EA58069252D","fromDetail":{"output":{"keypad_keys":{"_0":"keypad_1"}},"display":"1"}}],"idsInOrderRow3":[{"id":"A36EDA5A-37FB-40E2-8E1F-A81145E2E049"},{"id":"83826EDC-788E-45FF-B636-95CF769F2125"},{"id":"0174C236-2ADB-493B-991F-E473BAE5F007"},{"id":"5A9903D9-072F-4CCF-AA85-0B5141C811CC"}],"arrow_up":{"id":"5DFBBB13-8E34-4FCE-A745-76FC562516E9","fromDetail":{"output":{"arrow_keys":{"_0":"up_arrow"}},"isSFSymbol":true,"display":"arrowtriangle.up.fill"},"keyShape":"arrow_Up","toDetailCollection":{}},"arrow_down":{"keyShape":"arrow_Down","fromDetail":{"output":{"arrow_keys":{"_0":"down_arrow"}},"display":"arrowtriangle.down.fill","isSFSymbol":true},"toDetailCollection":{},"id":"5B5E9FFB-7DD1-4E8C-B0A2-9927186A585D"},"idsInOrderRow2":[{"id":"CBD21409-2021-4B0F-9694-97A4BE056F97"},{"id":"A156D44F-A305-4F5B-AB0C-CF8B26BB729C"},{"id":"461AB3C2-3942-4107-89C0-F64D72FC5E33"},{"id":"8DC3163D-E445-4067-88A8-B2C2F7094E43"}],"row2":[{"id":"CBD21409-2021-4B0F-9694-97A4BE056F97","toDetailCollection":{},"fromDetail":{"output":{"others":{"_0":"clear"}},"display":"clear"}},{"id":"8DC3163D-E445-4067-88A8-B2C2F7094E43","fromDetail":{"output":{"keypad_keys":{"_0":"keypad_asterisk"}},"display":"*"},"toDetailCollection":{}},{"fromDetail":{"output":{"keypad_keys":{"_0":"keypad_slash"}},"display":"\/"},"id":"461AB3C2-3942-4107-89C0-F64D72FC5E33","toDetailCollection":{}},{"toDetailCollection":{},"id":"A156D44F-A305-4F5B-AB0C-CF8B26BB729C","fromDetail":{"display":"=","output":{"keypad_keys":{"_0":"keypad_equal_sign"}}}}],"arrow_right":{"fromDetail":{"output":{"arrow_keys":{"_0":"right_arrow"}},"display":"arrowtriangle.right.fill","isSFSymbol":true},"toDetailCollection":{},"keyShape":"arrow_LR","id":"7459543A-32C0-4091-98AA-003522370C60"},"idsInOrderRow5":[{"id":"67678487-1F49-48AE-AA02-1EA58069252D"},{"id":"DC326E54-5DED-446C-A897-7B98FF3A5518"},{"id":"B6EA4E8A-E123-49C2-B06F-0430B41B152C"},{"id":"C88DF8AC-97DD-40B6-9A0F-1A1AB7688796"}],"row1":[{"fromDetail":{"display":"F17","output":{"function_keys":{"_0":"f17"}}},"toDetailCollection":{},"id":"126551EB-6943-4BBE-992D-2AAE96E77740"},{"toDetailCollection":{},"fromDetail":{"display":"F18","output":{"function_keys":{"_0":"f18"}}},"id":"42DE461A-80AB-475B-8279-52C29A9F5DE8"},{"fromDetail":{"display":"F16","output":{"function_keys":{"_0":"f16"}}},"toDetailCollection":{},"id":"A6F4F9B9-3030-4CE4-B184-177BFE8BC9AB"},{"toDetailCollection":{},"id":"ABEEADC9-0A60-48C9-A1D1-00E7FFB4DA97","fromDetail":{"output":{"function_keys":{"_0":"f19"}},"display":"F19"}}],"idsInOrderRow1":[{"id":"A6F4F9B9-3030-4CE4-B184-177BFE8BC9AB"},{"id":"126551EB-6943-4BBE-992D-2AAE96E77740"},{"id":"42DE461A-80AB-475B-8279-52C29A9F5DE8"},{"id":"ABEEADC9-0A60-48C9-A1D1-00E7FFB4DA97"}],"idsInOrderRow4":[{"id":"7355A8BE-A1D0-46C8-B5AF-28CE2B57ADD0"},{"id":"799F548A-42C8-4B19-B493-1CB00F96DD1A"},{"id":"42829870-43C1-48C7-9CF5-AB553E6FB84B"},{"id":"E316784A-694F-444A-BDAF-C0180C271876"}],"idsInOrderRow6":[{"id":"9A15034C-B078-4171-8021-F279F9AC1B69"},{"id":"5175B1A5-A830-47F8-B3D2-2BBFFA0C75C8"}],"row3":[{"id":"5A9903D9-072F-4CCF-AA85-0B5141C811CC","fromDetail":{"display":"-","output":{"keypad_keys":{"_0":"keypad_hyphen"}}},"toDetailCollection":{}},{"id":"0174C236-2ADB-493B-991F-E473BAE5F007","fromDetail":{"display":"9","output":{"keypad_keys":{"_0":"keypad_9"}}},"toDetailCollection":{}},{"toDetailCollection":{},"id":"A36EDA5A-37FB-40E2-8E1F-A81145E2E049","fromDetail":{"output":{"keypad_keys":{"_0":"keypad_7"}},"display":"7"}},{"fromDetail":{"output":{"keypad_keys":{"_0":"keypad_8"}},"display":"8"},"id":"83826EDC-788E-45FF-B636-95CF769F2125","toDetailCollection":{}}],"rowIndex_arrow":{"row6":{}},"enableArrowKeys":false,"row4":[{"id":"42829870-43C1-48C7-9CF5-AB553E6FB84B","fromDetail":{"output":{"keypad_keys":{"_0":"keypad_6"}},"display":"6"},"toDetailCollection":{}},{"fromDetail":{"output":{"keypad_keys":{"_0":"keypad_plus"}},"display":"+"},"id":"E316784A-694F-444A-BDAF-C0180C271876","toDetailCollection":{}},{"toDetailCollection":{},"id":"799F548A-42C8-4B19-B493-1CB00F96DD1A","fromDetail":{"display":"5","output":{"keypad_keys":{"_0":"keypad_5"}}}},{"fromDetail":{"display":"4","output":{"keypad_keys":{"_0":"keypad_4"}}},"toDetailCollection":{},"id":"7355A8BE-A1D0-46C8-B5AF-28CE2B57ADD0"}],"arrow_left":{"id":"A368498A-05B7-40BD-92C7-95C1873E5338","toDetailCollection":{},"keyShape":"arrow_LR","fromDetail":{"output":{"arrow_keys":{"_0":"left_arrow"}},"display":"arrowtriangle.left.fill","isSFSymbol":true}},"row6":[{"toDetailCollection":{},"fromDetail":{"display":"0","output":{"keypad_keys":{"_0":"keypad_0"}}},"unitSize":2,"id":"9A15034C-B078-4171-8021-F279F9AC1B69"},{"toDetailCollection":{},"id":"5175B1A5-A830-47F8-B3D2-2BBFFA0C75C8","fromDetail":{"display":".","output":{"keypad_keys":{"_0":"keypad_period"}}}}]},"subRows":{"arrow_up":{"fromDetail":{"output":{"arrow_keys":{"_0":"up_arrow"}},"display":"arrowtriangle.up.fill","isSFSymbol":true},"keyShape":"arrow_Up","id":"1D29DE34-2A6B-41CC-860D-0063CE9CDA81","toDetailCollection":{}},"idsInOrderRow5":[{"id":"0A7890A5-F678-4C2A-97CB-763C59651D88"},{"id":"C6FCBB06-4DA9-4A29-BCF0-408936902C15"}],"arrow_down":{"keyShape":"arrow_Down","fromDetail":{"output":{"arrow_keys":{"_0":"down_arrow"}},"isSFSymbol":true,"display":"arrowtriangle.down.fill"},"toDetailCollection":{},"id":"2DCBCC56-5782-4E5E-84D2-07679D52B545"},"rowIndex_arrow":{"row6":{}},"idsInOrderRow4":[],"idsInOrderRow3":[{"id":"55FA6E81-DD69-4B40-8B65-B859000836F9"},{"id":"065DE141-DB92-4687-995E-0A78CB886F81"},{"id":"EB889B28-7984-4EDC-A49F-1770D8068D93"}],"row5":[{"fromDetail":{"isSFSymbol":true,"display":"arrowtriangle.up.fill","output":{"arrow_keys":{"_0":"up_arrow"}}},"toDetailCollection":{},"id":"C6FCBB06-4DA9-4A29-BCF0-408936902C15"},{"fromDetail":{"output":{"letter_keys":{"_0":"a"}},"display":"A"},"toDetailCollection":{},"id":"0A7890A5-F678-4C2A-97CB-763C59651D88","isSpacer":true}],"arrow_right":{"fromDetail":{"output":{"arrow_keys":{"_0":"right_arrow"}},"display":"arrowtriangle.right.fill","isSFSymbol":true},"keyShape":"arrow_LR","id":"4C218C50-588A-48EC-8972-8ECA300BE892","toDetailCollection":{}},"row6":[{"toDetailCollection":{},"id":"52F6432A-9A9E-4B54-B6A6-4B968175EC6F","fromDetail":{"display":"arrowtriangle.left.fill","output":{"arrow_keys":{"_0":"left_arrow"}},"isSFSymbol":true}},{"id":"BD8CA63A-1FDD-43A8-9381-8C88846E2454","toDetailCollection":{},"fromDetail":{"display":"arrowtriangle.down.fill","isSFSymbol":true,"output":{"arrow_keys":{"_0":"down_arrow"}}}},{"id":"B000F4FB-68AE-44AA-95E6-63EADBC74D53","fromDetail":{"display":"arrowtriangle.right.fill","isSFSymbol":true,"output":{"arrow_keys":{"_0":"right_arrow"}}},"toDetailCollection":{}}],"idsInOrderRow2":[{"id":"18B415C4-3E3A-4E8F-B6EC-B62180279B15"},{"id":"D6F38004-28B1-401A-A94A-186ABC92BDD0"},{"id":"599C38E9-5A7F-416D-96FB-93269F8A7B68"}],"idsInOrderRow1":[{"id":"97C7439C-4F27-4CA3-B00A-8C9CF6DB5691"},{"id":"2B04149B-A690-4E45-9FBA-D4CFEEEBE434"},{"id":"1593EA07-F322-4774-A4CA-5938A4E1A8E7"}],"row2":[{"id":"599C38E9-5A7F-416D-96FB-93269F8A7B68","fromDetail":{"isSFSymbol":true,"display":"arrow.up","output":{"arrow_keys":{"_0":"page_up"}}},"toDetailCollection":{}},{"id":"D6F38004-28B1-401A-A94A-186ABC92BDD0","toDetailCollection":{},"fromDetail":{"display":"arrow.up.to.line","output":{"arrow_keys":{"_0":"home"}},"isSFSymbol":true}},{"fromDetail":{"output":{"keys_in_pc_keyboards":{"_0":"insert"}},"display":"text.insert","isSFSymbol":true},"id":"18B415C4-3E3A-4E8F-B6EC-B62180279B15","toDetailCollection":{}}],"row1":[{"toDetailCollection":{},"id":"2B04149B-A690-4E45-9FBA-D4CFEEEBE434","fromDetail":{"output":{"function_keys":{"_0":"f14"}},"display":"F14"}},{"id":"1593EA07-F322-4774-A4CA-5938A4E1A8E7","fromDetail":{"display":"F15","output":{"function_keys":{"_0":"f15"}}},"toDetailCollection":{}},{"toDetailCollection":{},"id":"97C7439C-4F27-4CA3-B00A-8C9CF6DB5691","fromDetail":{"display":"F13","output":{"function_keys":{"_0":"f13"}}}}],"idsInOrderRow6":[{"id":"52F6432A-9A9E-4B54-B6A6-4B968175EC6F"},{"id":"BD8CA63A-1FDD-43A8-9381-8C88846E2454"},{"id":"B000F4FB-68AE-44AA-95E6-63EADBC74D53"}],"arrow_left":{"keyShape":"arrow_LR","id":"14C18BBA-AB65-410A-86D9-514D77340D8D","toDetailCollection":{},"fromDetail":{"display":"arrowtriangle.left.fill","output":{"arrow_keys":{"_0":"left_arrow"}},"isSFSymbol":true}},"row4":[],"enableArrowKeys":false,"row3":[{"toDetailCollection":{},"fromDetail":{"output":{"arrow_keys":{"_0":"page_down"}},"isSFSymbol":true,"display":"arrow.down"},"id":"EB889B28-7984-4EDC-A49F-1770D8068D93"},{"fromDetail":{"isSFSymbol":true,"output":{"arrow_keys":{"_0":"end"}},"display":"arrow.down.to.line"},"id":"065DE141-DB92-4687-995E-0A78CB886F81","toDetailCollection":{}},{"toDetailCollection":{},"fromDetail":{"output":{"controls_and_symbols":{"_0":"delete_forward"}},"display":"delete.right","isSFSymbol":true},"id":"55FA6E81-DD69-4B40-8B65-B859000836F9"}]},"tenkeyRows":{"arrow_left":{"fromDetail":{"display":"arrowtriangle.left.fill","isSFSymbol":true,"output":{"arrow_keys":{"_0":"left_arrow"}}},"toDetailCollection":{},"keyShape":"arrow_LR","id":"0F52C97C-C138-4B36-B722-81A34744E08B"},"rowIndex_arrow":{"row6":{}},"idsInOrderRow6":[{"id":"90B62BE8-DC8B-41A3-9EC2-A2FAB1FA1338"},{"id":"9780A6A0-940C-4F04-8807-612B21E24BC8"}],"arrow_down":{"toDetailCollection":{},"fromDetail":{"isSFSymbol":true,"display":"arrowtriangle.down.fill","output":{"arrow_keys":{"_0":"down_arrow"}}},"keyShape":"arrow_Down","id":"885EB8B1-43A4-40E3-8080-7EEFCF141024"},"arrow_right":{"keyShape":"arrow_LR","id":"DBE8C3C4-8D5F-4E93-95E2-68FDB7DFD6E2","toDetailCollection":{},"fromDetail":{"display":"arrowtriangle.right.fill","isSFSymbol":true,"output":{"arrow_keys":{"_0":"right_arrow"}}}},"row4":[{"id":"83F92741-240A-4E76-9409-8EBF50026343","toDetailCollection":{},"fromDetail":{"display":"6","output":{"keypad_keys":{"_0":"keypad_6"}}}},{"id":"DBB84269-A304-406B-88B5-3B7314350269","toDetailCollection":{},"fromDetail":{"output":{"keypad_keys":{"_0":"keypad_plus"}},"display":"+"}},{"toDetailCollection":{},"fromDetail":{"display":"5","output":{"keypad_keys":{"_0":"keypad_5"}}},"id":"DACA9E2B-2787-4EEE-83AA-313191511F94"},{"toDetailCollection":{},"id":"F9ADD257-ECA6-4B37-A4F6-5879D13BC582","fromDetail":{"output":{"keypad_keys":{"_0":"keypad_4"}},"display":"4"}}],"row6":[{"id":"9780A6A0-940C-4F04-8807-612B21E24BC8","fromDetail":{"output":{"keypad_keys":{"_0":"keypad_period"}},"display":"."},"toDetailCollection":{}},{"fromDetail":{"display":"0","output":{"keypad_keys":{"_0":"keypad_0"}}},"toDetailCollection":{},"unitSize":2,"id":"90B62BE8-DC8B-41A3-9EC2-A2FAB1FA1338"}],"enableArrowKeys":false,"row1":[{"fromDetail":{"display":"F19","output":{"function_keys":{"_0":"f19"}}},"id":"CBF81EDF-66B4-4862-928E-C17E4248B6C6","toDetailCollection":{}},{"id":"3B083A78-3BA6-48C0-9DFC-2ECC4C851D0D","fromDetail":{"output":{"function_keys":{"_0":"f18"}},"display":"F18"},"toDetailCollection":{}},{"id":"1FB7883F-D6DA-4571-8E86-4D9C1EB9D86C","toDetailCollection":{},"fromDetail":{"display":"F16","output":{"function_keys":{"_0":"f16"}}}},{"fromDetail":{"display":"F17","output":{"function_keys":{"_0":"f17"}}},"toDetailCollection":{},"id":"82A62E60-1A7A-4EC3-B11A-CE64038DBABC"}],"arrow_up":{"id":"CD0ABD18-5294-448D-880D-EBBABE17BE2B","fromDetail":{"display":"arrowtriangle.up.fill","output":{"arrow_keys":{"_0":"up_arrow"}},"isSFSymbol":true},"keyShape":"arrow_Up","toDetailCollection":{}},"row3":[{"toDetailCollection":{},"id":"BE56C138-1D55-4BE7-93EB-9F6D604F104A","fromDetail":{"display":"7","output":{"keypad_keys":{"_0":"keypad_7"}}}},{"toDetailCollection":{},"id":"AE2FBA1D-0619-4815-88DB-81AD1BC667FE","fromDetail":{"display":"-","output":{"keypad_keys":{"_0":"keypad_hyphen"}}}},{"fromDetail":{"output":{"keypad_keys":{"_0":"keypad_9"}},"display":"9"},"toDetailCollection":{},"id":"A2807702-F19C-495D-B301-3CE7836DEBE6"},{"id":"2432F1B9-841C-4EBD-B7CD-AA54A8297962","fromDetail":{"display":"8","output":{"keypad_keys":{"_0":"keypad_8"}}},"toDetailCollection":{}}],"idsInOrderRow2":[{"id":"5D02EB8B-5063-46BB-BF82-82406309A24D"},{"id":"0E427937-1B12-4D64-B4E9-BAE03A0C99C5"},{"id":"D00EAE05-029F-41EF-AF27-355EF4D71CC9"},{"id":"35DE8BB1-9CEC-4BE9-A782-5871211ADB6D"}],"idsInOrderRow5":[{"id":"04B054DE-D2E5-46A7-8F2D-78783FB19CD2"},{"id":"6A8D22CD-0CF3-4C1E-8C06-A9A0D513E9C9"},{"id":"2D129C4D-5A7D-416E-994A-4B2EF8F9BFBE"},{"id":"C20AA725-7E62-46B1-9D17-68373C2D00B9"}],"row5":[{"id":"04B054DE-D2E5-46A7-8F2D-78783FB19CD2","fromDetail":{"output":{"keypad_keys":{"_0":"keypad_1"}},"display":"1"},"toDetailCollection":{}},{"id":"6A8D22CD-0CF3-4C1E-8C06-A9A0D513E9C9","toDetailCollection":{},"fromDetail":{"display":"2","output":{"keypad_keys":{"_0":"keypad_2"}}}},{"toDetailCollection":{},"fromDetail":{"display":"3","output":{"keypad_keys":{"_0":"keypad_3"}}},"id":"2D129C4D-5A7D-416E-994A-4B2EF8F9BFBE"},{"id":"C20AA725-7E62-46B1-9D17-68373C2D00B9","toDetailCollection":{},"keyShape":"enter_Tenkey","fromDetail":{"output":{"keypad_keys":{"_0":"keypad_enter"}},"display":"projective","isSFSymbol":true}}],"idsInOrderRow4":[{"id":"F9ADD257-ECA6-4B37-A4F6-5879D13BC582"},{"id":"DACA9E2B-2787-4EEE-83AA-313191511F94"},{"id":"83F92741-240A-4E76-9409-8EBF50026343"},{"id":"DBB84269-A304-406B-88B5-3B7314350269"}],"row2":[{"fromDetail":{"output":{"keypad_keys":{"_0":"keypad_asterisk"}},"display":"*"},"toDetailCollection":{},"id":"35DE8BB1-9CEC-4BE9-A782-5871211ADB6D"},{"id":"D00EAE05-029F-41EF-AF27-355EF4D71CC9","fromDetail":{"output":{"keypad_keys":{"_0":"keypad_slash"}},"display":"\/"},"toDetailCollection":{}},{"fromDetail":{"output":{"keypad_keys":{"_0":"keypad_equal_sign"}},"display":"="},"toDetailCollection":{},"id":"0E427937-1B12-4D64-B4E9-BAE03A0C99C5"},{"id":"5D02EB8B-5063-46BB-BF82-82406309A24D","toDetailCollection":{},"fromDetail":{"output":{"others":{"_0":"clear"}},"display":"clear"}}],"idsInOrderRow3":[{"id":"BE56C138-1D55-4BE7-93EB-9F6D604F104A"},{"id":"2432F1B9-841C-4EBD-B7CD-AA54A8297962"},{"id":"A2807702-F19C-495D-B301-3CE7836DEBE6"},{"id":"AE2FBA1D-0619-4815-88DB-81AD1BC667FE"}],"idsInOrderRow1":[{"id":"1FB7883F-D6DA-4571-8E86-4D9C1EB9D86C"},{"id":"82A62E60-1A7A-4EC3-B11A-CE64038DBABC"},{"id":"3B083A78-3BA6-48C0-9DFC-2ECC4C851D0D"},{"id":"CBF81EDF-66B4-4862-928E-C17E4248B6C6"}]}},"main":{"mainRows":{"arrow_down":{"fromDetail":{"display":"arrowtriangle.down.fill","output":{"arrow_keys":{"_0":"down_arrow"}},"isSFSymbol":true},"id":"830E4C9A-5C0C-4C08-BFB9-085C6B691501","keyShape":"arrow_Down","toDetailCollection":{}},"arrow_up":{"id":"26B25D6F-890F-43BE-BB6A-04F6315A9514","fromDetail":{"output":{"arrow_keys":{"_0":"up_arrow"}},"display":"arrowtriangle.up.fill","isSFSymbol":true},"keyShape":"arrow_Up","toDetailCollection":{}},"arrow_left":{"fromDetail":{"isSFSymbol":true,"display":"arrowtriangle.left.fill","output":{"arrow_keys":{"_0":"left_arrow"}}},"id":"E07A5900-F0E2-40B4-A7B2-B68085403152","keyShape":"arrow_LR","toDetailCollection":{}},"idsInOrderRow5":[{"id":"94C354C3-7517-40A6-9944-CE7D7AA9B6E9"},{"id":"45C49673-8D3B-4065-814B-9A9E9472FE19"},{"id":"D550CB0B-ADDA-4DCE-A3BE-6F662428337F"},{"id":"B3EEF8FC-65D1-46AD-B923-160030D93422"},{"id":"527F73D6-37A3-4F7E-9071-C92B6C43900D"},{"id":"48482EC1-68A7-4158-A1BF-0F02972D3B9F"},{"id":"FC96C729-EDFD-4A06-8905-16CCD6BF622C"},{"id":"131A03E7-0765-450D-99C7-DB15BF0F1335"},{"id":"11F8ABD7-A07D-4798-84F4-20AE35420106"},{"id":"4BABFD8F-9C41-4817-A213-C13C1C95C781"},{"id":"5E16028D-D961-4C8C-B457-9CD78B3F759C"},{"id":"80D3C57A-FB78-4F7A-A062-856556B3F0CB"},{"id":"72468539-2D2C-4808-9B57-979992C44D5A"}],"idsInOrderRow6":[{"id":"50EBAB82-EAAB-4A05-959C-25D04628AC68"},{"id":"67C071FF-3D38-4770-A630-F4D245CFAE06"},{"id":"8ED1B74F-577C-44C6-9B15-5E8883B11013"},{"id":"38207A85-4F0B-4537-AB74-2396BF5EAFB0"},{"id":"085FD511-7C85-4E61-8B44-10B96FB84E29"},{"id":"44623681-B803-48B1-962A-8B1D9F90EB19"},{"id":"D2926AA9-4D4F-4A38-8EA0-CF0D2B6F9E17"}],"row6":[{"id":"8ED1B74F-577C-44C6-9B15-5E8883B11013","fromDetail":{"output":{"modifier_keys":{"_0":"left_option"}},"display":"option","isSFSymbol":true},"toDetailCollection":{}},{"toDetailCollection":{},"fromDetail":{"display":"option","isSFSymbol":true,"output":{"modifier_keys":{"_0":"right_option"}}},"id":"D2926AA9-4D4F-4A38-8EA0-CF0D2B6F9E17"},{"id":"50EBAB82-EAAB-4A05-959C-25D04628AC68","fromDetail":{"isSFSymbol":true,"display":"globe","output":{"modifier_keys":{"_0":"keyboard_fn"}}},"toDetailCollection":{}},{"fromDetail":{"display":"␣","output":{"controls_and_symbols":{"_0":"spacebar"}}},"id":"085FD511-7C85-4E61-8B44-10B96FB84E29","unitSize":5,"toDetailCollection":{}},{"fromDetail":{"display":"command","output":{"modifier_keys":{"_0":"right_command"}},"isSFSymbol":true},"id":"44623681-B803-48B1-962A-8B1D9F90EB19","unitSize":1.25,"toDetailCollection":{}},{"toDetailCollection":{},"fromDetail":{"output":{"modifier_keys":{"_0":"left_command"}},"display":"command","isSFSymbol":true},"unitSize":1.25,"id":"38207A85-4F0B-4537-AB74-2396BF5EAFB0"},{"toDetailCollection":{},"id":"67C071FF-3D38-4770-A630-F4D245CFAE06","fromDetail":{"output":{"modifier_keys":{"_0":"left_control"}},"display":"control","isSFSymbol":true}}],"idsInOrderRow3":[{"id":"1801B2A2-E225-4AD7-90FD-8F96FE44C2AD"},{"id":"9257CAC2-72C8-4D7C-B07C-3664CA240491"},{"id":"343BC3CB-94B1-4218-8163-6488A37D928D"},{"id":"A53B89E1-E10F-4CA0-8A95-E1812D53B627"},{"id":"9A0BE720-F7BF-4ABE-8201-E8D189576E16"},{"id":"E0D26D51-01B9-4AEE-9C4C-5D204A8E3378"},{"id":"2F054043-3800-4575-A8B8-FEB5B7338B70"},{"id":"AF01E32A-7F4C-443F-8F5E-B6424B3F8301"},{"id":"272887CE-86BE-4488-B277-5483218E68E9"},{"id":"17F2B32E-A593-4F97-9B61-C71A2156F0DA"},{"id":"BB4C01D5-BF56-4289-A438-FD571652C3DF"},{"id":"8ADFC25E-BF98-4B3B-AC6C-A8F1D2D09CB6"},{"id":"DDAB4268-024E-44CF-A4C9-71B5BA96BD01"},{"id":"B5A13711-5F03-4439-9B59-4A1361D19728"}],"rowIndex_arrow":{"row6":{}},"row2":[{"toDetailCollection":{},"id":"5EB27751-BE6E-45B2-A456-4BB81ADE65F8","fromDetail":{"output":{"number_keys":{"_0":"one"}},"display":"1"}},{"toDetailCollection":{},"fromDetail":{"output":{"number_keys":{"_0":"four"}},"display":"4"},"id":"4AD5FB66-0B88-4558-A9CE-77CEC315CBF6"},{"id":"A32C820C-8791-4B24-B3CD-B3D20599112A","fromDetail":{"display":"-","output":{"controls_and_symbols":{"_0":"hyphen"}}},"toDetailCollection":{}},{"fromDetail":{"output":{"number_keys":{"_0":"zero"}},"display":"0"},"id":"DC8306DA-A2CC-4A65-8813-BFBA994C0CEB","toDetailCollection":{}},{"id":"04CEA7C6-6877-418A-8D55-6804996ABE07","toDetailCollection":{},"fromDetail":{"display":"6","output":{"number_keys":{"_0":"six"}}}},{"fromDetail":{"display":"9","output":{"number_keys":{"_0":"nine"}}},"toDetailCollection":{},"id":"300A2B3F-688F-4619-B9B1-FF10279981F6"},{"toDetailCollection":{},"id":"04012763-F6F8-4368-A94D-DF39E3C3F4BB","fromDetail":{"display":"§","output":{"controls_and_symbols":{"_0":"section"}}}},{"id":"6301A77C-E679-410D-827A-3F8D6F7BEC43","fromDetail":{"display":"3","output":{"number_keys":{"_0":"three"}}},"toDetailCollection":{}},{"fromDetail":{"display":"delete.left","output":{"controls_and_symbols":{"_0":"delete_or_backspace"}},"isSFSymbol":true},"unitSize":1.5,"id":"BE5EC1D2-C9FF-4E62-BCDB-9E07D5C786B9","toDetailCollection":{}},{"toDetailCollection":{},"id":"00180966-8026-462E-A1EC-5587F6819B15","fromDetail":{"display":"7","output":{"number_keys":{"_0":"seven"}}}},{"id":"C0A799D8-6533-4DDE-BBB4-49204AC44AA2","fromDetail":{"output":{"number_keys":{"_0":"eight"}},"display":"8"},"toDetailCollection":{}},{"id":"05FF17F9-446B-424C-8926-36960F2233B3","fromDetail":{"display":"=","output":{"controls_and_symbols":{"_0":"equal_sign_or_caret"}}},"toDetailCollection":{}},{"toDetailCollection":{},"id":"62B5BF96-ACAA-47B1-8555-F40C9B603BEB","fromDetail":{"display":"5","output":{"number_keys":{"_0":"five"}}}},{"fromDetail":{"output":{"number_keys":{"_0":"two"}},"display":"2"},"toDetailCollection":{},"id":"A7B590E8-B0B3-48EC-9F72-6FB55B71AD19"}],"idsInOrderRow2":[{"id":"04012763-F6F8-4368-A94D-DF39E3C3F4BB"},{"id":"5EB27751-BE6E-45B2-A456-4BB81ADE65F8"},{"id":"A7B590E8-B0B3-48EC-9F72-6FB55B71AD19"},{"id":"6301A77C-E679-410D-827A-3F8D6F7BEC43"},{"id":"4AD5FB66-0B88-4558-A9CE-77CEC315CBF6"},{"id":"62B5BF96-ACAA-47B1-8555-F40C9B603BEB"},{"id":"04CEA7C6-6877-418A-8D55-6804996ABE07"},{"id":"00180966-8026-462E-A1EC-5587F6819B15"},{"id":"C0A799D8-6533-4DDE-BBB4-49204AC44AA2"},{"id":"300A2B3F-688F-4619-B9B1-FF10279981F6"},{"id":"DC8306DA-A2CC-4A65-8813-BFBA994C0CEB"},{"id":"A32C820C-8791-4B24-B3CD-B3D20599112A"},{"id":"05FF17F9-446B-424C-8926-36960F2233B3"},{"id":"BE5EC1D2-C9FF-4E62-BCDB-9E07D5C786B9"}],"row1":[{"toDetailCollection":{},"id":"B9F253E8-5537-4AFB-ACF0-30D52F28E7C0","fromDetail":{"output":{"function_keys":{"_0":"f12"}},"display":"F12"}},{"fromDetail":{"output":{"function_keys":{"_0":"f10"}},"display":"F10"},"toDetailCollection":{},"id":"B7B69DD1-96DF-48CA-8B1B-C9461F7AE1A7"},{"fromDetail":{"output":{"function_keys":{"_0":"f8"}},"display":"F8"},"id":"F29BC4D8-6372-460B-9D27-E822FE997C6C","toDetailCollection":{}},{"toDetailCollection":{},"id":"FC5890E7-998D-4E7C-9CA8-E9C5F0B452E0","fromDetail":{"display":"F6","output":{"function_keys":{"_0":"f6"}}}},{"toDetailCollection":{},"fromDetail":{"output":{"function_keys":{"_0":"f4"}},"display":"F4"},"id":"9B82705D-4DD2-4788-B9A9-04F12F6790D2"},{"fromDetail":{"display":"F2","output":{"function_keys":{"_0":"f2"}}},"toDetailCollection":{},"id":"17599CA7-EBB1-4255-B055-ABF0644588D2"},{"fromDetail":{"isSFSymbol":true,"output":{"controls_and_symbols":{"_0":"escape"}},"display":"escape"},"unitSize":1.5,"toDetailCollection":{},"id":"9AF9AA23-27EA-4B6B-9EC5-9FB0E7547266"},{"id":"17869ADC-E5B5-451C-B3B2-273216EB6EFD","fromDetail":{"display":"F3","output":{"function_keys":{"_0":"f3"}}},"toDetailCollection":{}},{"id":"8225B95B-A97C-48D9-BEA8-D395111976BA","fromDetail":{"output":{"function_keys":{"_0":"f11"}},"display":"F11"},"toDetailCollection":{}},{"id":"BEF294FC-8D4F-4317-8D36-3A44C389B4BD","toDetailCollection":{},"fromDetail":{"output":{"function_keys":{"_0":"f9"}},"display":"F9"}},{"fromDetail":{"output":{"function_keys":{"_0":"f7"}},"display":"F7"},"toDetailCollection":{},"id":"4AE3E04A-AA42-4301-B1E4-C756679D4C89"},{"toDetailCollection":{},"fromDetail":{"display":"F5","output":{"function_keys":{"_0":"f5"}}},"id":"9FDC42CE-6F13-40A9-ACE4-DF73AF6ECD0D"},{"fromDetail":{"output":{"function_keys":{"_0":"f1"}},"display":"F1"},"id":"7DE8F48C-4D52-4153-BBB2-7D332C194E92","toDetailCollection":{}}],"row4":[{"id":"7FAEAC89-8B18-4213-B11F-78A87787F563","fromDetail":{"display":"\\","output":{"controls_and_symbols":{"_0":"backslash_or_yen"}}},"toDetailCollection":{}},{"fromDetail":{"isSFSymbol":true,"display":"capslock","output":{"modifier_keys":{"_0":"caps_lock"}}},"unitSize":1.75,"toDetailCollection":{},"id":"F3197DD8-9BF3-4764-A437-218AF54C2915"},{"id":"6C3C15DA-80CD-4DAD-9362-1856D135EE7A","toDetailCollection":{},"fromDetail":{"display":"'","output":{"controls_and_symbols":{"_0":"single_quotation_or_colon"}}}},{"id":"2BA73156-E110-441E-ACA8-67E0491C354A","fromDetail":{"display":"K","output":{"letter_keys":{"_0":"k"}}},"toDetailCollection":{"condition0":{"layer0":{"withModifier_tap":{},"outputAndDisplay_tap":{"layerKey":"layer0","output":{"letter_keys":{"_0":"k"}},"display":"K"},"isCustomized_tap":true}}}},{"toDetailCollection":{"condition0":{"layer0":{"withModifier_tap":{},"outputAndDisplay_tap":{"layerKey":"layer0","output":{"letter_keys":{"_0":"e"}},"display":"E"},"isCustomized_tap":true}}},"id":"543E68DF-1CEB-45AB-B64D-445D25A26763","fromDetail":{"output":{"letter_keys":{"_0":"d"}},"display":"D"}},{"fromDetail":{"output":{"letter_keys":{"_0":"h"}},"display":"H"},"toDetailCollection":{"condition0":{"layer0":{"withModifier_tap":{},"outputAndDisplay_tap":{"layerKey":"layer0","output":{"letter_keys":{"_0":"g"}},"display":"G"},"isCustomized_tap":true}}},"id":"F5E91D0D-D4E0-4E1C-AC97-6EF91FB484D0"},{"fromDetail":{"display":"S","output":{"letter_keys":{"_0":"s"}}},"toDetailCollection":{"condition0":{"layer0":{"outputAndDisplay_tap":{"display":"O","layerKey":"layer0","output":{"letter_keys":{"_0":"o"}}},"withModifier_tap":{},"isCustomized_tap":true}}},"id":"32C32F97-1A5B-4DD3-8D73-C79E2C282318"},{"toDetailCollection":{"condition0":{"layer0":{"withModifier_tap":{},"outputAndDisplay_tap":{"layerKey":"layer0","output":{"letter_keys":{"_0":"s"}},"display":"S"},"isCustomized_tap":true}}},"id":"EB47BA4F-A3A4-4498-8141-09F2A3D1E5E8","fromDetail":{"display":"L","output":{"letter_keys":{"_0":"l"}}}},{"id":"6A941C8F-B7EC-4B81-88E0-5E9952BF40EF","fromDetail":{"output":{"controls_and_symbols":{"_0":"semicolon"}},"display":";"},"toDetailCollection":{"condition0":{"layer0":{"outputAndDisplay_tap":{"display":"N","layerKey":"layer0","output":{"letter_keys":{"_0":"n"}}},"withModifier_tap":{},"isCustomized_tap":true}}}},{"fromDetail":{"display":"G","output":{"letter_keys":{"_0":"g"}}},"toDetailCollection":{"condition0":{"layer0":{"isCustomized_tap":true,"outputAndDisplay_tap":{"output":{"letter_keys":{"_0":"u"}},"display":"U","layerKey":"layer0"},"withModifier_tap":{}}}},"id":"F9F6F9A0-AEA7-4F91-89CF-5C1B0F85EC98"},{"fromDetail":{"display":"F","output":{"letter_keys":{"_0":"f"}}},"id":"DF6DCE81-D52C-4B71-BBFA-AE736F395FF4","toDetailCollection":{"condition0":{"layer0":{"isCustomized_tap":true,"outputAndDisplay_tap":{"output":{"letter_keys":{"_0":"i"}},"display":"I","layerKey":"layer0"},"withModifier_tap":{}}}}},{"toDetailCollection":{"condition0":{"layer0":{"withModifier_tap":{},"isCustomized_tap":true,"outputAndDisplay_tap":{"display":"T","output":{"letter_keys":{"_0":"t"}},"layerKey":"layer0"}}}},"id":"D6FDBEA5-2CA1-4451-ACB5-93A9E17FBEE0","fromDetail":{"display":"J","output":{"letter_keys":{"_0":"j"}}}},{"toDetailCollection":{},"fromDetail":{"output":{"letter_keys":{"_0":"a"}},"display":"A"},"id":"7FD8D1FE-3071-4BC8-8C87-866E19DE6CE0"}],"row5":[{"fromDetail":{"output":{"letter_keys":{"_0":"b"}},"display":"B"},"id":"FC96C729-EDFD-4A06-8905-16CCD6BF622C","toDetailCollection":{"condition0":{"layer0":{"isCustomized_tap":true,"outputAndDisplay_tap":{"layerKey":"layer0","display":"F","output":{"letter_keys":{"_0":"f"}}},"withModifier_tap":{}}}}},{"toDetailCollection":{},"fromDetail":{"display":"`","output":{"controls_and_symbols":{"_0":"grave_accent"}}},"id":"45C49673-8D3B-4065-814B-9A9E9472FE19"},{"fromDetail":{"output":{"controls_and_symbols":{"_0":"period"}},"display":"."},"id":"5E16028D-D961-4C8C-B457-9CD78B3F759C","toDetailCollection":{"condition0":{"layer0":{"isCustomized_tap":true,"outputAndDisplay_tap":{"layerKey":"layer0","output":{"letter_keys":{"_0":"l"}},"display":"L"},"withModifier_tap":{}}}}},{"toDetailCollection":{"condition0":{"layer0":{"isCustomized_tap":true,"withModifier_tap":{},"outputAndDisplay_tap":{"display":"H","layerKey":"layer0","output":{"letter_keys":{"_0":"h"}}}}}},"id":"11F8ABD7-A07D-4798-84F4-20AE35420106","fromDetail":{"display":"M","output":{"letter_keys":{"_0":"m"}}}},{"fromDetail":{"display":",","output":{"controls_and_symbols":{"_0":"comma"}}},"toDetailCollection":{"condition0":{"layer0":{"withModifier_tap":{},"isCustomized_tap":true,"outputAndDisplay_tap":{"display":"J","layerKey":"layer0","output":{"letter_keys":{"_0":"j"}}}}}},"id":"4BABFD8F-9C41-4817-A213-C13C1C95C781"},{"unitSize":1.25,"fromDetail":{"output":{"modifier_keys":{"_0":"left_shift"}},"isSFSymbol":true,"display":"shift"},"toDetailCollection":{},"id":"94C354C3-7517-40A6-9944-CE7D7AA9B6E9"},{"fromDetail":{"output":{"letter_keys":{"_0":"x"}},"display":"X"},"id":"B3EEF8FC-65D1-46AD-B923-160030D93422","toDetailCollection":{}},{"fromDetail":{"output":{"modifier_keys":{"_0":"right_shift"}},"isSFSymbol":true,"display":"shift"},"toDetailCollection":{},"unitSize":2.25,"id":"72468539-2D2C-4808-9B57-979992C44D5A"},{"fromDetail":{"output":{"controls_and_symbols":{"_0":"slash"}},"display":"\/"},"toDetailCollection":{},"id":"80D3C57A-FB78-4F7A-A062-856556B3F0CB"},{"toDetailCollection":{},"id":"527F73D6-37A3-4F7E-9071-C92B6C43900D","fromDetail":{"output":{"letter_keys":{"_0":"c"}},"display":"C"}},{"toDetailCollection":{"condition0":{"layer0":{"outputAndDisplay_tap":{"output":{"letter_keys":{"_0":"b"}},"display":"B","layerKey":"layer0"},"withModifier_tap":{},"isCustomized_tap":true}}},"fromDetail":{"display":"N","output":{"letter_keys":{"_0":"n"}}},"id":"131A03E7-0765-450D-99C7-DB15BF0F1335"},{"toDetailCollection":{},"id":"48482EC1-68A7-4158-A1BF-0F02972D3B9F","fromDetail":{"output":{"letter_keys":{"_0":"v"}},"display":"V"}},{"fromDetail":{"output":{"letter_keys":{"_0":"z"}},"display":"Z"},"toDetailCollection":{},"id":"D550CB0B-ADDA-4DCE-A3BE-6F662428337F"}],"idsInOrderRow1":[{"id":"9AF9AA23-27EA-4B6B-9EC5-9FB0E7547266"},{"id":"7DE8F48C-4D52-4153-BBB2-7D332C194E92"},{"id":"17599CA7-EBB1-4255-B055-ABF0644588D2"},{"id":"17869ADC-E5B5-451C-B3B2-273216EB6EFD"},{"id":"9B82705D-4DD2-4788-B9A9-04F12F6790D2"},{"id":"9FDC42CE-6F13-40A9-ACE4-DF73AF6ECD0D"},{"id":"FC5890E7-998D-4E7C-9CA8-E9C5F0B452E0"},{"id":"4AE3E04A-AA42-4301-B1E4-C756679D4C89"},{"id":"F29BC4D8-6372-460B-9D27-E822FE997C6C"},{"id":"BEF294FC-8D4F-4317-8D36-3A44C389B4BD"},{"id":"B7B69DD1-96DF-48CA-8B1B-C9461F7AE1A7"},{"id":"8225B95B-A97C-48D9-BEA8-D395111976BA"},{"id":"B9F253E8-5537-4AFB-ACF0-30D52F28E7C0"}],"idsInOrderRow4":[{"id":"F3197DD8-9BF3-4764-A437-218AF54C2915"},{"id":"7FD8D1FE-3071-4BC8-8C87-866E19DE6CE0"},{"id":"32C32F97-1A5B-4DD3-8D73-C79E2C282318"},{"id":"543E68DF-1CEB-45AB-B64D-445D25A26763"},{"id":"DF6DCE81-D52C-4B71-BBFA-AE736F395FF4"},{"id":"F9F6F9A0-AEA7-4F91-89CF-5C1B0F85EC98"},{"id":"F5E91D0D-D4E0-4E1C-AC97-6EF91FB484D0"},{"id":"D6FDBEA5-2CA1-4451-ACB5-93A9E17FBEE0"},{"id":"2BA73156-E110-441E-ACA8-67E0491C354A"},{"id":"EB47BA4F-A3A4-4498-8141-09F2A3D1E5E8"},{"id":"6A941C8F-B7EC-4B81-88E0-5E9952BF40EF"},{"id":"6C3C15DA-80CD-4DAD-9362-1856D135EE7A"},{"id":"7FAEAC89-8B18-4213-B11F-78A87787F563"}],"enableArrowKeys":true,"arrow_right":{"fromDetail":{"isSFSymbol":true,"output":{"arrow_keys":{"_0":"right_arrow"}},"display":"arrowtriangle.right.fill"},"id":"6D5757B0-B881-4C84-A775-6F279C5595A2","keyShape":"arrow_LR","toDetailCollection":{}},"row3":[{"id":"A53B89E1-E10F-4CA0-8A95-E1812D53B627","fromDetail":{"display":"E","output":{"letter_keys":{"_0":"e"}}},"toDetailCollection":{"condition0":{"layer0":{"isCustomized_tap":true,"outputAndDisplay_tap":{"output":{"controls_and_symbols":{"_0":"comma"}},"display":",","layerKey":"layer0"},"withModifier_tap":{}}}}},{"id":"9257CAC2-72C8-4D7C-B07C-3664CA240491","toDetailCollection":{},"fromDetail":{"display":"Q","output":{"letter_keys":{"_0":"q"}}}},{"id":"B5A13711-5F03-4439-9B59-4A1361D19728","fromDetail":{"display":"return","isSFSymbol":true,"output":{"controls_and_symbols":{"_0":"return_or_enter"}}},"toDetailCollection":{},"keyShape":"enter_UK"},{"fromDetail":{"display":"T","output":{"letter_keys":{"_0":"t"}}},"toDetailCollection":{"condition0":{"layer0":{"outputAndDisplay_tap":{"output":{"controls_and_symbols":{"_0":"semicolon"}},"display":";","layerKey":"layer0"},"isCustomized_tap":true,"withModifier_tap":{}}}},"id":"E0D26D51-01B9-4AEE-9C4C-5D204A8E3378"},{"toDetailCollection":{},"id":"DDAB4268-024E-44CF-A4C9-71B5BA96BD01","fromDetail":{"output":{"controls_and_symbols":{"_0":"close_square_bracket"}},"display":"]"}},{"fromDetail":{"display":"I","output":{"letter_keys":{"_0":"i"}}},"id":"272887CE-86BE-4488-B277-5483218E68E9","toDetailCollection":{"condition0":{"layer0":{"isCustomized_tap":true,"outputAndDisplay_tap":{"layerKey":"layer0","output":{"letter_keys":{"_0":"d"}},"display":"D"},"withModifier_tap":{}}}}},{"fromDetail":{"output":{"controls_and_symbols":{"_0":"open_square_bracket"}},"display":"["},"toDetailCollection":{},"id":"8ADFC25E-BF98-4B3B-AC6C-A8F1D2D09CB6"},{"fromDetail":{"output":{"letter_keys":{"_0":"r"}},"display":"R"},"toDetailCollection":{"condition0":{"layer0":{"outputAndDisplay_tap":{"layerKey":"layer0","output":{"controls_and_symbols":{"_0":"period"}},"display":"."},"withModifier_tap":{},"isCustomized_tap":true}}},"id":"9A0BE720-F7BF-4ABE-8201-E8D189576E16"},{"fromDetail":{"output":{"letter_keys":{"_0":"u"}},"display":"U"},"toDetailCollection":{"condition0":{"layer0":{"outputAndDisplay_tap":{"output":{"letter_keys":{"_0":"r"}},"display":"R","layerKey":"layer0"},"isCustomized_tap":true,"withModifier_tap":{}}}},"id":"AF01E32A-7F4C-443F-8F5E-B6424B3F8301"},{"fromDetail":{"display":"W","output":{"letter_keys":{"_0":"w"}}},"id":"343BC3CB-94B1-4218-8163-6488A37D928D","toDetailCollection":{}},{"id":"2F054043-3800-4575-A8B8-FEB5B7338B70","toDetailCollection":{"condition0":{"layer0":{"outputAndDisplay_tap":{"output":{"letter_keys":{"_0":"m"}},"display":"M","layerKey":"layer0"},"isCustomized_tap":true,"withModifier_tap":{}}}},"fromDetail":{"display":"Y","output":{"letter_keys":{"_0":"y"}}}},{"toDetailCollection":{},"id":"BB4C01D5-BF56-4289-A438-FD571652C3DF","fromDetail":{"output":{"letter_keys":{"_0":"p"}},"display":"P"}},{"fromDetail":{"output":{"letter_keys":{"_0":"o"}},"display":"O"},"toDetailCollection":{"condition0":{"layer0":{"withModifier_tap":{},"isCustomized_tap":true,"outputAndDisplay_tap":{"output":{"letter_keys":{"_0":"y"}},"display":"Y","layerKey":"layer0"}}}},"id":"17F2B32E-A593-4F97-9B61-C71A2156F0DA"},{"unitSize":1.5,"id":"1801B2A2-E225-4AD7-90FD-8F96FE44C2AD","fromDetail":{"output":{"controls_and_symbols":{"_0":"tab"}},"isSFSymbol":true,"display":"arrow.right.to.line"},"toDetailCollection":{}}]},"subRows":{"idsInOrderRow2":[{"id":"761F1017-4F06-4729-AE36-4F66B0AC177F"},{"id":"8371DBAB-76DD-4FF0-8560-B6C25A32DA5E"},{"id":"C617E752-2BE5-4212-AB39-37EFBC76C9E2"}],"idsInOrderRow5":[{"id":"FB21180F-1B17-4E7F-BB71-C03D80275450"},{"id":"5CA8E3E3-085B-48EE-BA69-1E51651EDB71"}],"arrow_left":{"fromDetail":{"isSFSymbol":true,"output":{"arrow_keys":{"_0":"left_arrow"}},"display":"arrowtriangle.left.fill"},"toDetailCollection":{},"id":"9F22AE12-26B2-44A3-84F9-C3A256FE6D04","keyShape":"arrow_LR"},"arrow_up":{"toDetailCollection":{},"fromDetail":{"output":{"arrow_keys":{"_0":"up_arrow"}},"isSFSymbol":true,"display":"arrowtriangle.up.fill"},"id":"3A5D79D9-E964-4E8F-9546-478070EBE968","keyShape":"arrow_Up"},"arrow_right":{"fromDetail":{"display":"arrowtriangle.right.fill","isSFSymbol":true,"output":{"arrow_keys":{"_0":"right_arrow"}}},"id":"9A26C351-43E9-413D-BE50-F4C63B6A19C6","keyShape":"arrow_LR","toDetailCollection":{}},"row4":[],"row1":[{"toDetailCollection":{},"id":"9793D9D4-F764-4415-8DB8-D1634BADF3EE","fromDetail":{"output":{"function_keys":{"_0":"f15"}},"display":"F15"}},{"fromDetail":{"output":{"function_keys":{"_0":"f14"}},"display":"F14"},"toDetailCollection":{},"id":"6B6CAF1F-AB15-4AC7-83C1-5FA902E66223"},{"id":"F2AD50E1-EC8E-4F3B-B120-E65F73D92BC7","fromDetail":{"output":{"function_keys":{"_0":"f13"}},"display":"F13"},"toDetailCollection":{}}],"arrow_down":{"fromDetail":{"output":{"arrow_keys":{"_0":"down_arrow"}},"display":"arrowtriangle.down.fill","isSFSymbol":true},"keyShape":"arrow_Down","id":"3D3D7C18-57FD-4254-88FE-CC3344BBD125","toDetailCollection":{}},"row3":[{"id":"A93846F5-6767-4319-A6F5-75C58A264C6E","fromDetail":{"output":{"controls_and_symbols":{"_0":"delete_forward"}},"isSFSymbol":true,"display":"delete.right"},"toDetailCollection":{}},{"toDetailCollection":{},"id":"4EF062AD-D102-4211-B0BA-B784AF40EB2B","fromDetail":{"isSFSymbol":true,"display":"arrow.down","output":{"arrow_keys":{"_0":"page_down"}}}},{"id":"473E9604-8D0E-4DDD-9818-03B49501CBE3","fromDetail":{"display":"arrow.down.to.line","output":{"arrow_keys":{"_0":"end"}},"isSFSymbol":true},"toDetailCollection":{}}],"enableArrowKeys":false,"idsInOrderRow4":[],"idsInOrderRow3":[{"id":"A93846F5-6767-4319-A6F5-75C58A264C6E"},{"id":"473E9604-8D0E-4DDD-9818-03B49501CBE3"},{"id":"4EF062AD-D102-4211-B0BA-B784AF40EB2B"}],"rowIndex_arrow":{"row6":{}},"idsInOrderRow6":[{"id":"977F2887-4BE9-4153-873B-264E59877B4E"},{"id":"D9BB3232-85C8-4971-9798-D57C8FCD6DFD"},{"id":"B813ED50-F0A8-46CD-BD39-4DB16FCECECD"}],"row2":[{"id":"761F1017-4F06-4729-AE36-4F66B0AC177F","fromDetail":{"isSFSymbol":true,"output":{"keys_in_pc_keyboards":{"_0":"insert"}},"display":"text.insert"},"toDetailCollection":{}},{"id":"8371DBAB-76DD-4FF0-8560-B6C25A32DA5E","fromDetail":{"display":"arrow.up.to.line","output":{"arrow_keys":{"_0":"home"}},"isSFSymbol":true},"toDetailCollection":{}},{"toDetailCollection":{},"fromDetail":{"output":{"arrow_keys":{"_0":"page_up"}},"isSFSymbol":true,"display":"arrow.up"},"id":"C617E752-2BE5-4212-AB39-37EFBC76C9E2"}],"idsInOrderRow1":[{"id":"F2AD50E1-EC8E-4F3B-B120-E65F73D92BC7"},{"id":"6B6CAF1F-AB15-4AC7-83C1-5FA902E66223"},{"id":"9793D9D4-F764-4415-8DB8-D1634BADF3EE"}],"row5":[{"fromDetail":{"output":{"arrow_keys":{"_0":"up_arrow"}},"isSFSymbol":true,"display":"arrowtriangle.up.fill"},"toDetailCollection":{},"id":"5CA8E3E3-085B-48EE-BA69-1E51651EDB71"},{"fromDetail":{"output":{"letter_keys":{"_0":"a"}},"display":"A"},"id":"FB21180F-1B17-4E7F-BB71-C03D80275450","isSpacer":true,"toDetailCollection":{}}],"row6":[{"toDetailCollection":{},"id":"D9BB3232-85C8-4971-9798-D57C8FCD6DFD","fromDetail":{"display":"arrowtriangle.down.fill","isSFSymbol":true,"output":{"arrow_keys":{"_0":"down_arrow"}}}},{"id":"977F2887-4BE9-4153-873B-264E59877B4E","fromDetail":{"output":{"arrow_keys":{"_0":"left_arrow"}},"display":"arrowtriangle.left.fill","isSFSymbol":true},"toDetailCollection":{}},{"fromDetail":{"display":"arrowtriangle.right.fill","output":{"arrow_keys":{"_0":"right_arrow"}},"isSFSymbol":true},"toDetailCollection":{},"id":"B813ED50-F0A8-46CD-BD39-4DB16FCECECD"}]},"isEnableSub":false,"isEnableTenkey":false,"sectionDetail":{"section":{"main":{}},"deviceDetail":{"product_id":"product_id","device_name":"mainKeyboard","is_builtin_keyboard":false,"is_vendor_id_Enabled":false,"location_id":"location_id","is_location_id_Enabled":false,"is_product_id_Enabled":false,"vendor_id":"vendor_id"}},"tenkeyRows":{"arrow_right":{"id":"582D6AF8-7C6C-4739-99C4-55E91BC1753F","keyShape":"arrow_LR","toDetailCollection":{},"fromDetail":{"display":"arrowtriangle.right.fill","output":{"arrow_keys":{"_0":"right_arrow"}},"isSFSymbol":true}},"row2":[{"toDetailCollection":{},"id":"5E9ABB1D-2201-4506-9CAF-E08F3830111E","fromDetail":{"output":{"keypad_keys":{"_0":"keypad_slash"}},"display":"\/"}},{"id":"EA9FF419-4271-4654-BDD5-32B8D9BF53E7","fromDetail":{"output":{"others":{"_0":"clear"}},"display":"clear"},"toDetailCollection":{}},{"id":"AD9933C3-058D-4EDA-B5DC-DE259CA4D223","fromDetail":{"display":"=","output":{"keypad_keys":{"_0":"keypad_equal_sign"}}},"toDetailCollection":{}},{"id":"D1C2760E-36CD-4E28-ACF3-96BCAAD2157F","toDetailCollection":{},"fromDetail":{"output":{"keypad_keys":{"_0":"keypad_asterisk"}},"display":"*"}}],"rowIndex_arrow":{"row6":{}},"idsInOrderRow5":[{"id":"8C0700B5-F555-4138-B61A-AD8DAC3091C0"},{"id":"59D2D8E4-AE3E-4A98-9089-9F51EA8DEBE3"},{"id":"93DC549A-ECAB-41E0-9E04-AB5DC48BF48C"},{"id":"A0750665-CC52-4C99-86A0-2C269B018BA2"}],"row4":[{"id":"DA54ABD3-FE98-4297-B8A4-D4E07B1C7A4E","fromDetail":{"display":"5","output":{"keypad_keys":{"_0":"keypad_5"}}},"toDetailCollection":{}},{"fromDetail":{"output":{"keypad_keys":{"_0":"keypad_plus"}},"display":"+"},"id":"620BEE34-3D6E-4C15-B42D-6B8FF617D4F7","toDetailCollection":{}},{"id":"F4615A14-E375-424A-8082-890A1F3DD17E","toDetailCollection":{},"fromDetail":{"display":"4","output":{"keypad_keys":{"_0":"keypad_4"}}}},{"fromDetail":{"output":{"keypad_keys":{"_0":"keypad_6"}},"display":"6"},"toDetailCollection":{},"id":"C85EDBBB-5E91-4BC7-AB9C-4C75A22593A4"}],"row5":[{"fromDetail":{"output":{"keypad_keys":{"_0":"keypad_2"}},"display":"2"},"toDetailCollection":{},"id":"59D2D8E4-AE3E-4A98-9089-9F51EA8DEBE3"},{"toDetailCollection":{},"fromDetail":{"display":"3","output":{"keypad_keys":{"_0":"keypad_3"}}},"id":"93DC549A-ECAB-41E0-9E04-AB5DC48BF48C"},{"fromDetail":{"output":{"keypad_keys":{"_0":"keypad_1"}},"display":"1"},"id":"8C0700B5-F555-4138-B61A-AD8DAC3091C0","toDetailCollection":{}},{"fromDetail":{"output":{"keypad_keys":{"_0":"keypad_enter"}},"display":"projective","isSFSymbol":true},"id":"A0750665-CC52-4C99-86A0-2C269B018BA2","toDetailCollection":{},"keyShape":"enter_Tenkey"}],"arrow_up":{"keyShape":"arrow_Up","fromDetail":{"isSFSymbol":true,"output":{"arrow_keys":{"_0":"up_arrow"}},"display":"arrowtriangle.up.fill"},"toDetailCollection":{},"id":"BB8963CB-8339-42B4-AD7F-0791339BC7BE"},"idsInOrderRow6":[{"id":"87AFC37E-9EB2-4318-A4F0-61589D5BA9CA"},{"id":"D0409623-CD9E-4A7A-BBA5-B28AA61BB9EC"}],"idsInOrderRow3":[{"id":"20310D75-7EB1-4874-88E4-A6A6A2CD1DA0"},{"id":"FECEAE35-1B1A-4FEF-A0E7-7F7C925ACC83"},{"id":"4C7CB806-3E9F-494A-9756-585AD553161A"},{"id":"65922626-B9A2-45A0-850B-6B5A055281A5"}],"row6":[{"fromDetail":{"output":{"keypad_keys":{"_0":"keypad_period"}},"display":"."},"id":"D0409623-CD9E-4A7A-BBA5-B28AA61BB9EC","toDetailCollection":{}},{"id":"87AFC37E-9EB2-4318-A4F0-61589D5BA9CA","fromDetail":{"output":{"keypad_keys":{"_0":"keypad_0"}},"display":"0"},"toDetailCollection":{},"unitSize":2}],"idsInOrderRow4":[{"id":"F4615A14-E375-424A-8082-890A1F3DD17E"},{"id":"DA54ABD3-FE98-4297-B8A4-D4E07B1C7A4E"},{"id":"C85EDBBB-5E91-4BC7-AB9C-4C75A22593A4"},{"id":"620BEE34-3D6E-4C15-B42D-6B8FF617D4F7"}],"arrow_down":{"keyShape":"arrow_Down","fromDetail":{"display":"arrowtriangle.down.fill","output":{"arrow_keys":{"_0":"down_arrow"}},"isSFSymbol":true},"id":"3CF918D8-AE51-49D3-8677-DA42DB55AAC7","toDetailCollection":{}},"idsInOrderRow2":[{"id":"EA9FF419-4271-4654-BDD5-32B8D9BF53E7"},{"id":"AD9933C3-058D-4EDA-B5DC-DE259CA4D223"},{"id":"5E9ABB1D-2201-4506-9CAF-E08F3830111E"},{"id":"D1C2760E-36CD-4E28-ACF3-96BCAAD2157F"}],"enableArrowKeys":false,"idsInOrderRow1":[{"id":"2AA11C65-7DAF-419F-B1C7-8B2B79110274"},{"id":"E00D3729-3665-4FB4-A82A-91E54D83E182"},{"id":"691C5D63-D40C-4EF0-9909-7E3D0FA43D11"},{"id":"29747645-4BB4-4961-BF7C-BEFC5D66BB99"}],"row1":[{"id":"29747645-4BB4-4961-BF7C-BEFC5D66BB99","fromDetail":{"display":"F19","output":{"function_keys":{"_0":"f19"}}},"toDetailCollection":{}},{"toDetailCollection":{},"id":"E00D3729-3665-4FB4-A82A-91E54D83E182","fromDetail":{"display":"F17","output":{"function_keys":{"_0":"f17"}}}},{"fromDetail":{"display":"F18","output":{"function_keys":{"_0":"f18"}}},"id":"691C5D63-D40C-4EF0-9909-7E3D0FA43D11","toDetailCollection":{}},{"fromDetail":{"output":{"function_keys":{"_0":"f16"}},"display":"F16"},"id":"2AA11C65-7DAF-419F-B1C7-8B2B79110274","toDetailCollection":{}}],"row3":[{"id":"4C7CB806-3E9F-494A-9756-585AD553161A","fromDetail":{"display":"9","output":{"keypad_keys":{"_0":"keypad_9"}}},"toDetailCollection":{}},{"id":"65922626-B9A2-45A0-850B-6B5A055281A5","fromDetail":{"display":"-","output":{"keypad_keys":{"_0":"keypad_hyphen"}}},"toDetailCollection":{}},{"id":"20310D75-7EB1-4874-88E4-A6A6A2CD1DA0","fromDetail":{"output":{"keypad_keys":{"_0":"keypad_7"}},"display":"7"},"toDetailCollection":{}},{"id":"FECEAE35-1B1A-4FEF-A0E7-7F7C925ACC83","fromDetail":{"display":"8","output":{"keypad_keys":{"_0":"keypad_8"}}},"toDetailCollection":{}}],"arrow_left":{"id":"236402C2-8405-4197-8FAF-C64297F433C2","keyShape":"arrow_LR","fromDetail":{"display":"arrowtriangle.left.fill","output":{"arrow_keys":{"_0":"left_arrow"}},"isSFSymbol":true},"toDetailCollection":{}}},"isEnableMain":true},"keycodeRegion":"ANSI"},"comboCollection":{"condition3":{"layer4":{},"layer0":{},"layer8":{},"layer3":{},"layer6":{},"layer7":{},"layer2":{},"layer5":{},"layer1":{}},"condition7":{"layer4":{},"layer1":{},"layer3":{},"layer7":{},"layer8":{},"layer0":{},"layer6":{},"layer2":{},"layer5":{}},"condition9":{"layer4":{},"layer2":{},"layer1":{},"layer6":{},"layer5":{},"layer7":{},"layer8":{},"layer0":{},"layer3":{}},"condition4":{"layer4":{},"layer0":{},"layer2":{},"layer3":{},"layer7":{},"layer5":{},"layer6":{},"layer1":{},"layer8":{}},"condition0":{"layer6":{},"layer7":{},"layer1":{},"layer3":{},"layer8":{},"layer5":{},"layer2":{},"layer0":{},"layer4":{}},"condition2":{"layer2":{},"layer8":{},"layer1":{},"layer6":{},"layer3":{},"layer4":{},"layer5":{},"layer7":{},"layer0":{}},"condition6":{"layer0":{},"layer5":{},"layer3":{},"layer2":{},"layer6":{},"layer8":{},"layer4":{},"layer1":{},"layer7":{}},"condition8":{"layer5":{},"layer4":{},"layer8":{},"layer1":{},"layer2":{},"layer0":{},"layer6":{},"layer3":{},"layer7":{}},"condition1":{"layer2":{},"layer5":{},"layer8":{},"layer0":{},"layer6":{},"layer3":{},"layer4":{},"layer7":{},"layer1":{}},"condition5":{"layer3":{},"layer0":{},"layer5":{},"layer2":{},"layer7":{},"layer8":{},"layer1":{},"layer6":{},"layer4":{}}}}