{"conditionDetailCollection":{"condition1":{"value":"ja","isEnabled":false,"type":"InputSource","name":"Condition1"},"condition3":{"type":"Application","name":"Condition3","value":"com.vendor.condition3","isEnabled":false},"condition6":{"isEnabled":false,"value":"com.vendor.condition6","type":"Application","name":"Condition6"},"condition4":{"value":"com.vendor.condition4","type":"Application","name":"Condition4","isEnabled":false},"condition8":{"isEnabled":false,"name":"Condition8","value":"com.vendor.condition8","type":"Application"},"condition7":{"name":"Condition7","isEnabled":false,"type":"Application","value":"com.vendor.condition7"},"condition9":{"type":"Application","isEnabled":false,"name":"Condition9","value":"com.vendor.condition9"},"condition5":{"name":"Condition5","isEnabled":false,"type":"Application","value":"com.vendor.condition5"},"condition0":{"value":"com.vendor.condition0","isEnabled":true,"name":"Default","type":"Application"},"condition2":{"name":"Condition2","type":"Application","value":"com.vendor.condition2","isEnabled":false}},"selections":{"condition":"condition0","fromTab":{"qwertyKeyboard":{}},"customOrMacroTab":{"customizeKey":{}},"toTab":"qwertyKeyboard","layer":"layer0","toDetail_macro":{"error":false,"indicator":false,"id":"D2AADCA0-DD9D-4E00-8EA0-95A93996B034","withModifier":{},"outputAndDisplay":{"display":"none","output":{"letter_keys":{"_0":"a"}},"layerKey":"layer0"}},"macroTab":{"userMacro":{}},"combo":{"key_down_order":"insensitive","comboThreshold":50,"id":"AE934B3A-8DCA-4ED1-9EDB-2C661D573E37","toDetail":{},"key_up_order":"insensitive"},"macro":{"dictionary_key":null,"id":"D477A08C-AA25-4AFC-93F4-E01891F227DD","name":"user Macro","toDetailCollection":{"idsInOrderCollection":[],"_collection":[]}},"tab":{"remap":{}},"keyboardKey":{"toDetailCollection":{},"id":"C562CCCC-D99D-4CF4-874A-6356D7F0D29B","fromDetail":{"output":{"letter_keys":{"_0":"a"}},"display":"A"}}},"comboCollection":{"condition4":{"layer3":{},"layer1":{},"layer7":{},"layer6":{},"layer8":{},"layer4":{},"layer2":{},"layer0":{},"layer5":{}},"condition1":{"layer7":{},"layer0":{},"layer4":{},"layer1":{},"layer6":{},"layer5":{},"layer2":{},"layer8":{},"layer3":{}},"condition0":{"layer8":{},"layer4":{},"layer5":{},"layer6":{},"layer0":{},"layer3":{},"layer7":{},"layer2":{},"layer1":{}},"condition3":{"layer4":{},"layer5":{},"layer2":{},"layer3":{},"layer6":{},"layer8":{},"layer1":{},"layer0":{},"layer7":{}},"condition6":{"layer0":{},"layer4":{},"layer3":{},"layer6":{},"layer2":{},"layer5":{},"layer1":{},"layer7":{},"layer8":{}},"condition2":{"layer0":{},"layer4":{},"layer1":{},"layer8":{},"layer7":{},"layer6":{},"layer2":{},"layer3":{},"layer5":{}},"condition7":{"layer1":{},"layer0":{},"layer3":{},"layer6":{},"layer7":{},"layer5":{},"layer4":{},"layer2":{},"layer8":{}},"condition8":{"layer5":{},"layer2":{},"layer4":{},"layer0":{},"layer1":{},"layer3":{},"layer7":{},"layer8":{},"layer6":{}},"condition5":{"layer1":{},"layer5":{},"layer0":{},"layer4":{},"layer8":{},"layer7":{},"layer2":{},"layer3":{},"layer6":{}},"condition9":{"layer2":{},"layer8":{},"layer0":{},"layer3":{},"layer6":{},"layer7":{},"layer4":{},"layer5":{},"layer1":{}}},"name":"Eucalyn_US","macroCollection":{"idsInOrderCollection":[],"_collection":[]},"displayKeySize":65,"keymap":{"validSections":{"sections":[{"main":{}}]},"mouse":{"sectionDetail":{"section":{"mouse":{}},"deviceDetail":{"is_product_id_Enabled":false,"is_vendor_id_Enabled":false,"vendor_id":"vendor_id","is_builtin_keyboard":false,"device_name":"mouse","product_id":"product_id","location_id":"location_id","is_location_id_Enabled":false}},"tenkeyRows":{"idsInOrderRow6":[{"id":"A6260ED3-0C23-4207-B085-009D514E9495"}],"row4":[{"toDetailCollection":{},"fromDetail":{"display":"A","output":{"letter_keys":{"_0":"a"}}},"id":"12856D0A-9EF3-459C-A6EA-98BB80B535CF"}],"idsInOrderRow3":[{"id":"30B6BD2F-93C2-43C4-AA22-9F2C082261F6"}],"idsInOrderRow1":[{"id":"03DE9EFB-16F0-4649-A9FB-CC4B147D6DF6"}],"row5":[{"id":"4B010095-A05D-4761-B6AB-921DF89594C3","toDetailCollection":{},"fromDetail":{"display":"A","output":{"letter_keys":{"_0":"a"}}}}],"enableArrowKeys":false,"idsInOrderRow4":[{"id":"12856D0A-9EF3-459C-A6EA-98BB80B535CF"}],"arrow_left":{"id":"5FA7B111-E8AD-4733-916C-37CF70CB0C8E","toDetailCollection":{},"fromDetail":{"output":{"arrow_keys":{"_0":"left_arrow"}},"display":"arrowtriangle.left.fill","isSFSymbol":true},"keyShape":"arrow_LR"},"rowIndex_arrow":{"row6":{}},"row2":[{"toDetailCollection":{},"fromDetail":{"display":"A","output":{"letter_keys":{"_0":"a"}}},"id":"0598B89A-703F-4AE4-A418-D016EFA4DBB3"}],"row3":[{"toDetailCollection":{},"id":"30B6BD2F-93C2-43C4-AA22-9F2C082261F6","fromDetail":{"display":"A","output":{"letter_keys":{"_0":"a"}}}}],"idsInOrderRow5":[{"id":"4B010095-A05D-4761-B6AB-921DF89594C3"}],"idsInOrderRow2":[{"id":"0598B89A-703F-4AE4-A418-D016EFA4DBB3"}],"arrow_up":{"fromDetail":{"display":"arrowtriangle.up.fill","isSFSymbol":true,"output":{"arrow_keys":{"_0":"up_arrow"}}},"keyShape":"arrow_Up","toDetailCollection":{},"id":"F5C898E9-4187-4378-A1CC-16AD846B224D"},"row1":[{"toDetailCollection":{},"id":"03DE9EFB-16F0-4649-A9FB-CC4B147D6DF6","fromDetail":{"output":{"letter_keys":{"_0":"a"}},"display":"A"}}],"row6":[{"toDetailCollection":{},"fromDetail":{"display":"A","output":{"letter_keys":{"_0":"a"}}},"id":"A6260ED3-0C23-4207-B085-009D514E9495"}],"arrow_down":{"keyShape":"arrow_Down","toDetailCollection":{},"id":"5CB610C3-C166-4BCB-AAEF-81F5C52680A2","fromDetail":{"output":{"arrow_keys":{"_0":"down_arrow"}},"display":"arrowtriangle.down.fill","isSFSymbol":true}},"arrow_right":{"keyShape":"arrow_LR","id":"93CF613C-774C-4D6C-A47A-B45802107D9C","fromDetail":{"isSFSymbol":true,"output":{"arrow_keys":{"_0":"right_arrow"}},"display":"arrowtriangle.right.fill"},"toDetailCollection":{}}},"isEnableMain":true,"isEnableSub":false,"subRows":{"idsInOrderRow1":[{"id":"6DE371A5-743D-4ED1-BFB5-310A4B0F8F7A"}],"enableArrowKeys":false,"row4":[{"toDetailCollection":{},"id":"62F1FB44-3FD8-4CB8-9C92-A573A47F26F4","fromDetail":{"output":{"letter_keys":{"_0":"a"}},"display":"A"}}],"idsInOrderRow4":[{"id":"62F1FB44-3FD8-4CB8-9C92-A573A47F26F4"}],"idsInOrderRow2":[{"id":"AA920E6D-4482-4660-B17B-81040471BFB9"}],"arrow_right":{"fromDetail":{"isSFSymbol":true,"output":{"arrow_keys":{"_0":"right_arrow"}},"display":"arrowtriangle.right.fill"},"id":"B6A1287F-3EB8-44C9-8CEA-A3A4C40FAE75","toDetailCollection":{},"keyShape":"arrow_LR"},"idsInOrderRow5":[{"id":"BAD7BB37-9FF6-4FCA-A869-0954E77A81B2"}],"arrow_left":{"fromDetail":{"output":{"arrow_keys":{"_0":"left_arrow"}},"display":"arrowtriangle.left.fill","isSFSymbol":true},"toDetailCollection":{},"id":"3A98D666-2E25-4FDC-A8C4-7EC898090B5C","keyShape":"arrow_LR"},"row3":[{"id":"8FC848E1-DEFA-4A1A-A5DC-823E00DD673F","toDetailCollection":{},"fromDetail":{"output":{"letter_keys":{"_0":"a"}},"display":"A"}}],"row6":[{"id":"462D8F23-D3EB-4C25-80B5-3685BB53B56B","fromDetail":{"output":{"letter_keys":{"_0":"a"}},"display":"A"},"toDetailCollection":{}}],"idsInOrderRow6":[{"id":"462D8F23-D3EB-4C25-80B5-3685BB53B56B"}],"arrow_up":{"toDetailCollection":{},"keyShape":"arrow_Up","fromDetail":{"output":{"arrow_keys":{"_0":"up_arrow"}},"display":"arrowtriangle.up.fill","isSFSymbol":true},"id":"03588873-9480-4889-87EA-BE52D1014D4C"},"arrow_down":{"toDetailCollection":{},"fromDetail":{"isSFSymbol":true,"output":{"arrow_keys":{"_0":"down_arrow"}},"display":"arrowtriangle.down.fill"},"id":"710C52C6-FDF5-4E8E-8FC1-7BFFF51A140E","keyShape":"arrow_Down"},"row1":[{"fromDetail":{"output":{"letter_keys":{"_0":"a"}},"display":"A"},"toDetailCollection":{},"id":"6DE371A5-743D-4ED1-BFB5-310A4B0F8F7A"}],"row5":[{"id":"BAD7BB37-9FF6-4FCA-A869-0954E77A81B2","toDetailCollection":{},"fromDetail":{"output":{"letter_keys":{"_0":"a"}},"display":"A"}}],"rowIndex_arrow":{"row6":{}},"idsInOrderRow3":[{"id":"8FC848E1-DEFA-4A1A-A5DC-823E00DD673F"}],"row2":[{"id":"AA920E6D-4482-4660-B17B-81040471BFB9","toDetailCollection":{},"fromDetail":{"display":"A","output":{"letter_keys":{"_0":"a"}}}}]},"mainRows":{"idsInOrderRow5":[],"idsInOrderRow1":[{"id":"A5F5CE2F-7953-40B4-BA23-D4A86CF62632"},{"id":"5EE30402-FCF7-45A3-8644-444D4588B4AE"}],"idsInOrderRow4":[{"id":"C9218E82-0D13-4036-9687-34F56A9FBD02"}],"row4":[{"id":"C9218E82-0D13-4036-9687-34F56A9FBD02","toDetailCollection":{},"fromDetail":{"output":{"letter_keys":{"_0":"a"}},"display":"A"},"isSpacer":true}],"arrow_down":{"keyShape":"arrow_Down","toDetailCollection":{},"id":"23038BE6-A2D6-417D-96EA-7203E8A1EFCC","fromDetail":{"output":{"arrow_keys":{"_0":"down_arrow"}},"display":"arrowtriangle.down.fill","isSFSymbol":true}},"arrow_right":{"fromDetail":{"display":"arrowtriangle.right.fill","output":{"arrow_keys":{"_0":"right_arrow"}},"isSFSymbol":true},"id":"315D84C1-6F8B-42A9-B51C-882D53F8C2A9","keyShape":"arrow_LR","toDetailCollection":{}},"idsInOrderRow2":[{"id":"34C64FB6-F4B8-4839-8D35-C74749270621"},{"id":"8E524140-F134-4F85-99D8-563795281F03"}],"row2":[{"unitSize":0.5,"id":"34C64FB6-F4B8-4839-8D35-C74749270621","fromDetail":{"display":"A","output":{"letter_keys":{"_0":"a"}}},"toDetailCollection":{},"isSpacer":true},{"fromDetail":{"output":{"mouse_buttons":{"_0":"button3"}},"display":"M click"},"toDetailCollection":{},"id":"8E524140-F134-4F85-99D8-563795281F03"}],"row5":[],"arrow_left":{"id":"AED063D1-CE12-443D-A7B3-F9CBC98D47F0","fromDetail":{"display":"arrowtriangle.left.fill","isSFSymbol":true,"output":{"arrow_keys":{"_0":"left_arrow"}}},"keyShape":"arrow_LR","toDetailCollection":{}},"idsInOrderRow3":[{"id":"D8FE9255-EA30-435F-9A23-503D3C9C23C9"}],"idsInOrderRow6":[],"row3":[{"toDetailCollection":{},"fromDetail":{"output":{"letter_keys":{"_0":"a"}},"display":"A"},"isSpacer":true,"id":"D8FE9255-EA30-435F-9A23-503D3C9C23C9"}],"enableArrowKeys":false,"row6":[],"row1":[{"fromDetail":{"output":{"mouse_buttons":{"_0":"button1"}},"display":"L click"},"toDetailCollection":{},"id":"A5F5CE2F-7953-40B4-BA23-D4A86CF62632"},{"fromDetail":{"display":"R click","output":{"mouse_buttons":{"_0":"button2"}}},"toDetailCollection":{},"id":"5EE30402-FCF7-45A3-8644-444D4588B4AE"}],"rowIndex_arrow":{"row6":{}},"arrow_up":{"keyShape":"arrow_Up","toDetailCollection":{},"fromDetail":{"display":"arrowtriangle.up.fill","output":{"arrow_keys":{"_0":"up_arrow"}},"isSFSymbol":true},"id":"1B570D8B-918F-4D27-8182-D4078C26542B"}},"isEnableTenkey":false},"main":{"isEnableSub":false,"tenkeyRows":{"idsInOrderRow6":[{"id":"A42780F8-FE73-4C8D-B208-A99E13CCE50A"},{"id":"E2F67757-15F6-40B0-806A-0130F7B800DA"}],"row4":[{"id":"552E9A33-9F20-47EF-B93B-0D0810AFBC93","fromDetail":{"output":{"keypad_keys":{"_0":"keypad_plus"}},"display":"+"},"toDetailCollection":{}},{"id":"751609D9-39E1-4D08-B5C2-91869B3FA804","fromDetail":{"display":"6","output":{"keypad_keys":{"_0":"keypad_6"}}},"toDetailCollection":{}},{"toDetailCollection":{},"fromDetail":{"output":{"keypad_keys":{"_0":"keypad_4"}},"display":"4"},"id":"F1B44C2A-3515-43C2-B635-DB5B78CE9F7E"},{"toDetailCollection":{},"id":"91177A0C-C870-42DD-A696-BA13905D5916","fromDetail":{"display":"5","output":{"keypad_keys":{"_0":"keypad_5"}}}}],"arrow_left":{"id":"8FB3A103-7E02-4432-91B0-E81387B54168","keyShape":"arrow_LR","fromDetail":{"output":{"arrow_keys":{"_0":"left_arrow"}},"isSFSymbol":true,"display":"arrowtriangle.left.fill"},"toDetailCollection":{}},"row3":[{"fromDetail":{"output":{"keypad_keys":{"_0":"keypad_9"}},"display":"9"},"toDetailCollection":{},"id":"E8F10FFC-57EE-49DD-9D7B-FDBC8DF82D47"},{"id":"5DE2294E-E21D-4FFA-BB42-2829802C6B12","fromDetail":{"output":{"keypad_keys":{"_0":"keypad_hyphen"}},"display":"-"},"toDetailCollection":{}},{"id":"2B499A2D-2B42-4236-B28C-EB9194C8ECD1","fromDetail":{"display":"7","output":{"keypad_keys":{"_0":"keypad_7"}}},"toDetailCollection":{}},{"toDetailCollection":{},"fromDetail":{"output":{"keypad_keys":{"_0":"keypad_8"}},"display":"8"},"id":"C8D673F8-9B3B-40EE-BB76-16F558857BE3"}],"idsInOrderRow5":[{"id":"59C66F17-91ED-437C-9EF3-FEA5574EED1A"},{"id":"10EC28FA-4337-4B25-8CA7-4B3EF5C24C0F"},{"id":"58B4FBF4-50A8-4E2C-B35A-426DE64F2310"},{"id":"93D01CFF-839C-4F5C-9C3D-6F5C219C5BC3"}],"enableArrowKeys":false,"idsInOrderRow4":[{"id":"F1B44C2A-3515-43C2-B635-DB5B78CE9F7E"},{"id":"91177A0C-C870-42DD-A696-BA13905D5916"},{"id":"751609D9-39E1-4D08-B5C2-91869B3FA804"},{"id":"552E9A33-9F20-47EF-B93B-0D0810AFBC93"}],"arrow_up":{"keyShape":"arrow_Up","fromDetail":{"output":{"arrow_keys":{"_0":"up_arrow"}},"display":"arrowtriangle.up.fill","isSFSymbol":true},"id":"920BCB4E-BB4F-4F55-BAB4-CC7829D7C4AD","toDetailCollection":{}},"row2":[{"toDetailCollection":{},"id":"1F8E9083-ED13-4653-9D2E-025564C51421","fromDetail":{"display":"\/","output":{"keypad_keys":{"_0":"keypad_slash"}}}},{"id":"C9B7926A-270D-49C0-8783-3A352055618F","toDetailCollection":{},"fromDetail":{"output":{"others":{"_0":"clear"}},"display":"clear"}},{"toDetailCollection":{},"id":"5B79B9F8-3AF4-4BD3-AAD5-5550709AC253","fromDetail":{"display":"*","output":{"keypad_keys":{"_0":"keypad_asterisk"}}}},{"toDetailCollection":{},"id":"68A692D2-FDC0-4FDC-B2C1-AD5461FCCE49","fromDetail":{"output":{"keypad_keys":{"_0":"keypad_equal_sign"}},"display":"="}}],"idsInOrderRow2":[{"id":"C9B7926A-270D-49C0-8783-3A352055618F"},{"id":"68A692D2-FDC0-4FDC-B2C1-AD5461FCCE49"},{"id":"1F8E9083-ED13-4653-9D2E-025564C51421"},{"id":"5B79B9F8-3AF4-4BD3-AAD5-5550709AC253"}],"idsInOrderRow3":[{"id":"2B499A2D-2B42-4236-B28C-EB9194C8ECD1"},{"id":"C8D673F8-9B3B-40EE-BB76-16F558857BE3"},{"id":"E8F10FFC-57EE-49DD-9D7B-FDBC8DF82D47"},{"id":"5DE2294E-E21D-4FFA-BB42-2829802C6B12"}],"idsInOrderRow1":[{"id":"DB794940-4056-4E78-A5AF-6B329E412506"},{"id":"977E9713-795C-4079-80E1-764D406AFA01"},{"id":"4C72B363-4E16-4C84-8580-21299E967EA9"},{"id":"3A312583-9A86-413B-9B09-09C9E1C68C15"}],"arrow_down":{"fromDetail":{"display":"arrowtriangle.down.fill","isSFSymbol":true,"output":{"arrow_keys":{"_0":"down_arrow"}}},"toDetailCollection":{},"keyShape":"arrow_Down","id":"8ECD3A08-10D4-4958-B1FD-89BEBD8DEC38"},"row5":[{"keyShape":"enter_Tenkey","fromDetail":{"output":{"keypad_keys":{"_0":"keypad_enter"}},"display":"projective","isSFSymbol":true},"id":"93D01CFF-839C-4F5C-9C3D-6F5C219C5BC3","toDetailCollection":{}},{"id":"58B4FBF4-50A8-4E2C-B35A-426DE64F2310","toDetailCollection":{},"fromDetail":{"output":{"keypad_keys":{"_0":"keypad_3"}},"display":"3"}},{"toDetailCollection":{},"fromDetail":{"display":"2","output":{"keypad_keys":{"_0":"keypad_2"}}},"id":"10EC28FA-4337-4B25-8CA7-4B3EF5C24C0F"},{"id":"59C66F17-91ED-437C-9EF3-FEA5574EED1A","toDetailCollection":{},"fromDetail":{"display":"1","output":{"keypad_keys":{"_0":"keypad_1"}}}}],"rowIndex_arrow":{"row6":{}},"arrow_right":{"id":"62F284E3-8A2B-4E13-92BE-6D27C53EDB24","keyShape":"arrow_LR","toDetailCollection":{},"fromDetail":{"display":"arrowtriangle.right.fill","isSFSymbol":true,"output":{"arrow_keys":{"_0":"right_arrow"}}}},"row6":[{"id":"E2F67757-15F6-40B0-806A-0130F7B800DA","fromDetail":{"output":{"keypad_keys":{"_0":"keypad_period"}},"display":"."},"toDetailCollection":{}},{"unitSize":2,"fromDetail":{"output":{"keypad_keys":{"_0":"keypad_0"}},"display":"0"},"id":"A42780F8-FE73-4C8D-B208-A99E13CCE50A","toDetailCollection":{}}],"row1":[{"toDetailCollection":{},"id":"4C72B363-4E16-4C84-8580-21299E967EA9","fromDetail":{"display":"F18","output":{"function_keys":{"_0":"f18"}}}},{"fromDetail":{"output":{"function_keys":{"_0":"f19"}},"display":"F19"},"toDetailCollection":{},"id":"3A312583-9A86-413B-9B09-09C9E1C68C15"},{"toDetailCollection":{},"id":"977E9713-795C-4079-80E1-764D406AFA01","fromDetail":{"output":{"function_keys":{"_0":"f17"}},"display":"F17"}},{"toDetailCollection":{},"id":"DB794940-4056-4E78-A5AF-6B329E412506","fromDetail":{"display":"F16","output":{"function_keys":{"_0":"f16"}}}}]},"isEnableMain":true,"isEnableTenkey":false,"sectionDetail":{"section":{"main":{}},"deviceDetail":{"is_builtin_keyboard":false,"vendor_id":"vendor_id","product_id":"product_id","is_vendor_id_Enabled":false,"location_id":"location_id","is_product_id_Enabled":false,"is_location_id_Enabled":false,"device_name":"mainKeyboard"}},"mainRows":{"row4":[{"fromDetail":{"display":"S","output":{"letter_keys":{"_0":"s"}}},"id":"F9B93304-4211-4E6F-8C63-AA2E52920E10","toDetailCollection":{"condition0":{"layer0":{"isCustomized_tap":true,"withModifier_tap":{},"outputAndDisplay_tap":{"layerKey":"layer0","display":"O","output":{"letter_keys":{"_0":"o"}}}}}}},{"toDetailCollection":{},"fromDetail":{"output":{"controls_and_symbols":{"_0":"return_or_enter"}},"isSFSymbol":true,"display":"return"},"unitSize":1.75,"id":"EB223309-6037-4405-98D5-BB67A6FA6320"},{"toDetailCollection":{"condition0":{"layer0":{"isCustomized_tap":true,"withModifier_tap":{},"outputAndDisplay_tap":{"display":"E","output":{"letter_keys":{"_0":"e"}},"layerKey":"layer0"}}}},"fromDetail":{"display":"D","output":{"letter_keys":{"_0":"d"}}},"id":"570FC87F-C5DA-4A9A-9027-DB648B698885"},{"fromDetail":{"output":{"controls_and_symbols":{"_0":"semicolon"}},"display":";"},"toDetailCollection":{"condition0":{"layer0":{"withModifier_tap":{},"isCustomized_tap":true,"outputAndDisplay_tap":{"display":"N","output":{"letter_keys":{"_0":"n"}},"layerKey":"layer0"}}}},"id":"09FE3C8C-457F-4392-8173-BB092C188498"},{"id":"9767EE51-F240-411B-B25C-B4BF795B0495","toDetailCollection":{},"fromDetail":{"output":{"controls_and_symbols":{"_0":"single_quotation_or_colon"}},"display":"'"}},{"id":"FAB93561-1F37-4144-BB74-FAB90DA4F509","toDetailCollection":{},"fromDetail":{"display":"K","output":{"letter_keys":{"_0":"k"}}}},{"toDetailCollection":{"condition0":{"layer0":{"withModifier_tap":{},"outputAndDisplay_tap":{"output":{"letter_keys":{"_0":"u"}},"display":"U","layerKey":"layer0"},"isCustomized_tap":true}}},"id":"68AD2DA5-9F1B-4CBD-A17C-673D85ABD86F","fromDetail":{"output":{"letter_keys":{"_0":"g"}},"display":"G"}},{"unitSize":1.75,"fromDetail":{"output":{"modifier_keys":{"_0":"caps_lock"}},"isSFSymbol":true,"display":"capslock"},"id":"7F188E6A-A7A0-4DD9-829E-B6E6CA64B34B","toDetailCollection":{}},{"id":"5794ED37-B7CB-4D6D-9A16-1DD22DB18927","toDetailCollection":{"condition0":{"layer0":{"withModifier_tap":{},"outputAndDisplay_tap":{"output":{"letter_keys":{"_0":"i"}},"display":"I","layerKey":"layer0"},"isCustomized_tap":true}}},"fromDetail":{"output":{"letter_keys":{"_0":"f"}},"display":"F"}},{"fromDetail":{"display":"J","output":{"letter_keys":{"_0":"j"}}},"id":"A1C8ADBB-9C69-4142-B225-7331C98CC4AA","toDetailCollection":{"condition0":{"layer0":{"withModifier_tap":{},"isCustomized_tap":true,"outputAndDisplay_tap":{"output":{"letter_keys":{"_0":"t"}},"layerKey":"layer0","display":"T"}}}}},{"id":"EDF61AFE-89D9-41BC-BEC7-FF32135AB5D0","fromDetail":{"output":{"letter_keys":{"_0":"l"}},"display":"L"},"toDetailCollection":{"condition0":{"layer0":{"isCustomized_tap":true,"outputAndDisplay_tap":{"layerKey":"layer0","output":{"letter_keys":{"_0":"s"}},"display":"S"},"withModifier_tap":{}}}}},{"toDetailCollection":{},"fromDetail":{"output":{"letter_keys":{"_0":"a"}},"display":"A"},"id":"789FEC5F-9707-4CB0-BBF7-8E922A1E80D7"},{"id":"A50CBD6C-31AF-456E-8B27-D3ECAA40BFCC","toDetailCollection":{"condition0":{"layer0":{"outputAndDisplay_tap":{"output":{"letter_keys":{"_0":"g"}},"display":"G","layerKey":"layer0"},"isCustomized_tap":true,"withModifier_tap":{}}}},"fromDetail":{"output":{"letter_keys":{"_0":"h"}},"display":"H"}}],"row1":[{"id":"B8DC43EF-C0C5-4576-AB23-FADA4691489A","fromDetail":{"display":"F5","output":{"function_keys":{"_0":"f5"}}},"toDetailCollection":{}},{"toDetailCollection":{},"id":"B5A85AD7-CB9E-4793-8C43-F23F4A943D0A","fromDetail":{"display":"F6","output":{"function_keys":{"_0":"f6"}}}},{"fromDetail":{"display":"F9","output":{"function_keys":{"_0":"f9"}}},"toDetailCollection":{},"id":"2DED4C21-7799-4D5B-BA63-5823950E32AC"},{"fromDetail":{"output":{"function_keys":{"_0":"f1"}},"display":"F1"},"id":"F1EAE054-D4BF-4861-BC3D-9E36ABE318AC","toDetailCollection":{}},{"id":"53F877A1-C3C5-4ABB-B4AA-CAF0FB62B8E1","fromDetail":{"display":"F7","output":{"function_keys":{"_0":"f7"}}},"toDetailCollection":{}},{"fromDetail":{"output":{"function_keys":{"_0":"f12"}},"display":"F12"},"toDetailCollection":{},"id":"B89A4AC0-1A97-4641-BF29-C6534E7F8EDF"},{"fromDetail":{"display":"escape","isSFSymbol":true,"output":{"controls_and_symbols":{"_0":"escape"}}},"unitSize":1.5,"id":"7E7D3480-C79B-4790-BDC5-61CBA0A745CF","toDetailCollection":{}},{"fromDetail":{"output":{"function_keys":{"_0":"f4"}},"display":"F4"},"toDetailCollection":{},"id":"17BDE2C3-8749-459B-A7B3-C69ABB05FC80"},{"fromDetail":{"output":{"function_keys":{"_0":"f10"}},"display":"F10"},"toDetailCollection":{},"id":"ABB3A639-1B19-4D06-A86E-05584AFA5CA3"},{"fromDetail":{"output":{"function_keys":{"_0":"f8"}},"display":"F8"},"toDetailCollection":{},"id":"197CF476-7E36-4D84-AB62-99F8C932B661"},{"id":"D1C18B86-AA41-4DB1-90A7-DEEA062134F5","fromDetail":{"output":{"function_keys":{"_0":"f11"}},"display":"F11"},"toDetailCollection":{}},{"id":"C448EE97-05E1-4F02-9796-7928CAB9845C","toDetailCollection":{},"fromDetail":{"display":"F3","output":{"function_keys":{"_0":"f3"}}}},{"id":"F5CA56F7-6827-4FCB-BB8C-B31B5CCB4CD9","fromDetail":{"display":"F2","output":{"function_keys":{"_0":"f2"}}},"toDetailCollection":{}}],"arrow_up":{"keyShape":"arrow_Up","fromDetail":{"output":{"arrow_keys":{"_0":"up_arrow"}},"isSFSymbol":true,"display":"arrowtriangle.up.fill"},"toDetailCollection":{},"id":"5BA443EC-9DF5-48A0-82DD-1595FE87E206"},"arrow_left":{"toDetailCollection":{},"keyShape":"arrow_LR","fromDetail":{"display":"arrowtriangle.left.fill","isSFSymbol":true,"output":{"arrow_keys":{"_0":"left_arrow"}}},"id":"62785A1A-D924-46BC-92AF-6BBEF1A71898"},"arrow_right":{"id":"FCB42189-9349-483D-9A80-4AA94AE45174","keyShape":"arrow_LR","fromDetail":{"isSFSymbol":true,"output":{"arrow_keys":{"_0":"right_arrow"}},"display":"arrowtriangle.right.fill"},"toDetailCollection":{}},"rowIndex_arrow":{"row6":{}},"idsInOrderRow5":[{"id":"4746B2F3-CF1B-48D2-B869-761994DF6F73"},{"id":"F58439A5-77B8-4883-A358-2B88249E0063"},{"id":"9285D14D-DDB9-42C8-A904-E80A9940C06D"},{"id":"837F4613-0BA1-4244-A958-A1E50D1FA219"},{"id":"49C282E1-C591-4FDC-9444-902CA4C404D7"},{"id":"CF72751D-E22C-4D63-A1DF-85D6486C11FB"},{"id":"623CFCF5-1CEE-481F-8C8E-1E609E15B851"},{"id":"2D6B30A8-31FF-4C19-90D3-6CABDDD9064D"},{"id":"AEF72105-4562-4155-9634-90743942C1FD"},{"id":"814E0705-5F74-4551-9BF5-E735B9F7766A"},{"id":"20F17F20-2D92-4EAB-A497-FA755B6ECD3E"},{"id":"1FDBD7C6-003D-4947-A941-1A9DDA193FBC"}],"idsInOrderRow6":[{"id":"509CAB1A-038F-428D-A26B-F2421F8E4616"},{"id":"C200B909-E1FE-4FAA-A5B6-DF2C2D1E0436"},{"id":"6F1E5CE2-8F4F-4241-8332-DD63C15D7497"},{"id":"5DC53A4E-17CA-410F-8FD5-101792B86830"},{"id":"DC577AEC-9A69-458F-9138-E6F839C0E38D"},{"id":"5AD80B5D-3BBF-411C-A6A4-1E4EB2C4AC04"},{"id":"0D2E4184-4099-4F6C-8650-FBA63E0965ED"}],"idsInOrderRow4":[{"id":"7F188E6A-A7A0-4DD9-829E-B6E6CA64B34B"},{"id":"789FEC5F-9707-4CB0-BBF7-8E922A1E80D7"},{"id":"F9B93304-4211-4E6F-8C63-AA2E52920E10"},{"id":"570FC87F-C5DA-4A9A-9027-DB648B698885"},{"id":"5794ED37-B7CB-4D6D-9A16-1DD22DB18927"},{"id":"68AD2DA5-9F1B-4CBD-A17C-673D85ABD86F"},{"id":"A50CBD6C-31AF-456E-8B27-D3ECAA40BFCC"},{"id":"A1C8ADBB-9C69-4142-B225-7331C98CC4AA"},{"id":"FAB93561-1F37-4144-BB74-FAB90DA4F509"},{"id":"EDF61AFE-89D9-41BC-BEC7-FF32135AB5D0"},{"id":"09FE3C8C-457F-4392-8173-BB092C188498"},{"id":"9767EE51-F240-411B-B25C-B4BF795B0495"},{"id":"EB223309-6037-4405-98D5-BB67A6FA6320"}],"idsInOrderRow2":[{"id":"CA4FC116-4F4F-44C7-872F-3BBF829CA208"},{"id":"B652EB54-C639-46DF-8065-53FE2C000A6C"},{"id":"CF7510BC-F944-43D1-A788-6658D923DA30"},{"id":"C32AE23D-E0CB-4B26-9B5E-5FD9175271A1"},{"id":"180B2023-B5F3-4F82-ABAC-B05D89692250"},{"id":"7AA35AA1-2533-4F82-BB5E-8C78E8515AC1"},{"id":"24DD10A8-F048-4105-A1F1-64F2D7C1965B"},{"id":"7C32DD5E-CC14-4CA4-8E46-62B5BDB4879F"},{"id":"D5BC08CA-C1BC-4DA1-BD17-411E09B390A3"},{"id":"00C3B63A-D53B-41B3-9054-CBD6F5452054"},{"id":"0EE5BEA6-0D4F-4CB1-B7D5-55713F9D6A77"},{"id":"2DDA3C39-C9F3-4AC6-BF8D-71FB048CDC1F"},{"id":"937F8E9A-6AEB-4C3A-8E2C-7FA934E11ADD"},{"id":"B5FFB98A-4025-4622-85EA-638A5CB52D9A"}],"row6":[{"fromDetail":{"display":"control","isSFSymbol":true,"output":{"modifier_keys":{"_0":"left_control"}}},"toDetailCollection":{},"id":"C200B909-E1FE-4FAA-A5B6-DF2C2D1E0436"},{"id":"5DC53A4E-17CA-410F-8FD5-101792B86830","fromDetail":{"output":{"modifier_keys":{"_0":"left_command"}},"display":"command","isSFSymbol":true},"toDetailCollection":{},"unitSize":1.25},{"id":"DC577AEC-9A69-458F-9138-E6F839C0E38D","unitSize":5,"toDetailCollection":{},"fromDetail":{"output":{"controls_and_symbols":{"_0":"spacebar"}},"display":"␣"}},{"fromDetail":{"display":"command","isSFSymbol":true,"output":{"modifier_keys":{"_0":"right_command"}}},"id":"5AD80B5D-3BBF-411C-A6A4-1E4EB2C4AC04","unitSize":1.25,"toDetailCollection":{}},{"id":"509CAB1A-038F-428D-A26B-F2421F8E4616","toDetailCollection":{},"fromDetail":{"isSFSymbol":true,"display":"globe","output":{"modifier_keys":{"_0":"keyboard_fn"}}}},{"toDetailCollection":{},"fromDetail":{"isSFSymbol":true,"output":{"modifier_keys":{"_0":"left_option"}},"display":"option"},"id":"6F1E5CE2-8F4F-4241-8332-DD63C15D7497"},{"id":"0D2E4184-4099-4F6C-8650-FBA63E0965ED","toDetailCollection":{},"fromDetail":{"output":{"modifier_keys":{"_0":"right_option"}},"display":"option","isSFSymbol":true}}],"enableArrowKeys":true,"row3":[{"id":"3FCFC8B7-0F94-471C-A8A5-1B4F7CC245A5","fromDetail":{"display":"\\","output":{"controls_and_symbols":{"_0":"backslash_or_yen"}}},"toDetailCollection":{}},{"toDetailCollection":{},"id":"6ACC8AC3-143B-49B2-8143-58213D601F3D","fromDetail":{"display":"]","output":{"controls_and_symbols":{"_0":"close_square_bracket"}}}},{"id":"B85B0388-C825-4799-9366-7404FC88A549","toDetailCollection":{"condition0":{"layer0":{"withModifier_tap":{},"isCustomized_tap":true,"outputAndDisplay_tap":{"display":";","layerKey":"layer0","output":{"controls_and_symbols":{"_0":"semicolon"}}}}}},"fromDetail":{"display":"T","output":{"letter_keys":{"_0":"t"}}}},{"toDetailCollection":{},"id":"336137DF-0B70-4065-B87C-792B9FC3555A","fromDetail":{"output":{"letter_keys":{"_0":"w"}},"display":"W"}},{"unitSize":1.5,"id":"46E08F32-F9EE-483E-8999-9A4A012862CA","toDetailCollection":{},"fromDetail":{"display":"arrow.right.to.line","output":{"controls_and_symbols":{"_0":"tab"}},"isSFSymbol":true}},{"toDetailCollection":{},"id":"8C2A0C17-8CA7-4BDE-AC99-27ED07A169AD","fromDetail":{"display":"Q","output":{"letter_keys":{"_0":"q"}}}},{"fromDetail":{"display":"[","output":{"controls_and_symbols":{"_0":"open_square_bracket"}}},"id":"401D8961-C4CB-4CB4-90A1-78890AB5DD0A","toDetailCollection":{}},{"id":"A03BE6E2-D39D-42FA-A43D-8202324B3ED3","fromDetail":{"output":{"letter_keys":{"_0":"o"}},"display":"O"},"toDetailCollection":{"condition0":{"layer0":{"withModifier_tap":{},"isCustomized_tap":true,"outputAndDisplay_tap":{"display":"Y","layerKey":"layer0","output":{"letter_keys":{"_0":"y"}}}}}}},{"id":"820302B1-2BA6-49DA-99F8-6287A2957DBB","fromDetail":{"output":{"letter_keys":{"_0":"i"}},"display":"I"},"toDetailCollection":{"condition0":{"layer0":{"isCustomized_tap":true,"withModifier_tap":{},"outputAndDisplay_tap":{"display":"D","layerKey":"layer0","output":{"letter_keys":{"_0":"d"}}}}}}},{"toDetailCollection":{"condition0":{"layer0":{"withModifier_tap":{},"isCustomized_tap":true,"outputAndDisplay_tap":{"display":"P","layerKey":"layer0","output":{"letter_keys":{"_0":"p"}}}}}},"id":"D4905A99-1FCF-444C-B026-08737E92003E","fromDetail":{"display":"P","output":{"letter_keys":{"_0":"p"}}}},{"toDetailCollection":{"condition0":{"layer0":{"isCustomized_tap":true,"outputAndDisplay_tap":{"output":{"controls_and_symbols":{"_0":"comma"}},"layerKey":"layer0","display":","},"withModifier_tap":{}}}},"id":"9D5D8A97-2B10-486A-B11D-CEB84D1D4E9C","fromDetail":{"output":{"letter_keys":{"_0":"e"}},"display":"E"}},{"id":"086018C8-7425-4A6A-ADBB-28AE70B00432","toDetailCollection":{"condition0":{"layer0":{"outputAndDisplay_tap":{"layerKey":"layer0","display":"R","output":{"letter_keys":{"_0":"r"}}},"withModifier_tap":{},"isCustomized_tap":true}}},"fromDetail":{"display":"U","output":{"letter_keys":{"_0":"u"}}}},{"fromDetail":{"display":"R","output":{"letter_keys":{"_0":"r"}}},"toDetailCollection":{"condition0":{"layer0":{"isCustomized_tap":true,"withModifier_tap":{},"outputAndDisplay_tap":{"output":{"controls_and_symbols":{"_0":"period"}},"display":".","layerKey":"layer0"}}}},"id":"83453736-6355-4B84-A79C-79B041B2025B"},{"id":"874674AE-B6BF-44A2-A8E6-AA27DF4B8064","fromDetail":{"output":{"letter_keys":{"_0":"y"}},"display":"Y"},"toDetailCollection":{"condition0":{"layer0":{"isCustomized_tap":true,"outputAndDisplay_tap":{"display":"M","output":{"letter_keys":{"_0":"m"}},"layerKey":"layer0"},"withModifier_tap":{}}}}}],"idsInOrderRow3":[{"id":"46E08F32-F9EE-483E-8999-9A4A012862CA"},{"id":"8C2A0C17-8CA7-4BDE-AC99-27ED07A169AD"},{"id":"336137DF-0B70-4065-B87C-792B9FC3555A"},{"id":"9D5D8A97-2B10-486A-B11D-CEB84D1D4E9C"},{"id":"83453736-6355-4B84-A79C-79B041B2025B"},{"id":"B85B0388-C825-4799-9366-7404FC88A549"},{"id":"874674AE-B6BF-44A2-A8E6-AA27DF4B8064"},{"id":"086018C8-7425-4A6A-ADBB-28AE70B00432"},{"id":"820302B1-2BA6-49DA-99F8-6287A2957DBB"},{"id":"A03BE6E2-D39D-42FA-A43D-8202324B3ED3"},{"id":"D4905A99-1FCF-444C-B026-08737E92003E"},{"id":"401D8961-C4CB-4CB4-90A1-78890AB5DD0A"},{"id":"6ACC8AC3-143B-49B2-8143-58213D601F3D"},{"id":"3FCFC8B7-0F94-471C-A8A5-1B4F7CC245A5"}],"arrow_down":{"fromDetail":{"display":"arrowtriangle.down.fill","isSFSymbol":true,"output":{"arrow_keys":{"_0":"down_arrow"}}},"id":"AC32B274-14F6-4E50-AA5D-78CFBA113F14","keyShape":"arrow_Down","toDetailCollection":{}},"row5":[{"id":"2D6B30A8-31FF-4C19-90D3-6CABDDD9064D","fromDetail":{"output":{"letter_keys":{"_0":"m"}},"display":"M"},"toDetailCollection":{"condition0":{"layer0":{"withModifier_tap":{},"isCustomized_tap":true,"outputAndDisplay_tap":{"layerKey":"layer0","output":{"letter_keys":{"_0":"h"}},"display":"H"}}}}},{"id":"623CFCF5-1CEE-481F-8C8E-1E609E15B851","toDetailCollection":{"condition0":{"layer0":{"outputAndDisplay_tap":{"output":{"letter_keys":{"_0":"b"}},"display":"B","layerKey":"layer0"},"withModifier_tap":{},"isCustomized_tap":true}}},"fromDetail":{"display":"N","output":{"letter_keys":{"_0":"n"}}}},{"fromDetail":{"output":{"letter_keys":{"_0":"b"}},"display":"B"},"id":"CF72751D-E22C-4D63-A1DF-85D6486C11FB","toDetailCollection":{"condition0":{"layer0":{"isCustomized_tap":true,"outputAndDisplay_tap":{"layerKey":"layer0","display":"F","output":{"letter_keys":{"_0":"f"}}},"withModifier_tap":{}}}}},{"fromDetail":{"display":",","output":{"controls_and_symbols":{"_0":"comma"}}},"id":"AEF72105-4562-4155-9634-90743942C1FD","toDetailCollection":{"condition0":{"layer0":{"outputAndDisplay_tap":{"layerKey":"layer0","output":{"letter_keys":{"_0":"j"}},"display":"J"},"withModifier_tap":{},"isCustomized_tap":true}}}},{"id":"4746B2F3-CF1B-48D2-B869-761994DF6F73","toDetailCollection":{},"unitSize":2.25,"fromDetail":{"display":"shift","isSFSymbol":true,"output":{"modifier_keys":{"_0":"left_shift"}}}},{"fromDetail":{"output":{"controls_and_symbols":{"_0":"slash"}},"display":"\/"},"toDetailCollection":{},"id":"20F17F20-2D92-4EAB-A497-FA755B6ECD3E"},{"id":"9285D14D-DDB9-42C8-A904-E80A9940C06D","fromDetail":{"display":"X","output":{"letter_keys":{"_0":"x"}}},"toDetailCollection":{}},{"toDetailCollection":{},"fromDetail":{"output":{"letter_keys":{"_0":"z"}},"display":"Z"},"id":"F58439A5-77B8-4883-A358-2B88249E0063"},{"id":"1FDBD7C6-003D-4947-A941-1A9DDA193FBC","unitSize":2.25,"fromDetail":{"isSFSymbol":true,"display":"shift","output":{"modifier_keys":{"_0":"right_shift"}}},"toDetailCollection":{}},{"id":"814E0705-5F74-4551-9BF5-E735B9F7766A","fromDetail":{"output":{"controls_and_symbols":{"_0":"period"}},"display":"."},"toDetailCollection":{"condition0":{"layer0":{"withModifier_tap":{},"outputAndDisplay_tap":{"display":"L","layerKey":"layer0","output":{"letter_keys":{"_0":"l"}}},"isCustomized_tap":true}}}},{"toDetailCollection":{},"id":"49C282E1-C591-4FDC-9444-902CA4C404D7","fromDetail":{"display":"V","output":{"letter_keys":{"_0":"v"}}}},{"toDetailCollection":{},"fromDetail":{"display":"C","output":{"letter_keys":{"_0":"c"}}},"id":"837F4613-0BA1-4244-A958-A1E50D1FA219"}],"idsInOrderRow1":[{"id":"7E7D3480-C79B-4790-BDC5-61CBA0A745CF"},{"id":"F1EAE054-D4BF-4861-BC3D-9E36ABE318AC"},{"id":"F5CA56F7-6827-4FCB-BB8C-B31B5CCB4CD9"},{"id":"C448EE97-05E1-4F02-9796-7928CAB9845C"},{"id":"17BDE2C3-8749-459B-A7B3-C69ABB05FC80"},{"id":"B8DC43EF-C0C5-4576-AB23-FADA4691489A"},{"id":"B5A85AD7-CB9E-4793-8C43-F23F4A943D0A"},{"id":"53F877A1-C3C5-4ABB-B4AA-CAF0FB62B8E1"},{"id":"197CF476-7E36-4D84-AB62-99F8C932B661"},{"id":"2DED4C21-7799-4D5B-BA63-5823950E32AC"},{"id":"ABB3A639-1B19-4D06-A86E-05584AFA5CA3"},{"id":"D1C18B86-AA41-4DB1-90A7-DEEA062134F5"},{"id":"B89A4AC0-1A97-4641-BF29-C6534E7F8EDF"}],"row2":[{"fromDetail":{"output":{"number_keys":{"_0":"seven"}},"display":"7"},"toDetailCollection":{},"id":"7C32DD5E-CC14-4CA4-8E46-62B5BDB4879F"},{"fromDetail":{"isSFSymbol":true,"output":{"controls_and_symbols":{"_0":"delete_or_backspace"}},"display":"delete.left"},"id":"B5FFB98A-4025-4622-85EA-638A5CB52D9A","toDetailCollection":{},"unitSize":1.5},{"toDetailCollection":{},"id":"CA4FC116-4F4F-44C7-872F-3BBF829CA208","fromDetail":{"display":"`","output":{"controls_and_symbols":{"_0":"grave_accent"}}}},{"id":"7AA35AA1-2533-4F82-BB5E-8C78E8515AC1","toDetailCollection":{},"fromDetail":{"display":"5","output":{"number_keys":{"_0":"five"}}}},{"fromDetail":{"output":{"number_keys":{"_0":"eight"}},"display":"8"},"toDetailCollection":{},"id":"D5BC08CA-C1BC-4DA1-BD17-411E09B390A3"},{"fromDetail":{"output":{"number_keys":{"_0":"nine"}},"display":"9"},"id":"00C3B63A-D53B-41B3-9054-CBD6F5452054","toDetailCollection":{}},{"fromDetail":{"display":"1","output":{"number_keys":{"_0":"one"}}},"toDetailCollection":{},"id":"B652EB54-C639-46DF-8065-53FE2C000A6C"},{"fromDetail":{"output":{"controls_and_symbols":{"_0":"hyphen"}},"display":"-"},"toDetailCollection":{},"id":"2DDA3C39-C9F3-4AC6-BF8D-71FB048CDC1F"},{"fromDetail":{"output":{"controls_and_symbols":{"_0":"equal_sign_or_caret"}},"display":"="},"id":"937F8E9A-6AEB-4C3A-8E2C-7FA934E11ADD","toDetailCollection":{}},{"id":"0EE5BEA6-0D4F-4CB1-B7D5-55713F9D6A77","fromDetail":{"output":{"number_keys":{"_0":"zero"}},"display":"0"},"toDetailCollection":{}},{"toDetailCollection":{},"fromDetail":{"output":{"number_keys":{"_0":"two"}},"display":"2"},"id":"CF7510BC-F944-43D1-A788-6658D923DA30"},{"toDetailCollection":{},"id":"180B2023-B5F3-4F82-ABAC-B05D89692250","fromDetail":{"display":"4","output":{"number_keys":{"_0":"four"}}}},{"id":"C32AE23D-E0CB-4B26-9B5E-5FD9175271A1","toDetailCollection":{},"fromDetail":{"display":"3","output":{"number_keys":{"_0":"three"}}}},{"toDetailCollection":{},"id":"24DD10A8-F048-4105-A1F1-64F2D7C1965B","fromDetail":{"output":{"number_keys":{"_0":"six"}},"display":"6"}}]},"subRows":{"arrow_down":{"keyShape":"arrow_Down","id":"E5E217FC-1276-478F-B46E-E1D0DC44B185","toDetailCollection":{},"fromDetail":{"display":"arrowtriangle.down.fill","isSFSymbol":true,"output":{"arrow_keys":{"_0":"down_arrow"}}}},"idsInOrderRow5":[{"id":"2A39571F-97AA-4E3D-A9E3-26AD66A47047"},{"id":"B2EDCEA7-9BDD-4FA9-B490-27D768EFBA1C"}],"arrow_up":{"toDetailCollection":{},"fromDetail":{"isSFSymbol":true,"display":"arrowtriangle.up.fill","output":{"arrow_keys":{"_0":"up_arrow"}}},"id":"44BE0246-84BC-4840-8D52-C277E3104A3C","keyShape":"arrow_Up"},"row6":[{"fromDetail":{"display":"arrowtriangle.right.fill","isSFSymbol":true,"output":{"arrow_keys":{"_0":"right_arrow"}}},"id":"E268F171-7C69-4527-A5FE-4B7BE4060381","toDetailCollection":{}},{"id":"0CE693A7-9CA9-4A0D-B562-D9A9371B8736","fromDetail":{"display":"arrowtriangle.down.fill","isSFSymbol":true,"output":{"arrow_keys":{"_0":"down_arrow"}}},"toDetailCollection":{}},{"fromDetail":{"display":"arrowtriangle.left.fill","isSFSymbol":true,"output":{"arrow_keys":{"_0":"left_arrow"}}},"toDetailCollection":{},"id":"E2275F84-5A8E-4397-8D45-2335DD9CB6CF"}],"arrow_left":{"fromDetail":{"output":{"arrow_keys":{"_0":"left_arrow"}},"isSFSymbol":true,"display":"arrowtriangle.left.fill"},"toDetailCollection":{},"id":"C9F9E204-0848-4834-89E6-9A4BB7669BF6","keyShape":"arrow_LR"},"arrow_right":{"id":"743860E5-18C8-45D0-B053-72088D8807DF","fromDetail":{"output":{"arrow_keys":{"_0":"right_arrow"}},"display":"arrowtriangle.right.fill","isSFSymbol":true},"toDetailCollection":{},"keyShape":"arrow_LR"},"enableArrowKeys":false,"row5":[{"id":"B2EDCEA7-9BDD-4FA9-B490-27D768EFBA1C","toDetailCollection":{},"fromDetail":{"output":{"arrow_keys":{"_0":"up_arrow"}},"display":"arrowtriangle.up.fill","isSFSymbol":true}},{"id":"2A39571F-97AA-4E3D-A9E3-26AD66A47047","toDetailCollection":{},"isSpacer":true,"fromDetail":{"output":{"letter_keys":{"_0":"a"}},"display":"A"}}],"idsInOrderRow6":[{"id":"E2275F84-5A8E-4397-8D45-2335DD9CB6CF"},{"id":"0CE693A7-9CA9-4A0D-B562-D9A9371B8736"},{"id":"E268F171-7C69-4527-A5FE-4B7BE4060381"}],"idsInOrderRow1":[{"id":"F3EDE633-4CA5-431E-8964-E8035CDED7DC"},{"id":"A12C7C95-1762-4DCC-9486-3637872ED9DF"},{"id":"B39B807A-F6F1-4BB6-AFE6-F6AFEBF6EEE9"}],"idsInOrderRow2":[{"id":"AB794A58-3985-4F7D-8D5E-35C9103E1977"},{"id":"CABBBF1B-148B-4A85-9058-9D837D97D6C6"},{"id":"6900BC63-2855-4612-824C-522E4C345D2A"}],"rowIndex_arrow":{"row6":{}},"idsInOrderRow4":[],"row3":[{"fromDetail":{"output":{"arrow_keys":{"_0":"end"}},"display":"arrow.down.to.line","isSFSymbol":true},"toDetailCollection":{},"id":"808DD19A-4C51-4323-AA91-0525BB73396C"},{"id":"8242E403-7729-46FF-B7F3-21B2C2D267E3","fromDetail":{"isSFSymbol":true,"output":{"arrow_keys":{"_0":"page_down"}},"display":"arrow.down"},"toDetailCollection":{}},{"toDetailCollection":{},"id":"E22912FC-21CF-4171-AF2B-8C40CB711275","fromDetail":{"output":{"controls_and_symbols":{"_0":"delete_forward"}},"display":"delete.right","isSFSymbol":true}}],"row1":[{"toDetailCollection":{},"id":"A12C7C95-1762-4DCC-9486-3637872ED9DF","fromDetail":{"display":"F14","output":{"function_keys":{"_0":"f14"}}}},{"id":"B39B807A-F6F1-4BB6-AFE6-F6AFEBF6EEE9","toDetailCollection":{},"fromDetail":{"output":{"function_keys":{"_0":"f15"}},"display":"F15"}},{"fromDetail":{"display":"F13","output":{"function_keys":{"_0":"f13"}}},"toDetailCollection":{},"id":"F3EDE633-4CA5-431E-8964-E8035CDED7DC"}],"row2":[{"fromDetail":{"output":{"arrow_keys":{"_0":"page_up"}},"isSFSymbol":true,"display":"arrow.up"},"toDetailCollection":{},"id":"6900BC63-2855-4612-824C-522E4C345D2A"},{"fromDetail":{"isSFSymbol":true,"output":{"keys_in_pc_keyboards":{"_0":"insert"}},"display":"text.insert"},"toDetailCollection":{},"id":"AB794A58-3985-4F7D-8D5E-35C9103E1977"},{"fromDetail":{"isSFSymbol":true,"display":"arrow.up.to.line","output":{"arrow_keys":{"_0":"home"}}},"id":"CABBBF1B-148B-4A85-9058-9D837D97D6C6","toDetailCollection":{}}],"row4":[],"idsInOrderRow3":[{"id":"E22912FC-21CF-4171-AF2B-8C40CB711275"},{"id":"808DD19A-4C51-4323-AA91-0525BB73396C"},{"id":"8242E403-7729-46FF-B7F3-21B2C2D267E3"}]}},"keycodeRegion":"ANSI","other":{"isEnableMain":true,"sectionDetail":{"section":{"other":{}},"deviceDetail":{"product_id":"product_id","is_builtin_keyboard":false,"is_vendor_id_Enabled":false,"device_name":"otherDevice","location_id":"location_id","is_product_id_Enabled":false,"vendor_id":"vendor_id","is_location_id_Enabled":false}},"subRows":{"arrow_left":{"fromDetail":{"isSFSymbol":true,"output":{"arrow_keys":{"_0":"left_arrow"}},"display":"arrowtriangle.left.fill"},"toDetailCollection":{},"id":"CD5B46B8-F0DF-4A2E-8EA7-57BD2E704F20","keyShape":"arrow_LR"},"row6":[{"toDetailCollection":{},"fromDetail":{"isSFSymbol":true,"display":"arrowtriangle.down.fill","output":{"arrow_keys":{"_0":"down_arrow"}}},"id":"4BB1BCE6-DFFE-4E12-92BF-63B9CE6D9EFB"},{"toDetailCollection":{},"id":"0EF486CB-8ADE-4F56-BEC6-4E47C8317C24","fromDetail":{"output":{"arrow_keys":{"_0":"left_arrow"}},"display":"arrowtriangle.left.fill","isSFSymbol":true}},{"id":"9DC0D440-9891-45DB-A886-977446AA8B7C","fromDetail":{"isSFSymbol":true,"display":"arrowtriangle.right.fill","output":{"arrow_keys":{"_0":"right_arrow"}}},"toDetailCollection":{}}],"idsInOrderRow1":[{"id":"2116B333-C211-450D-ABC7-40CA3BB859C6"},{"id":"6E02A6FA-CEEC-4690-B168-933ECB72F04B"},{"id":"9351636B-3721-4EB3-968F-BC79C1E6851B"}],"row3":[{"fromDetail":{"output":{"arrow_keys":{"_0":"page_down"}},"display":"arrow.down","isSFSymbol":true},"toDetailCollection":{},"id":"80C1B09C-6A72-4EFF-A81F-69417935FE91"},{"id":"C8DB0602-3A78-432E-8E38-CF182FDFA5CD","fromDetail":{"isSFSymbol":true,"display":"arrow.down.to.line","output":{"arrow_keys":{"_0":"end"}}},"toDetailCollection":{}},{"id":"0D1CE2A1-8F99-4917-8FA5-6283E9EFF4F3","fromDetail":{"output":{"controls_and_symbols":{"_0":"delete_forward"}},"isSFSymbol":true,"display":"delete.right"},"toDetailCollection":{}}],"row2":[{"fromDetail":{"output":{"arrow_keys":{"_0":"page_up"}},"display":"arrow.up","isSFSymbol":true},"id":"911B0530-A939-4566-96F5-B0704CD3A85B","toDetailCollection":{}},{"id":"0BF14D12-5599-4E71-A042-7F7850F524CE","toDetailCollection":{},"fromDetail":{"display":"arrow.up.to.line","output":{"arrow_keys":{"_0":"home"}},"isSFSymbol":true}},{"id":"3FB3B6D9-581A-4983-A736-2840F394B6E6","fromDetail":{"output":{"keys_in_pc_keyboards":{"_0":"insert"}},"display":"text.insert","isSFSymbol":true},"toDetailCollection":{}}],"idsInOrderRow4":[],"row1":[{"toDetailCollection":{},"id":"6E02A6FA-CEEC-4690-B168-933ECB72F04B","fromDetail":{"display":"F14","output":{"function_keys":{"_0":"f14"}}}},{"fromDetail":{"output":{"function_keys":{"_0":"f15"}},"display":"F15"},"toDetailCollection":{},"id":"9351636B-3721-4EB3-968F-BC79C1E6851B"},{"id":"2116B333-C211-450D-ABC7-40CA3BB859C6","fromDetail":{"output":{"function_keys":{"_0":"f13"}},"display":"F13"},"toDetailCollection":{}}],"arrow_up":{"keyShape":"arrow_Up","id":"C903DBF9-5875-42F8-9654-4DEF106BF2B4","toDetailCollection":{},"fromDetail":{"display":"arrowtriangle.up.fill","output":{"arrow_keys":{"_0":"up_arrow"}},"isSFSymbol":true}},"enableArrowKeys":false,"idsInOrderRow3":[{"id":"0D1CE2A1-8F99-4917-8FA5-6283E9EFF4F3"},{"id":"C8DB0602-3A78-432E-8E38-CF182FDFA5CD"},{"id":"80C1B09C-6A72-4EFF-A81F-69417935FE91"}],"idsInOrderRow5":[{"id":"571E342C-D1E8-47B1-8BD1-0CC1433B7083"},{"id":"A24A6108-A6B0-4151-8C2D-749CCFE1F08D"}],"idsInOrderRow6":[{"id":"0EF486CB-8ADE-4F56-BEC6-4E47C8317C24"},{"id":"4BB1BCE6-DFFE-4E12-92BF-63B9CE6D9EFB"},{"id":"9DC0D440-9891-45DB-A886-977446AA8B7C"}],"idsInOrderRow2":[{"id":"3FB3B6D9-581A-4983-A736-2840F394B6E6"},{"id":"0BF14D12-5599-4E71-A042-7F7850F524CE"},{"id":"911B0530-A939-4566-96F5-B0704CD3A85B"}],"arrow_right":{"id":"A495A665-E15A-451D-BA40-C365F3A44D53","fromDetail":{"output":{"arrow_keys":{"_0":"right_arrow"}},"display":"arrowtriangle.right.fill","isSFSymbol":true},"toDetailCollection":{},"keyShape":"arrow_LR"},"row5":[{"toDetailCollection":{},"id":"A24A6108-A6B0-4151-8C2D-749CCFE1F08D","fromDetail":{"output":{"arrow_keys":{"_0":"up_arrow"}},"display":"arrowtriangle.up.fill","isSFSymbol":true}},{"isSpacer":true,"id":"571E342C-D1E8-47B1-8BD1-0CC1433B7083","fromDetail":{"output":{"letter_keys":{"_0":"a"}},"display":"A"},"toDetailCollection":{}}],"arrow_down":{"keyShape":"arrow_Down","id":"00B62A20-F810-478E-AFB5-CE3907704062","toDetailCollection":{},"fromDetail":{"display":"arrowtriangle.down.fill","output":{"arrow_keys":{"_0":"down_arrow"}},"isSFSymbol":true}},"rowIndex_arrow":{"row6":{}},"row4":[]},"mainRows":{"idsInOrderRow3":[{"id":"32C22CFF-D2FA-4C7B-BFDF-22624A8EDEEA"},{"id":"B7DBED2A-B104-4830-B2D2-14F26A05FDB2"},{"id":"9ED81872-B4C1-4F8A-9B87-D3D8CDC976B5"},{"id":"D92F998A-2A28-4202-8847-40241BA89199"}],"row6":[{"id":"8D993AAE-1A80-44DD-9352-495FCFCBEE77","unitSize":2,"fromDetail":{"output":{"keypad_keys":{"_0":"keypad_0"}},"display":"0"},"toDetailCollection":{}},{"fromDetail":{"output":{"keypad_keys":{"_0":"keypad_period"}},"display":"."},"id":"513D1592-998B-4A9C-AF8F-4990C9AFCB5C","toDetailCollection":{}}],"idsInOrderRow6":[{"id":"8D993AAE-1A80-44DD-9352-495FCFCBEE77"},{"id":"513D1592-998B-4A9C-AF8F-4990C9AFCB5C"}],"arrow_right":{"toDetailCollection":{},"id":"6BE578D8-C78F-44B1-802D-6D7E973E74F2","fromDetail":{"display":"arrowtriangle.right.fill","isSFSymbol":true,"output":{"arrow_keys":{"_0":"right_arrow"}}},"keyShape":"arrow_LR"},"row5":[{"id":"4021283C-3CD1-41C1-B7B4-C55E4FC401F0","fromDetail":{"output":{"keypad_keys":{"_0":"keypad_3"}},"display":"3"},"toDetailCollection":{}},{"toDetailCollection":{},"keyShape":"enter_Tenkey","fromDetail":{"isSFSymbol":true,"output":{"keypad_keys":{"_0":"keypad_enter"}},"display":"projective"},"id":"3E3AEA59-0629-4F80-9016-9C664E289EA1"},{"id":"5F248AF1-5C02-4BA3-87D7-E8DEE572C8CB","toDetailCollection":{},"fromDetail":{"display":"2","output":{"keypad_keys":{"_0":"keypad_2"}}}},{"id":"F9B616E3-2122-4696-8EAC-23C256D5BCED","toDetailCollection":{},"fromDetail":{"display":"1","output":{"keypad_keys":{"_0":"keypad_1"}}}}],"idsInOrderRow1":[{"id":"45A75F83-F2FB-4F6C-9344-F60E9C787A5E"},{"id":"4148AC0F-ED05-460C-A1FA-2F31D9A50B62"},{"id":"DB6C6B27-AC01-4989-B3DC-4137A06C5B05"},{"id":"5ECBE73A-45D1-4A7A-9A61-D4A207B5D6EF"}],"row2":[{"id":"A2F88FA5-C15F-4ACC-AA78-43790737A277","fromDetail":{"output":{"keypad_keys":{"_0":"keypad_asterisk"}},"display":"*"},"toDetailCollection":{}},{"id":"70F7EC1D-CF02-4257-80DE-52ABDA159199","fromDetail":{"output":{"others":{"_0":"clear"}},"display":"clear"},"toDetailCollection":{}},{"id":"872A7B27-B5BD-4B29-A176-C3EE327DB12A","toDetailCollection":{},"fromDetail":{"output":{"keypad_keys":{"_0":"keypad_equal_sign"}},"display":"="}},{"fromDetail":{"output":{"keypad_keys":{"_0":"keypad_slash"}},"display":"\/"},"id":"997D20D8-A393-4CD6-8403-46CFB56E8A87","toDetailCollection":{}}],"idsInOrderRow5":[{"id":"F9B616E3-2122-4696-8EAC-23C256D5BCED"},{"id":"5F248AF1-5C02-4BA3-87D7-E8DEE572C8CB"},{"id":"4021283C-3CD1-41C1-B7B4-C55E4FC401F0"},{"id":"3E3AEA59-0629-4F80-9016-9C664E289EA1"}],"idsInOrderRow2":[{"id":"70F7EC1D-CF02-4257-80DE-52ABDA159199"},{"id":"872A7B27-B5BD-4B29-A176-C3EE327DB12A"},{"id":"997D20D8-A393-4CD6-8403-46CFB56E8A87"},{"id":"A2F88FA5-C15F-4ACC-AA78-43790737A277"}],"rowIndex_arrow":{"row6":{}},"row1":[{"id":"DB6C6B27-AC01-4989-B3DC-4137A06C5B05","fromDetail":{"output":{"function_keys":{"_0":"f18"}},"display":"F18"},"toDetailCollection":{}},{"id":"45A75F83-F2FB-4F6C-9344-F60E9C787A5E","fromDetail":{"display":"F16","output":{"function_keys":{"_0":"f16"}}},"toDetailCollection":{}},{"toDetailCollection":{},"id":"5ECBE73A-45D1-4A7A-9A61-D4A207B5D6EF","fromDetail":{"display":"F19","output":{"function_keys":{"_0":"f19"}}}},{"id":"4148AC0F-ED05-460C-A1FA-2F31D9A50B62","toDetailCollection":{},"fromDetail":{"display":"F17","output":{"function_keys":{"_0":"f17"}}}}],"row4":[{"fromDetail":{"display":"+","output":{"keypad_keys":{"_0":"keypad_plus"}}},"toDetailCollection":{},"id":"8D31C17C-613E-40C5-AF60-7BFEED40FB94"},{"fromDetail":{"display":"5","output":{"keypad_keys":{"_0":"keypad_5"}}},"id":"D6EA523E-4F70-4C61-BA2C-08E4626AC039","toDetailCollection":{}},{"id":"82A6B791-23AA-4372-B0ED-16A1BEA99341","fromDetail":{"display":"6","output":{"keypad_keys":{"_0":"keypad_6"}}},"toDetailCollection":{}},{"toDetailCollection":{},"id":"261BD57F-9E37-4FB4-8624-D84228C177C5","fromDetail":{"display":"4","output":{"keypad_keys":{"_0":"keypad_4"}}}}],"idsInOrderRow4":[{"id":"261BD57F-9E37-4FB4-8624-D84228C177C5"},{"id":"D6EA523E-4F70-4C61-BA2C-08E4626AC039"},{"id":"82A6B791-23AA-4372-B0ED-16A1BEA99341"},{"id":"8D31C17C-613E-40C5-AF60-7BFEED40FB94"}],"enableArrowKeys":false,"arrow_left":{"id":"E18ED057-43C4-499B-A096-664C740656A4","keyShape":"arrow_LR","fromDetail":{"output":{"arrow_keys":{"_0":"left_arrow"}},"display":"arrowtriangle.left.fill","isSFSymbol":true},"toDetailCollection":{}},"arrow_up":{"id":"204A31CF-394A-4703-B1C9-23C8FF3871F9","toDetailCollection":{},"fromDetail":{"display":"arrowtriangle.up.fill","output":{"arrow_keys":{"_0":"up_arrow"}},"isSFSymbol":true},"keyShape":"arrow_Up"},"row3":[{"id":"B7DBED2A-B104-4830-B2D2-14F26A05FDB2","fromDetail":{"output":{"keypad_keys":{"_0":"keypad_8"}},"display":"8"},"toDetailCollection":{}},{"toDetailCollection":{},"id":"D92F998A-2A28-4202-8847-40241BA89199","fromDetail":{"output":{"keypad_keys":{"_0":"keypad_hyphen"}},"display":"-"}},{"fromDetail":{"display":"9","output":{"keypad_keys":{"_0":"keypad_9"}}},"toDetailCollection":{},"id":"9ED81872-B4C1-4F8A-9B87-D3D8CDC976B5"},{"fromDetail":{"output":{"keypad_keys":{"_0":"keypad_7"}},"display":"7"},"id":"32C22CFF-D2FA-4C7B-BFDF-22624A8EDEEA","toDetailCollection":{}}],"arrow_down":{"id":"93965B08-E67B-464E-A4FA-12ADD598E89B","fromDetail":{"display":"arrowtriangle.down.fill","output":{"arrow_keys":{"_0":"down_arrow"}},"isSFSymbol":true},"toDetailCollection":{},"keyShape":"arrow_Down"}},"isEnableSub":false,"tenkeyRows":{"arrow_left":{"keyShape":"arrow_LR","id":"AD969871-07DB-4DB1-B480-860E46833788","fromDetail":{"display":"arrowtriangle.left.fill","output":{"arrow_keys":{"_0":"left_arrow"}},"isSFSymbol":true},"toDetailCollection":{}},"arrow_right":{"fromDetail":{"output":{"arrow_keys":{"_0":"right_arrow"}},"display":"arrowtriangle.right.fill","isSFSymbol":true},"id":"BE566000-94D1-4ACA-B721-0AE74F063BB0","keyShape":"arrow_LR","toDetailCollection":{}},"row2":[{"toDetailCollection":{},"id":"A30F864D-2AB4-413D-9258-A2EAA43558EB","fromDetail":{"display":"clear","output":{"others":{"_0":"clear"}}}},{"fromDetail":{"output":{"keypad_keys":{"_0":"keypad_equal_sign"}},"display":"="},"id":"D0B3C5B4-91CE-4547-B284-78A1E698689A","toDetailCollection":{}},{"fromDetail":{"output":{"keypad_keys":{"_0":"keypad_asterisk"}},"display":"*"},"toDetailCollection":{},"id":"4CE04DB1-0592-424A-A618-B5F4DEF0C919"},{"fromDetail":{"display":"\/","output":{"keypad_keys":{"_0":"keypad_slash"}}},"toDetailCollection":{},"id":"A60FEB8F-75B4-48B9-96F3-7E70F30F952F"}],"row4":[{"id":"A7C1994F-AFD6-4E84-A57E-F575534EF0F7","toDetailCollection":{},"fromDetail":{"display":"+","output":{"keypad_keys":{"_0":"keypad_plus"}}}},{"id":"CC9167A6-5E01-49F9-8693-BC7E8BD4ACC5","fromDetail":{"output":{"keypad_keys":{"_0":"keypad_6"}},"display":"6"},"toDetailCollection":{}},{"toDetailCollection":{},"id":"9D030D80-DF2C-41C1-B3AE-0840DACA507E","fromDetail":{"output":{"keypad_keys":{"_0":"keypad_4"}},"display":"4"}},{"toDetailCollection":{},"fromDetail":{"display":"5","output":{"keypad_keys":{"_0":"keypad_5"}}},"id":"1D70F885-2781-4F62-AD3E-2E7507DCC247"}],"rowIndex_arrow":{"row6":{}},"row1":[{"id":"58247A3E-0C7E-4C7D-8819-62F6024A4685","toDetailCollection":{},"fromDetail":{"display":"F17","output":{"function_keys":{"_0":"f17"}}}},{"id":"014F750E-DF82-4474-8030-FDBA0C8FE6D5","fromDetail":{"output":{"function_keys":{"_0":"f16"}},"display":"F16"},"toDetailCollection":{}},{"id":"9900163D-AAC1-4991-9CB6-6032EC227D5A","fromDetail":{"output":{"function_keys":{"_0":"f19"}},"display":"F19"},"toDetailCollection":{}},{"toDetailCollection":{},"id":"05CD9768-C2C1-4F2D-BA99-8E62865EE91A","fromDetail":{"output":{"function_keys":{"_0":"f18"}},"display":"F18"}}],"idsInOrderRow5":[{"id":"040F9DB5-E24E-4E69-A037-E6F3BF5FAE79"},{"id":"EFC7E72E-F0B8-4FBD-98B1-0906FDFF4859"},{"id":"70BAF06D-7458-48ED-B937-21CFD8415AEA"},{"id":"88D5EC29-6206-43E9-B5DF-1C7E2D9DD675"}],"idsInOrderRow4":[{"id":"9D030D80-DF2C-41C1-B3AE-0840DACA507E"},{"id":"1D70F885-2781-4F62-AD3E-2E7507DCC247"},{"id":"CC9167A6-5E01-49F9-8693-BC7E8BD4ACC5"},{"id":"A7C1994F-AFD6-4E84-A57E-F575534EF0F7"}],"arrow_up":{"id":"03EE0027-03AD-44D6-8DAA-3B5A7673ABC5","fromDetail":{"output":{"arrow_keys":{"_0":"up_arrow"}},"display":"arrowtriangle.up.fill","isSFSymbol":true},"toDetailCollection":{},"keyShape":"arrow_Up"},"idsInOrderRow1":[{"id":"014F750E-DF82-4474-8030-FDBA0C8FE6D5"},{"id":"58247A3E-0C7E-4C7D-8819-62F6024A4685"},{"id":"05CD9768-C2C1-4F2D-BA99-8E62865EE91A"},{"id":"9900163D-AAC1-4991-9CB6-6032EC227D5A"}],"enableArrowKeys":false,"row6":[{"fromDetail":{"output":{"keypad_keys":{"_0":"keypad_period"}},"display":"."},"toDetailCollection":{},"id":"206FA781-0196-4912-B86C-8026E94AB53C"},{"id":"4411772D-B91E-460A-A00D-FC3F8A068E01","toDetailCollection":{},"fromDetail":{"display":"0","output":{"keypad_keys":{"_0":"keypad_0"}}},"unitSize":2}],"row5":[{"id":"EFC7E72E-F0B8-4FBD-98B1-0906FDFF4859","fromDetail":{"output":{"keypad_keys":{"_0":"keypad_2"}},"display":"2"},"toDetailCollection":{}},{"fromDetail":{"output":{"keypad_keys":{"_0":"keypad_3"}},"display":"3"},"id":"70BAF06D-7458-48ED-B937-21CFD8415AEA","toDetailCollection":{}},{"toDetailCollection":{},"keyShape":"enter_Tenkey","fromDetail":{"isSFSymbol":true,"display":"projective","output":{"keypad_keys":{"_0":"keypad_enter"}}},"id":"88D5EC29-6206-43E9-B5DF-1C7E2D9DD675"},{"toDetailCollection":{},"id":"040F9DB5-E24E-4E69-A037-E6F3BF5FAE79","fromDetail":{"display":"1","output":{"keypad_keys":{"_0":"keypad_1"}}}}],"idsInOrderRow3":[{"id":"0A8B32D5-9CA2-4297-B788-88E82664E305"},{"id":"EFF09D52-D7E4-4D21-8379-5992378015BB"},{"id":"6DD9866F-EEA7-4AE2-A453-0F0BE6CD332E"},{"id":"6F72EC2F-AAFD-4D94-9D4B-301D6A9C08EC"}],"idsInOrderRow6":[{"id":"4411772D-B91E-460A-A00D-FC3F8A068E01"},{"id":"206FA781-0196-4912-B86C-8026E94AB53C"}],"arrow_down":{"toDetailCollection":{},"fromDetail":{"output":{"arrow_keys":{"_0":"down_arrow"}},"display":"arrowtriangle.down.fill","isSFSymbol":true},"keyShape":"arrow_Down","id":"3415304E-EF8A-4924-88C9-6A6BD7438851"},"idsInOrderRow2":[{"id":"A30F864D-2AB4-413D-9258-A2EAA43558EB"},{"id":"D0B3C5B4-91CE-4547-B284-78A1E698689A"},{"id":"A60FEB8F-75B4-48B9-96F3-7E70F30F952F"},{"id":"4CE04DB1-0592-424A-A618-B5F4DEF0C919"}],"row3":[{"fromDetail":{"output":{"keypad_keys":{"_0":"keypad_9"}},"display":"9"},"toDetailCollection":{},"id":"6DD9866F-EEA7-4AE2-A453-0F0BE6CD332E"},{"id":"EFF09D52-D7E4-4D21-8379-5992378015BB","toDetailCollection":{},"fromDetail":{"output":{"keypad_keys":{"_0":"keypad_8"}},"display":"8"}},{"fromDetail":{"output":{"keypad_keys":{"_0":"keypad_hyphen"}},"display":"-"},"toDetailCollection":{},"id":"6F72EC2F-AAFD-4D94-9D4B-301D6A9C08EC"},{"fromDetail":{"output":{"keypad_keys":{"_0":"keypad_7"}},"display":"7"},"toDetailCollection":{},"id":"0A8B32D5-9CA2-4297-B788-88E82664E305"}]},"isEnableTenkey":false}}}