{"comboCollection":{"condition8":{"layer1":{},"layer3":{},"layer0":{},"layer7":{},"layer4":{},"layer5":{},"layer6":{},"layer2":{},"layer8":{}},"condition1":{"layer2":{},"layer0":{},"layer6":{},"layer4":{},"layer1":{},"layer7":{},"layer8":{},"layer5":{},"layer3":{}},"condition6":{"layer4":{},"layer1":{},"layer5":{},"layer7":{},"layer3":{},"layer0":{},"layer2":{},"layer6":{},"layer8":{}},"condition9":{"layer6":{},"layer0":{},"layer4":{},"layer3":{},"layer7":{},"layer1":{},"layer5":{},"layer2":{},"layer8":{}},"condition5":{"layer8":{},"layer3":{},"layer4":{},"layer1":{},"layer0":{},"layer5":{},"layer2":{},"layer6":{},"layer7":{}},"condition0":{"layer2":{},"layer5":{},"layer3":{},"layer0":{},"layer8":{},"layer6":{},"layer1":{},"layer7":{},"layer4":{}},"condition4":{"layer4":{},"layer3":{},"layer2":{},"layer6":{},"layer7":{},"layer8":{},"layer5":{},"layer0":{},"layer1":{}},"condition7":{"layer2":{},"layer6":{},"layer8":{},"layer0":{},"layer5":{},"layer3":{},"layer4":{},"layer7":{},"layer1":{}},"condition2":{"layer6":{},"layer3":{},"layer1":{},"layer2":{},"layer7":{},"layer0":{},"layer5":{},"layer8":{},"layer4":{}},"condition3":{"layer6":{},"layer7":{},"layer5":{},"layer1":{},"layer2":{},"layer4":{},"layer8":{},"layer0":{},"layer3":{}}},"selections":{"macroTab":{"userMacro":{}},"layer":"layer1","keyboardKey":{"toDetailCollection":{},"fromDetail":{"output":{"letter_keys":{"_0":"a"}},"display":"A"},"id":"2230C935-5A70-4B6A-9611-DB56F45BE5C5"},"condition":"condition0","customOrMacroTab":{"customizeKey":{}},"fromTab":{"qwertyKeyboard":{}},"combo":{"toDetail":{},"id":"230E41FC-9451-412D-B6FC-4D0BA0AB6429","key_down_order":"insensitive","key_up_order":"insensitive","comboThreshold":50},"macro":{"id":"A4CF6F60-C6F1-4354-91DA-ED277EFE9B02","name":"Cut2A","dictionary_key":null,"toDetailCollection":{"idsInOrderCollection":[{"id":"A18CBB62-ACA3-44AC-8421-FAF1AE54DAA5"},{"id":"C126E265-CB22-4E04-99F2-282EBF568476"}],"_collection":[{"id":"A18CBB62-ACA3-44AC-8421-FAF1AE54DAA5","withModifier":{"isWithShift":true,"isWithCommand":true,"isWithModifier":true},"error":false,"outputAndDisplay":{"output":{"arrow_keys":{"_0":"left_arrow"}},"isSFSymbol":true,"layerKey":"layer0","display":"arrowtriangle.left.fill"},"indicator":false},{"withModifier":{"isWithModifier":true,"isWithCommand":true},"outputAndDisplay":{"output":{"letter_keys":{"_0":"x"}},"display":"X","layerKey":"layer0"},"indicator":false,"error":false,"id":"C126E265-CB22-4E04-99F2-282EBF568476"}]}},"toTab":"qwertyKeyboard","tab":{"remap":{}},"toDetail_macro":{"id":"F9234513-00D5-47E7-AF49-A1D17FFD8163","error":false,"indicator":false,"withModifier":{"isWithModifier":true,"isWithCommand":true},"outputAndDisplay":{"output":{"letter_keys":{"_0":"x"}},"layerKey":"layer0","display":"X"}}},"macroCollection":{"idsInOrderCollection":[{"id":"A4CF6F60-C6F1-4354-91DA-ED277EFE9B02"},{"id":"374F6997-DDBC-479D-9D0E-FE3DC37F066C"}],"_collection":[{"dictionary_key":null,"id":"A4CF6F60-C6F1-4354-91DA-ED277EFE9B02","toDetailCollection":{"idsInOrderCollection":[{"id":"A18CBB62-ACA3-44AC-8421-FAF1AE54DAA5"},{"id":"C126E265-CB22-4E04-99F2-282EBF568476"}],"_collection":[{"indicator":false,"withModifier":{"isWithShift":true,"isWithModifier":true,"isWithCommand":true},"error":false,"outputAndDisplay":{"isSFSymbol":true,"display":"arrowtriangle.left.fill","output":{"arrow_keys":{"_0":"left_arrow"}},"layerKey":"layer0"},"id":"A18CBB62-ACA3-44AC-8421-FAF1AE54DAA5"},{"indicator":false,"outputAndDisplay":{"display":"X","output":{"letter_keys":{"_0":"x"}},"layerKey":"layer0"},"id":"C126E265-CB22-4E04-99F2-282EBF568476","error":false,"withModifier":{"isWithModifier":true,"isWithCommand":true}}]},"name":"Cut2A"},{"toDetailCollection":{"_collection":[{"indicator":false,"outputAndDisplay":{"layerKey":"layer0","output":{"arrow_keys":{"_0":"right_arrow"}},"display":"arrowtriangle.right.fill","isSFSymbol":true},"id":"5D63C30D-8C9E-4879-A4C2-DFB0869C9D82","error":false,"withModifier":{"isWithShift":true,"isWithModifier":true,"isWithCommand":true}},{"indicator":false,"id":"F9234513-00D5-47E7-AF49-A1D17FFD8163","withModifier":{"isWithModifier":true,"isWithCommand":true},"error":false,"outputAndDisplay":{"display":"X","output":{"letter_keys":{"_0":"x"}},"layerKey":"layer0"}}],"idsInOrderCollection":[{"id":"5D63C30D-8C9E-4879-A4C2-DFB0869C9D82"},{"id":"F9234513-00D5-47E7-AF49-A1D17FFD8163"}]},"name":"Cut2Z","dictionary_key":null,"id":"374F6997-DDBC-479D-9D0E-FE3DC37F066C"}]},"conditionDetailCollection":{"condition6":{"isEnabled":false,"value":"com.vendor.condition6","type":"Application","name":"Condition6"},"condition4":{"value":"com.vendor.condition4","name":"Condition4","type":"Application","isEnabled":false},"condition5":{"isEnabled":false,"name":"Condition5","type":"Application","value":"com.vendor.condition5"},"condition1":{"value":"ja","name":"Condition1","type":"InputSource","isEnabled":false},"condition2":{"type":"Application","isEnabled":false,"value":"com.vendor.condition2","name":"Condition2"},"condition3":{"type":"Application","value":"com.vendor.condition3","isEnabled":false,"name":"Condition3"},"condition0":{"isEnabled":true,"type":"Application","value":"com.vendor.condition0","name":"Default"},"condition7":{"name":"Condition7","value":"com.vendor.condition7","type":"Application","isEnabled":false},"condition8":{"value":"com.vendor.condition8","type":"Application","isEnabled":false,"name":"Condition8"},"condition9":{"isEnabled":false,"name":"Condition9","value":"com.vendor.condition9","type":"Application"}},"displayKeySize":65,"keymap":{"validSections":{"sections":[{"main":{}}]},"other":{"mainRows":{"idsInOrderRow6":[{"id":"9B8952B5-E112-4719-98E9-B39AB10925B0"},{"id":"4E99AB66-6650-4CBD-B9AC-01C0D9ED73C3"},{"id":"2AEF1DD4-1215-40B4-921B-69C8FFDB5862"}],"row6":[{"toDetailCollection":{},"fromDetail":{"output":{"keypad_keys":{"_0":"keypad_period"}},"display":"."},"id":"2AEF1DD4-1215-40B4-921B-69C8FFDB5862"},{"id":"4E99AB66-6650-4CBD-B9AC-01C0D9ED73C3","toDetailCollection":{},"fromDetail":{"output":{"keypad_keys":{"_0":"keypad_comma"}},"display":","}},{"fromDetail":{"output":{"keypad_keys":{"_0":"keypad_0"}},"display":"0"},"toDetailCollection":{},"id":"9B8952B5-E112-4719-98E9-B39AB10925B0"}],"row4":[{"fromDetail":{"output":{"keypad_keys":{"_0":"keypad_plus"}},"display":"+"},"id":"4C7A6225-7AC2-42AD-ABAE-B30B952327D6","toDetailCollection":{}},{"id":"91DB4768-52BA-41CF-89C2-1276D9D018A1","fromDetail":{"output":{"keypad_keys":{"_0":"keypad_6"}},"display":"6"},"toDetailCollection":{}},{"fromDetail":{"display":"5","output":{"keypad_keys":{"_0":"keypad_5"}}},"id":"96640635-1F9C-4695-AA82-0B6D68A40DC8","toDetailCollection":{}},{"fromDetail":{"display":"4","output":{"keypad_keys":{"_0":"keypad_4"}}},"id":"37ACFA93-B383-4147-8F99-55544F1A318E","toDetailCollection":{}}],"row5":[{"keyShape":"enter_Tenkey","toDetailCollection":{},"fromDetail":{"isSFSymbol":true,"display":"projective","output":{"keypad_keys":{"_0":"keypad_enter"}}},"id":"0DAEB150-92BB-4260-93B7-23F02D16B2DC"},{"id":"FA4C42E6-5471-4EAE-8DEF-0E8210619AB7","toDetailCollection":{},"fromDetail":{"output":{"keypad_keys":{"_0":"keypad_3"}},"display":"3"}},{"fromDetail":{"display":"2","output":{"keypad_keys":{"_0":"keypad_2"}}},"toDetailCollection":{},"id":"5B97DEE5-8E4A-4F99-83F7-C18E9119DBF5"},{"fromDetail":{"output":{"keypad_keys":{"_0":"keypad_1"}},"display":"1"},"toDetailCollection":{},"id":"60448027-F007-41DA-BE0A-1191D4919A59"}],"enableArrowKeys":false,"rowIndex_arrow":{"row6":{}},"arrow_left":{"keyShape":"arrow_LR","toDetailCollection":{},"id":"5FBB2266-CF8E-48A9-8776-19D99DA8A71B","fromDetail":{"isSFSymbol":true,"output":{"arrow_keys":{"_0":"left_arrow"}},"display":"arrowtriangle.left.fill"}},"arrow_up":{"keyShape":"arrow_Up","id":"5526F81B-EB83-4F09-8AEF-EE53241EE5B9","fromDetail":{"output":{"arrow_keys":{"_0":"up_arrow"}},"display":"arrowtriangle.up.fill","isSFSymbol":true},"toDetailCollection":{}},"idsInOrderRow1":[{"id":"C098DAA3-98EC-4F99-B1D0-DF9BAE9F5D5A"},{"id":"702DC94B-5953-427F-8446-39E4F5F04439"},{"id":"D7F9A208-518B-439B-8A8C-B5F57CCFC825"},{"id":"B59EC2B6-B559-4650-9489-549DF71F3630"}],"idsInOrderRow2":[{"id":"4A535279-2631-406C-BC6C-BD52DE6637A1"},{"id":"3BC0D623-9117-4D8C-85FC-5944B2AFD463"},{"id":"327FFCC5-28A3-497E-B596-1BFBBBB07ACE"},{"id":"DE3AB1E3-E9C9-4718-B174-5835C545803B"}],"idsInOrderRow3":[{"id":"819017DD-62F1-40A0-A194-70F3BB07F94A"},{"id":"0572E86D-D081-42F8-BE9B-15549F6DF55F"},{"id":"83136436-3FA1-413D-8CAD-F1869DFE0AD7"},{"id":"E18DC735-5A5E-4EC5-A874-8E4EE36DBB3D"}],"row1":[{"fromDetail":{"display":"F19","output":{"function_keys":{"_0":"f19"}}},"toDetailCollection":{},"id":"B59EC2B6-B559-4650-9489-549DF71F3630"},{"toDetailCollection":{},"id":"D7F9A208-518B-439B-8A8C-B5F57CCFC825","fromDetail":{"output":{"function_keys":{"_0":"f18"}},"display":"F18"}},{"id":"702DC94B-5953-427F-8446-39E4F5F04439","fromDetail":{"output":{"function_keys":{"_0":"f17"}},"display":"F17"},"toDetailCollection":{}},{"toDetailCollection":{},"fromDetail":{"output":{"function_keys":{"_0":"f16"}},"display":"F16"},"id":"C098DAA3-98EC-4F99-B1D0-DF9BAE9F5D5A"}],"row2":[{"id":"DE3AB1E3-E9C9-4718-B174-5835C545803B","fromDetail":{"display":"*","output":{"keypad_keys":{"_0":"keypad_asterisk"}}},"toDetailCollection":{}},{"fromDetail":{"output":{"keypad_keys":{"_0":"keypad_slash"}},"display":"\/"},"toDetailCollection":{},"id":"327FFCC5-28A3-497E-B596-1BFBBBB07ACE"},{"toDetailCollection":{},"fromDetail":{"output":{"others":{"_0":"clear"}},"display":"clear"},"id":"4A535279-2631-406C-BC6C-BD52DE6637A1"},{"fromDetail":{"output":{"keypad_keys":{"_0":"keypad_equal_sign"}},"display":"="},"toDetailCollection":{},"id":"3BC0D623-9117-4D8C-85FC-5944B2AFD463"}],"arrow_right":{"fromDetail":{"output":{"arrow_keys":{"_0":"right_arrow"}},"isSFSymbol":true,"display":"arrowtriangle.right.fill"},"keyShape":"arrow_LR","toDetailCollection":{},"id":"880AE6E1-AA9A-4219-9F5E-F22961E973EE"},"idsInOrderRow4":[{"id":"37ACFA93-B383-4147-8F99-55544F1A318E"},{"id":"96640635-1F9C-4695-AA82-0B6D68A40DC8"},{"id":"91DB4768-52BA-41CF-89C2-1276D9D018A1"},{"id":"4C7A6225-7AC2-42AD-ABAE-B30B952327D6"}],"row3":[{"id":"E18DC735-5A5E-4EC5-A874-8E4EE36DBB3D","toDetailCollection":{},"fromDetail":{"output":{"keypad_keys":{"_0":"keypad_hyphen"}},"display":"-"}},{"id":"83136436-3FA1-413D-8CAD-F1869DFE0AD7","fromDetail":{"output":{"keypad_keys":{"_0":"keypad_9"}},"display":"9"},"toDetailCollection":{}},{"toDetailCollection":{},"id":"0572E86D-D081-42F8-BE9B-15549F6DF55F","fromDetail":{"output":{"keypad_keys":{"_0":"keypad_8"}},"display":"8"}},{"toDetailCollection":{},"id":"819017DD-62F1-40A0-A194-70F3BB07F94A","fromDetail":{"output":{"keypad_keys":{"_0":"keypad_7"}},"display":"7"}}],"idsInOrderRow5":[{"id":"60448027-F007-41DA-BE0A-1191D4919A59"},{"id":"5B97DEE5-8E4A-4F99-83F7-C18E9119DBF5"},{"id":"FA4C42E6-5471-4EAE-8DEF-0E8210619AB7"},{"id":"0DAEB150-92BB-4260-93B7-23F02D16B2DC"}],"arrow_down":{"toDetailCollection":{},"id":"70D5B866-B7BA-4093-BCF4-5F0C2B46A251","fromDetail":{"output":{"arrow_keys":{"_0":"down_arrow"}},"isSFSymbol":true,"display":"arrowtriangle.down.fill"},"keyShape":"arrow_Down"}},"isEnableSub":false,"isEnableTenkey":false,"tenkeyRows":{"idsInOrderRow4":[{"id":"95158F91-D5C6-48D1-95D8-3FF8EC6C593F"},{"id":"C88FA1CE-3C5D-4938-9A57-26C4F077B99E"},{"id":"0066707C-A83A-44DC-92AE-B6D714EA0C0A"},{"id":"B42ECA30-DEE4-4597-A2DC-43341D02E1B1"}],"row5":[{"id":"EE76D1CA-A25F-4E27-B86E-4E72ADE3073A","fromDetail":{"output":{"keypad_keys":{"_0":"keypad_3"}},"display":"3"},"toDetailCollection":{}},{"fromDetail":{"display":"2","output":{"keypad_keys":{"_0":"keypad_2"}}},"id":"18CFE13E-FA82-4A69-947F-CA4701DB1E8D","toDetailCollection":{}},{"toDetailCollection":{},"fromDetail":{"display":"projective","isSFSymbol":true,"output":{"keypad_keys":{"_0":"keypad_enter"}}},"id":"EE7AC004-6152-4DBB-8FC1-D1DD89611474","keyShape":"enter_Tenkey"},{"toDetailCollection":{},"id":"89887ADC-B15E-4C76-811B-8C7DE56E35BE","fromDetail":{"display":"1","output":{"keypad_keys":{"_0":"keypad_1"}}}}],"row6":[{"fromDetail":{"display":"0","output":{"keypad_keys":{"_0":"keypad_0"}}},"toDetailCollection":{},"id":"A01F8F1D-4EE3-4E8B-A2F6-EF335C176573"},{"id":"9FEDD441-8C13-4FF1-B90D-B769E67FB6DD","toDetailCollection":{},"fromDetail":{"output":{"keypad_keys":{"_0":"keypad_period"}},"display":"."}},{"fromDetail":{"output":{"keypad_keys":{"_0":"keypad_comma"}},"display":","},"toDetailCollection":{},"id":"BBDAD67C-8692-4CC3-97EB-4C72CD89A45A"}],"idsInOrderRow2":[{"id":"AEA50250-14F4-4E41-BBDC-3E12920D7380"},{"id":"217F3138-5E5E-4873-A6BB-AE4C77CAFDEA"},{"id":"949A34F5-B700-4DF8-AD30-E3670A9ACE14"},{"id":"BEE6C53A-13AC-491F-98D4-3B6A83B38B6C"}],"enableArrowKeys":false,"arrow_left":{"id":"7745736D-6153-4A57-B2AB-0D905E1583B1","toDetailCollection":{},"keyShape":"arrow_LR","fromDetail":{"output":{"arrow_keys":{"_0":"left_arrow"}},"display":"arrowtriangle.left.fill","isSFSymbol":true}},"row4":[{"fromDetail":{"output":{"keypad_keys":{"_0":"keypad_plus"}},"display":"+"},"id":"B42ECA30-DEE4-4597-A2DC-43341D02E1B1","toDetailCollection":{}},{"id":"95158F91-D5C6-48D1-95D8-3FF8EC6C593F","toDetailCollection":{},"fromDetail":{"output":{"keypad_keys":{"_0":"keypad_4"}},"display":"4"}},{"toDetailCollection":{},"id":"0066707C-A83A-44DC-92AE-B6D714EA0C0A","fromDetail":{"output":{"keypad_keys":{"_0":"keypad_6"}},"display":"6"}},{"toDetailCollection":{},"fromDetail":{"display":"5","output":{"keypad_keys":{"_0":"keypad_5"}}},"id":"C88FA1CE-3C5D-4938-9A57-26C4F077B99E"}],"arrow_down":{"toDetailCollection":{},"keyShape":"arrow_Down","id":"AF5A22F9-6FED-45E1-9A4B-05C460332BC8","fromDetail":{"display":"arrowtriangle.down.fill","isSFSymbol":true,"output":{"arrow_keys":{"_0":"down_arrow"}}}},"row1":[{"id":"F60EB956-A753-488D-8B36-CFAB72B8D4A9","fromDetail":{"output":{"function_keys":{"_0":"f17"}},"display":"F17"},"toDetailCollection":{}},{"id":"2D6449B8-266C-4B23-BCB3-65B3756E3A70","toDetailCollection":{},"fromDetail":{"output":{"function_keys":{"_0":"f16"}},"display":"F16"}},{"toDetailCollection":{},"id":"FD64F638-F1C9-44E4-91CB-52AB2F1B5384","fromDetail":{"display":"F19","output":{"function_keys":{"_0":"f19"}}}},{"toDetailCollection":{},"id":"34728450-D441-4B20-9505-94D377BEA111","fromDetail":{"output":{"function_keys":{"_0":"f18"}},"display":"F18"}}],"idsInOrderRow5":[{"id":"89887ADC-B15E-4C76-811B-8C7DE56E35BE"},{"id":"18CFE13E-FA82-4A69-947F-CA4701DB1E8D"},{"id":"EE76D1CA-A25F-4E27-B86E-4E72ADE3073A"},{"id":"EE7AC004-6152-4DBB-8FC1-D1DD89611474"}],"idsInOrderRow6":[{"id":"A01F8F1D-4EE3-4E8B-A2F6-EF335C176573"},{"id":"BBDAD67C-8692-4CC3-97EB-4C72CD89A45A"},{"id":"9FEDD441-8C13-4FF1-B90D-B769E67FB6DD"}],"rowIndex_arrow":{"row6":{}},"arrow_up":{"id":"371E77FD-A7E4-4015-B11A-210762020F39","fromDetail":{"output":{"arrow_keys":{"_0":"up_arrow"}},"display":"arrowtriangle.up.fill","isSFSymbol":true},"keyShape":"arrow_Up","toDetailCollection":{}},"idsInOrderRow1":[{"id":"2D6449B8-266C-4B23-BCB3-65B3756E3A70"},{"id":"F60EB956-A753-488D-8B36-CFAB72B8D4A9"},{"id":"34728450-D441-4B20-9505-94D377BEA111"},{"id":"FD64F638-F1C9-44E4-91CB-52AB2F1B5384"}],"row3":[{"fromDetail":{"output":{"keypad_keys":{"_0":"keypad_7"}},"display":"7"},"toDetailCollection":{},"id":"B0B31CE6-0068-4E5B-A10C-59C212950EDB"},{"fromDetail":{"display":"8","output":{"keypad_keys":{"_0":"keypad_8"}}},"id":"B79A43AA-1640-4D30-A3F5-B6BDCBD1905E","toDetailCollection":{}},{"fromDetail":{"display":"-","output":{"keypad_keys":{"_0":"keypad_hyphen"}}},"toDetailCollection":{},"id":"242E7DC7-72C8-41BF-9E44-CB0928E6CD54"},{"id":"B95837D3-1E64-49E7-BC00-BF906CC3F01B","fromDetail":{"output":{"keypad_keys":{"_0":"keypad_9"}},"display":"9"},"toDetailCollection":{}}],"row2":[{"fromDetail":{"display":"=","output":{"keypad_keys":{"_0":"keypad_equal_sign"}}},"toDetailCollection":{},"id":"217F3138-5E5E-4873-A6BB-AE4C77CAFDEA"},{"fromDetail":{"display":"clear","output":{"others":{"_0":"clear"}}},"toDetailCollection":{},"id":"AEA50250-14F4-4E41-BBDC-3E12920D7380"},{"fromDetail":{"output":{"keypad_keys":{"_0":"keypad_slash"}},"display":"\/"},"toDetailCollection":{},"id":"949A34F5-B700-4DF8-AD30-E3670A9ACE14"},{"fromDetail":{"display":"*","output":{"keypad_keys":{"_0":"keypad_asterisk"}}},"toDetailCollection":{},"id":"BEE6C53A-13AC-491F-98D4-3B6A83B38B6C"}],"arrow_right":{"toDetailCollection":{},"id":"A8E7ADE3-1C8C-4044-B3CA-3733B8155A07","fromDetail":{"isSFSymbol":true,"display":"arrowtriangle.right.fill","output":{"arrow_keys":{"_0":"right_arrow"}}},"keyShape":"arrow_LR"},"idsInOrderRow3":[{"id":"B0B31CE6-0068-4E5B-A10C-59C212950EDB"},{"id":"B79A43AA-1640-4D30-A3F5-B6BDCBD1905E"},{"id":"B95837D3-1E64-49E7-BC00-BF906CC3F01B"},{"id":"242E7DC7-72C8-41BF-9E44-CB0928E6CD54"}]},"sectionDetail":{"section":{"other":{}},"deviceDetail":{"device_name":"otherDevice","product_id":"product_id","is_product_id_Enabled":false,"is_location_id_Enabled":false,"is_builtin_keyboard":false,"is_vendor_id_Enabled":false,"location_id":"location_id","vendor_id":"vendor_id"}},"subRows":{"enableArrowKeys":false,"idsInOrderRow5":[{"id":"647CF5FF-43C9-43A3-BB77-30351770D365"},{"id":"A2C0A18B-E520-46D9-AB77-0E3D91E49F23"}],"row1":[{"id":"8A4D3D6D-66E5-4BB1-B364-05CC55BF8FEB","toDetailCollection":{},"fromDetail":{"output":{"function_keys":{"_0":"f13"}},"display":"F13"}},{"toDetailCollection":{},"id":"20E22305-DF01-4DDC-9BA3-609054A41B35","fromDetail":{"output":{"function_keys":{"_0":"f15"}},"display":"F15"}},{"toDetailCollection":{},"fromDetail":{"display":"F14","output":{"function_keys":{"_0":"f14"}}},"id":"2D4C1BB3-40AD-4621-BADB-09B61AE62027"}],"arrow_down":{"keyShape":"arrow_Down","id":"9BE36A31-25D1-442D-A5E8-A1142F9EEA99","fromDetail":{"isSFSymbol":true,"display":"arrowtriangle.down.fill","output":{"arrow_keys":{"_0":"down_arrow"}}},"toDetailCollection":{}},"arrow_right":{"keyShape":"arrow_LR","fromDetail":{"output":{"arrow_keys":{"_0":"right_arrow"}},"display":"arrowtriangle.right.fill","isSFSymbol":true},"toDetailCollection":{},"id":"501CDEC0-1FC4-441F-AB37-D6A7D19556D3"},"idsInOrderRow4":[],"row4":[],"row3":[{"fromDetail":{"isSFSymbol":true,"output":{"controls_and_symbols":{"_0":"delete_forward"}},"display":"delete.right"},"toDetailCollection":{},"id":"2668A18D-4134-4D4D-B021-A1878979BF02"},{"id":"B38F5F3E-4EBA-4D7B-AA0B-68F5E070DD74","fromDetail":{"display":"arrow.down","output":{"arrow_keys":{"_0":"page_down"}},"isSFSymbol":true},"toDetailCollection":{}},{"id":"59EAB09B-B396-4F66-AB1C-5DB63E8D05F2","fromDetail":{"display":"arrow.down.to.line","output":{"arrow_keys":{"_0":"end"}},"isSFSymbol":true},"toDetailCollection":{}}],"idsInOrderRow2":[{"id":"DE371CF6-C808-4196-AE87-AC63E44938AC"},{"id":"08BDA10B-F801-4994-902D-E9F60A83A872"},{"id":"DE066657-E74F-49C0-82B6-7EE85F993E06"}],"idsInOrderRow1":[{"id":"8A4D3D6D-66E5-4BB1-B364-05CC55BF8FEB"},{"id":"2D4C1BB3-40AD-4621-BADB-09B61AE62027"},{"id":"20E22305-DF01-4DDC-9BA3-609054A41B35"}],"rowIndex_arrow":{"row6":{}},"idsInOrderRow3":[{"id":"2668A18D-4134-4D4D-B021-A1878979BF02"},{"id":"59EAB09B-B396-4F66-AB1C-5DB63E8D05F2"},{"id":"B38F5F3E-4EBA-4D7B-AA0B-68F5E070DD74"}],"idsInOrderRow6":[{"id":"D40C1458-7014-4B01-8E8E-21FF6229170A"},{"id":"532DBCF9-32CC-4592-B692-9C45772C5DE7"},{"id":"2579C0F9-F516-4206-A45A-70F6FD6828CC"}],"row2":[{"id":"DE066657-E74F-49C0-82B6-7EE85F993E06","toDetailCollection":{},"fromDetail":{"output":{"arrow_keys":{"_0":"page_up"}},"isSFSymbol":true,"display":"arrow.up"}},{"id":"08BDA10B-F801-4994-902D-E9F60A83A872","toDetailCollection":{},"fromDetail":{"output":{"arrow_keys":{"_0":"home"}},"display":"arrow.up.to.line","isSFSymbol":true}},{"fromDetail":{"isSFSymbol":true,"output":{"keys_in_pc_keyboards":{"_0":"insert"}},"display":"text.insert"},"id":"DE371CF6-C808-4196-AE87-AC63E44938AC","toDetailCollection":{}}],"arrow_up":{"keyShape":"arrow_Up","toDetailCollection":{},"id":"DD886FC3-772F-4ACC-84C5-6A97949D3463","fromDetail":{"isSFSymbol":true,"display":"arrowtriangle.up.fill","output":{"arrow_keys":{"_0":"up_arrow"}}}},"arrow_left":{"keyShape":"arrow_LR","id":"4214E552-6F1C-4A13-ABBD-EB854C7289A8","toDetailCollection":{},"fromDetail":{"output":{"arrow_keys":{"_0":"left_arrow"}},"display":"arrowtriangle.left.fill","isSFSymbol":true}},"row5":[{"id":"A2C0A18B-E520-46D9-AB77-0E3D91E49F23","toDetailCollection":{},"fromDetail":{"isSFSymbol":true,"output":{"arrow_keys":{"_0":"up_arrow"}},"display":"arrowtriangle.up.fill"}},{"fromDetail":{"output":{"letter_keys":{"_0":"a"}},"display":"A"},"isSpacer":true,"toDetailCollection":{},"id":"647CF5FF-43C9-43A3-BB77-30351770D365"}],"row6":[{"fromDetail":{"display":"arrowtriangle.right.fill","output":{"arrow_keys":{"_0":"right_arrow"}},"isSFSymbol":true},"toDetailCollection":{},"id":"2579C0F9-F516-4206-A45A-70F6FD6828CC"},{"toDetailCollection":{},"fromDetail":{"isSFSymbol":true,"output":{"arrow_keys":{"_0":"down_arrow"}},"display":"arrowtriangle.down.fill"},"id":"532DBCF9-32CC-4592-B692-9C45772C5DE7"},{"toDetailCollection":{},"fromDetail":{"output":{"arrow_keys":{"_0":"left_arrow"}},"display":"arrowtriangle.left.fill","isSFSymbol":true},"id":"D40C1458-7014-4B01-8E8E-21FF6229170A"}]},"isEnableMain":true},"main":{"isEnableTenkey":false,"isEnableSub":false,"mainRows":{"idsInOrderRow3":[{"id":"1609A43C-BE38-4335-838A-658CF79F7AB9"},{"id":"ECE374F0-AA59-4A0F-8466-AB5243A24574"},{"id":"9B5E07BA-0A1C-4840-8B6B-4D954F901F1E"},{"id":"A6CED121-32FA-48CB-A761-A4895FF461A9"},{"id":"8DB96F87-89BF-4F98-9DF5-2398A9247DD2"},{"id":"434F62BF-7D2A-4D4C-A333-FDB0D9EA4968"},{"id":"98F38EEC-0417-47FE-847F-9FB568296600"},{"id":"0A1799A7-C74E-4D45-88FF-A65F8006A3E7"},{"id":"99B1E24B-B5D0-4C89-A0E6-B34AEEEDB63C"},{"id":"D40184A4-AA5F-4478-8721-F5F6452DC5AC"},{"id":"E36AA673-C2D5-408E-88D3-50E7AB010459"},{"id":"001BE39F-2311-42AE-9C85-CB3902E314BA"},{"id":"796B67C7-E031-482D-A2CF-A86F8DE258ED"},{"id":"BDD21911-C6ED-4DCC-A212-328C3FB0D6E7"}],"row2":[{"fromDetail":{"display":"^","output":{"controls_and_symbols":{"_0":"equal_sign_or_caret"}}},"toDetailCollection":{},"id":"23D42E8E-FAE5-4E68-939C-473F07808E09"},{"unitSize":1.25,"fromDetail":{"output":{"number_keys":{"_0":"one"}},"display":"1"},"toDetailCollection":{},"id":"3DE29FEF-FCD0-4B4E-A639-4D70BC0E51A5"},{"fromDetail":{"output":{"controls_and_symbols":{"_0":"delete_or_backspace"}},"isSFSymbol":true,"display":"delete.left"},"id":"BC92DDDE-BA3C-46D2-97EA-E5879E1B0351","unitSize":1.25,"toDetailCollection":{}},{"toDetailCollection":{},"fromDetail":{"output":{"number_keys":{"_0":"two"}},"display":"2"},"id":"CBDBA337-729C-4D83-ACEC-84B96CB9B176"},{"fromDetail":{"display":"5","output":{"number_keys":{"_0":"five"}}},"toDetailCollection":{"condition0":{"layer1":{"outputAndDisplay_tap":{"output":{"number_keys":{"_0":"five"}},"display":"5","layerKey":"layer0"},"isCustomized_tap":true,"withModifier_tap":{"isWithModifier":true,"isWithShift":true,"isWithCommand":true}}}},"id":"B891656D-1AE1-4A86-9100-6029D96DACCB"},{"toDetailCollection":{},"id":"F862E500-0DCB-4DB3-B366-721C917CAE20","fromDetail":{"output":{"controls_and_symbols":{"_0":"hyphen"}},"display":"-"}},{"id":"D2D208D7-F7D5-4ADB-A0E3-47F91238881E","fromDetail":{"output":{"number_keys":{"_0":"zero"}},"display":"0"},"toDetailCollection":{}},{"id":"CA7FF4E9-9ADA-47BB-BD2E-5B7D48F98115","toDetailCollection":{},"fromDetail":{"display":"6","output":{"number_keys":{"_0":"six"}}}},{"toDetailCollection":{},"id":"09523D3E-CC65-4615-9F41-2E2A0EB5194B","fromDetail":{"output":{"international_keys":{"_0":"international3"}},"display":"\\"}},{"toDetailCollection":{"condition0":{"layer1":{"isCustomized_tap":true,"withModifier_tap":{"isWithShift":true,"isWithCommand":true,"isWithModifier":true},"outputAndDisplay_tap":{"layerKey":"layer0","output":{"number_keys":{"_0":"four"}},"display":"4"}}}},"id":"16B1F722-1245-4B53-8CF3-A5E332951A59","fromDetail":{"display":"4","output":{"number_keys":{"_0":"four"}}}},{"toDetailCollection":{},"fromDetail":{"output":{"number_keys":{"_0":"seven"}},"display":"7"},"id":"6100BB19-CBA9-41ED-BCC8-1365C4DBA310"},{"toDetailCollection":{"condition0":{"layer1":{"isCustomized_tap":true,"withModifier_tap":{"isWithCommand":true,"isWithModifier":true,"isWithShift":true},"outputAndDisplay_tap":{"display":"3","layerKey":"layer0","output":{"number_keys":{"_0":"three"}}}}}},"id":"FF9164CC-5270-4F4C-90DB-7585DE80EAF9","fromDetail":{"display":"3","output":{"number_keys":{"_0":"three"}}}},{"id":"DE926444-B65A-4320-9360-E7E232664E71","fromDetail":{"display":"9","output":{"number_keys":{"_0":"nine"}}},"toDetailCollection":{}},{"id":"2F07D32D-3C3D-4917-8A5E-061B1C11F4EE","toDetailCollection":{},"fromDetail":{"output":{"number_keys":{"_0":"eight"}},"display":"8"}}],"row4":[{"toDetailCollection":{"condition0":{"layer1":{"outputAndDisplay_tap":{"output":{"arrow_keys":{"_0":"right_arrow"}},"display":"arrowtriangle.right.fill","layerKey":"layer0","isSFSymbol":true},"isCustomized_tap":true,"withModifier_tap":{}}}},"id":"CF3D4194-871E-4BB5-AFDD-00C97620DC42","fromDetail":{"display":"L","output":{"letter_keys":{"_0":"l"}}}},{"fromDetail":{"output":{"letter_keys":{"_0":"f"}},"display":"F"},"id":"F6779694-A044-4C4B-96F3-CF39D492015D","toDetailCollection":{"condition0":{"layer1":{"withModifier_tap":{},"outputAndDisplay_tap":{"layerKey":"layer0","output":{"number_keys":{"_0":"six"}},"display":"6"},"isCustomized_tap":true}}}},{"fromDetail":{"output":{"modifier_keys":{"_0":"left_control"}},"display":"control","isSFSymbol":true},"id":"1BD99286-2B2D-44C6-A223-1A479DF1BA76","toDetailCollection":{},"unitSize":1.25},{"fromDetail":{"display":";","output":{"controls_and_symbols":{"_0":"semicolon"}}},"id":"284A0FB8-1578-466B-8B84-5B8D59D9DC2F","toDetailCollection":{"condition0":{"layer1":{"outputAndDisplay_tap":{"layerKey":"layer0","display":"arrow.right.to.line","output":{"controls_and_symbols":{"_0":"tab"}},"isSFSymbol":true},"withModifier_tap":{"isWithCommand":true,"isWithModifier":true},"isCustomized_tap":true}}}},{"id":"2DA497B3-7771-4C2C-BFDB-151A20A0D410","toDetailCollection":{"condition0":{"layer1":{"outputAndDisplay_tap":{"display":"0","output":{"number_keys":{"_0":"zero"}},"layerKey":"layer0"},"isCustomized_tap":true,"withModifier_tap":{}}}},"fromDetail":{"output":{"letter_keys":{"_0":"g"}},"display":"G"}},{"id":"E9EE3404-4FB8-49D3-92FA-66EBE2C07F0C","fromDetail":{"output":{"letter_keys":{"_0":"a"}},"display":"A"},"toDetailCollection":{"condition0":{"layer1":{"withModifier_tap":{},"isCustomized_tap":true,"outputAndDisplay_tap":{"layerKey":"layer0","output":{"controls_and_symbols":{"_0":"period"}},"display":"."}}}}},{"id":"5F53A52A-B802-492A-89A3-B611173FF42D","fromDetail":{"output":{"controls_and_symbols":{"_0":"single_quotation_or_colon"}},"display":":"},"toDetailCollection":{}},{"toDetailCollection":{"condition0":{"layer1":{"withModifier_tap":{"isWithModifier":true,"isWithShift":true,"isWithCommand":true},"isCustomized_tap":true,"outputAndDisplay_tap":{"isSFSymbol":true,"layerKey":"layer0","output":{"controls_and_symbols":{"_0":"tab"}},"display":"arrow.right.to.line"}}}},"id":"F82A58BB-01DD-431F-B75B-BB06993E698F","fromDetail":{"display":"H","output":{"letter_keys":{"_0":"h"}}}},{"toDetailCollection":{"condition0":{"layer1":{"outputAndDisplay_tap":{"output":{"number_keys":{"_0":"four"}},"layerKey":"layer0","display":"4"},"withModifier_tap":{},"isCustomized_tap":true}}},"id":"8D45E25A-E6A5-4CFF-9619-52D91FB7A156","fromDetail":{"output":{"letter_keys":{"_0":"s"}},"display":"S"}},{"toDetailCollection":{},"fromDetail":{"output":{"controls_and_symbols":{"_0":"close_square_bracket_jis"}},"display":"]"},"id":"2DDB7004-9D70-4D3B-A1B2-A7A357624324"},{"fromDetail":{"output":{"letter_keys":{"_0":"k"}},"display":"K"},"toDetailCollection":{"condition0":{"layer1":{"withModifier_tap":{},"isCustomized_tap":true,"outputAndDisplay_tap":{"display":"arrowtriangle.down.fill","output":{"arrow_keys":{"_0":"down_arrow"}},"isSFSymbol":true,"layerKey":"layer0"}}}},"id":"BE165666-9348-4DB1-8298-0A4A89CD234E"},{"fromDetail":{"output":{"letter_keys":{"_0":"d"}},"display":"D"},"toDetailCollection":{"condition0":{"layer1":{"outputAndDisplay_tap":{"output":{"number_keys":{"_0":"five"}},"display":"5","layerKey":"layer0"},"withModifier_tap":{},"isCustomized_tap":true}}},"id":"E8D56E2A-F26C-421D-89B7-2704227EB447"},{"fromDetail":{"output":{"letter_keys":{"_0":"j"}},"display":"J"},"id":"655F2E36-ACF8-41DA-B22B-F3B28F767E80","toDetailCollection":{"condition0":{"layer1":{"outputAndDisplay_tap":{"layerKey":"layer0","display":"arrowtriangle.left.fill","isSFSymbol":true,"output":{"arrow_keys":{"_0":"left_arrow"}}},"withModifier_tap":{},"isCustomized_tap":true}}}}],"arrow_right":{"fromDetail":{"display":"arrowtriangle.right.fill","output":{"arrow_keys":{"_0":"right_arrow"}},"isSFSymbol":true},"id":"4BDE128D-9CF0-44B1-A952-AD0FAC16CB90","keyShape":"arrow_LR","toDetailCollection":{}},"row1":[{"fromDetail":{"output":{"function_keys":{"_0":"f12"}},"display":"F12"},"id":"8ED400BA-E36E-44F2-A87F-58344AD6B3EF","toDetailCollection":{}},{"fromDetail":{"output":{"function_keys":{"_0":"f10"}},"display":"F10"},"id":"A8D879C8-FA43-4F28-A156-B6E2B1316F17","toDetailCollection":{}},{"fromDetail":{"display":"F8","output":{"function_keys":{"_0":"f8"}}},"id":"664806CB-3011-4C4B-8628-5801D2355C95","toDetailCollection":{}},{"fromDetail":{"display":"F6","output":{"function_keys":{"_0":"f6"}}},"toDetailCollection":{},"id":"5B20D1C0-026D-4F69-A5CF-FA9FFC523A19"},{"toDetailCollection":{},"fromDetail":{"display":"F4","output":{"function_keys":{"_0":"f4"}}},"id":"02FCD0EC-5151-4129-AA2C-0A6F15386580"},{"fromDetail":{"output":{"function_keys":{"_0":"f2"}},"display":"F2"},"toDetailCollection":{},"id":"2176CECB-BA98-40AA-8BF9-498FF5F0AF07"},{"fromDetail":{"output":{"controls_and_symbols":{"_0":"escape"}},"display":"escape","isSFSymbol":true},"id":"5CACF80C-C76D-46CA-85EA-3D80C4F4B5D1","unitSize":1.5,"toDetailCollection":{}},{"toDetailCollection":{},"id":"BEB69976-A42D-4FF6-9F70-D08F0DF67608","fromDetail":{"output":{"function_keys":{"_0":"f11"}},"display":"F11"}},{"id":"ED25820C-AAED-4B73-9573-9C34B8A3E732","fromDetail":{"output":{"function_keys":{"_0":"f9"}},"display":"F9"},"toDetailCollection":{}},{"fromDetail":{"output":{"function_keys":{"_0":"f7"}},"display":"F7"},"id":"B00F2037-08B4-483E-91A6-80B66307239C","toDetailCollection":{}},{"toDetailCollection":{},"id":"EFA837ED-50AD-4679-97D3-DC192FB99C70","fromDetail":{"output":{"function_keys":{"_0":"f5"}},"display":"F5"}},{"toDetailCollection":{},"id":"FE1F575D-DF98-4480-89D5-130CAECA4E1A","fromDetail":{"display":"F3","output":{"function_keys":{"_0":"f3"}}}},{"toDetailCollection":{},"id":"A7381E80-4404-4855-95D3-CF976AA73C78","fromDetail":{"output":{"function_keys":{"_0":"f1"}},"display":"F1"}}],"enableArrowKeys":true,"arrow_down":{"fromDetail":{"output":{"arrow_keys":{"_0":"down_arrow"}},"isSFSymbol":true,"display":"arrowtriangle.down.fill"},"keyShape":"arrow_Down","id":"ACD9365B-8A6F-4335-ABE4-7488F405ABBF","toDetailCollection":{}},"row5":[{"toDetailCollection":{"condition0":{"layer1":{"outputAndDisplay_tap":{"display":",","output":{"controls_and_symbols":{"_0":"comma"}},"layerKey":"layer0"},"isCustomized_tap":true,"withModifier_tap":{}}}},"id":"B3B155BA-5C84-4556-BA2F-56DD5EDB0E65","fromDetail":{"output":{"letter_keys":{"_0":"z"}},"display":"Z"}},{"toDetailCollection":{},"id":"48DF79F7-D449-41C6-876B-70714FB80CE3","fromDetail":{"display":"_","output":{"international_keys":{"_0":"international1"}}}},{"toDetailCollection":{"condition0":{"layer1":{"outputAndDisplay_tap":{"isSFSymbol":true,"layerKey":"layer0","output":{"arrow_keys":{"_0":"left_arrow"}},"display":"arrowtriangle.left.fill"},"isCustomized_tap":true,"withModifier_tap":{"isWithCommand":true,"isWithModifier":true}}}},"id":"A772A767-6386-4626-A649-CC4D183140C6","fromDetail":{"output":{"letter_keys":{"_0":"m"}},"display":"M"}},{"id":"A9ED2345-449E-4F6A-A39D-DE34E44CBE50","fromDetail":{"output":{"letter_keys":{"_0":"x"}},"display":"X"},"toDetailCollection":{"condition0":{"layer1":{"isCustomized_tap":true,"outputAndDisplay_tap":{"layerKey":"layer0","output":{"number_keys":{"_0":"seven"}},"display":"7"},"withModifier_tap":{}}}}},{"toDetailCollection":{},"fromDetail":{"isSFSymbol":true,"output":{"modifier_keys":{"_0":"right_shift"}},"display":"shift"},"unitSize":1.75,"id":"17222E6E-A196-41A9-88C3-C659A38B0C46"},{"toDetailCollection":{"condition0":{"layer1":{"withModifier_tap":{},"outputAndDisplay_tap":{"isSFSymbol":true,"display":"escape","layerKey":"layer0","output":{"controls_and_symbols":{"_0":"escape"}}},"isCustomized_tap":true}}},"id":"81885F5A-75D6-424E-AD6A-5522CFC15A05","fromDetail":{"display":",","output":{"controls_and_symbols":{"_0":"comma"}}}},{"id":"69A23D26-7E2F-4869-94C9-789B6794A8B6","fromDetail":{"display":"C","output":{"letter_keys":{"_0":"c"}}},"toDetailCollection":{"condition0":{"layer1":{"outputAndDisplay_tap":{"layerKey":"layer0","display":"8","output":{"number_keys":{"_0":"eight"}}},"withModifier_tap":{},"isCustomized_tap":true}}}},{"id":"151A0E64-0E94-4BDD-9350-31B6D70C25FE","fromDetail":{"output":{"letter_keys":{"_0":"n"}},"display":"N"},"toDetailCollection":{"condition0":{"layer1":{"withModifier_tap":{},"outputAndDisplay_tap":{"display":"none","layerKey":"layer0"},"macro_id_tap":"A4CF6F60-C6F1-4354-91DA-ED277EFE9B02","isCustomized_tap":true,"isMacro_tap":true}}}},{"fromDetail":{"output":{"controls_and_symbols":{"_0":"period"}},"display":"."},"toDetailCollection":{"condition0":{"layer1":{"outputAndDisplay_tap":{"display":"arrowtriangle.right.fill","layerKey":"layer0","output":{"arrow_keys":{"_0":"right_arrow"}},"isSFSymbol":true},"withModifier_tap":{"isWithModifier":true,"isWithCommand":true},"isCustomized_tap":true}}},"id":"904573B9-5A07-4F9D-A662-9E142C927EAD"},{"fromDetail":{"output":{"letter_keys":{"_0":"v"}},"display":"V"},"toDetailCollection":{"condition0":{"layer1":{"withModifier_tap":{},"isCustomized_tap":true,"outputAndDisplay_tap":{"output":{"number_keys":{"_0":"nine"}},"layerKey":"layer0","display":"9"}}}},"id":"6E175BFA-25EA-41EC-A3E2-CD51E605EA1E"},{"id":"6557B14E-AA08-4412-9FBE-CA649703AE6B","fromDetail":{"display":"shift","isSFSymbol":true,"output":{"modifier_keys":{"_0":"left_shift"}}},"unitSize":1.75,"toDetailCollection":{}},{"toDetailCollection":{"condition0":{"layer1":{"macro_id_tap":"374F6997-DDBC-479D-9D0E-FE3DC37F066C","outputAndDisplay_tap":{"display":"none","layerKey":"layer0"},"withModifier_tap":{},"isCustomized_tap":true,"isMacro_tap":true}}},"id":"4DFECC62-1390-4926-BF08-0BF0DE2A15C3","fromDetail":{"output":{"controls_and_symbols":{"_0":"slash"}},"display":"\/"}},{"toDetailCollection":{"condition0":{"layer1":{"isCustomized_tap":true,"outputAndDisplay_tap":{"output":{"controls_and_symbols":{"_0":"delete_forward"}},"display":"delete.right","layerKey":"layer0","isSFSymbol":true},"withModifier_tap":{}}}},"id":"2DBE3015-498D-4CF2-AF61-1267FA8722FF","fromDetail":{"output":{"letter_keys":{"_0":"b"}},"display":"B"}}],"row3":[{"toDetailCollection":{"condition0":{"layer1":{"outputAndDisplay_tap":{"isSFSymbol":true,"display":"arrowtriangle.right.fill","output":{"arrow_keys":{"_0":"right_arrow"}},"layerKey":"layer0"},"withModifier_tap":{"isWithModifier":true,"isWithControl":true},"isCustomized_tap":true}}},"id":"E36AA673-C2D5-408E-88D3-50E7AB010459","fromDetail":{"display":"P","output":{"letter_keys":{"_0":"p"}}}},{"fromDetail":{"output":{"letter_keys":{"_0":"r"}},"display":"R"},"id":"8DB96F87-89BF-4F98-9DF5-2398A9247DD2","toDetailCollection":{"condition0":{"layer1":{"outputAndDisplay_tap":{"layerKey":"layer0","output":{"number_keys":{"_0":"three"}},"display":"3"},"withModifier_tap":{},"isCustomized_tap":true}}}},{"toDetailCollection":{},"id":"1609A43C-BE38-4335-838A-658CF79F7AB9","fromDetail":{"output":{"controls_and_symbols":{"_0":"tab"}},"isSFSymbol":true,"display":"arrow.right.to.line"}},{"keyShape":"enter_JIS","id":"BDD21911-C6ED-4DCC-A212-328C3FB0D6E7","toDetailCollection":{},"unitSize":1.5,"fromDetail":{"output":{"controls_and_symbols":{"_0":"return_or_enter"}},"display":"return","isSFSymbol":true}},{"id":"D40184A4-AA5F-4478-8721-F5F6452DC5AC","fromDetail":{"display":"O","output":{"letter_keys":{"_0":"o"}}},"toDetailCollection":{"condition0":{"layer1":{"withModifier_tap":{"isWithOption":true,"isWithModifier":true},"outputAndDisplay_tap":{"isSFSymbol":true,"display":"arrowtriangle.right.fill","output":{"arrow_keys":{"_0":"right_arrow"}},"layerKey":"layer0"},"isCustomized_tap":true}}}},{"toDetailCollection":{"condition0":{"layer1":{"isCustomized_tap":true,"withModifier_tap":{},"outputAndDisplay_tap":{"output":{"number_keys":{"_0":"two"}},"layerKey":"layer0","display":"2"}}}},"fromDetail":{"display":"E","output":{"letter_keys":{"_0":"e"}}},"id":"A6CED121-32FA-48CB-A761-A4895FF461A9"},{"toDetailCollection":{},"fromDetail":{"output":{"controls_and_symbols":{"_0":"open_square_bracket_jis"}},"display":"["},"id":"796B67C7-E031-482D-A2CF-A86F8DE258ED"},{"toDetailCollection":{"condition0":{"layer1":{"outputAndDisplay_tap":{"isSFSymbol":true,"layerKey":"layer0","display":"arrowtriangle.left.fill","output":{"arrow_keys":{"_0":"left_arrow"}}},"isCustomized_tap":true,"withModifier_tap":{"isWithModifier":true,"isWithControl":true}}}},"id":"98F38EEC-0417-47FE-847F-9FB568296600","fromDetail":{"display":"Y","output":{"letter_keys":{"_0":"y"}}}},{"toDetailCollection":{"condition0":{"layer1":{"outputAndDisplay_tap":{"display":"1","output":{"number_keys":{"_0":"one"}},"layerKey":"layer0"},"withModifier_tap":{},"isCustomized_tap":true}}},"id":"9B5E07BA-0A1C-4840-8B6B-4D954F901F1E","fromDetail":{"output":{"letter_keys":{"_0":"w"}},"display":"W"}},{"fromDetail":{"output":{"letter_keys":{"_0":"u"}},"display":"U"},"id":"0A1799A7-C74E-4D45-88FF-A65F8006A3E7","toDetailCollection":{"condition0":{"layer1":{"withModifier_tap":{"isWithOption":true,"isWithModifier":true},"outputAndDisplay_tap":{"output":{"arrow_keys":{"_0":"left_arrow"}},"display":"arrowtriangle.left.fill","layerKey":"layer0","isSFSymbol":true},"isCustomized_tap":true}}}},{"fromDetail":{"display":"@","output":{"controls_and_symbols":{"_0":"commercial_at_jis"}}},"toDetailCollection":{},"id":"001BE39F-2311-42AE-9C85-CB3902E314BA"},{"fromDetail":{"output":{"letter_keys":{"_0":"t"}},"display":"T"},"id":"434F62BF-7D2A-4D4C-A333-FDB0D9EA4968","toDetailCollection":{"condition0":{"layer1":{"outputAndDisplay_tap":{"isSFSymbol":true,"display":"delete.left","output":{"controls_and_symbols":{"_0":"delete_or_backspace"}},"layerKey":"layer0"},"isCustomized_tap":true,"withModifier_tap":{}}}}},{"id":"ECE374F0-AA59-4A0F-8466-AB5243A24574","fromDetail":{"output":{"letter_keys":{"_0":"q"}},"display":"Q"},"toDetailCollection":{"condition0":{"layer1":{"isCustomized_tap":true,"outputAndDisplay_tap":{"display":"return","isSFSymbol":true,"output":{"controls_and_symbols":{"_0":"return_or_enter"}},"layerKey":"layer0"},"withModifier_tap":{}}}}},{"id":"99B1E24B-B5D0-4C89-A0E6-B34AEEEDB63C","toDetailCollection":{"condition0":{"layer1":{"withModifier_tap":{},"isCustomized_tap":true,"outputAndDisplay_tap":{"output":{"arrow_keys":{"_0":"up_arrow"}},"display":"arrowtriangle.up.fill","layerKey":"layer0","isSFSymbol":true}}}},"fromDetail":{"display":"I","output":{"letter_keys":{"_0":"i"}}}}],"idsInOrderRow4":[{"id":"1BD99286-2B2D-44C6-A223-1A479DF1BA76"},{"id":"E9EE3404-4FB8-49D3-92FA-66EBE2C07F0C"},{"id":"8D45E25A-E6A5-4CFF-9619-52D91FB7A156"},{"id":"E8D56E2A-F26C-421D-89B7-2704227EB447"},{"id":"F6779694-A044-4C4B-96F3-CF39D492015D"},{"id":"2DA497B3-7771-4C2C-BFDB-151A20A0D410"},{"id":"F82A58BB-01DD-431F-B75B-BB06993E698F"},{"id":"655F2E36-ACF8-41DA-B22B-F3B28F767E80"},{"id":"BE165666-9348-4DB1-8298-0A4A89CD234E"},{"id":"CF3D4194-871E-4BB5-AFDD-00C97620DC42"},{"id":"284A0FB8-1578-466B-8B84-5B8D59D9DC2F"},{"id":"5F53A52A-B802-492A-89A3-B611173FF42D"},{"id":"2DDB7004-9D70-4D3B-A1B2-A7A357624324"}],"idsInOrderRow1":[{"id":"5CACF80C-C76D-46CA-85EA-3D80C4F4B5D1"},{"id":"A7381E80-4404-4855-95D3-CF976AA73C78"},{"id":"2176CECB-BA98-40AA-8BF9-498FF5F0AF07"},{"id":"FE1F575D-DF98-4480-89D5-130CAECA4E1A"},{"id":"02FCD0EC-5151-4129-AA2C-0A6F15386580"},{"id":"EFA837ED-50AD-4679-97D3-DC192FB99C70"},{"id":"5B20D1C0-026D-4F69-A5CF-FA9FFC523A19"},{"id":"B00F2037-08B4-483E-91A6-80B66307239C"},{"id":"664806CB-3011-4C4B-8628-5801D2355C95"},{"id":"ED25820C-AAED-4B73-9573-9C34B8A3E732"},{"id":"A8D879C8-FA43-4F28-A156-B6E2B1316F17"},{"id":"BEB69976-A42D-4FF6-9F70-D08F0DF67608"},{"id":"8ED400BA-E36E-44F2-A87F-58344AD6B3EF"}],"row6":[{"id":"CDD1683D-8F9C-4A43-9C94-7F498E5FFE5A","toDetailCollection":{},"fromDetail":{"output":{"modifier_keys":{"_0":"left_command"}},"isSFSymbol":true,"display":"command"},"unitSize":1.25},{"unitSize":3.5,"id":"4627674B-DCB8-41EF-8625-EC44D79751AB","fromDetail":{"display":"␣","output":{"controls_and_symbols":{"_0":"spacebar"}}},"toDetailCollection":{"condition0":{"layer0":{"outputAndDisplay_tap":{"display":"␣","output":{"controls_and_symbols":{"_0":"spacebar"}},"layerKey":"layer0"},"outputAndDisplay_hold":{"output":{"layer_keys":{"_0":"layer1"}},"display":"1.square","isSFSymbol":true},"tapHoldType":"chord","isCustomized_hold":true,"isTapHoldEnabled":true,"withModifier_tap":{},"withModifier_hold":{},"isCustomized_tap":true}}}},{"id":"B0C8F554-3EB9-45DB-9836-70F64BC03B82","fromDetail":{"output":{"modifier_keys":{"_0":"caps_lock"}},"isSFSymbol":true,"display":"capslock"},"toDetailCollection":{}},{"id":"20E196F6-F80C-4D40-80B8-2CD4DD3FDF3D","fromDetail":{"isSFSymbol":true,"output":{"modifier_keys":{"_0":"keyboard_fn"}},"display":"globe"},"toDetailCollection":{}},{"unitSize":1.25,"fromDetail":{"display":"command","isSFSymbol":true,"output":{"modifier_keys":{"_0":"right_command"}}},"toDetailCollection":{},"id":"C7B5F443-94C9-45E1-982E-A47EC59227F3"},{"unitSize":1.25,"fromDetail":{"output":{"japanese":{"_0":"kana"}},"display":"かな"},"id":"B1B34D4A-93BA-45E9-B401-536692A923F4","toDetailCollection":{}},{"fromDetail":{"output":{"japanese":{"_0":"eisuu"}},"display":"英数"},"toDetailCollection":{},"unitSize":1.25,"id":"724C19C5-992E-4220-B4DA-DC3DAE3F3927"},{"id":"BB00F6F5-7A13-423E-BD7E-18BF4F8F56D1","toDetailCollection":{},"fromDetail":{"isSFSymbol":true,"output":{"modifier_keys":{"_0":"left_option"}},"display":"option"}}],"idsInOrderRow5":[{"id":"6557B14E-AA08-4412-9FBE-CA649703AE6B"},{"id":"B3B155BA-5C84-4556-BA2F-56DD5EDB0E65"},{"id":"A9ED2345-449E-4F6A-A39D-DE34E44CBE50"},{"id":"69A23D26-7E2F-4869-94C9-789B6794A8B6"},{"id":"6E175BFA-25EA-41EC-A3E2-CD51E605EA1E"},{"id":"2DBE3015-498D-4CF2-AF61-1267FA8722FF"},{"id":"151A0E64-0E94-4BDD-9350-31B6D70C25FE"},{"id":"A772A767-6386-4626-A649-CC4D183140C6"},{"id":"81885F5A-75D6-424E-AD6A-5522CFC15A05"},{"id":"904573B9-5A07-4F9D-A662-9E142C927EAD"},{"id":"4DFECC62-1390-4926-BF08-0BF0DE2A15C3"},{"id":"48DF79F7-D449-41C6-876B-70714FB80CE3"},{"id":"17222E6E-A196-41A9-88C3-C659A38B0C46"}],"idsInOrderRow6":[{"id":"B0C8F554-3EB9-45DB-9836-70F64BC03B82"},{"id":"BB00F6F5-7A13-423E-BD7E-18BF4F8F56D1"},{"id":"CDD1683D-8F9C-4A43-9C94-7F498E5FFE5A"},{"id":"724C19C5-992E-4220-B4DA-DC3DAE3F3927"},{"id":"4627674B-DCB8-41EF-8625-EC44D79751AB"},{"id":"B1B34D4A-93BA-45E9-B401-536692A923F4"},{"id":"C7B5F443-94C9-45E1-982E-A47EC59227F3"},{"id":"20E196F6-F80C-4D40-80B8-2CD4DD3FDF3D"}],"idsInOrderRow2":[{"id":"3DE29FEF-FCD0-4B4E-A639-4D70BC0E51A5"},{"id":"CBDBA337-729C-4D83-ACEC-84B96CB9B176"},{"id":"FF9164CC-5270-4F4C-90DB-7585DE80EAF9"},{"id":"16B1F722-1245-4B53-8CF3-A5E332951A59"},{"id":"B891656D-1AE1-4A86-9100-6029D96DACCB"},{"id":"CA7FF4E9-9ADA-47BB-BD2E-5B7D48F98115"},{"id":"6100BB19-CBA9-41ED-BCC8-1365C4DBA310"},{"id":"2F07D32D-3C3D-4917-8A5E-061B1C11F4EE"},{"id":"DE926444-B65A-4320-9360-E7E232664E71"},{"id":"D2D208D7-F7D5-4ADB-A0E3-47F91238881E"},{"id":"F862E500-0DCB-4DB3-B366-721C917CAE20"},{"id":"23D42E8E-FAE5-4E68-939C-473F07808E09"},{"id":"09523D3E-CC65-4615-9F41-2E2A0EB5194B"},{"id":"BC92DDDE-BA3C-46D2-97EA-E5879E1B0351"}],"arrow_left":{"toDetailCollection":{},"id":"D44AE57F-7D2A-4B9B-AE90-641278D3FF8A","fromDetail":{"output":{"arrow_keys":{"_0":"left_arrow"}},"display":"arrowtriangle.left.fill","isSFSymbol":true},"keyShape":"arrow_LR"},"rowIndex_arrow":{"row6":{}},"arrow_up":{"fromDetail":{"output":{"arrow_keys":{"_0":"up_arrow"}},"display":"arrowtriangle.up.fill","isSFSymbol":true},"keyShape":"arrow_Up","toDetailCollection":{},"id":"1FCA4806-8D68-481F-B9FF-B924A9DC47DF"}},"sectionDetail":{"section":{"main":{}},"deviceDetail":{"location_id":"location_id","device_name":"mainKeyboard","is_location_id_Enabled":false,"is_product_id_Enabled":false,"is_builtin_keyboard":false,"is_vendor_id_Enabled":false,"product_id":"product_id","vendor_id":"vendor_id"}},"subRows":{"idsInOrderRow2":[{"id":"5763966D-EE92-4847-85B5-1913AFD11619"},{"id":"4C2DB6E4-A681-4DB3-A872-B5D089466773"},{"id":"0F7DAA15-A4C8-458C-8D37-6409BE2E8F59"}],"arrow_left":{"id":"D7176542-B99C-4BDA-A067-F47B77E9A483","keyShape":"arrow_LR","toDetailCollection":{},"fromDetail":{"output":{"arrow_keys":{"_0":"left_arrow"}},"display":"arrowtriangle.left.fill","isSFSymbol":true}},"row3":[{"toDetailCollection":{},"id":"BCE60750-5DD5-479A-9489-B6600213E6B2","fromDetail":{"isSFSymbol":true,"output":{"arrow_keys":{"_0":"page_down"}},"display":"arrow.down"}},{"toDetailCollection":{},"id":"3C075A81-035F-4C7D-A53E-E62B5DFC9A63","fromDetail":{"display":"delete.right","isSFSymbol":true,"output":{"controls_and_symbols":{"_0":"delete_forward"}}}},{"id":"821D150E-A65D-4934-AF34-8D52DEC49D13","fromDetail":{"output":{"arrow_keys":{"_0":"end"}},"isSFSymbol":true,"display":"arrow.down.to.line"},"toDetailCollection":{}}],"arrow_up":{"fromDetail":{"isSFSymbol":true,"output":{"arrow_keys":{"_0":"up_arrow"}},"display":"arrowtriangle.up.fill"},"keyShape":"arrow_Up","toDetailCollection":{},"id":"403355B7-670F-49C3-8C69-455F54D951A8"},"row4":[],"idsInOrderRow1":[{"id":"5832541B-4FC1-4815-B3B3-E7F3672C98C3"},{"id":"B8F3CF8D-4B61-4C9C-A49E-D937C5EC5C5D"},{"id":"598D5C57-9196-43E4-AA3E-98B32F35A189"}],"idsInOrderRow6":[{"id":"14D0F55F-B64B-4CEE-A83F-4498B82C2201"},{"id":"ED0C8311-1A35-4FC7-8784-22F78D8D41E9"},{"id":"6D08A8D5-0BFE-4E3D-BE8B-175C64345C7C"}],"row6":[{"toDetailCollection":{},"id":"14D0F55F-B64B-4CEE-A83F-4498B82C2201","fromDetail":{"isSFSymbol":true,"output":{"arrow_keys":{"_0":"left_arrow"}},"display":"arrowtriangle.left.fill"}},{"id":"6D08A8D5-0BFE-4E3D-BE8B-175C64345C7C","toDetailCollection":{},"fromDetail":{"isSFSymbol":true,"output":{"arrow_keys":{"_0":"right_arrow"}},"display":"arrowtriangle.right.fill"}},{"id":"ED0C8311-1A35-4FC7-8784-22F78D8D41E9","fromDetail":{"display":"arrowtriangle.down.fill","isSFSymbol":true,"output":{"arrow_keys":{"_0":"down_arrow"}}},"toDetailCollection":{}}],"idsInOrderRow3":[{"id":"3C075A81-035F-4C7D-A53E-E62B5DFC9A63"},{"id":"821D150E-A65D-4934-AF34-8D52DEC49D13"},{"id":"BCE60750-5DD5-479A-9489-B6600213E6B2"}],"rowIndex_arrow":{"row6":{}},"arrow_right":{"id":"77D9449F-5765-4305-8791-F3932EE19C4E","toDetailCollection":{},"keyShape":"arrow_LR","fromDetail":{"output":{"arrow_keys":{"_0":"right_arrow"}},"isSFSymbol":true,"display":"arrowtriangle.right.fill"}},"row5":[{"id":"A26253D5-B764-4A68-942B-018A098A9F5B","fromDetail":{"output":{"letter_keys":{"_0":"a"}},"display":"A"},"isSpacer":true,"toDetailCollection":{}},{"fromDetail":{"isSFSymbol":true,"output":{"arrow_keys":{"_0":"up_arrow"}},"display":"arrowtriangle.up.fill"},"id":"8FAF2D49-F084-4640-B29F-6DF2215C7678","toDetailCollection":{}}],"row2":[{"fromDetail":{"output":{"keys_in_pc_keyboards":{"_0":"insert"}},"display":"text.insert","isSFSymbol":true},"toDetailCollection":{},"id":"5763966D-EE92-4847-85B5-1913AFD11619"},{"id":"0F7DAA15-A4C8-458C-8D37-6409BE2E8F59","toDetailCollection":{},"fromDetail":{"display":"arrow.up","output":{"arrow_keys":{"_0":"page_up"}},"isSFSymbol":true}},{"id":"4C2DB6E4-A681-4DB3-A872-B5D089466773","fromDetail":{"isSFSymbol":true,"output":{"arrow_keys":{"_0":"home"}},"display":"arrow.up.to.line"},"toDetailCollection":{}}],"arrow_down":{"id":"9C00C656-02C5-4B77-8E4A-6A30751423C9","toDetailCollection":{},"fromDetail":{"display":"arrowtriangle.down.fill","output":{"arrow_keys":{"_0":"down_arrow"}},"isSFSymbol":true},"keyShape":"arrow_Down"},"idsInOrderRow4":[],"idsInOrderRow5":[{"id":"A26253D5-B764-4A68-942B-018A098A9F5B"},{"id":"8FAF2D49-F084-4640-B29F-6DF2215C7678"}],"row1":[{"fromDetail":{"display":"F15","output":{"function_keys":{"_0":"f15"}}},"toDetailCollection":{},"id":"598D5C57-9196-43E4-AA3E-98B32F35A189"},{"id":"5832541B-4FC1-4815-B3B3-E7F3672C98C3","fromDetail":{"output":{"function_keys":{"_0":"f13"}},"display":"F13"},"toDetailCollection":{}},{"id":"B8F3CF8D-4B61-4C9C-A49E-D937C5EC5C5D","toDetailCollection":{},"fromDetail":{"display":"F14","output":{"function_keys":{"_0":"f14"}}}}],"enableArrowKeys":false},"isEnableMain":true,"tenkeyRows":{"idsInOrderRow2":[{"id":"99195FB4-7202-4264-B001-E533E794324C"},{"id":"72759EB5-BAC8-4C03-98BF-F1BC88826BF9"},{"id":"6B5B44A5-CB8D-4A1B-A736-973CED2F44B0"},{"id":"7A2487C1-21D7-41DF-9198-C11FC8144239"}],"row1":[{"fromDetail":{"output":{"function_keys":{"_0":"f19"}},"display":"F19"},"id":"6B676A0A-16F9-4094-8036-59DE0BB1076A","toDetailCollection":{}},{"id":"94DEFC5E-EC59-46CD-A13C-4E8F7DB73F40","fromDetail":{"display":"F18","output":{"function_keys":{"_0":"f18"}}},"toDetailCollection":{}},{"id":"AC01999F-FAB3-44F2-AA15-C017FA7256F5","fromDetail":{"display":"F17","output":{"function_keys":{"_0":"f17"}}},"toDetailCollection":{}},{"id":"42E627A5-EB59-4443-A253-7F544DEE11E9","fromDetail":{"display":"F16","output":{"function_keys":{"_0":"f16"}}},"toDetailCollection":{}}],"rowIndex_arrow":{"row6":{}},"arrow_down":{"toDetailCollection":{},"keyShape":"arrow_Down","id":"C4648809-23CC-4615-836F-72EA799353CA","fromDetail":{"output":{"arrow_keys":{"_0":"down_arrow"}},"display":"arrowtriangle.down.fill","isSFSymbol":true}},"idsInOrderRow6":[{"id":"465837E2-56B3-4DEA-B2AD-E0D7EE1A3524"},{"id":"B8149ECE-A481-4028-8063-EB9FB0AD3B40"},{"id":"2B4DEF0E-8C95-4DD4-B924-439D2E4EED73"}],"row3":[{"toDetailCollection":{},"id":"D173F553-15BF-47A7-B443-92F9ABECE70F","fromDetail":{"output":{"keypad_keys":{"_0":"keypad_hyphen"}},"display":"-"}},{"id":"DF41C7E1-3808-4041-A7A2-17DE7EBD2F4F","fromDetail":{"output":{"keypad_keys":{"_0":"keypad_9"}},"display":"9"},"toDetailCollection":{}},{"fromDetail":{"output":{"keypad_keys":{"_0":"keypad_8"}},"display":"8"},"id":"D798EA7E-4574-4705-AF68-CAC5E654ACF2","toDetailCollection":{}},{"fromDetail":{"output":{"keypad_keys":{"_0":"keypad_7"}},"display":"7"},"toDetailCollection":{},"id":"EA7E27D3-97C7-4DA6-AC34-03EA60BAB924"}],"row5":[{"keyShape":"enter_Tenkey","fromDetail":{"isSFSymbol":true,"display":"projective","output":{"keypad_keys":{"_0":"keypad_enter"}}},"toDetailCollection":{},"id":"41A5ACF5-5498-43EA-880F-0BFE65E72D06"},{"fromDetail":{"display":"3","output":{"keypad_keys":{"_0":"keypad_3"}}},"id":"DC929EBD-CBF6-472E-B4F2-CF17CCFCB10E","toDetailCollection":{}},{"fromDetail":{"display":"2","output":{"keypad_keys":{"_0":"keypad_2"}}},"toDetailCollection":{},"id":"F0B2F744-0365-42D5-AAC1-8678B2867612"},{"toDetailCollection":{},"id":"57420D7B-2FE3-4592-BA33-B9BDDEBA52CB","fromDetail":{"display":"1","output":{"keypad_keys":{"_0":"keypad_1"}}}}],"row6":[{"id":"2B4DEF0E-8C95-4DD4-B924-439D2E4EED73","fromDetail":{"display":".","output":{"keypad_keys":{"_0":"keypad_period"}}},"toDetailCollection":{}},{"toDetailCollection":{},"id":"B8149ECE-A481-4028-8063-EB9FB0AD3B40","fromDetail":{"output":{"keypad_keys":{"_0":"keypad_comma"}},"display":","}},{"fromDetail":{"display":"0","output":{"keypad_keys":{"_0":"keypad_0"}}},"toDetailCollection":{},"id":"465837E2-56B3-4DEA-B2AD-E0D7EE1A3524"}],"row2":[{"id":"7A2487C1-21D7-41DF-9198-C11FC8144239","fromDetail":{"display":"*","output":{"keypad_keys":{"_0":"keypad_asterisk"}}},"toDetailCollection":{}},{"fromDetail":{"display":"\/","output":{"keypad_keys":{"_0":"keypad_slash"}}},"toDetailCollection":{},"id":"6B5B44A5-CB8D-4A1B-A736-973CED2F44B0"},{"toDetailCollection":{},"fromDetail":{"output":{"keypad_keys":{"_0":"keypad_equal_sign"}},"display":"="},"id":"72759EB5-BAC8-4C03-98BF-F1BC88826BF9"},{"fromDetail":{"output":{"others":{"_0":"clear"}},"display":"clear"},"id":"99195FB4-7202-4264-B001-E533E794324C","toDetailCollection":{}}],"idsInOrderRow3":[{"id":"EA7E27D3-97C7-4DA6-AC34-03EA60BAB924"},{"id":"D798EA7E-4574-4705-AF68-CAC5E654ACF2"},{"id":"DF41C7E1-3808-4041-A7A2-17DE7EBD2F4F"},{"id":"D173F553-15BF-47A7-B443-92F9ABECE70F"}],"idsInOrderRow5":[{"id":"57420D7B-2FE3-4592-BA33-B9BDDEBA52CB"},{"id":"F0B2F744-0365-42D5-AAC1-8678B2867612"},{"id":"DC929EBD-CBF6-472E-B4F2-CF17CCFCB10E"},{"id":"41A5ACF5-5498-43EA-880F-0BFE65E72D06"}],"arrow_right":{"id":"B980C2E5-879A-4DAF-93C0-D5E16D02C99F","fromDetail":{"output":{"arrow_keys":{"_0":"right_arrow"}},"isSFSymbol":true,"display":"arrowtriangle.right.fill"},"toDetailCollection":{},"keyShape":"arrow_LR"},"idsInOrderRow4":[{"id":"466F71D4-7684-42D9-9190-DA6763F8A138"},{"id":"AFD78CB4-6658-4F27-B05C-5383E8E13CA2"},{"id":"E2EF5B0B-E2E2-4C63-9573-F26E58E7A25D"},{"id":"9475B9C8-A9EC-40A0-8FB4-5BD9EE28F201"}],"idsInOrderRow1":[{"id":"42E627A5-EB59-4443-A253-7F544DEE11E9"},{"id":"AC01999F-FAB3-44F2-AA15-C017FA7256F5"},{"id":"94DEFC5E-EC59-46CD-A13C-4E8F7DB73F40"},{"id":"6B676A0A-16F9-4094-8036-59DE0BB1076A"}],"enableArrowKeys":false,"row4":[{"toDetailCollection":{},"id":"9475B9C8-A9EC-40A0-8FB4-5BD9EE28F201","fromDetail":{"output":{"keypad_keys":{"_0":"keypad_plus"}},"display":"+"}},{"id":"E2EF5B0B-E2E2-4C63-9573-F26E58E7A25D","toDetailCollection":{},"fromDetail":{"output":{"keypad_keys":{"_0":"keypad_6"}},"display":"6"}},{"fromDetail":{"display":"5","output":{"keypad_keys":{"_0":"keypad_5"}}},"toDetailCollection":{},"id":"AFD78CB4-6658-4F27-B05C-5383E8E13CA2"},{"id":"466F71D4-7684-42D9-9190-DA6763F8A138","fromDetail":{"output":{"keypad_keys":{"_0":"keypad_4"}},"display":"4"},"toDetailCollection":{}}],"arrow_left":{"fromDetail":{"output":{"arrow_keys":{"_0":"left_arrow"}},"display":"arrowtriangle.left.fill","isSFSymbol":true},"toDetailCollection":{},"keyShape":"arrow_LR","id":"B0CD247C-28A8-49EA-B9A7-AFFE3C712CA3"},"arrow_up":{"id":"97A12584-E9E4-49B4-A5FD-03EDD404E713","keyShape":"arrow_Up","toDetailCollection":{},"fromDetail":{"output":{"arrow_keys":{"_0":"up_arrow"}},"display":"arrowtriangle.up.fill","isSFSymbol":true}}}},"mouse":{"isEnableSub":false,"sectionDetail":{"section":{"mouse":{}},"deviceDetail":{"location_id":"location_id","is_location_id_Enabled":false,"is_product_id_Enabled":false,"is_builtin_keyboard":false,"vendor_id":"vendor_id","device_name":"mouse","product_id":"product_id","is_vendor_id_Enabled":false}},"isEnableMain":true,"isEnableTenkey":false,"tenkeyRows":{"arrow_right":{"toDetailCollection":{},"id":"CD3EB0CA-623C-4CED-A7D8-0D1F0C2F51E2","keyShape":"arrow_LR","fromDetail":{"output":{"arrow_keys":{"_0":"right_arrow"}},"isSFSymbol":true,"display":"arrowtriangle.right.fill"}},"idsInOrderRow1":[{"id":"3220A21E-DCC0-41C9-9F40-A8A4F2FD46A1"}],"row6":[{"fromDetail":{"output":{"letter_keys":{"_0":"a"}},"display":"A"},"id":"B4C205EC-A276-440A-AB50-DB6427269EA6","toDetailCollection":{}}],"idsInOrderRow4":[{"id":"289D730D-A15D-4F04-8C67-CAB1BA95033C"}],"arrow_left":{"id":"21FBB4A6-166A-4955-B87B-71C307320CE2","keyShape":"arrow_LR","fromDetail":{"output":{"arrow_keys":{"_0":"left_arrow"}},"display":"arrowtriangle.left.fill","isSFSymbol":true},"toDetailCollection":{}},"idsInOrderRow3":[{"id":"BD68B811-065B-4023-9F5D-0F6061DAB3FC"}],"rowIndex_arrow":{"row6":{}},"arrow_down":{"keyShape":"arrow_Down","id":"4E705A26-B2DB-485D-8E16-13010B8D800E","fromDetail":{"output":{"arrow_keys":{"_0":"down_arrow"}},"display":"arrowtriangle.down.fill","isSFSymbol":true},"toDetailCollection":{}},"row3":[{"fromDetail":{"output":{"letter_keys":{"_0":"a"}},"display":"A"},"toDetailCollection":{},"id":"BD68B811-065B-4023-9F5D-0F6061DAB3FC"}],"idsInOrderRow6":[{"id":"B4C205EC-A276-440A-AB50-DB6427269EA6"}],"row1":[{"fromDetail":{"display":"A","output":{"letter_keys":{"_0":"a"}}},"toDetailCollection":{},"id":"3220A21E-DCC0-41C9-9F40-A8A4F2FD46A1"}],"row5":[{"fromDetail":{"display":"A","output":{"letter_keys":{"_0":"a"}}},"toDetailCollection":{},"id":"74BEE196-C7AC-4B4F-A6C2-95B0862177FB"}],"row4":[{"toDetailCollection":{},"fromDetail":{"output":{"letter_keys":{"_0":"a"}},"display":"A"},"id":"289D730D-A15D-4F04-8C67-CAB1BA95033C"}],"arrow_up":{"keyShape":"arrow_Up","id":"B6E267D7-9039-486B-BB90-7882BF843559","toDetailCollection":{},"fromDetail":{"isSFSymbol":true,"output":{"arrow_keys":{"_0":"up_arrow"}},"display":"arrowtriangle.up.fill"}},"idsInOrderRow5":[{"id":"74BEE196-C7AC-4B4F-A6C2-95B0862177FB"}],"enableArrowKeys":false,"row2":[{"id":"5336F825-5206-4957-AEC6-AD8497DC8638","toDetailCollection":{},"fromDetail":{"display":"A","output":{"letter_keys":{"_0":"a"}}}}],"idsInOrderRow2":[{"id":"5336F825-5206-4957-AEC6-AD8497DC8638"}]},"subRows":{"arrow_left":{"fromDetail":{"isSFSymbol":true,"output":{"arrow_keys":{"_0":"left_arrow"}},"display":"arrowtriangle.left.fill"},"keyShape":"arrow_LR","toDetailCollection":{},"id":"DAC1448A-FF0D-4429-81E6-68863E6CB31F"},"arrow_right":{"keyShape":"arrow_LR","fromDetail":{"isSFSymbol":true,"output":{"arrow_keys":{"_0":"right_arrow"}},"display":"arrowtriangle.right.fill"},"id":"4A34411C-97FF-4BAD-AF56-A0862671F736","toDetailCollection":{}},"row2":[{"toDetailCollection":{},"fromDetail":{"output":{"letter_keys":{"_0":"a"}},"display":"A"},"id":"984CBC0B-0CFE-47CD-8B73-94A7AD5E0469"}],"idsInOrderRow3":[{"id":"13F5F4F9-E011-44BC-909E-5A9A3F8A3078"}],"arrow_down":{"keyShape":"arrow_Down","fromDetail":{"display":"arrowtriangle.down.fill","isSFSymbol":true,"output":{"arrow_keys":{"_0":"down_arrow"}}},"id":"A7B13DD9-1AA7-4C07-BFB3-B4EA70ACACD3","toDetailCollection":{}},"row3":[{"toDetailCollection":{},"id":"13F5F4F9-E011-44BC-909E-5A9A3F8A3078","fromDetail":{"output":{"letter_keys":{"_0":"a"}},"display":"A"}}],"row5":[{"toDetailCollection":{},"id":"1C610690-0B98-47C4-A953-DCEDFD4C753E","fromDetail":{"display":"A","output":{"letter_keys":{"_0":"a"}}}}],"arrow_up":{"id":"9FC12A1C-0972-426C-AE8B-ACA96CC2CFAD","keyShape":"arrow_Up","fromDetail":{"display":"arrowtriangle.up.fill","isSFSymbol":true,"output":{"arrow_keys":{"_0":"up_arrow"}}},"toDetailCollection":{}},"rowIndex_arrow":{"row6":{}},"idsInOrderRow2":[{"id":"984CBC0B-0CFE-47CD-8B73-94A7AD5E0469"}],"row4":[{"toDetailCollection":{},"fromDetail":{"output":{"letter_keys":{"_0":"a"}},"display":"A"},"id":"54783DDD-9F11-4F8D-A4FC-E00F4EB5C6E3"}],"idsInOrderRow6":[{"id":"AA652435-C120-49E2-86BF-3FB52594427B"}],"idsInOrderRow4":[{"id":"54783DDD-9F11-4F8D-A4FC-E00F4EB5C6E3"}],"enableArrowKeys":false,"row6":[{"id":"AA652435-C120-49E2-86BF-3FB52594427B","fromDetail":{"output":{"letter_keys":{"_0":"a"}},"display":"A"},"toDetailCollection":{}}],"row1":[{"fromDetail":{"output":{"letter_keys":{"_0":"a"}},"display":"A"},"id":"D9B4B854-18A5-4651-8068-218F05392E40","toDetailCollection":{}}],"idsInOrderRow1":[{"id":"D9B4B854-18A5-4651-8068-218F05392E40"}],"idsInOrderRow5":[{"id":"1C610690-0B98-47C4-A953-DCEDFD4C753E"}]},"mainRows":{"idsInOrderRow4":[{"id":"538A187C-173F-4572-982F-3F1610D667EA"}],"row3":[{"toDetailCollection":{},"isSpacer":true,"fromDetail":{"output":{"letter_keys":{"_0":"a"}},"display":"A"},"id":"7B5F9127-00E4-4589-A943-A28172B96299"}],"idsInOrderRow3":[{"id":"7B5F9127-00E4-4589-A943-A28172B96299"}],"enableArrowKeys":false,"idsInOrderRow6":[],"idsInOrderRow2":[{"id":"BC20D6C3-FD56-472F-8816-55A79A08C613"},{"id":"583C6D86-B108-40E3-8105-F08306E73B52"}],"row1":[{"toDetailCollection":{},"fromDetail":{"output":{"mouse_buttons":{"_0":"button1"}},"display":"L click"},"id":"E4263E40-B64A-4F92-A672-15940C84A6C2"},{"fromDetail":{"output":{"mouse_buttons":{"_0":"button2"}},"display":"R click"},"toDetailCollection":{},"id":"773F255E-6CF5-456C-BAC4-546D6329F6CD"}],"row5":[],"rowIndex_arrow":{"row6":{}},"idsInOrderRow1":[{"id":"E4263E40-B64A-4F92-A672-15940C84A6C2"},{"id":"773F255E-6CF5-456C-BAC4-546D6329F6CD"}],"arrow_left":{"keyShape":"arrow_LR","toDetailCollection":{},"id":"1DC538A3-1D0D-4F5E-8C80-56B386DE349E","fromDetail":{"display":"arrowtriangle.left.fill","output":{"arrow_keys":{"_0":"left_arrow"}},"isSFSymbol":true}},"arrow_down":{"fromDetail":{"isSFSymbol":true,"output":{"arrow_keys":{"_0":"down_arrow"}},"display":"arrowtriangle.down.fill"},"toDetailCollection":{},"keyShape":"arrow_Down","id":"807A8638-1784-43B9-8750-B87AE7E7D0F0"},"arrow_right":{"id":"B182E8BB-2E4F-4851-9DDC-B532F67E36E4","keyShape":"arrow_LR","toDetailCollection":{},"fromDetail":{"output":{"arrow_keys":{"_0":"right_arrow"}},"display":"arrowtriangle.right.fill","isSFSymbol":true}},"row2":[{"fromDetail":{"display":"M click","output":{"mouse_buttons":{"_0":"button3"}}},"toDetailCollection":{},"id":"583C6D86-B108-40E3-8105-F08306E73B52"},{"fromDetail":{"output":{"letter_keys":{"_0":"a"}},"display":"A"},"unitSize":0.5,"isSpacer":true,"toDetailCollection":{},"id":"BC20D6C3-FD56-472F-8816-55A79A08C613"}],"idsInOrderRow5":[],"row6":[],"row4":[{"fromDetail":{"display":"A","output":{"letter_keys":{"_0":"a"}}},"toDetailCollection":{},"isSpacer":true,"id":"538A187C-173F-4572-982F-3F1610D667EA"}],"arrow_up":{"id":"97C823CA-9F80-4BBB-A314-03E560E23364","fromDetail":{"isSFSymbol":true,"display":"arrowtriangle.up.fill","output":{"arrow_keys":{"_0":"up_arrow"}}},"keyShape":"arrow_Up","toDetailCollection":{}}}},"keycodeRegion":"JIS"},"name":"LayerSample_JIS"}