{"displayKeySize":65,"keymap":{"other":{"isEnableMain":true,"isEnableSub":false,"tenkeyRows":{"arrow_down":{"toDetailCollection":{},"id":"F7BC8F40-9646-447E-9C29-A745FDA770EA","fromDetail":{"display":"arrowtriangle.down.fill","isSFSymbol":true,"output":{"arrow_keys":{"_0":"down_arrow"}}},"keyShape":"arrow_Down"},"row2":[{"id":"D6F12133-775E-4819-AFAC-21B3B816E57B","fromDetail":{"output":{"keypad_keys":{"_0":"keypad_equal_sign"}},"display":"="},"toDetailCollection":{}},{"id":"0DCDBB12-4AB8-4F44-B8D2-7222EFAECAAA","toDetailCollection":{},"fromDetail":{"display":"clear","output":{"others":{"_0":"clear"}}}},{"id":"175E9ED3-9796-41FD-B8EC-B0C902676447","fromDetail":{"output":{"keypad_keys":{"_0":"keypad_asterisk"}},"display":"*"},"toDetailCollection":{}},{"fromDetail":{"output":{"keypad_keys":{"_0":"keypad_slash"}},"display":"\/"},"toDetailCollection":{},"id":"AC33838D-9090-43E1-93F7-D61C4A420E62"}],"rowIndex_arrow":{"row6":{}},"idsInOrderRow4":[{"id":"092F0D8D-E04B-47AE-81F0-212F817BFA25"},{"id":"4CF494CA-D7AC-4445-91B3-3B209A878FEF"},{"id":"7C86C541-2EBB-47AE-9046-8BDD4EA2F658"},{"id":"EE546A5B-A09B-4BB4-81CC-F835F24D89F4"}],"arrow_right":{"id":"97F48232-59F3-46E2-8A97-49B08FADD7BA","fromDetail":{"output":{"arrow_keys":{"_0":"right_arrow"}},"display":"arrowtriangle.right.fill","isSFSymbol":true},"toDetailCollection":{},"keyShape":"arrow_LR"},"idsInOrderRow2":[{"id":"0DCDBB12-4AB8-4F44-B8D2-7222EFAECAAA"},{"id":"D6F12133-775E-4819-AFAC-21B3B816E57B"},{"id":"AC33838D-9090-43E1-93F7-D61C4A420E62"},{"id":"175E9ED3-9796-41FD-B8EC-B0C902676447"}],"enableArrowKeys":false,"idsInOrderRow5":[{"id":"831D22A7-6702-4E4B-B6CC-1DB4AED19371"},{"id":"BAE4B6CB-7CC6-4661-820B-9B4C87F10D81"},{"id":"6776DD2F-E43E-4844-880E-72F399FDA9F7"},{"id":"B1E8714B-A8AA-4DB8-8CE5-91B351CE17C2"}],"row1":[{"toDetailCollection":{},"id":"2B15ED98-79C2-4C38-9534-87A77CD44329","fromDetail":{"display":"F16","output":{"function_keys":{"_0":"f16"}}}},{"fromDetail":{"output":{"function_keys":{"_0":"f17"}},"display":"F17"},"toDetailCollection":{},"id":"7A89ABF5-E7B9-4009-BBD7-ADEDED6239CE"},{"toDetailCollection":{},"id":"38F18867-D4C6-4921-995D-6B6184317C56","fromDetail":{"display":"F18","output":{"function_keys":{"_0":"f18"}}}},{"id":"7FB60444-5EA8-4A78-B18C-B364322CA9C3","toDetailCollection":{},"fromDetail":{"output":{"function_keys":{"_0":"f19"}},"display":"F19"}}],"idsInOrderRow6":[{"id":"8AAEE517-4BC6-457D-99D7-AD6C5EE72B13"},{"id":"417E6081-2254-4F73-8831-4615B3B2E97B"}],"idsInOrderRow3":[{"id":"7E010BE1-1B69-4E95-B5CA-171C753F0728"},{"id":"342469A8-55FB-492E-9786-C4BC394F5639"},{"id":"5BB420D0-9FE9-4D0C-816F-107E3537AAE7"},{"id":"1F68B8D5-3726-4761-BA0E-BF4518F3D242"}],"row3":[{"toDetailCollection":{},"id":"342469A8-55FB-492E-9786-C4BC394F5639","fromDetail":{"display":"8","output":{"keypad_keys":{"_0":"keypad_8"}}}},{"id":"7E010BE1-1B69-4E95-B5CA-171C753F0728","toDetailCollection":{},"fromDetail":{"output":{"keypad_keys":{"_0":"keypad_7"}},"display":"7"}},{"toDetailCollection":{},"fromDetail":{"output":{"keypad_keys":{"_0":"keypad_hyphen"}},"display":"-"},"id":"1F68B8D5-3726-4761-BA0E-BF4518F3D242"},{"id":"5BB420D0-9FE9-4D0C-816F-107E3537AAE7","fromDetail":{"output":{"keypad_keys":{"_0":"keypad_9"}},"display":"9"},"toDetailCollection":{}}],"idsInOrderRow1":[{"id":"2B15ED98-79C2-4C38-9534-87A77CD44329"},{"id":"7A89ABF5-E7B9-4009-BBD7-ADEDED6239CE"},{"id":"38F18867-D4C6-4921-995D-6B6184317C56"},{"id":"7FB60444-5EA8-4A78-B18C-B364322CA9C3"}],"row5":[{"keyShape":"enter_Tenkey","fromDetail":{"isSFSymbol":true,"output":{"keypad_keys":{"_0":"keypad_enter"}},"display":"projective"},"toDetailCollection":{},"id":"B1E8714B-A8AA-4DB8-8CE5-91B351CE17C2"},{"toDetailCollection":{},"fromDetail":{"display":"2","output":{"keypad_keys":{"_0":"keypad_2"}}},"id":"BAE4B6CB-7CC6-4661-820B-9B4C87F10D81"},{"fromDetail":{"display":"3","output":{"keypad_keys":{"_0":"keypad_3"}}},"toDetailCollection":{},"id":"6776DD2F-E43E-4844-880E-72F399FDA9F7"},{"toDetailCollection":{},"id":"831D22A7-6702-4E4B-B6CC-1DB4AED19371","fromDetail":{"display":"1","output":{"keypad_keys":{"_0":"keypad_1"}}}}],"row4":[{"fromDetail":{"display":"+","output":{"keypad_keys":{"_0":"keypad_plus"}}},"toDetailCollection":{},"id":"EE546A5B-A09B-4BB4-81CC-F835F24D89F4"},{"id":"4CF494CA-D7AC-4445-91B3-3B209A878FEF","fromDetail":{"output":{"keypad_keys":{"_0":"keypad_5"}},"display":"5"},"toDetailCollection":{}},{"id":"092F0D8D-E04B-47AE-81F0-212F817BFA25","toDetailCollection":{},"fromDetail":{"display":"4","output":{"keypad_keys":{"_0":"keypad_4"}}}},{"toDetailCollection":{},"fromDetail":{"output":{"keypad_keys":{"_0":"keypad_6"}},"display":"6"},"id":"7C86C541-2EBB-47AE-9046-8BDD4EA2F658"}],"arrow_left":{"fromDetail":{"display":"arrowtriangle.left.fill","output":{"arrow_keys":{"_0":"left_arrow"}},"isSFSymbol":true},"id":"7C6C9AC3-4353-4148-A7E8-D57D98E0123D","keyShape":"arrow_LR","toDetailCollection":{}},"row6":[{"id":"8AAEE517-4BC6-457D-99D7-AD6C5EE72B13","fromDetail":{"output":{"keypad_keys":{"_0":"keypad_0"}},"display":"0"},"unitSize":2,"toDetailCollection":{}},{"id":"417E6081-2254-4F73-8831-4615B3B2E97B","fromDetail":{"output":{"keypad_keys":{"_0":"keypad_period"}},"display":"."},"toDetailCollection":{}}],"arrow_up":{"keyShape":"arrow_Up","id":"A2153FAC-9E5C-4ACC-A972-53B988A34A3E","toDetailCollection":{},"fromDetail":{"output":{"arrow_keys":{"_0":"up_arrow"}},"display":"arrowtriangle.up.fill","isSFSymbol":true}}},"mainRows":{"row6":[{"fromDetail":{"display":".","output":{"keypad_keys":{"_0":"keypad_period"}}},"toDetailCollection":{},"id":"E7C7367A-ED62-418F-9B3B-3D92A5E07F62"},{"fromDetail":{"display":"0","output":{"keypad_keys":{"_0":"keypad_0"}}},"id":"D0B912CE-42BF-49A5-9312-89C0950F52DE","unitSize":2,"toDetailCollection":{}}],"rowIndex_arrow":{"row6":{}},"row4":[{"fromDetail":{"output":{"keypad_keys":{"_0":"keypad_plus"}},"display":"+"},"toDetailCollection":{},"id":"506120A4-94FF-4BC3-A38F-E409583764B2"},{"fromDetail":{"display":"4","output":{"keypad_keys":{"_0":"keypad_4"}}},"id":"D7C470E4-F467-492A-8CD6-5148920B4B00","toDetailCollection":{}},{"id":"BD4E4D85-7592-4CD3-BE38-5A0EC7C49062","fromDetail":{"output":{"keypad_keys":{"_0":"keypad_5"}},"display":"5"},"toDetailCollection":{}},{"fromDetail":{"output":{"keypad_keys":{"_0":"keypad_6"}},"display":"6"},"id":"DA7DC74B-26DE-4339-8205-2D6B24383552","toDetailCollection":{}}],"row5":[{"fromDetail":{"output":{"keypad_keys":{"_0":"keypad_3"}},"display":"3"},"id":"300E751B-435B-45B1-B64B-DB97BA81994C","toDetailCollection":{}},{"fromDetail":{"display":"1","output":{"keypad_keys":{"_0":"keypad_1"}}},"id":"D7488E5E-3CCB-4939-B99B-DB4889F4C28D","toDetailCollection":{}},{"fromDetail":{"isSFSymbol":true,"output":{"keypad_keys":{"_0":"keypad_enter"}},"display":"projective"},"id":"509FBAF1-158C-4D6D-9F0F-BA6CAF1F1732","keyShape":"enter_Tenkey","toDetailCollection":{}},{"toDetailCollection":{},"id":"350938C5-1F2B-40CF-8C23-5EF307668160","fromDetail":{"output":{"keypad_keys":{"_0":"keypad_2"}},"display":"2"}}],"arrow_left":{"toDetailCollection":{},"fromDetail":{"isSFSymbol":true,"output":{"arrow_keys":{"_0":"left_arrow"}},"display":"arrowtriangle.left.fill"},"id":"729AAF99-2592-4834-80BE-B9056A8652E0","keyShape":"arrow_LR"},"idsInOrderRow3":[{"id":"53B2E7B4-57C9-432B-8AFE-143952D6F414"},{"id":"01EC541B-0C85-467E-AB20-896296824FBA"},{"id":"55DD41CB-338D-4BE1-BB4B-13A77C6B0BEF"},{"id":"F00F1968-812E-44D0-BD58-1DA7E166BF76"}],"arrow_right":{"keyShape":"arrow_LR","fromDetail":{"isSFSymbol":true,"output":{"arrow_keys":{"_0":"right_arrow"}},"display":"arrowtriangle.right.fill"},"toDetailCollection":{},"id":"B53E1CC4-A686-4A05-ACB5-BCB4D72FCA33"},"idsInOrderRow5":[{"id":"D7488E5E-3CCB-4939-B99B-DB4889F4C28D"},{"id":"350938C5-1F2B-40CF-8C23-5EF307668160"},{"id":"300E751B-435B-45B1-B64B-DB97BA81994C"},{"id":"509FBAF1-158C-4D6D-9F0F-BA6CAF1F1732"}],"idsInOrderRow6":[{"id":"D0B912CE-42BF-49A5-9312-89C0950F52DE"},{"id":"E7C7367A-ED62-418F-9B3B-3D92A5E07F62"}],"row2":[{"toDetailCollection":{},"fromDetail":{"output":{"keypad_keys":{"_0":"keypad_asterisk"}},"display":"*"},"id":"DFB88FAB-A0DD-444A-9A5C-273521A47C8B"},{"fromDetail":{"output":{"others":{"_0":"clear"}},"display":"clear"},"toDetailCollection":{},"id":"15BAA99C-51A8-46F2-8D1B-53C2ACC6B627"},{"fromDetail":{"output":{"keypad_keys":{"_0":"keypad_equal_sign"}},"display":"="},"id":"FD67F29E-7AE9-4F27-B29D-52D4C6580549","toDetailCollection":{}},{"toDetailCollection":{},"id":"4DAD3909-CC23-4D6F-9AC9-61BC8C54762D","fromDetail":{"display":"\/","output":{"keypad_keys":{"_0":"keypad_slash"}}}}],"arrow_down":{"keyShape":"arrow_Down","fromDetail":{"display":"arrowtriangle.down.fill","output":{"arrow_keys":{"_0":"down_arrow"}},"isSFSymbol":true},"id":"2FC65A64-3411-4DD7-9113-6E658DA7D05E","toDetailCollection":{}},"row3":[{"fromDetail":{"display":"-","output":{"keypad_keys":{"_0":"keypad_hyphen"}}},"id":"F00F1968-812E-44D0-BD58-1DA7E166BF76","toDetailCollection":{}},{"fromDetail":{"display":"7","output":{"keypad_keys":{"_0":"keypad_7"}}},"id":"53B2E7B4-57C9-432B-8AFE-143952D6F414","toDetailCollection":{}},{"id":"01EC541B-0C85-467E-AB20-896296824FBA","fromDetail":{"output":{"keypad_keys":{"_0":"keypad_8"}},"display":"8"},"toDetailCollection":{}},{"id":"55DD41CB-338D-4BE1-BB4B-13A77C6B0BEF","toDetailCollection":{},"fromDetail":{"display":"9","output":{"keypad_keys":{"_0":"keypad_9"}}}}],"idsInOrderRow4":[{"id":"D7C470E4-F467-492A-8CD6-5148920B4B00"},{"id":"BD4E4D85-7592-4CD3-BE38-5A0EC7C49062"},{"id":"DA7DC74B-26DE-4339-8205-2D6B24383552"},{"id":"506120A4-94FF-4BC3-A38F-E409583764B2"}],"idsInOrderRow1":[{"id":"24CA8BEA-E64F-4BF4-802A-53D8CB6ACFAE"},{"id":"B2553711-04A0-4931-9D60-C62924A51A30"},{"id":"28EB7BD4-BE10-413E-BA35-24142BD6F68C"},{"id":"CF1F9A88-76C1-42E2-8B6F-14634C456BAE"}],"enableArrowKeys":false,"arrow_up":{"keyShape":"arrow_Up","toDetailCollection":{},"id":"1C84F7E9-2F0A-4060-95CD-AB970E2FCBF8","fromDetail":{"output":{"arrow_keys":{"_0":"up_arrow"}},"display":"arrowtriangle.up.fill","isSFSymbol":true}},"idsInOrderRow2":[{"id":"15BAA99C-51A8-46F2-8D1B-53C2ACC6B627"},{"id":"FD67F29E-7AE9-4F27-B29D-52D4C6580549"},{"id":"4DAD3909-CC23-4D6F-9AC9-61BC8C54762D"},{"id":"DFB88FAB-A0DD-444A-9A5C-273521A47C8B"}],"row1":[{"fromDetail":{"output":{"function_keys":{"_0":"f16"}},"display":"F16"},"id":"24CA8BEA-E64F-4BF4-802A-53D8CB6ACFAE","toDetailCollection":{}},{"id":"28EB7BD4-BE10-413E-BA35-24142BD6F68C","fromDetail":{"output":{"function_keys":{"_0":"f18"}},"display":"F18"},"toDetailCollection":{}},{"toDetailCollection":{},"id":"B2553711-04A0-4931-9D60-C62924A51A30","fromDetail":{"output":{"function_keys":{"_0":"f17"}},"display":"F17"}},{"id":"CF1F9A88-76C1-42E2-8B6F-14634C456BAE","fromDetail":{"display":"F19","output":{"function_keys":{"_0":"f19"}}},"toDetailCollection":{}}]},"subRows":{"arrow_up":{"keyShape":"arrow_Up","fromDetail":{"display":"arrowtriangle.up.fill","output":{"arrow_keys":{"_0":"up_arrow"}},"isSFSymbol":true},"toDetailCollection":{},"id":"9C883233-4EA2-4F1E-8A25-ED7469473798"},"row5":[{"fromDetail":{"output":{"letter_keys":{"_0":"a"}},"display":"A"},"toDetailCollection":{},"isSpacer":true,"id":"5B93EE6B-9EFA-4594-B1B6-C54F1F4F2C9E"},{"fromDetail":{"display":"arrowtriangle.up.fill","output":{"arrow_keys":{"_0":"up_arrow"}},"isSFSymbol":true},"toDetailCollection":{},"id":"E112D575-5415-4D78-A337-62D3991FED7F"}],"idsInOrderRow4":[],"rowIndex_arrow":{"row6":{}},"row4":[],"idsInOrderRow5":[{"id":"5B93EE6B-9EFA-4594-B1B6-C54F1F4F2C9E"},{"id":"E112D575-5415-4D78-A337-62D3991FED7F"}],"row3":[{"toDetailCollection":{},"id":"8805A397-0B88-44E0-B935-E7B64A9A043F","fromDetail":{"display":"arrow.down.to.line","output":{"arrow_keys":{"_0":"end"}},"isSFSymbol":true}},{"toDetailCollection":{},"fromDetail":{"isSFSymbol":true,"output":{"controls_and_symbols":{"_0":"delete_forward"}},"display":"delete.right"},"id":"E4DE72C7-0D9A-4326-89CE-A6BB476CB59A"},{"toDetailCollection":{},"id":"F94A17C9-7E2C-4698-9B3F-96F369905353","fromDetail":{"output":{"arrow_keys":{"_0":"page_down"}},"isSFSymbol":true,"display":"arrow.down"}}],"idsInOrderRow6":[{"id":"C9D13305-423A-4120-A98F-746EAECE7DC6"},{"id":"7EF2B3B1-C2A4-40FC-8456-455140E826D6"},{"id":"380EF798-E020-4B4C-851C-31A0D8AC65B3"}],"row2":[{"id":"CCEF61A3-4A9D-4211-BD06-6E37DB8DE136","toDetailCollection":{},"fromDetail":{"output":{"keys_in_pc_keyboards":{"_0":"insert"}},"isSFSymbol":true,"display":"text.insert"}},{"fromDetail":{"display":"arrow.up","output":{"arrow_keys":{"_0":"page_up"}},"isSFSymbol":true},"toDetailCollection":{},"id":"3EECB0B7-670C-4974-8888-4A48AD80C249"},{"toDetailCollection":{},"fromDetail":{"output":{"arrow_keys":{"_0":"home"}},"isSFSymbol":true,"display":"arrow.up.to.line"},"id":"FDF3899F-9D6D-4FAF-A16E-4DDE3025023C"}],"row6":[{"toDetailCollection":{},"id":"380EF798-E020-4B4C-851C-31A0D8AC65B3","fromDetail":{"output":{"arrow_keys":{"_0":"right_arrow"}},"display":"arrowtriangle.right.fill","isSFSymbol":true}},{"fromDetail":{"isSFSymbol":true,"output":{"arrow_keys":{"_0":"down_arrow"}},"display":"arrowtriangle.down.fill"},"id":"7EF2B3B1-C2A4-40FC-8456-455140E826D6","toDetailCollection":{}},{"id":"C9D13305-423A-4120-A98F-746EAECE7DC6","toDetailCollection":{},"fromDetail":{"isSFSymbol":true,"output":{"arrow_keys":{"_0":"left_arrow"}},"display":"arrowtriangle.left.fill"}}],"row1":[{"toDetailCollection":{},"id":"0BA21DEB-B09E-4C46-9954-A687E8D8ADE1","fromDetail":{"display":"F15","output":{"function_keys":{"_0":"f15"}}}},{"toDetailCollection":{},"id":"CBDC51BF-8A63-48EE-945A-E10468A5260C","fromDetail":{"display":"F14","output":{"function_keys":{"_0":"f14"}}}},{"fromDetail":{"display":"F13","output":{"function_keys":{"_0":"f13"}}},"id":"F89459CB-CE17-48B9-85BE-1E713578D72F","toDetailCollection":{}}],"arrow_left":{"keyShape":"arrow_LR","fromDetail":{"display":"arrowtriangle.left.fill","output":{"arrow_keys":{"_0":"left_arrow"}},"isSFSymbol":true},"id":"C2D9E757-0879-4E84-A7C0-829F59F21877","toDetailCollection":{}},"arrow_down":{"fromDetail":{"output":{"arrow_keys":{"_0":"down_arrow"}},"isSFSymbol":true,"display":"arrowtriangle.down.fill"},"toDetailCollection":{},"id":"3DECEF0C-53BF-44E2-A810-CCAEE31B2275","keyShape":"arrow_Down"},"idsInOrderRow1":[{"id":"F89459CB-CE17-48B9-85BE-1E713578D72F"},{"id":"CBDC51BF-8A63-48EE-945A-E10468A5260C"},{"id":"0BA21DEB-B09E-4C46-9954-A687E8D8ADE1"}],"idsInOrderRow2":[{"id":"CCEF61A3-4A9D-4211-BD06-6E37DB8DE136"},{"id":"FDF3899F-9D6D-4FAF-A16E-4DDE3025023C"},{"id":"3EECB0B7-670C-4974-8888-4A48AD80C249"}],"enableArrowKeys":false,"arrow_right":{"id":"D5A1CD53-145C-4FC1-8C10-230D9F09CCEF","keyShape":"arrow_LR","toDetailCollection":{},"fromDetail":{"output":{"arrow_keys":{"_0":"right_arrow"}},"display":"arrowtriangle.right.fill","isSFSymbol":true}},"idsInOrderRow3":[{"id":"E4DE72C7-0D9A-4326-89CE-A6BB476CB59A"},{"id":"8805A397-0B88-44E0-B935-E7B64A9A043F"},{"id":"F94A17C9-7E2C-4698-9B3F-96F369905353"}]},"sectionDetail":{"section":{"other":{}},"deviceDetail":{"vendor_id":"vendor_id","location_id":"location_id","device_name":"otherDevice","is_product_id_Enabled":false,"is_vendor_id_Enabled":false,"is_location_id_Enabled":false,"is_builtin_keyboard":false,"product_id":"product_id"}},"isEnableTenkey":false},"validSections":{"sections":[{"main":{}}]},"mouse":{"subRows":{"idsInOrderRow4":[{"id":"CCED37C4-8404-4D9E-96B7-4FC1D2E26754"}],"idsInOrderRow1":[{"id":"6C135770-3E96-4422-B188-3D8A67D7D545"}],"idsInOrderRow6":[{"id":"B3FECBAA-CE5C-4341-981A-D64544F56626"}],"arrow_down":{"fromDetail":{"output":{"arrow_keys":{"_0":"down_arrow"}},"display":"arrowtriangle.down.fill","isSFSymbol":true},"keyShape":"arrow_Down","toDetailCollection":{},"id":"D421BB02-1B3D-4AC4-9F77-BD0FF08C5B51"},"row4":[{"toDetailCollection":{},"id":"CCED37C4-8404-4D9E-96B7-4FC1D2E26754","fromDetail":{"output":{"letter_keys":{"_0":"a"}},"display":"A"}}],"idsInOrderRow2":[{"id":"748D19AA-94E0-4A42-81C7-02449293C390"}],"idsInOrderRow5":[{"id":"B38AA95B-37FE-4F94-A1C9-AE007D3D0696"}],"row5":[{"id":"B38AA95B-37FE-4F94-A1C9-AE007D3D0696","fromDetail":{"display":"A","output":{"letter_keys":{"_0":"a"}}},"toDetailCollection":{}}],"arrow_left":{"keyShape":"arrow_LR","id":"16FD0378-27F6-4D5C-AF59-92798F7A1670","fromDetail":{"output":{"arrow_keys":{"_0":"left_arrow"}},"display":"arrowtriangle.left.fill","isSFSymbol":true},"toDetailCollection":{}},"row2":[{"fromDetail":{"output":{"letter_keys":{"_0":"a"}},"display":"A"},"toDetailCollection":{},"id":"748D19AA-94E0-4A42-81C7-02449293C390"}],"arrow_right":{"toDetailCollection":{},"fromDetail":{"isSFSymbol":true,"display":"arrowtriangle.right.fill","output":{"arrow_keys":{"_0":"right_arrow"}}},"id":"F64952D4-8681-4089-8098-C1D3AC4AD7F4","keyShape":"arrow_LR"},"rowIndex_arrow":{"row6":{}},"enableArrowKeys":false,"row6":[{"fromDetail":{"output":{"letter_keys":{"_0":"a"}},"display":"A"},"toDetailCollection":{},"id":"B3FECBAA-CE5C-4341-981A-D64544F56626"}],"row3":[{"fromDetail":{"output":{"letter_keys":{"_0":"a"}},"display":"A"},"id":"AB29A74A-36E8-4301-855E-5201C6210C99","toDetailCollection":{}}],"arrow_up":{"toDetailCollection":{},"keyShape":"arrow_Up","fromDetail":{"isSFSymbol":true,"output":{"arrow_keys":{"_0":"up_arrow"}},"display":"arrowtriangle.up.fill"},"id":"211FC512-2154-449D-B1B5-1E97573E94F4"},"idsInOrderRow3":[{"id":"AB29A74A-36E8-4301-855E-5201C6210C99"}],"row1":[{"id":"6C135770-3E96-4422-B188-3D8A67D7D545","fromDetail":{"output":{"letter_keys":{"_0":"a"}},"display":"A"},"toDetailCollection":{}}]},"mainRows":{"arrow_up":{"id":"9BAC24C6-B52B-4079-884A-9CD732B3C841","toDetailCollection":{},"fromDetail":{"output":{"arrow_keys":{"_0":"up_arrow"}},"display":"arrowtriangle.up.fill","isSFSymbol":true},"keyShape":"arrow_Up"},"rowIndex_arrow":{"row6":{}},"idsInOrderRow6":[],"row1":[{"id":"ECD8CA36-3B7C-4E1D-8C73-B4D3BAE0CA43","fromDetail":{"output":{"mouse_buttons":{"_0":"button1"}},"display":"L click"},"toDetailCollection":{}},{"id":"D687D8A3-106C-4CB2-9B4B-1D821B582859","fromDetail":{"output":{"mouse_buttons":{"_0":"button2"}},"display":"R click"},"toDetailCollection":{}}],"enableArrowKeys":false,"arrow_down":{"toDetailCollection":{},"keyShape":"arrow_Down","id":"B8AE44C6-2A62-4C1F-A77F-E7C83EB014D8","fromDetail":{"display":"arrowtriangle.down.fill","isSFSymbol":true,"output":{"arrow_keys":{"_0":"down_arrow"}}}},"idsInOrderRow3":[{"id":"729C4F3D-8838-40E5-90E9-F337248CB5D6"}],"idsInOrderRow5":[],"row6":[],"idsInOrderRow4":[{"id":"2BEF8288-701C-4270-AA26-0B091A90DE38"}],"idsInOrderRow2":[{"id":"93AE6415-276C-4AE4-8734-21D20BB67833"},{"id":"0BF43835-2FEE-4C18-904A-C4D067A2F991"}],"arrow_right":{"toDetailCollection":{},"id":"6D645C65-DD44-4D80-AF51-480367B88C30","keyShape":"arrow_LR","fromDetail":{"output":{"arrow_keys":{"_0":"right_arrow"}},"display":"arrowtriangle.right.fill","isSFSymbol":true}},"row5":[],"row3":[{"id":"729C4F3D-8838-40E5-90E9-F337248CB5D6","toDetailCollection":{},"isSpacer":true,"fromDetail":{"output":{"letter_keys":{"_0":"a"}},"display":"A"}}],"row4":[{"isSpacer":true,"toDetailCollection":{},"id":"2BEF8288-701C-4270-AA26-0B091A90DE38","fromDetail":{"output":{"letter_keys":{"_0":"a"}},"display":"A"}}],"row2":[{"toDetailCollection":{},"isSpacer":true,"fromDetail":{"display":"A","output":{"letter_keys":{"_0":"a"}}},"id":"93AE6415-276C-4AE4-8734-21D20BB67833","unitSize":0.5},{"id":"0BF43835-2FEE-4C18-904A-C4D067A2F991","toDetailCollection":{},"fromDetail":{"output":{"mouse_buttons":{"_0":"button3"}},"display":"M click"}}],"idsInOrderRow1":[{"id":"ECD8CA36-3B7C-4E1D-8C73-B4D3BAE0CA43"},{"id":"D687D8A3-106C-4CB2-9B4B-1D821B582859"}],"arrow_left":{"fromDetail":{"isSFSymbol":true,"output":{"arrow_keys":{"_0":"left_arrow"}},"display":"arrowtriangle.left.fill"},"id":"016579D4-88ED-4808-8AC3-7965384FA3AB","keyShape":"arrow_LR","toDetailCollection":{}}},"isEnableTenkey":false,"tenkeyRows":{"idsInOrderRow5":[{"id":"C08591AE-AE07-43BD-A728-6BF90F6B87BA"}],"row4":[{"toDetailCollection":{},"fromDetail":{"display":"A","output":{"letter_keys":{"_0":"a"}}},"id":"576C47F2-FED5-4245-9F9A-D5696D1E1026"}],"row5":[{"fromDetail":{"output":{"letter_keys":{"_0":"a"}},"display":"A"},"toDetailCollection":{},"id":"C08591AE-AE07-43BD-A728-6BF90F6B87BA"}],"arrow_down":{"fromDetail":{"output":{"arrow_keys":{"_0":"down_arrow"}},"isSFSymbol":true,"display":"arrowtriangle.down.fill"},"toDetailCollection":{},"keyShape":"arrow_Down","id":"CFB7445E-0348-4204-B892-6F72D95C6B40"},"idsInOrderRow4":[{"id":"576C47F2-FED5-4245-9F9A-D5696D1E1026"}],"row6":[{"id":"9390A535-5FBF-432B-B15E-B07B86FD787D","fromDetail":{"output":{"letter_keys":{"_0":"a"}},"display":"A"},"toDetailCollection":{}}],"idsInOrderRow2":[{"id":"F66FFC6B-A376-447A-8A99-629C0B4F7E63"}],"enableArrowKeys":false,"rowIndex_arrow":{"row6":{}},"arrow_up":{"id":"5BBCEF34-9D32-4EE6-96A0-55F9935DD05E","keyShape":"arrow_Up","toDetailCollection":{},"fromDetail":{"isSFSymbol":true,"display":"arrowtriangle.up.fill","output":{"arrow_keys":{"_0":"up_arrow"}}}},"row3":[{"id":"F783EA49-9FE2-4E64-A7ED-64FD616EDD0B","fromDetail":{"output":{"letter_keys":{"_0":"a"}},"display":"A"},"toDetailCollection":{}}],"idsInOrderRow1":[{"id":"52A87E1B-F6E8-47AD-A3D3-2CA1A9037BA1"}],"row2":[{"toDetailCollection":{},"fromDetail":{"display":"A","output":{"letter_keys":{"_0":"a"}}},"id":"F66FFC6B-A376-447A-8A99-629C0B4F7E63"}],"arrow_right":{"keyShape":"arrow_LR","id":"DDA58411-7138-48BC-9132-122FDAED2D07","fromDetail":{"output":{"arrow_keys":{"_0":"right_arrow"}},"isSFSymbol":true,"display":"arrowtriangle.right.fill"},"toDetailCollection":{}},"arrow_left":{"toDetailCollection":{},"keyShape":"arrow_LR","fromDetail":{"isSFSymbol":true,"output":{"arrow_keys":{"_0":"left_arrow"}},"display":"arrowtriangle.left.fill"},"id":"67DD03B3-D1A5-44C4-B2DF-C84EBBE443DE"},"row1":[{"fromDetail":{"output":{"letter_keys":{"_0":"a"}},"display":"A"},"id":"52A87E1B-F6E8-47AD-A3D3-2CA1A9037BA1","toDetailCollection":{}}],"idsInOrderRow3":[{"id":"F783EA49-9FE2-4E64-A7ED-64FD616EDD0B"}],"idsInOrderRow6":[{"id":"9390A535-5FBF-432B-B15E-B07B86FD787D"}]},"isEnableSub":false,"sectionDetail":{"section":{"mouse":{}},"deviceDetail":{"is_location_id_Enabled":false,"is_product_id_Enabled":false,"is_builtin_keyboard":false,"device_name":"mouse","product_id":"product_id","is_vendor_id_Enabled":false,"vendor_id":"vendor_id","location_id":"location_id"}},"isEnableMain":true},"keycodeRegion":"ANSI","main":{"subRows":{"arrow_down":{"fromDetail":{"display":"arrowtriangle.down.fill","isSFSymbol":true,"output":{"arrow_keys":{"_0":"down_arrow"}}},"toDetailCollection":{},"keyShape":"arrow_Down","id":"910B390C-D49B-410B-BF7D-71550F0AF2D0"},"idsInOrderRow6":[{"id":"B1A167D0-54A6-48C8-99B4-22F0821640E5"},{"id":"6B5A8FDC-B6B5-4D8D-A086-880D0D4066E7"},{"id":"E85EA23A-0CB5-4B87-A0F2-CFB97C481E45"}],"idsInOrderRow5":[{"id":"749C9F3F-93AF-41BD-9289-92DC2FC629FC"},{"id":"119010BA-18E1-4B83-B9C3-A506AAE98D3B"}],"row5":[{"fromDetail":{"isSFSymbol":true,"output":{"arrow_keys":{"_0":"up_arrow"}},"display":"arrowtriangle.up.fill"},"id":"119010BA-18E1-4B83-B9C3-A506AAE98D3B","toDetailCollection":{}},{"fromDetail":{"display":"A","output":{"letter_keys":{"_0":"a"}}},"toDetailCollection":{},"id":"749C9F3F-93AF-41BD-9289-92DC2FC629FC","isSpacer":true}],"enableArrowKeys":false,"row2":[{"fromDetail":{"output":{"arrow_keys":{"_0":"page_up"}},"isSFSymbol":true,"display":"arrow.up"},"toDetailCollection":{},"id":"8EE9C553-26E1-45E0-9B95-D3B7DD1076DE"},{"toDetailCollection":{},"id":"1D8B2517-F801-4378-B62B-FE6FF165AFAE","fromDetail":{"display":"arrow.up.to.line","output":{"arrow_keys":{"_0":"home"}},"isSFSymbol":true}},{"id":"222CD9AE-E3AE-4290-B1C9-A63947558FBC","fromDetail":{"isSFSymbol":true,"output":{"keys_in_pc_keyboards":{"_0":"insert"}},"display":"text.insert"},"toDetailCollection":{}}],"rowIndex_arrow":{"row6":{}},"arrow_left":{"keyShape":"arrow_LR","id":"23D67954-F578-4FC5-85BD-CBB5B511E749","fromDetail":{"isSFSymbol":true,"display":"arrowtriangle.left.fill","output":{"arrow_keys":{"_0":"left_arrow"}}},"toDetailCollection":{}},"row4":[],"arrow_right":{"id":"64E75CDB-D0D0-46CD-A7E6-34B01ED1591D","toDetailCollection":{},"keyShape":"arrow_LR","fromDetail":{"isSFSymbol":true,"output":{"arrow_keys":{"_0":"right_arrow"}},"display":"arrowtriangle.right.fill"}},"row6":[{"id":"E85EA23A-0CB5-4B87-A0F2-CFB97C481E45","fromDetail":{"isSFSymbol":true,"output":{"arrow_keys":{"_0":"right_arrow"}},"display":"arrowtriangle.right.fill"},"toDetailCollection":{}},{"fromDetail":{"isSFSymbol":true,"output":{"arrow_keys":{"_0":"down_arrow"}},"display":"arrowtriangle.down.fill"},"toDetailCollection":{},"id":"6B5A8FDC-B6B5-4D8D-A086-880D0D4066E7"},{"toDetailCollection":{},"id":"B1A167D0-54A6-48C8-99B4-22F0821640E5","fromDetail":{"isSFSymbol":true,"display":"arrowtriangle.left.fill","output":{"arrow_keys":{"_0":"left_arrow"}}}}],"row3":[{"toDetailCollection":{},"fromDetail":{"display":"arrow.down.to.line","isSFSymbol":true,"output":{"arrow_keys":{"_0":"end"}}},"id":"93682C26-1DC5-4BD1-9D7C-520B1672116C"},{"toDetailCollection":{},"id":"D8CBC85B-3BE9-42B6-8815-1D33AF02DB90","fromDetail":{"output":{"controls_and_symbols":{"_0":"delete_forward"}},"isSFSymbol":true,"display":"delete.right"}},{"toDetailCollection":{},"id":"4B9E9578-C94A-41F9-8D4E-6D5BC4B07EC9","fromDetail":{"isSFSymbol":true,"output":{"arrow_keys":{"_0":"page_down"}},"display":"arrow.down"}}],"idsInOrderRow2":[{"id":"222CD9AE-E3AE-4290-B1C9-A63947558FBC"},{"id":"1D8B2517-F801-4378-B62B-FE6FF165AFAE"},{"id":"8EE9C553-26E1-45E0-9B95-D3B7DD1076DE"}],"idsInOrderRow4":[],"idsInOrderRow3":[{"id":"D8CBC85B-3BE9-42B6-8815-1D33AF02DB90"},{"id":"93682C26-1DC5-4BD1-9D7C-520B1672116C"},{"id":"4B9E9578-C94A-41F9-8D4E-6D5BC4B07EC9"}],"idsInOrderRow1":[{"id":"5D3AE60E-D29C-4A2E-BC83-CFE7105AD334"},{"id":"4F04C350-DEB2-47D8-BAFC-66DFDCAA647E"},{"id":"E9CA66B1-1855-451B-B107-3A388C03C6E4"}],"arrow_up":{"id":"1E935105-B054-42CB-A1B4-7928016FC81F","toDetailCollection":{},"fromDetail":{"output":{"arrow_keys":{"_0":"up_arrow"}},"display":"arrowtriangle.up.fill","isSFSymbol":true},"keyShape":"arrow_Up"},"row1":[{"fromDetail":{"display":"F14","output":{"function_keys":{"_0":"f14"}}},"id":"4F04C350-DEB2-47D8-BAFC-66DFDCAA647E","toDetailCollection":{}},{"id":"5D3AE60E-D29C-4A2E-BC83-CFE7105AD334","toDetailCollection":{},"fromDetail":{"display":"F13","output":{"function_keys":{"_0":"f13"}}}},{"toDetailCollection":{},"id":"E9CA66B1-1855-451B-B107-3A388C03C6E4","fromDetail":{"output":{"function_keys":{"_0":"f15"}},"display":"F15"}}]},"isEnableTenkey":false,"isEnableSub":false,"isEnableMain":true,"mainRows":{"idsInOrderRow2":[{"id":"357F5E24-288F-42CB-900D-9B47D531322C"},{"id":"FD25F30F-8468-4328-A705-F1DC65DC3CFC"},{"id":"F7227E44-F182-4F38-93A5-2CCF2E0813EC"},{"id":"89E4D555-A194-4E3B-8FD8-16C28E7338A0"},{"id":"232E9C48-CA2F-4935-99AF-0C5C3A29B4BE"},{"id":"49DB1F42-AEBF-4504-9E95-1585E1495BD1"},{"id":"6EB7D60A-7F8E-49A6-BBEF-753570F57779"},{"id":"4DB95DFC-858D-4E40-9A26-938C08CCCEF0"},{"id":"D8589615-2D8B-4458-8900-AB94785AA717"},{"id":"E3292D83-08A4-456B-A257-577F4B0F3375"},{"id":"5FB96929-171D-4E1E-8ABD-BEECE5F2D2C2"},{"id":"CE663B48-2061-4031-82EA-5A460A07A86A"},{"id":"08128D3E-1E20-48C1-9039-565CCC9532F0"},{"id":"C2D97BDB-69A3-4602-9523-07F60B216CF0"}],"rowIndex_arrow":{"row6":{}},"row1":[{"unitSize":1.5,"toDetailCollection":{},"fromDetail":{"isSFSymbol":true,"display":"escape","output":{"controls_and_symbols":{"_0":"escape"}}},"id":"0B5E35AD-6912-42B0-9C50-E3DD2FA5DB2D"},{"fromDetail":{"output":{"function_keys":{"_0":"f1"}},"display":"F1"},"id":"5DACC317-71BB-4B5E-A4B1-54B0030F817C","toDetailCollection":{}},{"id":"673B4C07-A3A3-4DCA-B46B-4E5CE3AED7FF","fromDetail":{"output":{"function_keys":{"_0":"f2"}},"display":"F2"},"toDetailCollection":{}},{"toDetailCollection":{},"id":"7BB880D1-3556-425E-B37B-E269DD2A2FEB","fromDetail":{"output":{"function_keys":{"_0":"f3"}},"display":"F3"}},{"fromDetail":{"output":{"function_keys":{"_0":"f4"}},"display":"F4"},"id":"C1CE4039-F615-4D87-959B-829A50F75B06","toDetailCollection":{}},{"id":"40197EA6-E618-42AE-9813-BCBE54C2F3D9","fromDetail":{"output":{"function_keys":{"_0":"f5"}},"display":"F5"},"toDetailCollection":{}},{"id":"E275A388-76EE-47AE-8CAE-BA434F14A644","fromDetail":{"display":"F6","output":{"function_keys":{"_0":"f6"}}},"toDetailCollection":{}},{"toDetailCollection":{},"id":"BE58AD61-FB8C-4214-8852-B55D500500AA","fromDetail":{"display":"F7","output":{"function_keys":{"_0":"f7"}}}},{"toDetailCollection":{},"fromDetail":{"output":{"function_keys":{"_0":"f8"}},"display":"F8"},"id":"8FFF2284-DD8C-42EC-9E1F-0D4C91DE78FA"},{"id":"CE9B2578-75FB-40CF-8B00-22169350CDD6","toDetailCollection":{},"fromDetail":{"display":"F9","output":{"function_keys":{"_0":"f9"}}}},{"toDetailCollection":{},"id":"9596D559-E5C9-4C8A-A71C-C293A6F3A8BD","fromDetail":{"output":{"function_keys":{"_0":"f10"}},"display":"F10"}},{"fromDetail":{"display":"F11","output":{"function_keys":{"_0":"f11"}}},"toDetailCollection":{},"id":"22A14561-ED7F-4051-BFE5-EFC533CA9297"},{"id":"18B2E3BD-06FE-4B65-8A5C-3D85B5C82036","fromDetail":{"display":"F12","output":{"function_keys":{"_0":"f12"}}},"toDetailCollection":{}}],"arrow_right":{"fromDetail":{"output":{"arrow_keys":{"_0":"right_arrow"}},"isSFSymbol":true,"display":"arrowtriangle.right.fill"},"toDetailCollection":{},"id":"382A8526-8057-49CC-B32C-FCA7AAF2D3FC","keyShape":"arrow_LR"},"row2":[{"id":"FD25F30F-8468-4328-A705-F1DC65DC3CFC","toDetailCollection":{},"fromDetail":{"display":"1","output":{"number_keys":{"_0":"one"}}}},{"id":"E3292D83-08A4-456B-A257-577F4B0F3375","fromDetail":{"output":{"number_keys":{"_0":"nine"}},"display":"9"},"toDetailCollection":{}},{"fromDetail":{"display":"5","output":{"number_keys":{"_0":"five"}}},"id":"49DB1F42-AEBF-4504-9E95-1585E1495BD1","toDetailCollection":{"condition0":{"layer1":{"isCustomized_tap":true,"outputAndDisplay_tap":{"output":{"number_keys":{"_0":"five"}},"display":"5","layerKey":"layer0"},"withModifier_tap":{"isWithModifier":true,"isWithShift":true,"isWithCommand":true}}}}},{"toDetailCollection":{},"id":"08128D3E-1E20-48C1-9039-565CCC9532F0","fromDetail":{"output":{"controls_and_symbols":{"_0":"equal_sign_or_caret"}},"display":"="}},{"fromDetail":{"display":"7","output":{"number_keys":{"_0":"seven"}}},"id":"4DB95DFC-858D-4E40-9A26-938C08CCCEF0","toDetailCollection":{}},{"id":"F7227E44-F182-4F38-93A5-2CCF2E0813EC","fromDetail":{"output":{"number_keys":{"_0":"two"}},"display":"2"},"toDetailCollection":{}},{"id":"C2D97BDB-69A3-4602-9523-07F60B216CF0","toDetailCollection":{},"fromDetail":{"display":"delete.left","isSFSymbol":true,"output":{"controls_and_symbols":{"_0":"delete_or_backspace"}}},"unitSize":1.5},{"fromDetail":{"output":{"number_keys":{"_0":"zero"}},"display":"0"},"toDetailCollection":{},"id":"5FB96929-171D-4E1E-8ABD-BEECE5F2D2C2"},{"id":"CE663B48-2061-4031-82EA-5A460A07A86A","fromDetail":{"output":{"controls_and_symbols":{"_0":"hyphen"}},"display":"-"},"toDetailCollection":{}},{"fromDetail":{"output":{"number_keys":{"_0":"three"}},"display":"3"},"id":"89E4D555-A194-4E3B-8FD8-16C28E7338A0","toDetailCollection":{"condition0":{"layer1":{"withModifier_tap":{"isWithModifier":true,"isWithShift":true,"isWithCommand":true},"outputAndDisplay_tap":{"output":{"number_keys":{"_0":"three"}},"layerKey":"layer0","display":"3"},"isCustomized_tap":true}}}},{"id":"6EB7D60A-7F8E-49A6-BBEF-753570F57779","toDetailCollection":{},"fromDetail":{"display":"6","output":{"number_keys":{"_0":"six"}}}},{"toDetailCollection":{"condition0":{"layer1":{"outputAndDisplay_tap":{"display":"4","output":{"number_keys":{"_0":"four"}},"layerKey":"layer0"},"isCustomized_tap":true,"withModifier_tap":{"isWithShift":true,"isWithCommand":true,"isWithModifier":true}}}},"fromDetail":{"output":{"number_keys":{"_0":"four"}},"display":"4"},"id":"232E9C48-CA2F-4935-99AF-0C5C3A29B4BE"},{"toDetailCollection":{},"id":"D8589615-2D8B-4458-8900-AB94785AA717","fromDetail":{"output":{"number_keys":{"_0":"eight"}},"display":"8"}},{"fromDetail":{"output":{"controls_and_symbols":{"_0":"grave_accent"}},"display":"`"},"toDetailCollection":{},"id":"357F5E24-288F-42CB-900D-9B47D531322C"}],"row6":[{"fromDetail":{"output":{"modifier_keys":{"_0":"left_control"}},"display":"control","isSFSymbol":true},"toDetailCollection":{},"id":"13EFEAB8-0ED9-4FC7-AF6D-B4825F7FA1AF"},{"id":"B7B55C59-025F-4802-82EF-9C1F96342EFF","unitSize":5,"fromDetail":{"display":"␣","output":{"controls_and_symbols":{"_0":"spacebar"}}},"toDetailCollection":{"condition0":{"layer0":{"isCustomized_tap":true,"isTapHoldEnabled":true,"tapHoldType":"chord","outputAndDisplay_tap":{"layerKey":"layer0","output":{"controls_and_symbols":{"_0":"spacebar"}},"display":"␣"},"outputAndDisplay_hold":{"isSFSymbol":true,"output":{"layer_keys":{"_0":"layer1"}},"display":"1.square"},"withModifier_hold":{},"isCustomized_hold":true,"withModifier_tap":{}}}}},{"id":"8E839857-F70F-4CC3-B02D-4EC5E95B375C","fromDetail":{"output":{"modifier_keys":{"_0":"keyboard_fn"}},"isSFSymbol":true,"display":"globe"},"toDetailCollection":{}},{"unitSize":1.25,"toDetailCollection":{},"id":"17B77032-120C-44BE-AA8E-2F6182E32F24","fromDetail":{"isSFSymbol":true,"output":{"modifier_keys":{"_0":"right_command"}},"display":"command"}},{"toDetailCollection":{},"unitSize":1.25,"fromDetail":{"display":"command","output":{"modifier_keys":{"_0":"left_command"}},"isSFSymbol":true},"id":"476BB53A-0D21-4971-BFC1-10D675665AB7"},{"toDetailCollection":{},"id":"AB4FE209-3B8F-4F2B-97EF-AE01C42D43C8","fromDetail":{"isSFSymbol":true,"output":{"modifier_keys":{"_0":"right_option"}},"display":"option"}},{"id":"DE20198F-27BD-4C1C-98DC-7F684D7F32F6","fromDetail":{"output":{"modifier_keys":{"_0":"left_option"}},"isSFSymbol":true,"display":"option"},"toDetailCollection":{}}],"row5":[{"toDetailCollection":{"condition0":{"layer1":{"withModifier_tap":{},"isCustomized_tap":true,"outputAndDisplay_tap":{"layerKey":"layer0","output":{"number_keys":{"_0":"eight"}},"display":"8"}}}},"id":"10D4626F-90EE-40AE-8D75-A36BB7BDA757","fromDetail":{"output":{"letter_keys":{"_0":"c"}},"display":"C"}},{"toDetailCollection":{"condition0":{"layer1":{"isCustomized_tap":true,"outputAndDisplay_tap":{"output":{"controls_and_symbols":{"_0":"escape"}},"display":"escape","isSFSymbol":true,"layerKey":"layer0"},"withModifier_tap":{}}}},"id":"471C255F-2139-441B-9EEE-47DB5E31B2D0","fromDetail":{"output":{"controls_and_symbols":{"_0":"comma"}},"display":","}},{"toDetailCollection":{"condition0":{"layer1":{"withModifier_tap":{},"isCustomized_tap":true,"outputAndDisplay_tap":{"layerKey":"layer0","output":{"number_keys":{"_0":"seven"}},"display":"7"}}}},"fromDetail":{"output":{"letter_keys":{"_0":"x"}},"display":"X"},"id":"A21CC969-8E39-45DE-A7A8-757A46FEA08D"},{"toDetailCollection":{"condition0":{"layer1":{"isCustomized_tap":true,"withModifier_tap":{},"outputAndDisplay_tap":{"output":{"number_keys":{"_0":"nine"}},"display":"9","layerKey":"layer0"}}}},"fromDetail":{"display":"V","output":{"letter_keys":{"_0":"v"}}},"id":"98C1A52D-0A7B-4D00-9505-B83531D1B3A0"},{"fromDetail":{"output":{"controls_and_symbols":{"_0":"period"}},"display":"."},"id":"0A2F027A-7F16-44A1-B62B-432D2F3D8782","toDetailCollection":{"condition0":{"layer1":{"outputAndDisplay_tap":{"isSFSymbol":true,"display":"arrowtriangle.right.fill","output":{"arrow_keys":{"_0":"right_arrow"}},"layerKey":"layer0"},"isCustomized_tap":true,"withModifier_tap":{"isWithCommand":true,"isWithModifier":true}}}}},{"toDetailCollection":{"condition0":{"layer1":{"withModifier_tap":{},"isMacro_tap":true,"isCustomized_tap":true,"outputAndDisplay_tap":{"layerKey":"layer0","display":"return","output":{"controls_and_symbols":{"_0":"return_or_enter"}},"isSFSymbol":true},"macro_id_tap":"A4CF6F60-C6F1-4354-91DA-ED277EFE9B02"}}},"fromDetail":{"output":{"letter_keys":{"_0":"n"}},"display":"N"},"id":"7A4F8C91-3812-44AD-8104-B0B5AFF9A941"},{"toDetailCollection":{"condition0":{"layer1":{"outputAndDisplay_tap":{"output":{"controls_and_symbols":{"_0":"grave_accent"}},"display":"`","layerKey":"layer0"},"withModifier_tap":{},"macro_id_tap":"374F6997-DDBC-479D-9D0E-FE3DC37F066C","isMacro_tap":true,"isCustomized_tap":true}}},"id":"9ECCF24B-9070-4B41-A421-F9D1F8B0334C","fromDetail":{"display":"\/","output":{"controls_and_symbols":{"_0":"slash"}}}},{"id":"33FE5726-072E-4AFB-B46C-1044A4B634DD","toDetailCollection":{},"unitSize":2.25,"fromDetail":{"output":{"modifier_keys":{"_0":"right_shift"}},"isSFSymbol":true,"display":"shift"}},{"toDetailCollection":{"condition0":{"layer1":{"isCustomized_tap":true,"outputAndDisplay_tap":{"layerKey":"layer0","display":"arrowtriangle.left.fill","output":{"arrow_keys":{"_0":"left_arrow"}},"isSFSymbol":true},"withModifier_tap":{"isWithModifier":true,"isWithCommand":true}}}},"id":"CFC4B7DB-349A-40AF-ADA9-4D0E6E0974D6","fromDetail":{"display":"M","output":{"letter_keys":{"_0":"m"}}}},{"id":"8012689D-7B0B-4A20-95FE-9D8B316003B7","toDetailCollection":{"condition0":{"layer1":{"withModifier_tap":{},"outputAndDisplay_tap":{"output":{"controls_and_symbols":{"_0":"delete_forward"}},"display":"delete.right","layerKey":"layer0","isSFSymbol":true},"isCustomized_tap":true}}},"fromDetail":{"output":{"letter_keys":{"_0":"b"}},"display":"B"}},{"unitSize":2.25,"id":"0D236D79-4C26-46CC-B334-7604DCF99B2B","toDetailCollection":{},"fromDetail":{"display":"shift","isSFSymbol":true,"output":{"modifier_keys":{"_0":"left_shift"}}}},{"id":"426E4CD8-1EEB-48C0-A67A-4C1DC21B1F96","toDetailCollection":{"condition0":{"layer1":{"isCustomized_tap":true,"withModifier_tap":{},"outputAndDisplay_tap":{"output":{"controls_and_symbols":{"_0":"comma"}},"display":",","layerKey":"layer0"}}}},"fromDetail":{"display":"Z","output":{"letter_keys":{"_0":"z"}}}}],"idsInOrderRow6":[{"id":"8E839857-F70F-4CC3-B02D-4EC5E95B375C"},{"id":"13EFEAB8-0ED9-4FC7-AF6D-B4825F7FA1AF"},{"id":"DE20198F-27BD-4C1C-98DC-7F684D7F32F6"},{"id":"476BB53A-0D21-4971-BFC1-10D675665AB7"},{"id":"B7B55C59-025F-4802-82EF-9C1F96342EFF"},{"id":"17B77032-120C-44BE-AA8E-2F6182E32F24"},{"id":"AB4FE209-3B8F-4F2B-97EF-AE01C42D43C8"}],"arrow_left":{"toDetailCollection":{},"id":"44709DE1-39D3-44DC-97CF-4661CB514C27","fromDetail":{"isSFSymbol":true,"output":{"arrow_keys":{"_0":"left_arrow"}},"display":"arrowtriangle.left.fill"},"keyShape":"arrow_LR"},"row3":[{"toDetailCollection":{"condition0":{"layer1":{"outputAndDisplay_tap":{"output":{"number_keys":{"_0":"one"}},"layerKey":"layer0","display":"1"},"isCustomized_tap":true,"withModifier_tap":{}}}},"fromDetail":{"display":"W","output":{"letter_keys":{"_0":"w"}}},"id":"44F07BA4-CA09-4CD2-89DF-A1D0D4675702"},{"toDetailCollection":{"condition0":{"layer1":{"withModifier_tap":{"isWithOption":true,"isWithModifier":true},"isCustomized_tap":true,"outputAndDisplay_tap":{"layerKey":"layer0","display":"arrowtriangle.left.fill","output":{"arrow_keys":{"_0":"left_arrow"}},"isSFSymbol":true}}}},"id":"78A10D5B-6752-4DDF-9590-8614765A06E6","fromDetail":{"display":"U","output":{"letter_keys":{"_0":"u"}}}},{"toDetailCollection":{"condition0":{"layer1":{"isCustomized_tap":true,"withModifier_tap":{},"outputAndDisplay_tap":{"layerKey":"layer0","output":{"number_keys":{"_0":"two"}},"display":"2"}}}},"id":"DCAB333D-5FC9-40F9-8329-2A446C8A84A2","fromDetail":{"output":{"letter_keys":{"_0":"e"}},"display":"E"}},{"fromDetail":{"output":{"controls_and_symbols":{"_0":"backslash_or_yen"}},"display":"\\"},"id":"A179CD2B-22D0-48E5-AEE4-CACC5796ED25","toDetailCollection":{}},{"fromDetail":{"output":{"letter_keys":{"_0":"r"}},"display":"R"},"id":"251115D3-412C-4E2D-B35E-66BFBB2E497D","toDetailCollection":{"condition0":{"layer1":{"outputAndDisplay_tap":{"layerKey":"layer0","output":{"number_keys":{"_0":"three"}},"display":"3"},"withModifier_tap":{},"isCustomized_tap":true}}}},{"fromDetail":{"display":"arrow.right.to.line","output":{"controls_and_symbols":{"_0":"tab"}},"isSFSymbol":true},"toDetailCollection":{},"id":"E59DB58A-D350-4AF3-BDCA-26805A1F49A1","unitSize":1.5},{"id":"88271F67-DCAD-49A4-B0C8-E06261ADE1BC","toDetailCollection":{"condition0":{"layer1":{"outputAndDisplay_tap":{"layerKey":"layer0","output":{"arrow_keys":{"_0":"left_arrow"}},"isSFSymbol":true,"display":"arrowtriangle.left.fill"},"withModifier_tap":{"isWithControl":true,"isWithModifier":true},"isCustomized_tap":true}}},"fromDetail":{"display":"Y","output":{"letter_keys":{"_0":"y"}}}},{"toDetailCollection":{},"fromDetail":{"display":"]","output":{"controls_and_symbols":{"_0":"close_square_bracket"}}},"id":"79793796-EF4B-47DA-9575-9F05DD887466"},{"fromDetail":{"display":"T","output":{"letter_keys":{"_0":"t"}}},"toDetailCollection":{"condition0":{"layer1":{"isCustomized_tap":true,"outputAndDisplay_tap":{"isSFSymbol":true,"output":{"controls_and_symbols":{"_0":"delete_or_backspace"}},"layerKey":"layer0","display":"delete.left"},"withModifier_tap":{}}}},"id":"0FA41CD6-AAF1-428A-9DD6-3FB24A6AA3FA"},{"fromDetail":{"output":{"letter_keys":{"_0":"o"}},"display":"O"},"id":"1EF35352-8651-479D-BFE2-DBED4B753C23","toDetailCollection":{"condition0":{"layer1":{"outputAndDisplay_tap":{"display":"arrowtriangle.right.fill","isSFSymbol":true,"layerKey":"layer0","output":{"arrow_keys":{"_0":"right_arrow"}}},"isCustomized_tap":true,"withModifier_tap":{"isWithModifier":true,"isWithOption":true}}}}},{"fromDetail":{"output":{"letter_keys":{"_0":"q"}},"display":"Q"},"toDetailCollection":{"condition0":{"layer1":{"withModifier_tap":{},"isCustomized_tap":true,"outputAndDisplay_tap":{"output":{"controls_and_symbols":{"_0":"return_or_enter"}},"layerKey":"layer0","display":"return","isSFSymbol":true}}}},"id":"CE62C29E-140D-422C-86E7-1C9EBE52EA24"},{"toDetailCollection":{},"id":"ABF631BE-6951-4BAF-93C9-2C67D2E83EAD","fromDetail":{"output":{"controls_and_symbols":{"_0":"open_square_bracket"}},"display":"["}},{"fromDetail":{"display":"I","output":{"letter_keys":{"_0":"i"}}},"toDetailCollection":{"condition0":{"layer1":{"outputAndDisplay_tap":{"display":"arrowtriangle.up.fill","isSFSymbol":true,"output":{"arrow_keys":{"_0":"up_arrow"}},"layerKey":"layer0"},"withModifier_tap":{},"isCustomized_tap":true}}},"id":"7D2571D1-8F9C-408A-9AE3-A8CA5DDAA9BE"},{"fromDetail":{"output":{"letter_keys":{"_0":"p"}},"display":"P"},"id":"94C68748-0703-4377-8752-D4E3917E052B","toDetailCollection":{"condition0":{"layer1":{"withModifier_tap":{"isWithModifier":true,"isWithControl":true},"isCustomized_tap":true,"outputAndDisplay_tap":{"display":"arrowtriangle.right.fill","layerKey":"layer0","isSFSymbol":true,"output":{"arrow_keys":{"_0":"right_arrow"}}}}}}}],"idsInOrderRow1":[{"id":"0B5E35AD-6912-42B0-9C50-E3DD2FA5DB2D"},{"id":"5DACC317-71BB-4B5E-A4B1-54B0030F817C"},{"id":"673B4C07-A3A3-4DCA-B46B-4E5CE3AED7FF"},{"id":"7BB880D1-3556-425E-B37B-E269DD2A2FEB"},{"id":"C1CE4039-F615-4D87-959B-829A50F75B06"},{"id":"40197EA6-E618-42AE-9813-BCBE54C2F3D9"},{"id":"E275A388-76EE-47AE-8CAE-BA434F14A644"},{"id":"BE58AD61-FB8C-4214-8852-B55D500500AA"},{"id":"8FFF2284-DD8C-42EC-9E1F-0D4C91DE78FA"},{"id":"CE9B2578-75FB-40CF-8B00-22169350CDD6"},{"id":"9596D559-E5C9-4C8A-A71C-C293A6F3A8BD"},{"id":"22A14561-ED7F-4051-BFE5-EFC533CA9297"},{"id":"18B2E3BD-06FE-4B65-8A5C-3D85B5C82036"}],"arrow_down":{"fromDetail":{"isSFSymbol":true,"display":"arrowtriangle.down.fill","output":{"arrow_keys":{"_0":"down_arrow"}}},"keyShape":"arrow_Down","id":"B0A29499-101B-4619-9A7F-FE76E2D4ADA8","toDetailCollection":{}},"arrow_up":{"keyShape":"arrow_Up","fromDetail":{"output":{"arrow_keys":{"_0":"up_arrow"}},"display":"arrowtriangle.up.fill","isSFSymbol":true},"id":"068F633D-2AEF-497D-B9D9-CFCB4B5CA473","toDetailCollection":{}},"idsInOrderRow3":[{"id":"E59DB58A-D350-4AF3-BDCA-26805A1F49A1"},{"id":"CE62C29E-140D-422C-86E7-1C9EBE52EA24"},{"id":"44F07BA4-CA09-4CD2-89DF-A1D0D4675702"},{"id":"DCAB333D-5FC9-40F9-8329-2A446C8A84A2"},{"id":"251115D3-412C-4E2D-B35E-66BFBB2E497D"},{"id":"0FA41CD6-AAF1-428A-9DD6-3FB24A6AA3FA"},{"id":"88271F67-DCAD-49A4-B0C8-E06261ADE1BC"},{"id":"78A10D5B-6752-4DDF-9590-8614765A06E6"},{"id":"7D2571D1-8F9C-408A-9AE3-A8CA5DDAA9BE"},{"id":"1EF35352-8651-479D-BFE2-DBED4B753C23"},{"id":"94C68748-0703-4377-8752-D4E3917E052B"},{"id":"ABF631BE-6951-4BAF-93C9-2C67D2E83EAD"},{"id":"79793796-EF4B-47DA-9575-9F05DD887466"},{"id":"A179CD2B-22D0-48E5-AEE4-CACC5796ED25"}],"row4":[{"id":"16F95E36-8882-47B5-B1AD-4EA0BEA346A2","fromDetail":{"output":{"letter_keys":{"_0":"k"}},"display":"K"},"toDetailCollection":{"condition0":{"layer1":{"withModifier_tap":{},"isCustomized_tap":true,"outputAndDisplay_tap":{"layerKey":"layer0","display":"arrowtriangle.down.fill","output":{"arrow_keys":{"_0":"down_arrow"}},"isSFSymbol":true}}}}},{"id":"9417F10A-3ACE-46E7-A136-22FEE842DFB4","fromDetail":{"output":{"letter_keys":{"_0":"g"}},"display":"G"},"toDetailCollection":{"condition0":{"layer1":{"isCustomized_tap":true,"outputAndDisplay_tap":{"display":"0","layerKey":"layer0","output":{"number_keys":{"_0":"zero"}}},"withModifier_tap":{}}}}},{"id":"543ECC72-42BF-4976-BC82-ACB48464CAE3","fromDetail":{"display":"return","isSFSymbol":true,"output":{"controls_and_symbols":{"_0":"return_or_enter"}}},"toDetailCollection":{},"unitSize":1.75},{"toDetailCollection":{"condition0":{"layer1":{"withModifier_tap":{},"outputAndDisplay_tap":{"layerKey":"layer0","display":"6","output":{"number_keys":{"_0":"six"}}},"isCustomized_tap":true}}},"id":"9B9F9159-B448-4112-815C-D26BBBEEDF41","fromDetail":{"output":{"letter_keys":{"_0":"f"}},"display":"F"}},{"fromDetail":{"output":{"letter_keys":{"_0":"d"}},"display":"D"},"id":"2DC53F75-1607-46D3-9F43-A967220212F7","toDetailCollection":{"condition0":{"layer1":{"outputAndDisplay_tap":{"layerKey":"layer0","output":{"number_keys":{"_0":"five"}},"display":"5"},"isCustomized_tap":true,"withModifier_tap":{}}}}},{"id":"A402E56C-644C-43E4-8A0A-8DF99BB1CEBA","fromDetail":{"output":{"letter_keys":{"_0":"h"}},"display":"H"},"toDetailCollection":{"condition0":{"layer1":{"isCustomized_tap":true,"withModifier_tap":{"isWithShift":true,"isWithCommand":true,"isWithModifier":true},"outputAndDisplay_tap":{"isSFSymbol":true,"output":{"controls_and_symbols":{"_0":"tab"}},"layerKey":"layer0","display":"arrow.right.to.line"}}}}},{"toDetailCollection":{"condition0":{"layer1":{"isCustomized_tap":true,"outputAndDisplay_tap":{"display":"4","output":{"number_keys":{"_0":"four"}},"layerKey":"layer0"},"withModifier_tap":{}}}},"id":"4D869182-E4D7-4C6D-91C7-99F62AF219BE","fromDetail":{"output":{"letter_keys":{"_0":"s"}},"display":"S"}},{"fromDetail":{"output":{"letter_keys":{"_0":"a"}},"display":"A"},"id":"0B9D1B3F-57C6-4615-99BB-48C219467D13","toDetailCollection":{"condition0":{"layer1":{"outputAndDisplay_tap":{"layerKey":"layer0","output":{"controls_and_symbols":{"_0":"period"}},"display":"."},"withModifier_tap":{},"isCustomized_tap":true}}}},{"id":"27773097-8AC1-4241-AFE2-3A506CC1CE70","unitSize":1.75,"fromDetail":{"display":"capslock","isSFSymbol":true,"output":{"modifier_keys":{"_0":"caps_lock"}}},"toDetailCollection":{}},{"fromDetail":{"display":";","output":{"controls_and_symbols":{"_0":"semicolon"}}},"id":"3A604FFD-18CC-4E1F-B27D-33182D84743A","toDetailCollection":{"condition0":{"layer1":{"isCustomized_tap":true,"outputAndDisplay_tap":{"display":"arrow.right.to.line","isSFSymbol":true,"output":{"controls_and_symbols":{"_0":"tab"}},"layerKey":"layer0"},"withModifier_tap":{"isWithModifier":true,"isWithCommand":true}}}}},{"fromDetail":{"output":{"letter_keys":{"_0":"j"}},"display":"J"},"toDetailCollection":{"condition0":{"layer1":{"isCustomized_tap":true,"withModifier_tap":{},"outputAndDisplay_tap":{"display":"arrowtriangle.left.fill","layerKey":"layer0","isSFSymbol":true,"output":{"arrow_keys":{"_0":"left_arrow"}}}}}},"id":"61C04111-14F3-4F92-848F-F7265ED102C4"},{"id":"0058648D-B75B-4284-B283-1A0769A923C7","toDetailCollection":{"condition0":{"layer1":{"isCustomized_tap":true,"withModifier_tap":{},"outputAndDisplay_tap":{"output":{"arrow_keys":{"_0":"right_arrow"}},"isSFSymbol":true,"layerKey":"layer0","display":"arrowtriangle.right.fill"}}}},"fromDetail":{"output":{"letter_keys":{"_0":"l"}},"display":"L"}},{"fromDetail":{"output":{"controls_and_symbols":{"_0":"single_quotation_or_colon"}},"display":"'"},"id":"C14E179A-7678-4394-A3B2-735F8F295547","toDetailCollection":{}}],"enableArrowKeys":true,"idsInOrderRow5":[{"id":"0D236D79-4C26-46CC-B334-7604DCF99B2B"},{"id":"426E4CD8-1EEB-48C0-A67A-4C1DC21B1F96"},{"id":"A21CC969-8E39-45DE-A7A8-757A46FEA08D"},{"id":"10D4626F-90EE-40AE-8D75-A36BB7BDA757"},{"id":"98C1A52D-0A7B-4D00-9505-B83531D1B3A0"},{"id":"8012689D-7B0B-4A20-95FE-9D8B316003B7"},{"id":"7A4F8C91-3812-44AD-8104-B0B5AFF9A941"},{"id":"CFC4B7DB-349A-40AF-ADA9-4D0E6E0974D6"},{"id":"471C255F-2139-441B-9EEE-47DB5E31B2D0"},{"id":"0A2F027A-7F16-44A1-B62B-432D2F3D8782"},{"id":"9ECCF24B-9070-4B41-A421-F9D1F8B0334C"},{"id":"33FE5726-072E-4AFB-B46C-1044A4B634DD"}],"idsInOrderRow4":[{"id":"27773097-8AC1-4241-AFE2-3A506CC1CE70"},{"id":"0B9D1B3F-57C6-4615-99BB-48C219467D13"},{"id":"4D869182-E4D7-4C6D-91C7-99F62AF219BE"},{"id":"2DC53F75-1607-46D3-9F43-A967220212F7"},{"id":"9B9F9159-B448-4112-815C-D26BBBEEDF41"},{"id":"9417F10A-3ACE-46E7-A136-22FEE842DFB4"},{"id":"A402E56C-644C-43E4-8A0A-8DF99BB1CEBA"},{"id":"61C04111-14F3-4F92-848F-F7265ED102C4"},{"id":"16F95E36-8882-47B5-B1AD-4EA0BEA346A2"},{"id":"0058648D-B75B-4284-B283-1A0769A923C7"},{"id":"3A604FFD-18CC-4E1F-B27D-33182D84743A"},{"id":"C14E179A-7678-4394-A3B2-735F8F295547"},{"id":"543ECC72-42BF-4976-BC82-ACB48464CAE3"}]},"sectionDetail":{"section":{"main":{}},"deviceDetail":{"location_id":"location_id","is_product_id_Enabled":false,"vendor_id":"vendor_id","is_vendor_id_Enabled":false,"is_builtin_keyboard":false,"device_name":"mainKeyboard","product_id":"product_id","is_location_id_Enabled":false}},"tenkeyRows":{"enableArrowKeys":false,"idsInOrderRow3":[{"id":"8E51BC05-1966-4964-AC28-7E6B67089032"},{"id":"5572995E-EE6B-4C57-A91B-57E0A2445E1D"},{"id":"49D6D983-9C1D-4918-BDC9-FC45C9892BB3"},{"id":"DEAFFF0F-5672-4DAF-97CE-F72820BFF6CC"}],"arrow_left":{"fromDetail":{"isSFSymbol":true,"output":{"arrow_keys":{"_0":"left_arrow"}},"display":"arrowtriangle.left.fill"},"id":"7A56D7D0-9F3F-4395-953A-81E0B94AC627","toDetailCollection":{},"keyShape":"arrow_LR"},"idsInOrderRow5":[{"id":"485996B2-330C-4440-99C7-94974394DF04"},{"id":"15D0AF65-EE91-488F-A93B-CCE32562EC60"},{"id":"E53EF432-0FF6-4422-A466-7E11D6003833"},{"id":"AD2208E0-8AE0-40B9-8147-DF090087A539"}],"idsInOrderRow2":[{"id":"42E79D5A-0125-4ADB-8244-B2264193E6F3"},{"id":"1F094D65-624D-4B1F-A875-612F04C10C51"},{"id":"928D341C-32A5-4246-B60E-4587FDDFCC17"},{"id":"8DC2E1C7-2E48-4E8E-B67A-6E845214FABC"}],"row1":[{"toDetailCollection":{},"id":"D514C1CF-C54A-4C7F-83AC-8FD7DFBE1C39","fromDetail":{"output":{"function_keys":{"_0":"f19"}},"display":"F19"}},{"id":"A7BE6B69-1A26-483B-912A-900482F9BCBC","fromDetail":{"output":{"function_keys":{"_0":"f18"}},"display":"F18"},"toDetailCollection":{}},{"id":"ABE71623-9DB6-43C5-9EC5-AE71F0D381C4","fromDetail":{"display":"F17","output":{"function_keys":{"_0":"f17"}}},"toDetailCollection":{}},{"id":"6B74F7F7-917A-4343-9A95-ED090256720D","toDetailCollection":{},"fromDetail":{"display":"F16","output":{"function_keys":{"_0":"f16"}}}}],"row4":[{"toDetailCollection":{},"id":"F49CEA0A-2F97-435B-8AF9-BE6E4D508BE4","fromDetail":{"output":{"keypad_keys":{"_0":"keypad_plus"}},"display":"+"}},{"toDetailCollection":{},"id":"F652257D-3540-4ED4-BDA3-BF713947294F","fromDetail":{"display":"6","output":{"keypad_keys":{"_0":"keypad_6"}}}},{"id":"B0FC9C9C-8285-4F04-A3C6-07BDDA1B9989","fromDetail":{"display":"5","output":{"keypad_keys":{"_0":"keypad_5"}}},"toDetailCollection":{}},{"id":"17F547E6-76C6-4468-8946-CEC23741D79D","toDetailCollection":{},"fromDetail":{"display":"4","output":{"keypad_keys":{"_0":"keypad_4"}}}}],"arrow_up":{"id":"5E2696BF-92B1-4CE3-94E8-2C79E6545689","keyShape":"arrow_Up","fromDetail":{"isSFSymbol":true,"output":{"arrow_keys":{"_0":"up_arrow"}},"display":"arrowtriangle.up.fill"},"toDetailCollection":{}},"row5":[{"toDetailCollection":{},"id":"15D0AF65-EE91-488F-A93B-CCE32562EC60","fromDetail":{"display":"2","output":{"keypad_keys":{"_0":"keypad_2"}}}},{"keyShape":"enter_Tenkey","toDetailCollection":{},"id":"AD2208E0-8AE0-40B9-8147-DF090087A539","fromDetail":{"isSFSymbol":true,"display":"projective","output":{"keypad_keys":{"_0":"keypad_enter"}}}},{"toDetailCollection":{},"fromDetail":{"display":"3","output":{"keypad_keys":{"_0":"keypad_3"}}},"id":"E53EF432-0FF6-4422-A466-7E11D6003833"},{"fromDetail":{"output":{"keypad_keys":{"_0":"keypad_1"}},"display":"1"},"id":"485996B2-330C-4440-99C7-94974394DF04","toDetailCollection":{}}],"arrow_right":{"keyShape":"arrow_LR","id":"6652B808-6E85-49EB-9A7C-F26B221DE550","toDetailCollection":{},"fromDetail":{"isSFSymbol":true,"display":"arrowtriangle.right.fill","output":{"arrow_keys":{"_0":"right_arrow"}}}},"row6":[{"toDetailCollection":{},"id":"C1CA4968-AFF5-4D83-918C-983FD8E962B5","fromDetail":{"output":{"keypad_keys":{"_0":"keypad_period"}},"display":"."}},{"unitSize":2,"id":"136CDCD2-4F98-467B-A8D2-287B698C98F5","fromDetail":{"output":{"keypad_keys":{"_0":"keypad_0"}},"display":"0"},"toDetailCollection":{}}],"arrow_down":{"keyShape":"arrow_Down","fromDetail":{"output":{"arrow_keys":{"_0":"down_arrow"}},"isSFSymbol":true,"display":"arrowtriangle.down.fill"},"id":"029BFF18-F781-4C39-AEA4-40B2384CA1E2","toDetailCollection":{}},"rowIndex_arrow":{"row6":{}},"idsInOrderRow1":[{"id":"6B74F7F7-917A-4343-9A95-ED090256720D"},{"id":"ABE71623-9DB6-43C5-9EC5-AE71F0D381C4"},{"id":"A7BE6B69-1A26-483B-912A-900482F9BCBC"},{"id":"D514C1CF-C54A-4C7F-83AC-8FD7DFBE1C39"}],"idsInOrderRow4":[{"id":"17F547E6-76C6-4468-8946-CEC23741D79D"},{"id":"B0FC9C9C-8285-4F04-A3C6-07BDDA1B9989"},{"id":"F652257D-3540-4ED4-BDA3-BF713947294F"},{"id":"F49CEA0A-2F97-435B-8AF9-BE6E4D508BE4"}],"row2":[{"fromDetail":{"display":"\/","output":{"keypad_keys":{"_0":"keypad_slash"}}},"toDetailCollection":{},"id":"928D341C-32A5-4246-B60E-4587FDDFCC17"},{"toDetailCollection":{},"id":"1F094D65-624D-4B1F-A875-612F04C10C51","fromDetail":{"display":"=","output":{"keypad_keys":{"_0":"keypad_equal_sign"}}}},{"id":"8DC2E1C7-2E48-4E8E-B67A-6E845214FABC","fromDetail":{"output":{"keypad_keys":{"_0":"keypad_asterisk"}},"display":"*"},"toDetailCollection":{}},{"toDetailCollection":{},"fromDetail":{"display":"clear","output":{"others":{"_0":"clear"}}},"id":"42E79D5A-0125-4ADB-8244-B2264193E6F3"}],"row3":[{"id":"DEAFFF0F-5672-4DAF-97CE-F72820BFF6CC","toDetailCollection":{},"fromDetail":{"display":"-","output":{"keypad_keys":{"_0":"keypad_hyphen"}}}},{"toDetailCollection":{},"fromDetail":{"output":{"keypad_keys":{"_0":"keypad_8"}},"display":"8"},"id":"5572995E-EE6B-4C57-A91B-57E0A2445E1D"},{"fromDetail":{"output":{"keypad_keys":{"_0":"keypad_7"}},"display":"7"},"toDetailCollection":{},"id":"8E51BC05-1966-4964-AC28-7E6B67089032"},{"toDetailCollection":{},"id":"49D6D983-9C1D-4918-BDC9-FC45C9892BB3","fromDetail":{"display":"9","output":{"keypad_keys":{"_0":"keypad_9"}}}}],"idsInOrderRow6":[{"id":"136CDCD2-4F98-467B-A8D2-287B698C98F5"},{"id":"C1CA4968-AFF5-4D83-918C-983FD8E962B5"}]}}},"name":"LayerSample_US","macroCollection":{"_collection":[{"dictionary_key":null,"id":"374F6997-DDBC-479D-9D0E-FE3DC37F066C","toDetailCollection":{"idsInOrderCollection":[{"id":"5D63C30D-8C9E-4879-A4C2-DFB0869C9D82"},{"id":"F9234513-00D5-47E7-AF49-A1D17FFD8163"}],"_collection":[{"indicator":false,"outputAndDisplay":{"display":"X","output":{"letter_keys":{"_0":"x"}},"layerKey":"layer0"},"withModifier":{"isWithModifier":true,"isWithCommand":true},"id":"F9234513-00D5-47E7-AF49-A1D17FFD8163","error":false},{"id":"5D63C30D-8C9E-4879-A4C2-DFB0869C9D82","error":false,"indicator":false,"withModifier":{"isWithShift":true,"isWithModifier":true,"isWithCommand":true},"outputAndDisplay":{"display":"arrowtriangle.right.fill","output":{"arrow_keys":{"_0":"right_arrow"}},"isSFSymbol":true,"layerKey":"layer0"}}]},"name":"Cut2Z"},{"name":"Cut2A","dictionary_key":null,"id":"A4CF6F60-C6F1-4354-91DA-ED277EFE9B02","toDetailCollection":{"idsInOrderCollection":[{"id":"A18CBB62-ACA3-44AC-8421-FAF1AE54DAA5"},{"id":"C126E265-CB22-4E04-99F2-282EBF568476"}],"_collection":[{"indicator":false,"outputAndDisplay":{"output":{"arrow_keys":{"_0":"left_arrow"}},"isSFSymbol":true,"layerKey":"layer0","display":"arrowtriangle.left.fill"},"withModifier":{"isWithShift":true,"isWithCommand":true,"isWithModifier":true},"id":"A18CBB62-ACA3-44AC-8421-FAF1AE54DAA5","error":false},{"id":"C126E265-CB22-4E04-99F2-282EBF568476","indicator":false,"error":false,"withModifier":{"isWithModifier":true,"isWithCommand":true},"outputAndDisplay":{"output":{"letter_keys":{"_0":"x"}},"layerKey":"layer0","display":"X"}}]}}],"idsInOrderCollection":[{"id":"A4CF6F60-C6F1-4354-91DA-ED277EFE9B02"},{"id":"374F6997-DDBC-479D-9D0E-FE3DC37F066C"}]},"conditionDetailCollection":{"condition4":{"value":"com.vendor.condition4","name":"Condition4","isEnabled":false,"type":"Application"},"condition5":{"isEnabled":false,"name":"Condition5","value":"com.vendor.condition5","type":"Application"},"condition7":{"type":"Application","value":"com.vendor.condition7","isEnabled":false,"name":"Condition7"},"condition6":{"type":"Application","isEnabled":false,"value":"com.vendor.condition6","name":"Condition6"},"condition2":{"isEnabled":false,"value":"com.vendor.condition2","name":"Condition2","type":"Application"},"condition0":{"isEnabled":true,"type":"Application","name":"Default","value":"com.vendor.condition0"},"condition3":{"value":"com.vendor.condition3","type":"Application","name":"Condition3","isEnabled":false},"condition8":{"name":"Condition8","value":"com.vendor.condition8","isEnabled":false,"type":"Application"},"condition9":{"name":"Condition9","value":"com.vendor.condition9","isEnabled":false,"type":"Application"},"condition1":{"type":"InputSource","isEnabled":false,"value":"ja","name":"Condition1"}},"selections":{"toTab":"qwertyKeyboard","macroTab":{"userMacro":{}},"macro":{"name":"Cut2A","id":"A4CF6F60-C6F1-4354-91DA-ED277EFE9B02","dictionary_key":null,"toDetailCollection":{"_collection":[{"error":false,"indicator":false,"id":"A18CBB62-ACA3-44AC-8421-FAF1AE54DAA5","withModifier":{"isWithCommand":true,"isWithModifier":true,"isWithShift":true},"outputAndDisplay":{"display":"arrowtriangle.left.fill","isSFSymbol":true,"output":{"arrow_keys":{"_0":"left_arrow"}},"layerKey":"layer0"}},{"withModifier":{"isWithModifier":true,"isWithCommand":true},"outputAndDisplay":{"layerKey":"layer0","output":{"letter_keys":{"_0":"x"}},"display":"X"},"error":false,"indicator":false,"id":"C126E265-CB22-4E04-99F2-282EBF568476"}],"idsInOrderCollection":[{"id":"A18CBB62-ACA3-44AC-8421-FAF1AE54DAA5"},{"id":"C126E265-CB22-4E04-99F2-282EBF568476"}]}},"customOrMacroTab":{"customizeKey":{}},"layer":"layer1","condition":"condition0","combo":{"key_down_order":"insensitive","comboThreshold":50,"toDetail":{},"key_up_order":"insensitive","id":"5F43BB11-8D84-4167-9A02-2ADD6960B484"},"toDetail_macro":{"error":false,"outputAndDisplay":{"output":{"letter_keys":{"_0":"a"}},"layerKey":"layer0","display":"none"},"id":"12AB05B6-EF08-41A5-8B6E-531F6B0C712B","indicator":false,"withModifier":{}},"keyboardKey":{"id":"2230C935-5A70-4B6A-9611-DB56F45BE5C5","fromDetail":{"display":"A","output":{"letter_keys":{"_0":"a"}}},"toDetailCollection":{}},"tab":{"remap":{}},"fromTab":{"qwertyKeyboard":{}}},"comboCollection":{"condition4":{"layer4":{},"layer0":{},"layer7":{},"layer1":{},"layer3":{},"layer6":{},"layer2":{},"layer8":{},"layer5":{}},"condition2":{"layer6":{},"layer5":{},"layer7":{},"layer8":{},"layer3":{},"layer2":{},"layer1":{},"layer0":{},"layer4":{}},"condition1":{"layer7":{},"layer0":{},"layer8":{},"layer4":{},"layer1":{},"layer5":{},"layer6":{},"layer3":{},"layer2":{}},"condition6":{"layer1":{},"layer6":{},"layer7":{},"layer5":{},"layer0":{},"layer3":{},"layer8":{},"layer4":{},"layer2":{}},"condition5":{"layer4":{},"layer1":{},"layer8":{},"layer5":{},"layer3":{},"layer0":{},"layer2":{},"layer6":{},"layer7":{}},"condition3":{"layer0":{},"layer1":{},"layer7":{},"layer2":{},"layer8":{},"layer6":{},"layer3":{},"layer5":{},"layer4":{}},"condition0":{"layer1":{},"layer2":{},"layer7":{},"layer4":{},"layer8":{},"layer3":{},"layer0":{},"layer5":{},"layer6":{}},"condition7":{"layer3":{},"layer1":{},"layer8":{},"layer4":{},"layer7":{},"layer0":{},"layer6":{},"layer2":{},"layer5":{}},"condition9":{"layer0":{},"layer1":{},"layer8":{},"layer7":{},"layer4":{},"layer5":{},"layer6":{},"layer3":{},"layer2":{}},"condition8":{"layer0":{},"layer1":{},"layer6":{},"layer8":{},"layer3":{},"layer7":{},"layer2":{},"layer5":{},"layer4":{}}}}