{"comboCollection":{"condition9":{"layer0":{},"layer5":{},"layer4":{},"layer6":{},"layer8":{},"layer2":{},"layer7":{},"layer1":{},"layer3":{}},"condition3":{"layer3":{},"layer6":{},"layer0":{},"layer8":{},"layer7":{},"layer1":{},"layer5":{},"layer4":{},"layer2":{}},"condition0":{"layer3":{},"layer2":{},"layer5":{},"layer7":{},"layer1":{},"layer8":{},"layer0":{},"layer4":{},"layer6":{}},"condition4":{"layer0":{},"layer1":{},"layer2":{},"layer4":{},"layer6":{},"layer5":{},"layer3":{},"layer7":{},"layer8":{}},"condition1":{"layer4":{},"layer6":{},"layer8":{},"layer1":{},"layer7":{},"layer5":{},"layer2":{},"layer0":{},"layer3":{}},"condition8":{"layer6":{},"layer1":{},"layer7":{},"layer2":{},"layer8":{},"layer5":{},"layer0":{},"layer4":{},"layer3":{}},"condition6":{"layer0":{},"layer6":{},"layer1":{},"layer3":{},"layer2":{},"layer7":{},"layer8":{},"layer4":{},"layer5":{}},"condition5":{"layer1":{},"layer8":{},"layer5":{},"layer4":{},"layer6":{},"layer7":{},"layer2":{},"layer3":{},"layer0":{}},"condition2":{"layer1":{},"layer2":{},"layer7":{},"layer0":{},"layer5":{},"layer8":{},"layer3":{},"layer4":{},"layer6":{}},"condition7":{"layer4":{},"layer0":{},"layer6":{},"layer2":{},"layer1":{},"layer7":{},"layer3":{},"layer5":{},"layer8":{}}},"keymap":{"mouse":{"isEnableMain":true,"subRows":{"idsInOrderRow3":[{"id":"E5A49682-7C02-4458-AD33-27B6DBED9847"}],"row4":[{"toDetailCollection":{},"id":"B35998DD-9E01-46D8-9796-3E6289C8AF06","fromDetail":{"output":{"letter_keys":{"_0":"a"}},"display":"A"}}],"idsInOrderRow6":[{"id":"972017B5-BE3B-4591-9CD0-DE0A85EC143B"}],"arrow_up":{"fromDetail":{"isSFSymbol":true,"output":{"arrow_keys":{"_0":"up_arrow"}},"display":"arrowtriangle.up.fill"},"id":"48F82E20-F4EE-449C-845B-2A3C42F1559D","toDetailCollection":{},"keyShape":"arrow_Up"},"row1":[{"toDetailCollection":{},"fromDetail":{"display":"A","output":{"letter_keys":{"_0":"a"}}},"id":"0193E4B5-2B71-490F-A1F6-1A0790BEC823"}],"idsInOrderRow2":[{"id":"B01D8BA2-B708-46AB-B8EC-F458CF416E8B"}],"row2":[{"toDetailCollection":{},"id":"B01D8BA2-B708-46AB-B8EC-F458CF416E8B","fromDetail":{"display":"A","output":{"letter_keys":{"_0":"a"}}}}],"enableArrowKeys":false,"row5":[{"fromDetail":{"output":{"letter_keys":{"_0":"a"}},"display":"A"},"toDetailCollection":{},"id":"5C9BA0AA-6BEC-479F-944F-1BC35C97254E"}],"arrow_left":{"fromDetail":{"display":"arrowtriangle.left.fill","output":{"arrow_keys":{"_0":"left_arrow"}},"isSFSymbol":true},"toDetailCollection":{},"keyShape":"arrow_LR","id":"81A4DD4E-8431-4043-8E13-98414A665901"},"row3":[{"id":"E5A49682-7C02-4458-AD33-27B6DBED9847","fromDetail":{"output":{"letter_keys":{"_0":"a"}},"display":"A"},"toDetailCollection":{}}],"arrow_down":{"id":"C50A6D21-7389-4CEA-8753-8AFD0802249F","keyShape":"arrow_Down","fromDetail":{"output":{"arrow_keys":{"_0":"down_arrow"}},"isSFSymbol":true,"display":"arrowtriangle.down.fill"},"toDetailCollection":{}},"rowIndex_arrow":{"row6":{}},"row6":[{"id":"972017B5-BE3B-4591-9CD0-DE0A85EC143B","fromDetail":{"display":"A","output":{"letter_keys":{"_0":"a"}}},"toDetailCollection":{}}],"idsInOrderRow4":[{"id":"B35998DD-9E01-46D8-9796-3E6289C8AF06"}],"idsInOrderRow5":[{"id":"5C9BA0AA-6BEC-479F-944F-1BC35C97254E"}],"idsInOrderRow1":[{"id":"0193E4B5-2B71-490F-A1F6-1A0790BEC823"}],"arrow_right":{"id":"BBA6B26F-A228-4A68-92AF-4A84499D70D7","toDetailCollection":{},"keyShape":"arrow_LR","fromDetail":{"output":{"arrow_keys":{"_0":"right_arrow"}},"display":"arrowtriangle.right.fill","isSFSymbol":true}}},"sectionDetail":{"section":{"mouse":{}},"deviceDetail":{"is_vendor_id_Enabled":false,"is_location_id_Enabled":false,"is_product_id_Enabled":false,"device_name":"mouse","vendor_id":"vendor_id","is_builtin_keyboard":false,"location_id":"location_id","product_id":"product_id"}},"isEnableTenkey":false,"tenkeyRows":{"row2":[{"toDetailCollection":{},"fromDetail":{"display":"A","output":{"letter_keys":{"_0":"a"}}},"id":"09B5ADB0-23B6-4ADE-86C6-7473562B6EE3"}],"idsInOrderRow3":[{"id":"8961554B-F2B8-411B-A52F-DC27F35D16B2"}],"arrow_up":{"fromDetail":{"display":"arrowtriangle.up.fill","output":{"arrow_keys":{"_0":"up_arrow"}},"isSFSymbol":true},"toDetailCollection":{},"keyShape":"arrow_Up","id":"C2E08F2C-06B2-4D35-BFB7-13DA8B316E4F"},"row3":[{"toDetailCollection":{},"id":"8961554B-F2B8-411B-A52F-DC27F35D16B2","fromDetail":{"display":"A","output":{"letter_keys":{"_0":"a"}}}}],"arrow_left":{"toDetailCollection":{},"keyShape":"arrow_LR","fromDetail":{"output":{"arrow_keys":{"_0":"left_arrow"}},"display":"arrowtriangle.left.fill","isSFSymbol":true},"id":"6418B91E-21D0-4151-89EB-C4754A1963C9"},"arrow_right":{"toDetailCollection":{},"keyShape":"arrow_LR","id":"4068E346-3B93-4D89-95DB-FA406DA7A03D","fromDetail":{"display":"arrowtriangle.right.fill","output":{"arrow_keys":{"_0":"right_arrow"}},"isSFSymbol":true}},"rowIndex_arrow":{"row6":{}},"idsInOrderRow1":[{"id":"12979D8C-6970-430D-B13A-75F75AF38E79"}],"idsInOrderRow4":[{"id":"D964E358-4A1C-4DA6-B54D-F350925866AC"}],"idsInOrderRow6":[{"id":"930999B4-EA47-4B32-ADF5-7884AB65EE9C"}],"row1":[{"id":"12979D8C-6970-430D-B13A-75F75AF38E79","fromDetail":{"output":{"letter_keys":{"_0":"a"}},"display":"A"},"toDetailCollection":{}}],"row4":[{"fromDetail":{"display":"A","output":{"letter_keys":{"_0":"a"}}},"toDetailCollection":{},"id":"D964E358-4A1C-4DA6-B54D-F350925866AC"}],"idsInOrderRow5":[{"id":"E8C6B053-CFF5-4660-812B-0BAE1C4A1E88"}],"row6":[{"id":"930999B4-EA47-4B32-ADF5-7884AB65EE9C","fromDetail":{"display":"A","output":{"letter_keys":{"_0":"a"}}},"toDetailCollection":{}}],"enableArrowKeys":false,"row5":[{"fromDetail":{"display":"A","output":{"letter_keys":{"_0":"a"}}},"id":"E8C6B053-CFF5-4660-812B-0BAE1C4A1E88","toDetailCollection":{}}],"arrow_down":{"keyShape":"arrow_Down","toDetailCollection":{},"id":"8CE6396F-DE5D-45E3-98DD-E0B27CBFBE78","fromDetail":{"output":{"arrow_keys":{"_0":"down_arrow"}},"display":"arrowtriangle.down.fill","isSFSymbol":true}},"idsInOrderRow2":[{"id":"09B5ADB0-23B6-4ADE-86C6-7473562B6EE3"}]},"isEnableSub":false,"mainRows":{"row6":[],"row1":[{"fromDetail":{"output":{"mouse_buttons":{"_0":"button2"}},"display":"R click"},"id":"42BF087C-69C2-4729-9CB4-D5D2754FCB34","toDetailCollection":{}},{"fromDetail":{"output":{"mouse_buttons":{"_0":"button1"}},"display":"L click"},"toDetailCollection":{},"id":"19F926D1-FCC8-45C4-B79E-A6752AB6C965"}],"row3":[{"toDetailCollection":{},"fromDetail":{"output":{"letter_keys":{"_0":"a"}},"display":"A"},"id":"14A0E417-0251-4FA2-9154-33667DC827B7","isSpacer":true}],"arrow_down":{"toDetailCollection":{},"fromDetail":{"display":"arrowtriangle.down.fill","output":{"arrow_keys":{"_0":"down_arrow"}},"isSFSymbol":true},"id":"7C9566E8-FE8D-4CAE-A103-3842626791F9","keyShape":"arrow_Down"},"row5":[],"idsInOrderRow1":[{"id":"19F926D1-FCC8-45C4-B79E-A6752AB6C965"},{"id":"42BF087C-69C2-4729-9CB4-D5D2754FCB34"}],"arrow_right":{"toDetailCollection":{},"keyShape":"arrow_LR","id":"75D41853-C482-49EC-A6C9-E06AE5DD2C06","fromDetail":{"output":{"arrow_keys":{"_0":"right_arrow"}},"display":"arrowtriangle.right.fill","isSFSymbol":true}},"enableArrowKeys":false,"row4":[{"id":"099F082B-A5B3-450A-B73F-AE3EE5951C78","isSpacer":true,"fromDetail":{"display":"A","output":{"letter_keys":{"_0":"a"}}},"toDetailCollection":{}}],"row2":[{"toDetailCollection":{},"fromDetail":{"output":{"mouse_buttons":{"_0":"button3"}},"display":"M click"},"id":"2AE04B69-7B03-4390-964A-3854BDED5235"},{"toDetailCollection":{},"id":"00DC4F4E-BCBF-4890-9783-1FDB7145E4F6","unitSize":0.5,"isSpacer":true,"fromDetail":{"output":{"letter_keys":{"_0":"a"}},"display":"A"}}],"idsInOrderRow2":[{"id":"00DC4F4E-BCBF-4890-9783-1FDB7145E4F6"},{"id":"2AE04B69-7B03-4390-964A-3854BDED5235"}],"idsInOrderRow3":[{"id":"14A0E417-0251-4FA2-9154-33667DC827B7"}],"idsInOrderRow4":[{"id":"099F082B-A5B3-450A-B73F-AE3EE5951C78"}],"arrow_left":{"fromDetail":{"output":{"arrow_keys":{"_0":"left_arrow"}},"isSFSymbol":true,"display":"arrowtriangle.left.fill"},"keyShape":"arrow_LR","id":"71D8587C-E17B-46E0-8D01-3B9FB930AFE4","toDetailCollection":{}},"arrow_up":{"fromDetail":{"output":{"arrow_keys":{"_0":"up_arrow"}},"display":"arrowtriangle.up.fill","isSFSymbol":true},"id":"A80B257B-C304-4361-9681-0A1CD6FE365D","keyShape":"arrow_Up","toDetailCollection":{}},"rowIndex_arrow":{"row6":{}},"idsInOrderRow5":[],"idsInOrderRow6":[]}},"other":{"isEnableTenkey":false,"mainRows":{"idsInOrderRow3":[{"id":"D54816AB-6B3B-47B6-A1D5-851FF25738B5"},{"id":"B1D5AECC-1337-46E8-A7A6-01B1EC7A49D5"},{"id":"7A867551-20D5-41D4-8580-1C792A0E653C"},{"id":"6464597B-E2D5-413A-B6DA-03BA996FB0DC"}],"idsInOrderRow6":[{"id":"D71461CE-C5AE-4F08-98FA-F44C14A49AE7"},{"id":"E3438EB5-CE6E-4358-8A84-522A2FDD1D15"}],"arrow_up":{"keyShape":"arrow_Up","toDetailCollection":{},"fromDetail":{"isSFSymbol":true,"output":{"arrow_keys":{"_0":"up_arrow"}},"display":"arrowtriangle.up.fill"},"id":"0D8F7701-D591-4048-ABDB-0A686CD8CA3C"},"row3":[{"fromDetail":{"display":"9","output":{"keypad_keys":{"_0":"keypad_9"}}},"id":"7A867551-20D5-41D4-8580-1C792A0E653C","toDetailCollection":{}},{"id":"B1D5AECC-1337-46E8-A7A6-01B1EC7A49D5","toDetailCollection":{},"fromDetail":{"display":"8","output":{"keypad_keys":{"_0":"keypad_8"}}}},{"toDetailCollection":{},"id":"D54816AB-6B3B-47B6-A1D5-851FF25738B5","fromDetail":{"display":"7","output":{"keypad_keys":{"_0":"keypad_7"}}}},{"fromDetail":{"display":"-","output":{"keypad_keys":{"_0":"keypad_hyphen"}}},"toDetailCollection":{},"id":"6464597B-E2D5-413A-B6DA-03BA996FB0DC"}],"enableArrowKeys":false,"arrow_right":{"keyShape":"arrow_LR","id":"D5AA1317-2D88-4E0D-86A0-85F3C81F82DF","fromDetail":{"display":"arrowtriangle.right.fill","output":{"arrow_keys":{"_0":"right_arrow"}},"isSFSymbol":true},"toDetailCollection":{}},"arrow_down":{"fromDetail":{"isSFSymbol":true,"output":{"arrow_keys":{"_0":"down_arrow"}},"display":"arrowtriangle.down.fill"},"toDetailCollection":{},"id":"CF10F13A-A81F-463C-93A3-7A85A0FB0953","keyShape":"arrow_Down"},"row5":[{"toDetailCollection":{},"fromDetail":{"display":"projective","output":{"keypad_keys":{"_0":"keypad_enter"}},"isSFSymbol":true},"id":"F0C515B7-3FF4-4880-BCFE-75B8D36B1DD2","keyShape":"enter_Tenkey"},{"id":"DA76E002-6FAE-4307-95C0-442700D0DD43","fromDetail":{"output":{"keypad_keys":{"_0":"keypad_3"}},"display":"3"},"toDetailCollection":{}},{"toDetailCollection":{},"id":"2D8BF1B1-262A-45A9-9BBC-F861026F6B6A","fromDetail":{"output":{"keypad_keys":{"_0":"keypad_1"}},"display":"1"}},{"id":"321A375E-45A1-42B4-B3E8-EB3A373C5A78","fromDetail":{"output":{"keypad_keys":{"_0":"keypad_2"}},"display":"2"},"toDetailCollection":{}}],"idsInOrderRow2":[{"id":"61993108-147C-45B4-BA2E-8B4C179561DC"},{"id":"FBCBB4C4-D008-47BC-82DA-7CA7BC1BFC33"},{"id":"6848D22E-E6BF-4D2F-8C1D-0E8EBC94C77D"},{"id":"14D76E64-B079-4FA3-8194-5F16914B48F3"}],"row2":[{"id":"FBCBB4C4-D008-47BC-82DA-7CA7BC1BFC33","fromDetail":{"output":{"keypad_keys":{"_0":"keypad_equal_sign"}},"display":"="},"toDetailCollection":{}},{"id":"14D76E64-B079-4FA3-8194-5F16914B48F3","toDetailCollection":{},"fromDetail":{"output":{"keypad_keys":{"_0":"keypad_asterisk"}},"display":"*"}},{"id":"6848D22E-E6BF-4D2F-8C1D-0E8EBC94C77D","fromDetail":{"output":{"keypad_keys":{"_0":"keypad_slash"}},"display":"\/"},"toDetailCollection":{}},{"id":"61993108-147C-45B4-BA2E-8B4C179561DC","toDetailCollection":{},"fromDetail":{"output":{"others":{"_0":"clear"}},"display":"clear"}}],"idsInOrderRow1":[{"id":"236DE87A-3D8C-4881-9BE9-3FA28B3D2F4A"},{"id":"E6EACCE9-E0B0-450B-BB47-86A64B409320"},{"id":"A7B2C143-8FF0-419F-9F18-F72162F015C9"},{"id":"2902DD53-AB5E-4A04-BE69-F7A8EC5D28D0"}],"idsInOrderRow4":[{"id":"792914F3-9F17-4D32-A882-681E7E25C2C9"},{"id":"E185E72D-0969-4485-98C3-3C1F79286CAB"},{"id":"89E59AF3-D4AE-41C9-A3C5-3F1A44C63A62"},{"id":"A14081F2-8FB5-4FA2-B4C3-59CC51318EC0"}],"row4":[{"id":"A14081F2-8FB5-4FA2-B4C3-59CC51318EC0","fromDetail":{"display":"+","output":{"keypad_keys":{"_0":"keypad_plus"}}},"toDetailCollection":{}},{"id":"89E59AF3-D4AE-41C9-A3C5-3F1A44C63A62","fromDetail":{"display":"6","output":{"keypad_keys":{"_0":"keypad_6"}}},"toDetailCollection":{}},{"id":"E185E72D-0969-4485-98C3-3C1F79286CAB","toDetailCollection":{},"fromDetail":{"display":"5","output":{"keypad_keys":{"_0":"keypad_5"}}}},{"fromDetail":{"display":"4","output":{"keypad_keys":{"_0":"keypad_4"}}},"toDetailCollection":{},"id":"792914F3-9F17-4D32-A882-681E7E25C2C9"}],"idsInOrderRow5":[{"id":"2D8BF1B1-262A-45A9-9BBC-F861026F6B6A"},{"id":"321A375E-45A1-42B4-B3E8-EB3A373C5A78"},{"id":"DA76E002-6FAE-4307-95C0-442700D0DD43"},{"id":"F0C515B7-3FF4-4880-BCFE-75B8D36B1DD2"}],"row1":[{"fromDetail":{"output":{"function_keys":{"_0":"f17"}},"display":"F17"},"toDetailCollection":{},"id":"E6EACCE9-E0B0-450B-BB47-86A64B409320"},{"id":"2902DD53-AB5E-4A04-BE69-F7A8EC5D28D0","fromDetail":{"output":{"function_keys":{"_0":"f19"}},"display":"F19"},"toDetailCollection":{}},{"toDetailCollection":{},"id":"236DE87A-3D8C-4881-9BE9-3FA28B3D2F4A","fromDetail":{"display":"F16","output":{"function_keys":{"_0":"f16"}}}},{"fromDetail":{"output":{"function_keys":{"_0":"f18"}},"display":"F18"},"id":"A7B2C143-8FF0-419F-9F18-F72162F015C9","toDetailCollection":{}}],"row6":[{"id":"E3438EB5-CE6E-4358-8A84-522A2FDD1D15","fromDetail":{"display":".","output":{"keypad_keys":{"_0":"keypad_period"}}},"toDetailCollection":{}},{"unitSize":2,"id":"D71461CE-C5AE-4F08-98FA-F44C14A49AE7","fromDetail":{"display":"0","output":{"keypad_keys":{"_0":"keypad_0"}}},"toDetailCollection":{}}],"rowIndex_arrow":{"row6":{}},"arrow_left":{"fromDetail":{"output":{"arrow_keys":{"_0":"left_arrow"}},"isSFSymbol":true,"display":"arrowtriangle.left.fill"},"keyShape":"arrow_LR","toDetailCollection":{},"id":"83CC1C44-5C10-4772-B3A4-437049779697"}},"tenkeyRows":{"row5":[{"id":"59A3C4A6-A6DE-400A-950A-999942E0D7E3","toDetailCollection":{},"fromDetail":{"display":"2","output":{"keypad_keys":{"_0":"keypad_2"}}}},{"fromDetail":{"display":"projective","output":{"keypad_keys":{"_0":"keypad_enter"}},"isSFSymbol":true},"id":"361307E8-0202-4E1D-9C53-4641F7886DE6","keyShape":"enter_Tenkey","toDetailCollection":{}},{"toDetailCollection":{},"id":"4836EA8D-C728-463E-8DA1-A0E77C33B29B","fromDetail":{"output":{"keypad_keys":{"_0":"keypad_3"}},"display":"3"}},{"fromDetail":{"display":"1","output":{"keypad_keys":{"_0":"keypad_1"}}},"id":"4B762A18-E6EA-42E0-9DC3-7A4113FA921C","toDetailCollection":{}}],"arrow_up":{"keyShape":"arrow_Up","fromDetail":{"output":{"arrow_keys":{"_0":"up_arrow"}},"display":"arrowtriangle.up.fill","isSFSymbol":true},"toDetailCollection":{},"id":"90424CDD-E059-4211-837D-5769AFB3951C"},"enableArrowKeys":false,"row1":[{"id":"D2E51A82-1105-4EA1-BF78-F6F7C0F9A91E","fromDetail":{"display":"F17","output":{"function_keys":{"_0":"f17"}}},"toDetailCollection":{}},{"fromDetail":{"output":{"function_keys":{"_0":"f19"}},"display":"F19"},"id":"D771114B-1F76-4834-8ED7-D0009CC56D66","toDetailCollection":{}},{"id":"504320DB-7E57-4468-81E5-B80729FBE6E4","toDetailCollection":{},"fromDetail":{"output":{"function_keys":{"_0":"f18"}},"display":"F18"}},{"toDetailCollection":{},"id":"1A2B795A-9944-48EC-A6DB-CC2DBD734CF3","fromDetail":{"display":"F16","output":{"function_keys":{"_0":"f16"}}}}],"idsInOrderRow2":[{"id":"2430B67B-41AF-4EB4-B70A-E2F724F09AF8"},{"id":"5F4BE81E-E27B-4929-9B56-B807AE1B86F5"},{"id":"F7FF8C73-74BA-4A55-9BAB-A9FB4C0B2F8F"},{"id":"1DBFEDFE-FE2C-4CA5-B40A-0B449337F0EC"}],"row2":[{"id":"1DBFEDFE-FE2C-4CA5-B40A-0B449337F0EC","fromDetail":{"display":"*","output":{"keypad_keys":{"_0":"keypad_asterisk"}}},"toDetailCollection":{}},{"fromDetail":{"output":{"keypad_keys":{"_0":"keypad_slash"}},"display":"\/"},"toDetailCollection":{},"id":"F7FF8C73-74BA-4A55-9BAB-A9FB4C0B2F8F"},{"toDetailCollection":{},"fromDetail":{"output":{"others":{"_0":"clear"}},"display":"clear"},"id":"2430B67B-41AF-4EB4-B70A-E2F724F09AF8"},{"fromDetail":{"output":{"keypad_keys":{"_0":"keypad_equal_sign"}},"display":"="},"id":"5F4BE81E-E27B-4929-9B56-B807AE1B86F5","toDetailCollection":{}}],"idsInOrderRow4":[{"id":"8E5CA7A0-7748-490B-B0A5-B9D77B8F0324"},{"id":"F0A55922-0D07-4B29-BC91-D84A2F4173B5"},{"id":"E0475567-5473-425E-BD43-E29677762EA1"},{"id":"F4750CFA-C298-4835-8EF3-B2A022EF418C"}],"row3":[{"toDetailCollection":{},"id":"560372A1-3F6A-44F7-9820-DBF85DEAD2C7","fromDetail":{"output":{"keypad_keys":{"_0":"keypad_hyphen"}},"display":"-"}},{"fromDetail":{"output":{"keypad_keys":{"_0":"keypad_7"}},"display":"7"},"toDetailCollection":{},"id":"9044E454-B202-4C7A-9E0F-A273ED41EE69"},{"fromDetail":{"display":"9","output":{"keypad_keys":{"_0":"keypad_9"}}},"toDetailCollection":{},"id":"EAE31756-DA13-41BA-B8D0-C3ADA521545A"},{"toDetailCollection":{},"fromDetail":{"display":"8","output":{"keypad_keys":{"_0":"keypad_8"}}},"id":"33061706-F6AB-485F-99C1-DC0E395B2882"}],"arrow_right":{"id":"9C8C831A-354E-46FD-BB5A-2CADE1A4BE34","keyShape":"arrow_LR","fromDetail":{"output":{"arrow_keys":{"_0":"right_arrow"}},"display":"arrowtriangle.right.fill","isSFSymbol":true},"toDetailCollection":{}},"idsInOrderRow6":[{"id":"47C4F0A3-F29C-4AB2-9BEB-E7F2599B151F"},{"id":"07065DC2-80EC-4A19-A051-3321373CDAEE"}],"row4":[{"fromDetail":{"display":"6","output":{"keypad_keys":{"_0":"keypad_6"}}},"id":"E0475567-5473-425E-BD43-E29677762EA1","toDetailCollection":{}},{"id":"8E5CA7A0-7748-490B-B0A5-B9D77B8F0324","toDetailCollection":{},"fromDetail":{"display":"4","output":{"keypad_keys":{"_0":"keypad_4"}}}},{"toDetailCollection":{},"fromDetail":{"display":"5","output":{"keypad_keys":{"_0":"keypad_5"}}},"id":"F0A55922-0D07-4B29-BC91-D84A2F4173B5"},{"toDetailCollection":{},"id":"F4750CFA-C298-4835-8EF3-B2A022EF418C","fromDetail":{"output":{"keypad_keys":{"_0":"keypad_plus"}},"display":"+"}}],"idsInOrderRow3":[{"id":"9044E454-B202-4C7A-9E0F-A273ED41EE69"},{"id":"33061706-F6AB-485F-99C1-DC0E395B2882"},{"id":"EAE31756-DA13-41BA-B8D0-C3ADA521545A"},{"id":"560372A1-3F6A-44F7-9820-DBF85DEAD2C7"}],"row6":[{"toDetailCollection":{},"id":"07065DC2-80EC-4A19-A051-3321373CDAEE","fromDetail":{"output":{"keypad_keys":{"_0":"keypad_period"}},"display":"."}},{"toDetailCollection":{},"unitSize":2,"fromDetail":{"display":"0","output":{"keypad_keys":{"_0":"keypad_0"}}},"id":"47C4F0A3-F29C-4AB2-9BEB-E7F2599B151F"}],"arrow_left":{"id":"2D9436AB-530A-462B-AF76-5A040148358A","toDetailCollection":{},"fromDetail":{"output":{"arrow_keys":{"_0":"left_arrow"}},"isSFSymbol":true,"display":"arrowtriangle.left.fill"},"keyShape":"arrow_LR"},"idsInOrderRow5":[{"id":"4B762A18-E6EA-42E0-9DC3-7A4113FA921C"},{"id":"59A3C4A6-A6DE-400A-950A-999942E0D7E3"},{"id":"4836EA8D-C728-463E-8DA1-A0E77C33B29B"},{"id":"361307E8-0202-4E1D-9C53-4641F7886DE6"}],"arrow_down":{"keyShape":"arrow_Down","id":"A19AFEFB-D868-419B-BD28-A1C9FF029191","toDetailCollection":{},"fromDetail":{"display":"arrowtriangle.down.fill","isSFSymbol":true,"output":{"arrow_keys":{"_0":"down_arrow"}}}},"rowIndex_arrow":{"row6":{}},"idsInOrderRow1":[{"id":"1A2B795A-9944-48EC-A6DB-CC2DBD734CF3"},{"id":"D2E51A82-1105-4EA1-BF78-F6F7C0F9A91E"},{"id":"504320DB-7E57-4468-81E5-B80729FBE6E4"},{"id":"D771114B-1F76-4834-8ED7-D0009CC56D66"}]},"isEnableMain":true,"isEnableSub":false,"sectionDetail":{"section":{"other":{}},"deviceDetail":{"vendor_id":"vendor_id","is_builtin_keyboard":false,"is_location_id_Enabled":false,"product_id":"product_id","is_product_id_Enabled":false,"location_id":"location_id","device_name":"otherDevice","is_vendor_id_Enabled":false}},"subRows":{"row4":[],"arrow_left":{"keyShape":"arrow_LR","fromDetail":{"output":{"arrow_keys":{"_0":"left_arrow"}},"display":"arrowtriangle.left.fill","isSFSymbol":true},"toDetailCollection":{},"id":"F3DA34E2-F481-4806-8A0A-078BEBFAD214"},"arrow_down":{"toDetailCollection":{},"fromDetail":{"display":"arrowtriangle.down.fill","isSFSymbol":true,"output":{"arrow_keys":{"_0":"down_arrow"}}},"keyShape":"arrow_Down","id":"B7AE96E8-B944-4530-A294-598A1F61A56D"},"idsInOrderRow3":[{"id":"10E9F107-9875-4E78-91F8-564E43C40E6C"},{"id":"E5789714-9F6B-4579-9939-B5ECA3E28F38"},{"id":"6B327FD1-F99A-4F48-8884-C2B15EFB45AF"}],"arrow_up":{"toDetailCollection":{},"fromDetail":{"isSFSymbol":true,"output":{"arrow_keys":{"_0":"up_arrow"}},"display":"arrowtriangle.up.fill"},"keyShape":"arrow_Up","id":"09A5C42F-2A1F-42E3-94D2-CAD1222BD1F5"},"row5":[{"id":"D1BC1210-8C53-47B8-807C-C8193F0B634E","toDetailCollection":{},"isSpacer":true,"fromDetail":{"display":"A","output":{"letter_keys":{"_0":"a"}}}},{"toDetailCollection":{},"id":"F0B2E464-8155-4916-A7C5-0F457C185DF4","fromDetail":{"output":{"arrow_keys":{"_0":"up_arrow"}},"display":"arrowtriangle.up.fill","isSFSymbol":true}}],"row3":[{"toDetailCollection":{},"id":"10E9F107-9875-4E78-91F8-564E43C40E6C","fromDetail":{"display":"delete.right","isSFSymbol":true,"output":{"controls_and_symbols":{"_0":"delete_forward"}}}},{"id":"6B327FD1-F99A-4F48-8884-C2B15EFB45AF","fromDetail":{"output":{"arrow_keys":{"_0":"page_down"}},"isSFSymbol":true,"display":"arrow.down"},"toDetailCollection":{}},{"toDetailCollection":{},"fromDetail":{"display":"arrow.down.to.line","output":{"arrow_keys":{"_0":"end"}},"isSFSymbol":true},"id":"E5789714-9F6B-4579-9939-B5ECA3E28F38"}],"row2":[{"toDetailCollection":{},"fromDetail":{"output":{"keys_in_pc_keyboards":{"_0":"insert"}},"display":"text.insert","isSFSymbol":true},"id":"C24A169A-5134-4F7E-B5C9-2BBDD5539FEF"},{"toDetailCollection":{},"id":"633D6C13-E49A-4ECD-B2A4-0139C3E679CA","fromDetail":{"isSFSymbol":true,"output":{"arrow_keys":{"_0":"home"}},"display":"arrow.up.to.line"}},{"id":"EEB956BA-F8BE-4150-8C25-92D9786C2C97","fromDetail":{"display":"arrow.up","isSFSymbol":true,"output":{"arrow_keys":{"_0":"page_up"}}},"toDetailCollection":{}}],"idsInOrderRow1":[{"id":"4F73CC8F-B7C5-473E-A438-6543D604A079"},{"id":"E6BC215A-949D-41DC-B9EE-0F1BB7C34347"},{"id":"4EB7BC34-0F24-47C7-889C-1E150CCD6E26"}],"enableArrowKeys":false,"idsInOrderRow5":[{"id":"D1BC1210-8C53-47B8-807C-C8193F0B634E"},{"id":"F0B2E464-8155-4916-A7C5-0F457C185DF4"}],"idsInOrderRow2":[{"id":"C24A169A-5134-4F7E-B5C9-2BBDD5539FEF"},{"id":"633D6C13-E49A-4ECD-B2A4-0139C3E679CA"},{"id":"EEB956BA-F8BE-4150-8C25-92D9786C2C97"}],"row6":[{"id":"17A8B07D-51CF-4634-AFDA-25165199AADD","fromDetail":{"display":"arrowtriangle.down.fill","output":{"arrow_keys":{"_0":"down_arrow"}},"isSFSymbol":true},"toDetailCollection":{}},{"id":"4A6AFB74-6E36-43B3-B16F-3D983B60AF86","toDetailCollection":{},"fromDetail":{"display":"arrowtriangle.left.fill","isSFSymbol":true,"output":{"arrow_keys":{"_0":"left_arrow"}}}},{"toDetailCollection":{},"id":"08A45B86-F988-4DB8-8AE3-54DEBD547DAE","fromDetail":{"isSFSymbol":true,"display":"arrowtriangle.right.fill","output":{"arrow_keys":{"_0":"right_arrow"}}}}],"idsInOrderRow4":[],"arrow_right":{"keyShape":"arrow_LR","fromDetail":{"display":"arrowtriangle.right.fill","isSFSymbol":true,"output":{"arrow_keys":{"_0":"right_arrow"}}},"toDetailCollection":{},"id":"D30F9D50-57E6-4DCD-8F00-EF2291C7F062"},"row1":[{"id":"E6BC215A-949D-41DC-B9EE-0F1BB7C34347","fromDetail":{"output":{"function_keys":{"_0":"f14"}},"display":"F14"},"toDetailCollection":{}},{"id":"4F73CC8F-B7C5-473E-A438-6543D604A079","toDetailCollection":{},"fromDetail":{"output":{"function_keys":{"_0":"f13"}},"display":"F13"}},{"id":"4EB7BC34-0F24-47C7-889C-1E150CCD6E26","fromDetail":{"display":"F15","output":{"function_keys":{"_0":"f15"}}},"toDetailCollection":{}}],"rowIndex_arrow":{"row6":{}},"idsInOrderRow6":[{"id":"4A6AFB74-6E36-43B3-B16F-3D983B60AF86"},{"id":"17A8B07D-51CF-4634-AFDA-25165199AADD"},{"id":"08A45B86-F988-4DB8-8AE3-54DEBD547DAE"}]}},"keycodeRegion":"ANSI","main":{"sectionDetail":{"section":{"main":{}},"deviceDetail":{"location_id":"location_id","is_builtin_keyboard":false,"vendor_id":"vendor_id","product_id":"product_id","device_name":"mainKeyboard","is_vendor_id_Enabled":false,"is_product_id_Enabled":false,"is_location_id_Enabled":false}},"isEnableMain":true,"tenkeyRows":{"arrow_right":{"fromDetail":{"display":"arrowtriangle.right.fill","isSFSymbol":true,"output":{"arrow_keys":{"_0":"right_arrow"}}},"toDetailCollection":{},"keyShape":"arrow_LR","id":"257837D6-FBBD-40A2-BE6D-EDD32D2E2413"},"arrow_up":{"id":"F820D55A-257F-4D6D-B6D4-374D23FADDA8","toDetailCollection":{},"keyShape":"arrow_Up","fromDetail":{"display":"arrowtriangle.up.fill","isSFSymbol":true,"output":{"arrow_keys":{"_0":"up_arrow"}}}},"row4":[{"fromDetail":{"output":{"keypad_keys":{"_0":"keypad_5"}},"display":"5"},"toDetailCollection":{},"id":"BBA12FBE-3BAA-4249-B98F-3A27B20BFA74"},{"id":"AE913E58-0C59-4A5D-BEFA-02E4F3179980","fromDetail":{"display":"+","output":{"keypad_keys":{"_0":"keypad_plus"}}},"toDetailCollection":{}},{"toDetailCollection":{},"id":"E4B16AC5-F27E-4E3D-B3FA-CE03753B364F","fromDetail":{"display":"4","output":{"keypad_keys":{"_0":"keypad_4"}}}},{"toDetailCollection":{},"id":"4E8D4536-843C-40F0-8ABB-0BC48C39BA77","fromDetail":{"output":{"keypad_keys":{"_0":"keypad_6"}},"display":"6"}}],"idsInOrderRow5":[{"id":"69DD4633-35FD-448D-8047-7859E7668790"},{"id":"2C29079C-5BDA-4A00-80F1-975976DB2024"},{"id":"4BD29888-88E7-405E-86EB-9C898CF26B61"},{"id":"9BA22877-BFCD-45CD-8FE4-87D62A69FFE7"}],"row5":[{"toDetailCollection":{},"fromDetail":{"isSFSymbol":true,"display":"projective","output":{"keypad_keys":{"_0":"keypad_enter"}}},"id":"9BA22877-BFCD-45CD-8FE4-87D62A69FFE7","keyShape":"enter_Tenkey"},{"toDetailCollection":{},"fromDetail":{"display":"3","output":{"keypad_keys":{"_0":"keypad_3"}}},"id":"4BD29888-88E7-405E-86EB-9C898CF26B61"},{"toDetailCollection":{},"id":"69DD4633-35FD-448D-8047-7859E7668790","fromDetail":{"output":{"keypad_keys":{"_0":"keypad_1"}},"display":"1"}},{"id":"2C29079C-5BDA-4A00-80F1-975976DB2024","fromDetail":{"output":{"keypad_keys":{"_0":"keypad_2"}},"display":"2"},"toDetailCollection":{}}],"idsInOrderRow3":[{"id":"BA2B0650-93BF-4E08-9996-8B36380088FB"},{"id":"6B325BAA-DFFE-40D9-861D-12C5C9FBD734"},{"id":"A46FBC39-4015-4ECC-84B4-9A0328CF37B7"},{"id":"43827526-0F71-4220-827A-D12C0B97F025"}],"idsInOrderRow4":[{"id":"E4B16AC5-F27E-4E3D-B3FA-CE03753B364F"},{"id":"BBA12FBE-3BAA-4249-B98F-3A27B20BFA74"},{"id":"4E8D4536-843C-40F0-8ABB-0BC48C39BA77"},{"id":"AE913E58-0C59-4A5D-BEFA-02E4F3179980"}],"row2":[{"id":"06DF9639-DC38-4474-B978-098A24B34102","toDetailCollection":{},"fromDetail":{"output":{"others":{"_0":"clear"}},"display":"clear"}},{"toDetailCollection":{},"id":"ACF821AF-8627-468B-BCE9-069209E31773","fromDetail":{"display":"=","output":{"keypad_keys":{"_0":"keypad_equal_sign"}}}},{"toDetailCollection":{},"id":"A4DC0B67-46B7-46DE-BC4A-0CB8FDA048F7","fromDetail":{"display":"*","output":{"keypad_keys":{"_0":"keypad_asterisk"}}}},{"id":"0165BD56-1E94-4A82-913C-36930F062B29","fromDetail":{"output":{"keypad_keys":{"_0":"keypad_slash"}},"display":"\/"},"toDetailCollection":{}}],"arrow_down":{"fromDetail":{"output":{"arrow_keys":{"_0":"down_arrow"}},"isSFSymbol":true,"display":"arrowtriangle.down.fill"},"keyShape":"arrow_Down","toDetailCollection":{},"id":"A1A6E9A0-C565-484C-9A61-1ACFED850EAB"},"row6":[{"id":"703C8FC5-94A1-4239-A1C3-E3B84A6E8360","toDetailCollection":{},"fromDetail":{"display":".","output":{"keypad_keys":{"_0":"keypad_period"}}}},{"id":"BBE1D3AF-449A-40D2-963B-B49EEB0AB482","fromDetail":{"display":"0","output":{"keypad_keys":{"_0":"keypad_0"}}},"unitSize":2,"toDetailCollection":{}}],"idsInOrderRow6":[{"id":"BBE1D3AF-449A-40D2-963B-B49EEB0AB482"},{"id":"703C8FC5-94A1-4239-A1C3-E3B84A6E8360"}],"idsInOrderRow1":[{"id":"DBD695C2-9FF7-41AB-A787-12CC7D145FA5"},{"id":"ED03BF47-DD72-4D70-8ABB-715B90DD75CA"},{"id":"33E482B2-EEAF-4778-8BBE-128D465E4F99"},{"id":"25267FAB-E0DF-4DA1-B90E-58E59368944D"}],"enableArrowKeys":false,"rowIndex_arrow":{"row6":{}},"row3":[{"fromDetail":{"display":"8","output":{"keypad_keys":{"_0":"keypad_8"}}},"toDetailCollection":{},"id":"6B325BAA-DFFE-40D9-861D-12C5C9FBD734"},{"fromDetail":{"output":{"keypad_keys":{"_0":"keypad_hyphen"}},"display":"-"},"id":"43827526-0F71-4220-827A-D12C0B97F025","toDetailCollection":{}},{"toDetailCollection":{},"fromDetail":{"display":"9","output":{"keypad_keys":{"_0":"keypad_9"}}},"id":"A46FBC39-4015-4ECC-84B4-9A0328CF37B7"},{"toDetailCollection":{},"fromDetail":{"display":"7","output":{"keypad_keys":{"_0":"keypad_7"}}},"id":"BA2B0650-93BF-4E08-9996-8B36380088FB"}],"row1":[{"toDetailCollection":{},"fromDetail":{"output":{"function_keys":{"_0":"f18"}},"display":"F18"},"id":"33E482B2-EEAF-4778-8BBE-128D465E4F99"},{"fromDetail":{"display":"F17","output":{"function_keys":{"_0":"f17"}}},"toDetailCollection":{},"id":"ED03BF47-DD72-4D70-8ABB-715B90DD75CA"},{"fromDetail":{"output":{"function_keys":{"_0":"f16"}},"display":"F16"},"id":"DBD695C2-9FF7-41AB-A787-12CC7D145FA5","toDetailCollection":{}},{"fromDetail":{"display":"F19","output":{"function_keys":{"_0":"f19"}}},"id":"25267FAB-E0DF-4DA1-B90E-58E59368944D","toDetailCollection":{}}],"idsInOrderRow2":[{"id":"06DF9639-DC38-4474-B978-098A24B34102"},{"id":"ACF821AF-8627-468B-BCE9-069209E31773"},{"id":"0165BD56-1E94-4A82-913C-36930F062B29"},{"id":"A4DC0B67-46B7-46DE-BC4A-0CB8FDA048F7"}],"arrow_left":{"keyShape":"arrow_LR","fromDetail":{"display":"arrowtriangle.left.fill","isSFSymbol":true,"output":{"arrow_keys":{"_0":"left_arrow"}}},"id":"F0436C57-4007-448B-89FB-2DCF5BF7BFC3","toDetailCollection":{}}},"isEnableTenkey":false,"subRows":{"row4":[],"row3":[{"toDetailCollection":{},"id":"82340CD4-49A9-43F8-A031-373919D6801E","fromDetail":{"output":{"arrow_keys":{"_0":"end"}},"isSFSymbol":true,"display":"arrow.down.to.line"}},{"fromDetail":{"isSFSymbol":true,"output":{"controls_and_symbols":{"_0":"delete_forward"}},"display":"delete.right"},"id":"CDDC58C6-02C0-42BC-A5C6-A2C280C7FF91","toDetailCollection":{}},{"id":"38244170-D11C-4932-A37A-4C6C5E3B5927","fromDetail":{"display":"arrow.down","output":{"arrow_keys":{"_0":"page_down"}},"isSFSymbol":true},"toDetailCollection":{}}],"arrow_down":{"fromDetail":{"display":"arrowtriangle.down.fill","output":{"arrow_keys":{"_0":"down_arrow"}},"isSFSymbol":true},"toDetailCollection":{},"id":"DD703F79-3B9C-4EFA-B83F-1F9FE7FE4F0A","keyShape":"arrow_Down"},"idsInOrderRow3":[{"id":"CDDC58C6-02C0-42BC-A5C6-A2C280C7FF91"},{"id":"82340CD4-49A9-43F8-A031-373919D6801E"},{"id":"38244170-D11C-4932-A37A-4C6C5E3B5927"}],"arrow_left":{"keyShape":"arrow_LR","id":"2B3FC780-7D4B-4254-8887-2EC521EE1604","toDetailCollection":{},"fromDetail":{"display":"arrowtriangle.left.fill","output":{"arrow_keys":{"_0":"left_arrow"}},"isSFSymbol":true}},"row2":[{"id":"5CB7C639-85B0-4B07-97ED-620DFEE3A572","fromDetail":{"isSFSymbol":true,"output":{"keys_in_pc_keyboards":{"_0":"insert"}},"display":"text.insert"},"toDetailCollection":{}},{"toDetailCollection":{},"fromDetail":{"isSFSymbol":true,"output":{"arrow_keys":{"_0":"home"}},"display":"arrow.up.to.line"},"id":"F166DA60-D730-41B4-9AC0-107F2194213B"},{"toDetailCollection":{},"fromDetail":{"isSFSymbol":true,"output":{"arrow_keys":{"_0":"page_up"}},"display":"arrow.up"},"id":"65F65F7D-06FD-4908-8683-70D2DC3936D3"}],"row5":[{"fromDetail":{"output":{"arrow_keys":{"_0":"up_arrow"}},"display":"arrowtriangle.up.fill","isSFSymbol":true},"toDetailCollection":{},"id":"1C1A16F6-FCAE-43F6-B726-C04E9CD45985"},{"fromDetail":{"output":{"letter_keys":{"_0":"a"}},"display":"A"},"toDetailCollection":{},"isSpacer":true,"id":"0B5D95C0-8C3D-40F6-9EF9-24DEF9D17970"}],"rowIndex_arrow":{"row6":{}},"arrow_up":{"id":"D489888B-F972-4076-B800-A82B23C37D62","fromDetail":{"output":{"arrow_keys":{"_0":"up_arrow"}},"display":"arrowtriangle.up.fill","isSFSymbol":true},"keyShape":"arrow_Up","toDetailCollection":{}},"enableArrowKeys":false,"idsInOrderRow1":[{"id":"446694E7-A5F1-4EB1-9B58-2DB16ECD8BCB"},{"id":"54748F0D-2D20-4DCD-9604-6CAA9F475379"},{"id":"6AA1B62D-AD1B-4651-9510-55BA43221F2E"}],"row6":[{"id":"6155102B-2B0D-48DD-AE35-F9E728C2523B","toDetailCollection":{},"fromDetail":{"isSFSymbol":true,"display":"arrowtriangle.right.fill","output":{"arrow_keys":{"_0":"right_arrow"}}}},{"id":"D4EFEF82-B821-4BE8-813D-03120A07EC32","fromDetail":{"display":"arrowtriangle.down.fill","isSFSymbol":true,"output":{"arrow_keys":{"_0":"down_arrow"}}},"toDetailCollection":{}},{"toDetailCollection":{},"id":"A7C30919-CA31-46FA-B936-2543117C7B26","fromDetail":{"output":{"arrow_keys":{"_0":"left_arrow"}},"display":"arrowtriangle.left.fill","isSFSymbol":true}}],"row1":[{"toDetailCollection":{},"fromDetail":{"output":{"function_keys":{"_0":"f14"}},"display":"F14"},"id":"54748F0D-2D20-4DCD-9604-6CAA9F475379"},{"toDetailCollection":{},"fromDetail":{"output":{"function_keys":{"_0":"f13"}},"display":"F13"},"id":"446694E7-A5F1-4EB1-9B58-2DB16ECD8BCB"},{"fromDetail":{"output":{"function_keys":{"_0":"f15"}},"display":"F15"},"id":"6AA1B62D-AD1B-4651-9510-55BA43221F2E","toDetailCollection":{}}],"arrow_right":{"id":"635F61AB-F690-4557-8B6D-74757D9D3862","fromDetail":{"output":{"arrow_keys":{"_0":"right_arrow"}},"isSFSymbol":true,"display":"arrowtriangle.right.fill"},"keyShape":"arrow_LR","toDetailCollection":{}},"idsInOrderRow6":[{"id":"A7C30919-CA31-46FA-B936-2543117C7B26"},{"id":"D4EFEF82-B821-4BE8-813D-03120A07EC32"},{"id":"6155102B-2B0D-48DD-AE35-F9E728C2523B"}],"idsInOrderRow2":[{"id":"5CB7C639-85B0-4B07-97ED-620DFEE3A572"},{"id":"F166DA60-D730-41B4-9AC0-107F2194213B"},{"id":"65F65F7D-06FD-4908-8683-70D2DC3936D3"}],"idsInOrderRow4":[],"idsInOrderRow5":[{"id":"0B5D95C0-8C3D-40F6-9EF9-24DEF9D17970"},{"id":"1C1A16F6-FCAE-43F6-B726-C04E9CD45985"}]},"mainRows":{"idsInOrderRow3":[{"id":"9F5BC58B-7E0B-4003-A6A6-8C1A8A4788EF"},{"id":"93653021-A620-49FA-BF76-C7A5DFFE4EFD"},{"id":"D7A484C1-55DB-4845-84CC-E13A16DEEE9D"},{"id":"454FC5A2-4A5A-4CF4-9622-03B65FC0C0C1"},{"id":"4F9DD1E6-BA7F-4FA5-A508-5FF96DE532BC"},{"id":"5FA8FFDA-F89F-4A0E-AA5E-15D7A0060ED6"},{"id":"47F2FE79-D064-4130-B947-BC9B60A40626"},{"id":"D707DC35-35C8-4255-ACE8-C13C1242AC55"},{"id":"2651E142-8FE5-43AC-822C-5F4B367FAF04"},{"id":"1F4EF502-1216-4E9D-B518-1DBE8782ECE8"},{"id":"1670089F-0D57-4E02-BB4B-102E56BEC833"},{"id":"5A581F2D-3A72-4608-982E-F0AE823320EC"},{"id":"A1FEF04E-84CE-4E0F-AD21-5C764393DF7D"},{"id":"54C54331-5038-4F4F-848D-D99B4DD321AA"}],"idsInOrderRow2":[{"id":"610D27EA-4BEF-4414-84D2-46D4F0957331"},{"id":"B3028185-8F36-44AC-B5AD-CB5C6E715C1A"},{"id":"3B43E91D-E5A1-4658-960A-E7365521FFE5"},{"id":"DAC325DA-9B70-462C-9F21-19739F46AE22"},{"id":"482AF1B5-A70C-4D59-ABEE-94A6012BAF49"},{"id":"37B82FA0-3676-4F86-AF22-579E866F58CC"},{"id":"156299E4-7D6B-4D1E-8966-411A4EE67EC1"},{"id":"ED2598AE-5362-480E-B475-51B2A63FD001"},{"id":"D54046B2-FA67-4230-BA02-D94B9AB788DA"},{"id":"69C2171D-6B92-407E-BC75-91A7BE852A65"},{"id":"E7C22546-AF83-4926-A946-BB686C2B91FA"},{"id":"6E9326EA-C40B-49B3-9B92-9D362EDF1D31"},{"id":"24496DBB-92DB-477B-81EA-280F0FF6EF0D"},{"id":"2BDF51DF-55E1-4378-9032-24C049C6C74C"}],"row4":[{"fromDetail":{"display":"K","output":{"letter_keys":{"_0":"k"}}},"id":"3648342A-3227-4534-8736-549CF8FB6E74","toDetailCollection":{"condition0":{"layer0":{"withModifier_tap":{},"isCustomized_tap":true,"outputAndDisplay_tap":{"layerKey":"layer0","output":{"letter_keys":{"_0":"t"}},"display":"T"}}}}},{"fromDetail":{"output":{"letter_keys":{"_0":"a"}},"display":"A"},"toDetailCollection":{"condition0":{"layer0":{"isCustomized_tap":true,"withModifier_tap":{},"outputAndDisplay_tap":{"layerKey":"layer0","display":"E","output":{"letter_keys":{"_0":"e"}}}}}},"id":"E9913124-C85B-4E2D-9693-CB69C90BBC53"},{"id":"B757A1B6-DEA7-4ED5-AA59-C2B56F834196","unitSize":1.75,"fromDetail":{"isSFSymbol":true,"display":"return","output":{"controls_and_symbols":{"_0":"return_or_enter"}}},"toDetailCollection":{}},{"id":"F6C7D29F-D98F-4463-8779-69DBAA16F683","toDetailCollection":{"condition0":{"layer0":{"withModifier_tap":{},"isCustomized_tap":true,"outputAndDisplay_tap":{"output":{"letter_keys":{"_0":"k"}},"display":"K","layerKey":"layer0"}}}},"fromDetail":{"output":{"letter_keys":{"_0":"h"}},"display":"H"}},{"toDetailCollection":{},"unitSize":1.75,"fromDetail":{"isSFSymbol":true,"output":{"modifier_keys":{"_0":"caps_lock"}},"display":"capslock"},"id":"AC947AA9-76F1-4922-8D43-0F945E9C4CA3"},{"fromDetail":{"output":{"letter_keys":{"_0":"l"}},"display":"L"},"toDetailCollection":{"condition0":{"layer0":{"outputAndDisplay_tap":{"layerKey":"layer0","display":"N","output":{"letter_keys":{"_0":"n"}}},"withModifier_tap":{},"isCustomized_tap":true}}},"id":"E0FB90AF-BCE7-4C44-A994-0EA57AD997F5"},{"toDetailCollection":{"condition0":{"layer0":{"outputAndDisplay_tap":{"output":{"letter_keys":{"_0":"a"}},"display":"A","layerKey":"layer0"},"withModifier_tap":{},"isCustomized_tap":true}}},"fromDetail":{"output":{"letter_keys":{"_0":"f"}},"display":"F"},"id":"07AC6E10-B4B7-4227-829A-C5FC9E448D49"},{"fromDetail":{"output":{"letter_keys":{"_0":"j"}},"display":"J"},"toDetailCollection":{"condition0":{"layer0":{"isCustomized_tap":true,"outputAndDisplay_tap":{"display":"S","layerKey":"layer0","output":{"letter_keys":{"_0":"s"}}},"withModifier_tap":{}}}},"id":"7315BFA7-D23D-4B29-8567-E34DA2524258"},{"id":"636607C6-9B73-4E28-8DF1-409B4AB6186A","fromDetail":{"display":";","output":{"controls_and_symbols":{"_0":"semicolon"}}},"toDetailCollection":{"condition0":{"layer0":{"outputAndDisplay_tap":{"display":"H","layerKey":"layer0","output":{"letter_keys":{"_0":"h"}}},"withModifier_tap":{},"isCustomized_tap":true}}}},{"fromDetail":{"output":{"controls_and_symbols":{"_0":"single_quotation_or_colon"}},"display":"'"},"toDetailCollection":{},"id":"DF6952E6-AA0D-4623-B266-944F2DB96063"},{"id":"8EB891CA-0A02-4C52-8661-763F42591169","fromDetail":{"display":"S","output":{"letter_keys":{"_0":"s"}}},"toDetailCollection":{"condition0":{"layer0":{"outputAndDisplay_tap":{"layerKey":"layer0","output":{"letter_keys":{"_0":"u"}},"display":"U"},"isCustomized_tap":true,"withModifier_tap":{}}}}},{"fromDetail":{"display":"D","output":{"letter_keys":{"_0":"d"}}},"id":"F5DD8641-538B-47C9-B649-442FBDB7099D","toDetailCollection":{"condition0":{"layer0":{"outputAndDisplay_tap":{"output":{"letter_keys":{"_0":"i"}},"display":"I","layerKey":"layer0"},"isCustomized_tap":true,"withModifier_tap":{}}}}},{"fromDetail":{"output":{"letter_keys":{"_0":"g"}},"display":"G"},"id":"0133ACAC-4FA8-4075-A382-9D63EA727B75","toDetailCollection":{"condition0":{"layer0":{"withModifier_tap":{},"isCustomized_tap":true,"outputAndDisplay_tap":{"output":{"letter_keys":{"_0":"o"}},"display":"O","layerKey":"layer0"}}}}}],"row1":[{"fromDetail":{"output":{"function_keys":{"_0":"f7"}},"display":"F7"},"id":"85EF0155-64B4-4F59-9F73-E08CB687CF68","toDetailCollection":{}},{"id":"2FD87CDB-1CB5-4FA6-9A72-75D8DF02325A","fromDetail":{"display":"F6","output":{"function_keys":{"_0":"f6"}}},"toDetailCollection":{}},{"toDetailCollection":{},"fromDetail":{"display":"F10","output":{"function_keys":{"_0":"f10"}}},"id":"BFD35C65-860F-451B-99C0-3BACBDD678E5"},{"toDetailCollection":{},"fromDetail":{"isSFSymbol":true,"output":{"controls_and_symbols":{"_0":"escape"}},"display":"escape"},"unitSize":1.5,"id":"D3498FE0-D2AC-41D9-BBFC-8A956A55CB68"},{"fromDetail":{"output":{"function_keys":{"_0":"f8"}},"display":"F8"},"id":"40126F7E-DF80-4B8A-833E-F71A56E5DF86","toDetailCollection":{}},{"toDetailCollection":{},"id":"A3351092-B264-4C06-986E-01779C12DF58","fromDetail":{"output":{"function_keys":{"_0":"f5"}},"display":"F5"}},{"id":"53FC6202-1A4A-4E6A-9809-C72AC95348D4","toDetailCollection":{},"fromDetail":{"output":{"function_keys":{"_0":"f9"}},"display":"F9"}},{"toDetailCollection":{},"fromDetail":{"output":{"function_keys":{"_0":"f12"}},"display":"F12"},"id":"26D8D363-4DAE-424D-8D63-60EC376325C1"},{"id":"DD8B48A3-8626-46CB-93FD-FAA7D536E4D0","fromDetail":{"output":{"function_keys":{"_0":"f4"}},"display":"F4"},"toDetailCollection":{}},{"fromDetail":{"output":{"function_keys":{"_0":"f3"}},"display":"F3"},"id":"0CB71D24-09EC-48C3-9938-46910E006FCA","toDetailCollection":{}},{"id":"F37AD0FA-0A54-484F-8917-E9A476639000","fromDetail":{"output":{"function_keys":{"_0":"f2"}},"display":"F2"},"toDetailCollection":{}},{"id":"13857231-08B1-44C7-89BC-2814EB8B0FF3","fromDetail":{"output":{"function_keys":{"_0":"f11"}},"display":"F11"},"toDetailCollection":{}},{"fromDetail":{"output":{"function_keys":{"_0":"f1"}},"display":"F1"},"toDetailCollection":{},"id":"1A8326CD-87EF-4F2F-ACB8-EF229D7578C2"}],"row6":[{"fromDetail":{"isSFSymbol":true,"output":{"modifier_keys":{"_0":"keyboard_fn"}},"display":"globe"},"toDetailCollection":{},"id":"188D99FB-8517-4796-B6AD-1ED02D5D845C"},{"unitSize":5,"toDetailCollection":{},"fromDetail":{"display":"␣","output":{"controls_and_symbols":{"_0":"spacebar"}}},"id":"DD8E4A7C-50CD-4216-901C-0520DA2C7A71"},{"toDetailCollection":{},"id":"0648C1AD-0D2E-4EBA-A2F4-FA153548E4CC","fromDetail":{"output":{"modifier_keys":{"_0":"left_option"}},"isSFSymbol":true,"display":"option"}},{"id":"465A6DE1-64AB-486B-828C-4DC2B7E18DE4","toDetailCollection":{},"fromDetail":{"isSFSymbol":true,"display":"command","output":{"modifier_keys":{"_0":"right_command"}}},"unitSize":1.25},{"id":"D318A9D4-3CE8-4374-A4B7-36B45985BADE","fromDetail":{"display":"control","isSFSymbol":true,"output":{"modifier_keys":{"_0":"left_control"}}},"toDetailCollection":{}},{"id":"77B9D061-F2C3-47C8-B67E-956480CCB543","fromDetail":{"output":{"modifier_keys":{"_0":"right_option"}},"display":"option","isSFSymbol":true},"toDetailCollection":{}},{"unitSize":1.25,"fromDetail":{"output":{"modifier_keys":{"_0":"left_command"}},"isSFSymbol":true,"display":"command"},"toDetailCollection":{},"id":"DF0CD556-B4C2-4E08-8F44-716261DF8615"}],"arrow_down":{"fromDetail":{"output":{"arrow_keys":{"_0":"down_arrow"}},"display":"arrowtriangle.down.fill","isSFSymbol":true},"keyShape":"arrow_Down","id":"D04965EA-F977-4EA2-AA25-D0FF4453D739","toDetailCollection":{}},"row2":[{"id":"D54046B2-FA67-4230-BA02-D94B9AB788DA","fromDetail":{"display":"8","output":{"number_keys":{"_0":"eight"}}},"toDetailCollection":{}},{"id":"610D27EA-4BEF-4414-84D2-46D4F0957331","fromDetail":{"output":{"controls_and_symbols":{"_0":"grave_accent"}},"display":"`"},"toDetailCollection":{}},{"id":"B3028185-8F36-44AC-B5AD-CB5C6E715C1A","fromDetail":{"display":"1","output":{"number_keys":{"_0":"one"}}},"toDetailCollection":{}},{"toDetailCollection":{},"fromDetail":{"isSFSymbol":true,"output":{"controls_and_symbols":{"_0":"delete_or_backspace"}},"display":"delete.left"},"id":"2BDF51DF-55E1-4378-9032-24C049C6C74C","unitSize":1.5},{"fromDetail":{"output":{"number_keys":{"_0":"five"}},"display":"5"},"toDetailCollection":{},"id":"37B82FA0-3676-4F86-AF22-579E866F58CC"},{"fromDetail":{"output":{"controls_and_symbols":{"_0":"equal_sign_or_caret"}},"display":"="},"id":"24496DBB-92DB-477B-81EA-280F0FF6EF0D","toDetailCollection":{}},{"id":"DAC325DA-9B70-462C-9F21-19739F46AE22","fromDetail":{"display":"3","output":{"number_keys":{"_0":"three"}}},"toDetailCollection":{}},{"fromDetail":{"output":{"number_keys":{"_0":"nine"}},"display":"9"},"id":"69C2171D-6B92-407E-BC75-91A7BE852A65","toDetailCollection":{}},{"fromDetail":{"output":{"number_keys":{"_0":"seven"}},"display":"7"},"toDetailCollection":{},"id":"ED2598AE-5362-480E-B475-51B2A63FD001"},{"id":"156299E4-7D6B-4D1E-8966-411A4EE67EC1","toDetailCollection":{},"fromDetail":{"output":{"number_keys":{"_0":"six"}},"display":"6"}},{"fromDetail":{"display":"2","output":{"number_keys":{"_0":"two"}}},"toDetailCollection":{},"id":"3B43E91D-E5A1-4658-960A-E7365521FFE5"},{"fromDetail":{"output":{"number_keys":{"_0":"zero"}},"display":"0"},"id":"E7C22546-AF83-4926-A946-BB686C2B91FA","toDetailCollection":{}},{"id":"482AF1B5-A70C-4D59-ABEE-94A6012BAF49","fromDetail":{"output":{"number_keys":{"_0":"four"}},"display":"4"},"toDetailCollection":{}},{"toDetailCollection":{},"fromDetail":{"output":{"controls_and_symbols":{"_0":"hyphen"}},"display":"-"},"id":"6E9326EA-C40B-49B3-9B92-9D362EDF1D31"}],"idsInOrderRow4":[{"id":"AC947AA9-76F1-4922-8D43-0F945E9C4CA3"},{"id":"E9913124-C85B-4E2D-9693-CB69C90BBC53"},{"id":"8EB891CA-0A02-4C52-8661-763F42591169"},{"id":"F5DD8641-538B-47C9-B649-442FBDB7099D"},{"id":"07AC6E10-B4B7-4227-829A-C5FC9E448D49"},{"id":"0133ACAC-4FA8-4075-A382-9D63EA727B75"},{"id":"F6C7D29F-D98F-4463-8779-69DBAA16F683"},{"id":"7315BFA7-D23D-4B29-8567-E34DA2524258"},{"id":"3648342A-3227-4534-8736-549CF8FB6E74"},{"id":"E0FB90AF-BCE7-4C44-A994-0EA57AD997F5"},{"id":"636607C6-9B73-4E28-8DF1-409B4AB6186A"},{"id":"DF6952E6-AA0D-4623-B266-944F2DB96063"},{"id":"B757A1B6-DEA7-4ED5-AA59-C2B56F834196"}],"idsInOrderRow5":[{"id":"CA56E04E-40E6-4CC8-82A6-CD33BF0BC1EF"},{"id":"2415D730-6655-4A1F-A48B-9A865791C063"},{"id":"4AE4F4C3-9917-403F-B2D5-E83565DF9BD0"},{"id":"1DC83B7A-06AF-4978-AFE7-67D2A6DEFCED"},{"id":"08C85224-0367-4F05-9162-9CA42E7549FD"},{"id":"D7E21504-BFEA-45BF-A540-0B0BAB8792D0"},{"id":"6404164F-AC0D-4B89-8FFE-3E2E721949D6"},{"id":"5E28206E-3A15-407E-8800-8F0CE54821AE"},{"id":"E5C5293B-4827-47D1-873A-924AD17332F1"},{"id":"83D2327C-C0D1-451D-BE55-8EA57163DED8"},{"id":"8BE9F702-3A39-4184-B639-F52B5CBB41A6"},{"id":"46B446C2-2E6B-4378-8DC1-5BAF1BC2DD6F"}],"idsInOrderRow1":[{"id":"D3498FE0-D2AC-41D9-BBFC-8A956A55CB68"},{"id":"1A8326CD-87EF-4F2F-ACB8-EF229D7578C2"},{"id":"F37AD0FA-0A54-484F-8917-E9A476639000"},{"id":"0CB71D24-09EC-48C3-9938-46910E006FCA"},{"id":"DD8B48A3-8626-46CB-93FD-FAA7D536E4D0"},{"id":"A3351092-B264-4C06-986E-01779C12DF58"},{"id":"2FD87CDB-1CB5-4FA6-9A72-75D8DF02325A"},{"id":"85EF0155-64B4-4F59-9F73-E08CB687CF68"},{"id":"40126F7E-DF80-4B8A-833E-F71A56E5DF86"},{"id":"53FC6202-1A4A-4E6A-9809-C72AC95348D4"},{"id":"BFD35C65-860F-451B-99C0-3BACBDD678E5"},{"id":"13857231-08B1-44C7-89BC-2814EB8B0FF3"},{"id":"26D8D363-4DAE-424D-8D63-60EC376325C1"}],"enableArrowKeys":true,"arrow_left":{"toDetailCollection":{},"keyShape":"arrow_LR","fromDetail":{"display":"arrowtriangle.left.fill","output":{"arrow_keys":{"_0":"left_arrow"}},"isSFSymbol":true},"id":"31910C4D-D8C7-433C-9DC4-B90FC3C7D43A"},"arrow_right":{"keyShape":"arrow_LR","fromDetail":{"output":{"arrow_keys":{"_0":"right_arrow"}},"display":"arrowtriangle.right.fill","isSFSymbol":true},"toDetailCollection":{},"id":"E7285D0D-778A-4CAB-A6F1-BD444AC5E6B2"},"arrow_up":{"keyShape":"arrow_Up","toDetailCollection":{},"id":"5B3397B9-ECA2-4A4C-99CA-06A3ECE1D90C","fromDetail":{"isSFSymbol":true,"display":"arrowtriangle.up.fill","output":{"arrow_keys":{"_0":"up_arrow"}}}},"idsInOrderRow6":[{"id":"188D99FB-8517-4796-B6AD-1ED02D5D845C"},{"id":"D318A9D4-3CE8-4374-A4B7-36B45985BADE"},{"id":"0648C1AD-0D2E-4EBA-A2F4-FA153548E4CC"},{"id":"DF0CD556-B4C2-4E08-8F44-716261DF8615"},{"id":"DD8E4A7C-50CD-4216-901C-0520DA2C7A71"},{"id":"465A6DE1-64AB-486B-828C-4DC2B7E18DE4"},{"id":"77B9D061-F2C3-47C8-B67E-956480CCB543"}],"row5":[{"fromDetail":{"isSFSymbol":true,"output":{"modifier_keys":{"_0":"left_shift"}},"display":"shift"},"unitSize":2.25,"toDetailCollection":{},"id":"CA56E04E-40E6-4CC8-82A6-CD33BF0BC1EF"},{"id":"E5C5293B-4827-47D1-873A-924AD17332F1","toDetailCollection":{"condition0":{"layer0":{"isCustomized_tap":true,"outputAndDisplay_tap":{"display":"D","output":{"letter_keys":{"_0":"d"}},"layerKey":"layer0"},"withModifier_tap":{}}}},"fromDetail":{"display":",","output":{"controls_and_symbols":{"_0":"comma"}}}},{"fromDetail":{"output":{"controls_and_symbols":{"_0":"slash"}},"display":"\/"},"id":"8BE9F702-3A39-4184-B639-F52B5CBB41A6","toDetailCollection":{"condition0":{"layer0":{"isCustomized_tap":true,"withModifier_tap":{},"outputAndDisplay_tap":{"layerKey":"layer0","output":{"letter_keys":{"_0":"b"}},"display":"B"}}}}},{"id":"1DC83B7A-06AF-4978-AFE7-67D2A6DEFCED","toDetailCollection":{"condition0":{"layer0":{"isCustomized_tap":true,"withModifier_tap":{},"outputAndDisplay_tap":{"output":{"letter_keys":{"_0":"v"}},"display":"V","layerKey":"layer0"}}}},"fromDetail":{"output":{"letter_keys":{"_0":"c"}},"display":"C"}},{"id":"5E28206E-3A15-407E-8800-8F0CE54821AE","fromDetail":{"output":{"letter_keys":{"_0":"m"}},"display":"M"},"toDetailCollection":{"condition0":{"layer0":{"isCustomized_tap":true,"outputAndDisplay_tap":{"display":"Z","output":{"letter_keys":{"_0":"z"}},"layerKey":"layer0"},"withModifier_tap":{}}}}},{"fromDetail":{"output":{"letter_keys":{"_0":"x"}},"display":"X"},"id":"4AE4F4C3-9917-403F-B2D5-E83565DF9BD0","toDetailCollection":{}},{"id":"D7E21504-BFEA-45BF-A540-0B0BAB8792D0","fromDetail":{"output":{"letter_keys":{"_0":"b"}},"display":"B"},"toDetailCollection":{"condition0":{"layer0":{"withModifier_tap":{},"isCustomized_tap":true,"macro_id_tap":"C4BDDF90-4D47-489F-8CA9-9F247E80DF68","outputAndDisplay_tap":{"layerKey":"layer0","output":{"controls_and_symbols":{"_0":"period"}},"display":"."},"isMacro_tap":true}}}},{"id":"6404164F-AC0D-4B89-8FFE-3E2E721949D6","fromDetail":{"display":"N","output":{"letter_keys":{"_0":"n"}}},"toDetailCollection":{"condition0":{"layer0":{"isCustomized_tap":true,"withModifier_tap":{},"outputAndDisplay_tap":{"layerKey":"layer0","display":"G","output":{"letter_keys":{"_0":"g"}}}}}}},{"unitSize":2.25,"id":"46B446C2-2E6B-4378-8DC1-5BAF1BC2DD6F","toDetailCollection":{},"fromDetail":{"display":"shift","output":{"modifier_keys":{"_0":"right_shift"}},"isSFSymbol":true}},{"id":"08C85224-0367-4F05-9162-9CA42E7549FD","fromDetail":{"output":{"letter_keys":{"_0":"v"}},"display":"V"},"toDetailCollection":{"condition0":{"layer0":{"isCustomized_tap":true,"isMacro_tap":true,"macro_id_tap":"14C47C64-7873-4F31-8086-C35D3736F656","withModifier_tap":{},"outputAndDisplay_tap":{"display":";","layerKey":"layer0","output":{"controls_and_symbols":{"_0":"semicolon"}}}}}}},{"id":"83D2327C-C0D1-451D-BE55-8EA57163DED8","fromDetail":{"display":".","output":{"controls_and_symbols":{"_0":"period"}}},"toDetailCollection":{"condition0":{"layer0":{"withModifier_tap":{},"outputAndDisplay_tap":{"output":{"controls_and_symbols":{"_0":"comma"}},"display":",","layerKey":"layer0"},"isCustomized_tap":true}}}},{"fromDetail":{"output":{"letter_keys":{"_0":"z"}},"display":"Z"},"id":"2415D730-6655-4A1F-A48B-9A865791C063","toDetailCollection":{"condition0":{"layer0":{"isCustomized_tap":true,"isMacro_tap":true,"withModifier_tap":{},"outputAndDisplay_tap":{"output":{"controls_and_symbols":{"_0":"slash"}},"display":"\/","layerKey":"layer0"},"macro_id_tap":"C72956CF-65D4-4394-9F42-C132FD25A9B7"}}}}],"rowIndex_arrow":{"row6":{}},"row3":[{"toDetailCollection":{"condition0":{"layer0":{"outputAndDisplay_tap":{"display":"F","layerKey":"layer0","output":{"letter_keys":{"_0":"f"}}},"withModifier_tap":{},"isCustomized_tap":true}}},"fromDetail":{"display":"R","output":{"letter_keys":{"_0":"r"}}},"id":"4F9DD1E6-BA7F-4FA5-A508-5FF96DE532BC"},{"fromDetail":{"output":{"letter_keys":{"_0":"w"}},"display":"W"},"toDetailCollection":{"condition0":{"layer0":{"outputAndDisplay_tap":{"display":"L","layerKey":"layer0","output":{"letter_keys":{"_0":"l"}}},"isCustomized_tap":true,"withModifier_tap":{}}}},"id":"D7A484C1-55DB-4845-84CC-E13A16DEEE9D"},{"fromDetail":{"output":{"letter_keys":{"_0":"p"}},"display":"P"},"toDetailCollection":{},"id":"1670089F-0D57-4E02-BB4B-102E56BEC833"},{"id":"9F5BC58B-7E0B-4003-A6A6-8C1A8A4788EF","toDetailCollection":{},"unitSize":1.5,"fromDetail":{"display":"arrow.right.to.line","isSFSymbol":true,"output":{"controls_and_symbols":{"_0":"tab"}}}},{"fromDetail":{"output":{"letter_keys":{"_0":"o"}},"display":"O"},"toDetailCollection":{"condition0":{"layer0":{"outputAndDisplay_tap":{"output":{"letter_keys":{"_0":"w"}},"display":"W","layerKey":"layer0"},"isCustomized_tap":true,"withModifier_tap":{}}}},"id":"1F4EF502-1216-4E9D-B518-1DBE8782ECE8"},{"fromDetail":{"display":"[","output":{"controls_and_symbols":{"_0":"open_square_bracket"}}},"toDetailCollection":{},"id":"5A581F2D-3A72-4608-982E-F0AE823320EC"},{"fromDetail":{"display":"]","output":{"controls_and_symbols":{"_0":"close_square_bracket"}}},"id":"A1FEF04E-84CE-4E0F-AD21-5C764393DF7D","toDetailCollection":{}},{"id":"D707DC35-35C8-4255-ACE8-C13C1242AC55","fromDetail":{"display":"U","output":{"letter_keys":{"_0":"u"}}},"toDetailCollection":{"condition0":{"layer0":{"isCustomized_tap":true,"withModifier_tap":{},"outputAndDisplay_tap":{"output":{"letter_keys":{"_0":"y"}},"display":"Y","layerKey":"layer0"}}}}},{"id":"454FC5A2-4A5A-4CF4-9622-03B65FC0C0C1","toDetailCollection":{"condition0":{"layer0":{"isCustomized_tap":true,"withModifier_tap":{},"outputAndDisplay_tap":{"output":{"letter_keys":{"_0":"j"}},"display":"J","layerKey":"layer0"}}}},"fromDetail":{"output":{"letter_keys":{"_0":"e"}},"display":"E"}},{"id":"47F2FE79-D064-4130-B947-BC9B60A40626","fromDetail":{"display":"Y","output":{"letter_keys":{"_0":"y"}}},"toDetailCollection":{"condition0":{"layer0":{"isCustomized_tap":true,"outputAndDisplay_tap":{"layerKey":"layer0","display":"M","output":{"letter_keys":{"_0":"m"}}},"withModifier_tap":{}}}}},{"fromDetail":{"display":"Q","output":{"letter_keys":{"_0":"q"}}},"toDetailCollection":{},"id":"93653021-A620-49FA-BF76-C7A5DFFE4EFD"},{"id":"2651E142-8FE5-43AC-822C-5F4B367FAF04","fromDetail":{"output":{"letter_keys":{"_0":"i"}},"display":"I"},"toDetailCollection":{"condition0":{"layer0":{"outputAndDisplay_tap":{"output":{"letter_keys":{"_0":"r"}},"layerKey":"layer0","display":"R"},"isCustomized_tap":true,"withModifier_tap":{}}}}},{"id":"54C54331-5038-4F4F-848D-D99B4DD321AA","fromDetail":{"output":{"controls_and_symbols":{"_0":"backslash_or_yen"}},"display":"\\"},"toDetailCollection":{}},{"id":"5FA8FFDA-F89F-4A0E-AA5E-15D7A0060ED6","toDetailCollection":{"condition0":{"layer0":{"withModifier_tap":{},"isCustomized_tap":true,"outputAndDisplay_tap":{"layerKey":"layer0","output":{"letter_keys":{"_0":"c"}},"display":"C"}}}},"fromDetail":{"display":"T","output":{"letter_keys":{"_0":"t"}}}}]},"isEnableSub":false},"validSections":{"sections":[{"main":{}}]}},"name":"M_Shiki_US","selections":{"toDetail_macro":{"id":"312CC7F5-C251-43D2-AD01-8F21C2EEA09F","outputAndDisplay":{"layerKey":"layer0","output":{"letter_keys":{"_0":"l"}},"display":"L"},"withModifier":{},"error":false,"indicator":false},"customOrMacroTab":{"customizeKey":{}},"macroTab":{"userMacro":{}},"keyboardKey":{"id":"C562CCCC-D99D-4CF4-874A-6356D7F0D29B","toDetailCollection":{},"fromDetail":{"display":"A","output":{"letter_keys":{"_0":"a"}}}},"fromTab":{"qwertyKeyboard":{}},"macro":{"dictionary_key":null,"id":"C72956CF-65D4-4394-9F42-C132FD25A9B7","name":"ei","toDetailCollection":{"_collection":[{"error":false,"indicator":false,"withModifier":{},"outputAndDisplay":{"layerKey":"layer0","output":{"letter_keys":{"_0":"e"}},"display":"E"},"id":"4BE165ED-E76B-4C87-9ED8-01EB7F4789B7"},{"outputAndDisplay":{"output":{"letter_keys":{"_0":"i"}},"display":"I","layerKey":"layer0"},"withModifier":{},"id":"A0F0B972-2959-4266-B3BB-C53756577982","error":false,"indicator":false}],"idsInOrderCollection":[{"id":"4BE165ED-E76B-4C87-9ED8-01EB7F4789B7"},{"id":"A0F0B972-2959-4266-B3BB-C53756577982"}]}},"condition":"condition0","layer":"layer0","combo":{"id":"AE934B3A-8DCA-4ED1-9EDB-2C661D573E37","comboThreshold":50,"toDetail":{},"key_down_order":"insensitive","key_up_order":"insensitive"},"toTab":"qwertyKeyboard","tab":{"remap":{}}},"displayKeySize":65,"conditionDetailCollection":{"condition8":{"isEnabled":false,"type":"Application","value":"com.vendor.condition8","name":"Condition8"},"condition3":{"value":"com.vendor.condition3","isEnabled":false,"type":"Application","name":"Condition3"},"condition9":{"type":"Application","name":"Condition9","value":"com.vendor.condition9","isEnabled":false},"condition2":{"name":"Condition2","type":"Application","isEnabled":false,"value":"com.vendor.condition2"},"condition1":{"name":"Condition1","type":"InputSource","isEnabled":false,"value":"ja"},"condition4":{"isEnabled":false,"name":"Condition4","type":"Application","value":"com.vendor.condition4"},"condition5":{"value":"com.vendor.condition5","name":"Condition5","isEnabled":false,"type":"Application"},"condition0":{"name":"Default","type":"Application","value":"com.vendor.condition0","isEnabled":true},"condition6":{"type":"Application","isEnabled":false,"value":"com.vendor.condition6","name":"Condition6"},"condition7":{"value":"com.vendor.condition7","type":"Application","name":"Condition7","isEnabled":false}},"macroCollection":{"_collection":[{"dictionary_key":null,"id":"14C47C64-7873-4F31-8086-C35D3736F656","name":"ai","toDetailCollection":{"_collection":[{"withModifier":{},"id":"ECB5AB67-3B3D-46D2-9B05-B754F3278810","error":false,"outputAndDisplay":{"display":"I","layerKey":"layer0","output":{"letter_keys":{"_0":"i"}}},"indicator":false},{"withModifier":{},"id":"7618AC95-0D8B-4D75-9C50-E2EEDF150331","error":false,"outputAndDisplay":{"layerKey":"layer0","output":{"letter_keys":{"_0":"a"}},"display":"A"},"indicator":false}],"idsInOrderCollection":[{"id":"7618AC95-0D8B-4D75-9C50-E2EEDF150331"},{"id":"ECB5AB67-3B3D-46D2-9B05-B754F3278810"}]}},{"toDetailCollection":{"idsInOrderCollection":[{"id":"1BE86772-490C-4780-B60D-DB4A67000931"},{"id":"77A32CA1-4A02-4BE2-8B23-9B0DC65C59EC"}],"_collection":[{"indicator":false,"id":"1BE86772-490C-4780-B60D-DB4A67000931","withModifier":{},"error":false,"outputAndDisplay":{"output":{"letter_keys":{"_0":"o"}},"display":"O","layerKey":"layer0"}},{"outputAndDisplay":{"display":"U","layerKey":"layer0","output":{"letter_keys":{"_0":"u"}}},"error":false,"indicator":false,"withModifier":{},"id":"77A32CA1-4A02-4BE2-8B23-9B0DC65C59EC"}]},"id":"C4BDDF90-4D47-489F-8CA9-9F247E80DF68","name":"ou","dictionary_key":null},{"toDetailCollection":{"idsInOrderCollection":[{"id":"4BE165ED-E76B-4C87-9ED8-01EB7F4789B7"},{"id":"A0F0B972-2959-4266-B3BB-C53756577982"}],"_collection":[{"outputAndDisplay":{"output":{"letter_keys":{"_0":"e"}},"display":"E","layerKey":"layer0"},"withModifier":{},"error":false,"indicator":false,"id":"4BE165ED-E76B-4C87-9ED8-01EB7F4789B7"},{"error":false,"outputAndDisplay":{"display":"I","output":{"letter_keys":{"_0":"i"}},"layerKey":"layer0"},"id":"A0F0B972-2959-4266-B3BB-C53756577982","withModifier":{},"indicator":false}]},"dictionary_key":null,"name":"ei","id":"C72956CF-65D4-4394-9F42-C132FD25A9B7"}],"idsInOrderCollection":[{"id":"C72956CF-65D4-4394-9F42-C132FD25A9B7"},{"id":"C4BDDF90-4D47-489F-8CA9-9F247E80DF68"},{"id":"14C47C64-7873-4F31-8086-C35D3736F656"}]}}