{"conditionDetailCollection":{"condition7":{"type":"Application","name":"Condition7","value":"com.vendor.condition7","isEnabled":false},"condition4":{"value":"com.vendor.condition4","type":"Application","isEnabled":false,"name":"Condition4"},"condition9":{"type":"Application","name":"Condition9","isEnabled":false,"value":"com.vendor.condition9"},"condition8":{"value":"com.vendor.condition8","isEnabled":false,"type":"Application","name":"Condition8"},"condition5":{"name":"Condition5","type":"Application","value":"com.vendor.condition5","isEnabled":false},"condition3":{"name":"Condition3","type":"Application","value":"com.vendor.condition3","isEnabled":false},"condition6":{"isEnabled":false,"name":"Condition6","value":"com.vendor.condition6","type":"Application"},"condition1":{"name":"Condition1","isEnabled":false,"value":"ja","type":"InputSource"},"condition2":{"value":"com.vendor.condition2","type":"Application","isEnabled":false,"name":"Condition2"},"condition0":{"type":"Application","value":"com.vendor.condition0","name":"Default","isEnabled":true}},"displayKeySize":65,"selections":{"combo":{"comboThreshold":50,"id":"AE934B3A-8DCA-4ED1-9EDB-2C661D573E37","key_up_order":"insensitive","key_down_order":"insensitive","toDetail":{}},"macroTab":{"userMacro":{}},"keyboardKey":{"fromDetail":{"output":{"letter_keys":{"_0":"a"}},"display":"A"},"id":"A13D87CB-8846-4554-AE80-0CC81EDE7048","toDetailCollection":{}},"macro":{"id":"D477A08C-AA25-4AFC-93F4-E01891F227DD","dictionary_key":null,"name":"user Macro","toDetailCollection":{"idsInOrderCollection":[],"_collection":[]}},"customOrMacroTab":{"macro":{}},"toDetail_macro":{"error":false,"indicator":false,"outputAndDisplay":{"display":"none","layerKey":"layer0","output":{"letter_keys":{"_0":"a"}}},"withModifier":{},"id":"D2AADCA0-DD9D-4E00-8EA0-95A93996B034"},"fromTab":{"qwertyKeyboard":{}},"layer":"layer0","toTab":"qwertyKeyboard","tab":{"remap":{}},"condition":"condition0"},"keymap":{"main":{"sectionDetail":{"section":{"main":{}},"deviceDetail":{"product_id":"product_id","is_vendor_id_Enabled":false,"vendor_id":"vendor_id","is_builtin_keyboard":false,"location_id":"location_id","is_product_id_Enabled":false,"is_location_id_Enabled":false,"device_name":"mainKeyboard"}},"isEnableSub":false,"mainRows":{"arrow_up":{"id":"1277C5FF-07EA-4152-854B-0206D71CDE6F","keyShape":"arrow_Up","fromDetail":{"isSFSymbol":true,"display":"arrowtriangle.up.fill","output":{"arrow_keys":{"_0":"up_arrow"}}},"toDetailCollection":{}},"row4":[{"toDetailCollection":{"condition0":{"layer0":{"outputAndDisplay_tap":{"output":{"letter_keys":{"_0":"o"}},"layerKey":"layer0","display":"O"},"isCustomized_tap":true,"withModifier_tap":{}}}},"fromDetail":{"display":"G","output":{"letter_keys":{"_0":"g"}}},"id":"FCDCFBAA-FEC6-4BBC-8832-A4B2ABB547DA"},{"id":"36C7574D-381B-4B73-99AA-A12013F66DB2","toDetailCollection":{},"fromDetail":{"display":"]","output":{"controls_and_symbols":{"_0":"close_square_bracket_jis"}}}},{"toDetailCollection":{"condition0":{"layer0":{"isCustomized_tap":true,"outputAndDisplay_tap":{"output":{"letter_keys":{"_0":"u"}},"layerKey":"layer0","display":"U"},"withModifier_tap":{}}}},"fromDetail":{"output":{"letter_keys":{"_0":"s"}},"display":"S"},"id":"77BE3EBB-01FF-4DB1-B1ED-AEA2051D5BDD"},{"fromDetail":{"display":"H","output":{"letter_keys":{"_0":"h"}}},"toDetailCollection":{"condition0":{"layer0":{"withModifier_tap":{},"outputAndDisplay_tap":{"layerKey":"layer0","display":"K","output":{"letter_keys":{"_0":"k"}}},"isCustomized_tap":true}}},"id":"2DAF2FC8-3E4A-439C-A6B6-2F4C6CCE3F1C"},{"fromDetail":{"output":{"letter_keys":{"_0":"l"}},"display":"L"},"toDetailCollection":{"condition0":{"layer0":{"isCustomized_tap":true,"withModifier_tap":{},"outputAndDisplay_tap":{"output":{"letter_keys":{"_0":"n"}},"display":"N","layerKey":"layer0"}}}},"id":"C125658E-2B75-4B5E-AB44-62350D151E71"},{"id":"C54AA6E8-BE04-4440-ADB5-2EA08CD0502C","toDetailCollection":{},"fromDetail":{"output":{"controls_and_symbols":{"_0":"single_quotation_or_colon"}},"display":":"}},{"fromDetail":{"output":{"modifier_keys":{"_0":"left_control"}},"display":"control","isSFSymbol":true},"id":"6835E2C4-1F34-4B56-9969-A373217B1463","unitSize":1.25,"toDetailCollection":{}},{"id":"25B506FA-0532-4F58-9D3E-6E82141F9B61","fromDetail":{"output":{"controls_and_symbols":{"_0":"semicolon"}},"display":";"},"toDetailCollection":{"condition0":{"layer0":{"outputAndDisplay_tap":{"display":"H","output":{"letter_keys":{"_0":"h"}},"layerKey":"layer0"},"withModifier_tap":{},"isCustomized_tap":true}}}},{"toDetailCollection":{"condition0":{"layer0":{"outputAndDisplay_tap":{"display":"I","layerKey":"layer0","output":{"letter_keys":{"_0":"i"}}},"isCustomized_tap":true,"withModifier_tap":{}}}},"fromDetail":{"output":{"letter_keys":{"_0":"d"}},"display":"D"},"id":"9FFD59A2-5693-444E-AAA3-6F75B64FCBDF"},{"fromDetail":{"output":{"letter_keys":{"_0":"k"}},"display":"K"},"id":"C928E8C1-413E-422A-8348-46D11543EC4C","toDetailCollection":{"condition0":{"layer0":{"withModifier_tap":{},"isCustomized_tap":true,"outputAndDisplay_tap":{"display":"T","layerKey":"layer0","output":{"letter_keys":{"_0":"t"}}}}}}},{"toDetailCollection":{"condition0":{"layer0":{"outputAndDisplay_tap":{"display":"A","layerKey":"layer0","output":{"letter_keys":{"_0":"a"}}},"withModifier_tap":{},"isCustomized_tap":true}}},"id":"2D49F7CD-E341-4F96-805F-D12640B2B5E1","fromDetail":{"display":"F","output":{"letter_keys":{"_0":"f"}}}},{"fromDetail":{"output":{"letter_keys":{"_0":"a"}},"display":"A"},"toDetailCollection":{"condition0":{"layer0":{"outputAndDisplay_tap":{"output":{"letter_keys":{"_0":"e"}},"display":"E","layerKey":"layer0"},"withModifier_tap":{},"isCustomized_tap":true}}},"id":"83654AEC-05FB-4098-BD5D-7D5F50780401"},{"toDetailCollection":{"condition0":{"layer0":{"withModifier_tap":{},"outputAndDisplay_tap":{"display":"S","layerKey":"layer0","output":{"letter_keys":{"_0":"s"}}},"isCustomized_tap":true}}},"id":"7241C331-5BB9-4034-B0C5-B37FE7FBFC8F","fromDetail":{"output":{"letter_keys":{"_0":"j"}},"display":"J"}}],"arrow_down":{"fromDetail":{"display":"arrowtriangle.down.fill","output":{"arrow_keys":{"_0":"down_arrow"}},"isSFSymbol":true},"keyShape":"arrow_Down","toDetailCollection":{},"id":"A9EC16B4-9600-4041-A1E0-98C93944A9AF"},"row3":[{"toDetailCollection":{"condition0":{"layer0":{"isCustomized_tap":true,"withModifier_tap":{},"outputAndDisplay_tap":{"display":"C","output":{"letter_keys":{"_0":"c"}},"layerKey":"layer0"}}}},"id":"A3E766AD-4E41-40EC-95FD-BE5B214960C6","fromDetail":{"display":"T","output":{"letter_keys":{"_0":"t"}}}},{"toDetailCollection":{},"fromDetail":{"output":{"controls_and_symbols":{"_0":"open_square_bracket_jis"}},"display":"["},"id":"C103A5EC-F2F9-481D-974D-3BFF8F105A8C"},{"toDetailCollection":{},"fromDetail":{"display":"Q","output":{"letter_keys":{"_0":"q"}}},"id":"F6EF0DAE-DF5F-4F8C-A8C5-50904C688E5B"},{"fromDetail":{"display":"I","output":{"letter_keys":{"_0":"i"}}},"toDetailCollection":{"condition0":{"layer0":{"isCustomized_tap":true,"outputAndDisplay_tap":{"output":{"letter_keys":{"_0":"r"}},"layerKey":"layer0","display":"R"},"withModifier_tap":{}}}},"id":"DE389478-9696-45FB-830F-8DB1FE210E45"},{"fromDetail":{"display":"W","output":{"letter_keys":{"_0":"w"}}},"toDetailCollection":{"condition0":{"layer0":{"outputAndDisplay_tap":{"output":{"letter_keys":{"_0":"l"}},"layerKey":"layer0","display":"L"},"withModifier_tap":{},"isCustomized_tap":true}}},"id":"9F8A041C-601C-4279-9219-FEE34FA8B93E"},{"toDetailCollection":{},"id":"E58C8D8A-B43C-46C2-AE97-FD4D8388EEC1","fromDetail":{"output":{"controls_and_symbols":{"_0":"commercial_at_jis"}},"display":"@"}},{"id":"0DE1F639-8C96-412A-9EBF-9FC0AB4DD9AF","fromDetail":{"display":"arrow.right.to.line","isSFSymbol":true,"output":{"controls_and_symbols":{"_0":"tab"}}},"toDetailCollection":{}},{"toDetailCollection":{"condition0":{"layer0":{"withModifier_tap":{},"outputAndDisplay_tap":{"layerKey":"layer0","output":{"letter_keys":{"_0":"w"}},"display":"W"},"isCustomized_tap":true}}},"id":"A89640C3-45BF-4D4D-A0C8-6D9C07159ECA","fromDetail":{"output":{"letter_keys":{"_0":"o"}},"display":"O"}},{"toDetailCollection":{"condition0":{"layer0":{"isCustomized_tap":true,"withModifier_tap":{},"outputAndDisplay_tap":{"layerKey":"layer0","output":{"letter_keys":{"_0":"m"}},"display":"M"}}}},"fromDetail":{"display":"Y","output":{"letter_keys":{"_0":"y"}}},"id":"7E5934BB-CF59-49EB-ADE9-DB4B40BF9527"},{"id":"2C448096-72DA-442F-81DA-C6AF2844C0AC","toDetailCollection":{"condition0":{"layer0":{"outputAndDisplay_tap":{"display":"F","layerKey":"layer0","output":{"letter_keys":{"_0":"f"}}},"withModifier_tap":{},"isCustomized_tap":true}}},"fromDetail":{"output":{"letter_keys":{"_0":"r"}},"display":"R"}},{"id":"94927CB9-7145-4D05-A47E-6CE686DC5421","toDetailCollection":{"condition0":{"layer0":{"outputAndDisplay_tap":{"layerKey":"layer0","display":"J","output":{"letter_keys":{"_0":"j"}}},"withModifier_tap":{},"isCustomized_tap":true}}},"fromDetail":{"display":"E","output":{"letter_keys":{"_0":"e"}}}},{"id":"BA948F8A-27D4-47AF-BB39-FD1AA5DEF52C","toDetailCollection":{},"fromDetail":{"output":{"letter_keys":{"_0":"p"}},"display":"P"}},{"fromDetail":{"display":"U","output":{"letter_keys":{"_0":"u"}}},"id":"9F0E1901-05A7-437F-AD02-5568FEDD162E","toDetailCollection":{"condition0":{"layer0":{"withModifier_tap":{},"isCustomized_tap":true,"outputAndDisplay_tap":{"display":"Y","layerKey":"layer0","output":{"letter_keys":{"_0":"y"}}}}}}},{"id":"A78F1E38-B7B6-45AF-901D-26893BF6D388","toDetailCollection":{},"fromDetail":{"display":"return","output":{"controls_and_symbols":{"_0":"return_or_enter"}},"isSFSymbol":true},"keyShape":"enter_JIS","unitSize":1.5}],"idsInOrderRow3":[{"id":"0DE1F639-8C96-412A-9EBF-9FC0AB4DD9AF"},{"id":"F6EF0DAE-DF5F-4F8C-A8C5-50904C688E5B"},{"id":"9F8A041C-601C-4279-9219-FEE34FA8B93E"},{"id":"94927CB9-7145-4D05-A47E-6CE686DC5421"},{"id":"2C448096-72DA-442F-81DA-C6AF2844C0AC"},{"id":"A3E766AD-4E41-40EC-95FD-BE5B214960C6"},{"id":"7E5934BB-CF59-49EB-ADE9-DB4B40BF9527"},{"id":"9F0E1901-05A7-437F-AD02-5568FEDD162E"},{"id":"DE389478-9696-45FB-830F-8DB1FE210E45"},{"id":"A89640C3-45BF-4D4D-A0C8-6D9C07159ECA"},{"id":"BA948F8A-27D4-47AF-BB39-FD1AA5DEF52C"},{"id":"E58C8D8A-B43C-46C2-AE97-FD4D8388EEC1"},{"id":"C103A5EC-F2F9-481D-974D-3BFF8F105A8C"},{"id":"A78F1E38-B7B6-45AF-901D-26893BF6D388"}],"row5":[{"id":"5B7818F9-749C-4C2A-BCA7-C45F8CA69F25","toDetailCollection":{"condition0":{"layer0":{"isCustomized_tap":true,"isMacro_tap":true,"macro_id_tap":"14C47C64-7873-4F31-8086-C35D3736F656","outputAndDisplay_tap":{"display":"none","layerKey":"layer0"},"withModifier_tap":{}}}},"fromDetail":{"display":"V","output":{"letter_keys":{"_0":"v"}}}},{"toDetailCollection":{"condition0":{"layer0":{"isCustomized_tap":true,"withModifier_tap":{},"outputAndDisplay_tap":{"layerKey":"layer0","output":{"letter_keys":{"_0":"b"}},"display":"B"}}}},"id":"CAE4E26D-BB3C-4623-BCEE-30BD329E82E4","fromDetail":{"output":{"controls_and_symbols":{"_0":"slash"}},"display":"\/"}},{"id":"9C4B5D61-9DC8-4471-88B1-D6DEF9D37161","fromDetail":{"display":".","output":{"controls_and_symbols":{"_0":"period"}}},"toDetailCollection":{"condition0":{"layer0":{"isCustomized_tap":true,"withModifier_tap":{},"outputAndDisplay_tap":{"layerKey":"layer0","display":",","output":{"controls_and_symbols":{"_0":"comma"}}}}}}},{"fromDetail":{"display":"shift","isSFSymbol":true,"output":{"modifier_keys":{"_0":"left_shift"}}},"unitSize":1.75,"toDetailCollection":{},"id":"58E7D5C8-D551-4EB8-9ABD-64CFC5248C63"},{"id":"A30A2D05-0C59-4E07-B183-B4AD6DF36D7A","fromDetail":{"display":"_","output":{"international_keys":{"_0":"international1"}}},"toDetailCollection":{}},{"id":"218C3CDA-B06F-49BD-8011-D74435F22EFB","fromDetail":{"display":"M","output":{"letter_keys":{"_0":"m"}}},"toDetailCollection":{"condition0":{"layer0":{"isCustomized_tap":true,"outputAndDisplay_tap":{"layerKey":"layer0","display":"Z","output":{"letter_keys":{"_0":"z"}}},"withModifier_tap":{}}}}},{"fromDetail":{"display":"C","output":{"letter_keys":{"_0":"c"}}},"toDetailCollection":{"condition0":{"layer0":{"isCustomized_tap":true,"outputAndDisplay_tap":{"output":{"letter_keys":{"_0":"v"}},"display":"V","layerKey":"layer0"},"withModifier_tap":{}}}},"id":"73B6DA1E-A994-4440-89E6-7C4390960486"},{"fromDetail":{"isSFSymbol":true,"display":"shift","output":{"modifier_keys":{"_0":"right_shift"}}},"id":"3F9E1437-4227-483A-8963-B08820DE5DC0","unitSize":1.75,"toDetailCollection":{}},{"toDetailCollection":{},"fromDetail":{"display":"X","output":{"letter_keys":{"_0":"x"}}},"id":"C797F27C-467E-4F70-89D0-1BC8B587AEBB"},{"id":"417105B5-8E94-4AE1-8A82-881997DA03D3","fromDetail":{"display":"Z","output":{"letter_keys":{"_0":"z"}}},"toDetailCollection":{"condition0":{"layer0":{"macro_id_tap":"C72956CF-65D4-4394-9F42-C132FD25A9B7","outputAndDisplay_tap":{"display":"none","layerKey":"layer0"},"withModifier_tap":{},"isMacro_tap":true,"isCustomized_tap":true}}}},{"fromDetail":{"output":{"controls_and_symbols":{"_0":"comma"}},"display":","},"toDetailCollection":{"condition0":{"layer0":{"isCustomized_tap":true,"outputAndDisplay_tap":{"layerKey":"layer0","display":"D","output":{"letter_keys":{"_0":"d"}}},"withModifier_tap":{}}}},"id":"B5E29927-6932-4E9F-B33C-B406F6B57736"},{"toDetailCollection":{"condition0":{"layer0":{"withModifier_tap":{},"outputAndDisplay_tap":{"layerKey":"layer0","display":"none"},"isCustomized_tap":true,"isMacro_tap":true,"macro_id_tap":"C4BDDF90-4D47-489F-8CA9-9F247E80DF68"}}},"id":"CCB6D949-3F36-4E90-82B2-6A75D44B4B35","fromDetail":{"display":"B","output":{"letter_keys":{"_0":"b"}}}},{"toDetailCollection":{"condition0":{"layer0":{"withModifier_tap":{},"isCustomized_tap":true,"outputAndDisplay_tap":{"output":{"letter_keys":{"_0":"g"}},"layerKey":"layer0","display":"G"}}}},"fromDetail":{"display":"N","output":{"letter_keys":{"_0":"n"}}},"id":"DD4360D1-40B0-4767-A2C5-F576C947936F"}],"row2":[{"id":"11B2BC4C-7163-4924-8F15-9FBAD10EB658","fromDetail":{"output":{"number_keys":{"_0":"two"}},"display":"2"},"toDetailCollection":{}},{"fromDetail":{"output":{"number_keys":{"_0":"eight"}},"display":"8"},"toDetailCollection":{},"id":"3FC4C1FD-D120-4C21-AA29-09DF4C3109BC"},{"toDetailCollection":{},"fromDetail":{"output":{"number_keys":{"_0":"five"}},"display":"5"},"id":"9D8C7B68-CFEA-47C9-A677-B2C044A01396"},{"fromDetail":{"output":{"number_keys":{"_0":"one"}},"display":"1"},"id":"90C05F66-4C07-4149-84B7-0766D042FF80","toDetailCollection":{},"unitSize":1.25},{"id":"223C7F46-0E8D-49B8-BEF2-13CFDE2C1851","toDetailCollection":{},"fromDetail":{"output":{"controls_and_symbols":{"_0":"equal_sign_or_caret"}},"display":"^"}},{"fromDetail":{"output":{"controls_and_symbols":{"_0":"hyphen"}},"display":"-"},"toDetailCollection":{},"id":"D6153259-A88E-4327-9388-D24CBCCA329F"},{"toDetailCollection":{},"id":"8044F798-0CBC-4735-BE59-D636D2C158DA","fromDetail":{"output":{"number_keys":{"_0":"nine"}},"display":"9"}},{"fromDetail":{"output":{"number_keys":{"_0":"four"}},"display":"4"},"toDetailCollection":{},"id":"C81376B9-318A-4586-A26B-5E1C1C080709"},{"fromDetail":{"display":"3","output":{"number_keys":{"_0":"three"}}},"toDetailCollection":{},"id":"A940A0BF-DAE7-4EFE-BEC3-385D360BB8BC"},{"toDetailCollection":{},"fromDetail":{"output":{"number_keys":{"_0":"seven"}},"display":"7"},"id":"90FDF92C-6AEB-4BBE-BE13-57CA0BF834E8"},{"fromDetail":{"isSFSymbol":true,"output":{"controls_and_symbols":{"_0":"delete_or_backspace"}},"display":"delete.left"},"unitSize":1.25,"id":"E1FB7B64-D30B-4B14-9CAF-43FD791ED562","toDetailCollection":{}},{"fromDetail":{"output":{"number_keys":{"_0":"six"}},"display":"6"},"toDetailCollection":{},"id":"FD5E34C5-780C-4824-9F4F-644E8A287630"},{"id":"9093376F-4DB3-438E-B879-E74ACC983C04","fromDetail":{"display":"0","output":{"number_keys":{"_0":"zero"}}},"toDetailCollection":{}},{"toDetailCollection":{},"fromDetail":{"output":{"international_keys":{"_0":"international3"}},"display":"\\"},"id":"71932D9C-035C-4F75-AA6B-B96AD1FE2DB1"}],"row6":[{"fromDetail":{"output":{"japanese":{"_0":"eisuu"}},"display":"英数"},"toDetailCollection":{},"id":"F4A23958-A489-4B9E-B01E-1362A8B30D3A","unitSize":1.25},{"toDetailCollection":{},"unitSize":3.5,"fromDetail":{"display":"␣","output":{"controls_and_symbols":{"_0":"spacebar"}}},"id":"B1737048-E664-4677-83AA-1780CDA88B79"},{"fromDetail":{"output":{"modifier_keys":{"_0":"left_option"}},"isSFSymbol":true,"display":"option"},"toDetailCollection":{},"id":"CC5B6B53-4BB8-4BD0-BDF1-6193DF2CB9C1"},{"toDetailCollection":{},"fromDetail":{"output":{"japanese":{"_0":"kana"}},"display":"かな"},"id":"DDD2B5A1-E7A7-4D81-90A3-F8CBE16BB10B","unitSize":1.25},{"toDetailCollection":{},"id":"35817960-E441-48D9-B808-4BEF31A9F657","fromDetail":{"display":"globe","output":{"modifier_keys":{"_0":"keyboard_fn"}},"isSFSymbol":true}},{"toDetailCollection":{},"id":"95954601-E0FD-4FEA-AB5E-F622C178F1AA","fromDetail":{"isSFSymbol":true,"display":"capslock","output":{"modifier_keys":{"_0":"caps_lock"}}}},{"unitSize":1.25,"toDetailCollection":{},"id":"84E9CC05-08BD-4D53-8229-1370023D92A4","fromDetail":{"isSFSymbol":true,"output":{"modifier_keys":{"_0":"left_command"}},"display":"command"}},{"fromDetail":{"output":{"modifier_keys":{"_0":"right_command"}},"isSFSymbol":true,"display":"command"},"id":"D73E7B3A-C45D-4487-A9AA-FF103DD95113","unitSize":1.25,"toDetailCollection":{}}],"enableArrowKeys":true,"arrow_left":{"id":"80FBDC79-2772-40DA-9781-54477BF5BAC0","fromDetail":{"isSFSymbol":true,"output":{"arrow_keys":{"_0":"left_arrow"}},"display":"arrowtriangle.left.fill"},"keyShape":"arrow_LR","toDetailCollection":{}},"idsInOrderRow2":[{"id":"90C05F66-4C07-4149-84B7-0766D042FF80"},{"id":"11B2BC4C-7163-4924-8F15-9FBAD10EB658"},{"id":"A940A0BF-DAE7-4EFE-BEC3-385D360BB8BC"},{"id":"C81376B9-318A-4586-A26B-5E1C1C080709"},{"id":"9D8C7B68-CFEA-47C9-A677-B2C044A01396"},{"id":"FD5E34C5-780C-4824-9F4F-644E8A287630"},{"id":"90FDF92C-6AEB-4BBE-BE13-57CA0BF834E8"},{"id":"3FC4C1FD-D120-4C21-AA29-09DF4C3109BC"},{"id":"8044F798-0CBC-4735-BE59-D636D2C158DA"},{"id":"9093376F-4DB3-438E-B879-E74ACC983C04"},{"id":"D6153259-A88E-4327-9388-D24CBCCA329F"},{"id":"223C7F46-0E8D-49B8-BEF2-13CFDE2C1851"},{"id":"71932D9C-035C-4F75-AA6B-B96AD1FE2DB1"},{"id":"E1FB7B64-D30B-4B14-9CAF-43FD791ED562"}],"idsInOrderRow1":[{"id":"604DDBFC-2A18-47F5-BCF7-F7A42A9AEAB1"},{"id":"1D31AF9A-F72E-4646-B6EA-0C7A514C2AE3"},{"id":"EACAF721-6B27-4BC8-BEF8-DB4BDD417E45"},{"id":"7EED8AEF-6020-45DF-A07F-1516FEFB97A6"},{"id":"C8686E46-F157-470F-B802-F02469D8A2A1"},{"id":"135FA1A6-1B3A-4CEC-B57F-09CA0E6066F0"},{"id":"901E338E-8ED1-4667-ADC3-104A429DEE48"},{"id":"EB558DF6-9352-48A2-B70A-EDAB04C551D1"},{"id":"AD965251-FA5F-410B-AE41-81F0D564C13C"},{"id":"4B9AB384-9ED4-4BDC-A1AA-A0180394AE0B"},{"id":"7470D083-4289-4013-B948-9A79ED2BEE5F"},{"id":"38D0E968-A263-45B6-90DC-8952A29C2CE4"},{"id":"E016D2F4-8F3C-4723-A485-B4047A917AC0"}],"idsInOrderRow5":[{"id":"58E7D5C8-D551-4EB8-9ABD-64CFC5248C63"},{"id":"417105B5-8E94-4AE1-8A82-881997DA03D3"},{"id":"C797F27C-467E-4F70-89D0-1BC8B587AEBB"},{"id":"73B6DA1E-A994-4440-89E6-7C4390960486"},{"id":"5B7818F9-749C-4C2A-BCA7-C45F8CA69F25"},{"id":"CCB6D949-3F36-4E90-82B2-6A75D44B4B35"},{"id":"DD4360D1-40B0-4767-A2C5-F576C947936F"},{"id":"218C3CDA-B06F-49BD-8011-D74435F22EFB"},{"id":"B5E29927-6932-4E9F-B33C-B406F6B57736"},{"id":"9C4B5D61-9DC8-4471-88B1-D6DEF9D37161"},{"id":"CAE4E26D-BB3C-4623-BCEE-30BD329E82E4"},{"id":"A30A2D05-0C59-4E07-B183-B4AD6DF36D7A"},{"id":"3F9E1437-4227-483A-8963-B08820DE5DC0"}],"row1":[{"fromDetail":{"display":"F11","output":{"function_keys":{"_0":"f11"}}},"id":"38D0E968-A263-45B6-90DC-8952A29C2CE4","toDetailCollection":{}},{"fromDetail":{"display":"F10","output":{"function_keys":{"_0":"f10"}}},"toDetailCollection":{},"id":"7470D083-4289-4013-B948-9A79ED2BEE5F"},{"id":"EB558DF6-9352-48A2-B70A-EDAB04C551D1","toDetailCollection":{},"fromDetail":{"output":{"function_keys":{"_0":"f7"}},"display":"F7"}},{"unitSize":1.5,"id":"604DDBFC-2A18-47F5-BCF7-F7A42A9AEAB1","toDetailCollection":{},"fromDetail":{"isSFSymbol":true,"output":{"controls_and_symbols":{"_0":"escape"}},"display":"escape"}},{"id":"E016D2F4-8F3C-4723-A485-B4047A917AC0","toDetailCollection":{},"fromDetail":{"display":"F12","output":{"function_keys":{"_0":"f12"}}}},{"fromDetail":{"display":"F6","output":{"function_keys":{"_0":"f6"}}},"id":"901E338E-8ED1-4667-ADC3-104A429DEE48","toDetailCollection":{}},{"id":"7EED8AEF-6020-45DF-A07F-1516FEFB97A6","fromDetail":{"display":"F3","output":{"function_keys":{"_0":"f3"}}},"toDetailCollection":{}},{"toDetailCollection":{},"id":"AD965251-FA5F-410B-AE41-81F0D564C13C","fromDetail":{"display":"F8","output":{"function_keys":{"_0":"f8"}}}},{"toDetailCollection":{},"id":"C8686E46-F157-470F-B802-F02469D8A2A1","fromDetail":{"output":{"function_keys":{"_0":"f4"}},"display":"F4"}},{"toDetailCollection":{},"fromDetail":{"output":{"function_keys":{"_0":"f1"}},"display":"F1"},"id":"1D31AF9A-F72E-4646-B6EA-0C7A514C2AE3"},{"fromDetail":{"display":"F9","output":{"function_keys":{"_0":"f9"}}},"toDetailCollection":{},"id":"4B9AB384-9ED4-4BDC-A1AA-A0180394AE0B"},{"id":"EACAF721-6B27-4BC8-BEF8-DB4BDD417E45","fromDetail":{"output":{"function_keys":{"_0":"f2"}},"display":"F2"},"toDetailCollection":{}},{"id":"135FA1A6-1B3A-4CEC-B57F-09CA0E6066F0","fromDetail":{"output":{"function_keys":{"_0":"f5"}},"display":"F5"},"toDetailCollection":{}}],"rowIndex_arrow":{"row6":{}},"idsInOrderRow4":[{"id":"6835E2C4-1F34-4B56-9969-A373217B1463"},{"id":"83654AEC-05FB-4098-BD5D-7D5F50780401"},{"id":"77BE3EBB-01FF-4DB1-B1ED-AEA2051D5BDD"},{"id":"9FFD59A2-5693-444E-AAA3-6F75B64FCBDF"},{"id":"2D49F7CD-E341-4F96-805F-D12640B2B5E1"},{"id":"FCDCFBAA-FEC6-4BBC-8832-A4B2ABB547DA"},{"id":"2DAF2FC8-3E4A-439C-A6B6-2F4C6CCE3F1C"},{"id":"7241C331-5BB9-4034-B0C5-B37FE7FBFC8F"},{"id":"C928E8C1-413E-422A-8348-46D11543EC4C"},{"id":"C125658E-2B75-4B5E-AB44-62350D151E71"},{"id":"25B506FA-0532-4F58-9D3E-6E82141F9B61"},{"id":"C54AA6E8-BE04-4440-ADB5-2EA08CD0502C"},{"id":"36C7574D-381B-4B73-99AA-A12013F66DB2"}],"idsInOrderRow6":[{"id":"95954601-E0FD-4FEA-AB5E-F622C178F1AA"},{"id":"CC5B6B53-4BB8-4BD0-BDF1-6193DF2CB9C1"},{"id":"84E9CC05-08BD-4D53-8229-1370023D92A4"},{"id":"F4A23958-A489-4B9E-B01E-1362A8B30D3A"},{"id":"B1737048-E664-4677-83AA-1780CDA88B79"},{"id":"DDD2B5A1-E7A7-4D81-90A3-F8CBE16BB10B"},{"id":"D73E7B3A-C45D-4487-A9AA-FF103DD95113"},{"id":"35817960-E441-48D9-B808-4BEF31A9F657"}],"arrow_right":{"keyShape":"arrow_LR","id":"C5A57CB1-4792-4250-8411-BA2B9EEE629D","fromDetail":{"display":"arrowtriangle.right.fill","isSFSymbol":true,"output":{"arrow_keys":{"_0":"right_arrow"}}},"toDetailCollection":{}}},"tenkeyRows":{"row2":[{"id":"999998EF-C4F9-4B26-9D09-5A21C3AFC3B8","toDetailCollection":{},"fromDetail":{"display":"\/","output":{"keypad_keys":{"_0":"keypad_slash"}}}},{"toDetailCollection":{},"id":"C227C9CC-1C8E-456C-A391-369D848A0C44","fromDetail":{"display":"=","output":{"keypad_keys":{"_0":"keypad_equal_sign"}}}},{"fromDetail":{"display":"*","output":{"keypad_keys":{"_0":"keypad_asterisk"}}},"toDetailCollection":{},"id":"9D622B9E-3292-4B2F-B7B6-6B7851BD9A5B"},{"id":"6250DAB9-FDF3-4B3E-B4A3-0B1521CE1BC9","fromDetail":{"output":{"others":{"_0":"clear"}},"display":"clear"},"toDetailCollection":{}}],"idsInOrderRow6":[{"id":"F69F83DC-1E11-4B7C-8A6B-42E3BC0CF53C"},{"id":"D4BDA233-3D12-4BBB-BFA6-5D13D840EF2F"},{"id":"88721E14-532D-4C52-AE38-482F4AC4B9EB"}],"idsInOrderRow2":[{"id":"6250DAB9-FDF3-4B3E-B4A3-0B1521CE1BC9"},{"id":"C227C9CC-1C8E-456C-A391-369D848A0C44"},{"id":"999998EF-C4F9-4B26-9D09-5A21C3AFC3B8"},{"id":"9D622B9E-3292-4B2F-B7B6-6B7851BD9A5B"}],"idsInOrderRow5":[{"id":"604DC7D5-0845-4ADF-9DE9-72F155F87086"},{"id":"4B889E88-BBA3-4906-87CF-5CFA32096EC3"},{"id":"F4166421-32CA-4B20-91D2-BF7324CB9D8F"},{"id":"C916C52D-53CC-4A49-AE1C-BB4369AAD8A6"}],"row5":[{"id":"C916C52D-53CC-4A49-AE1C-BB4369AAD8A6","fromDetail":{"output":{"keypad_keys":{"_0":"keypad_enter"}},"display":"projective","isSFSymbol":true},"keyShape":"enter_Tenkey","toDetailCollection":{}},{"toDetailCollection":{},"id":"F4166421-32CA-4B20-91D2-BF7324CB9D8F","fromDetail":{"display":"3","output":{"keypad_keys":{"_0":"keypad_3"}}}},{"toDetailCollection":{},"id":"4B889E88-BBA3-4906-87CF-5CFA32096EC3","fromDetail":{"display":"2","output":{"keypad_keys":{"_0":"keypad_2"}}}},{"toDetailCollection":{},"id":"604DC7D5-0845-4ADF-9DE9-72F155F87086","fromDetail":{"output":{"keypad_keys":{"_0":"keypad_1"}},"display":"1"}}],"row1":[{"id":"18CB30E1-ABA3-40B2-BBD1-CB89A422A892","fromDetail":{"output":{"function_keys":{"_0":"f17"}},"display":"F17"},"toDetailCollection":{}},{"fromDetail":{"output":{"function_keys":{"_0":"f16"}},"display":"F16"},"toDetailCollection":{},"id":"CAA8D1AE-4E5E-4FE0-AB38-73E77ED31678"},{"id":"A220A950-6CE3-4103-BF08-A652BB8BDC9B","toDetailCollection":{},"fromDetail":{"output":{"function_keys":{"_0":"f19"}},"display":"F19"}},{"id":"211FCB58-985B-4630-8AE6-7484DFAD8716","fromDetail":{"output":{"function_keys":{"_0":"f18"}},"display":"F18"},"toDetailCollection":{}}],"arrow_right":{"toDetailCollection":{},"id":"51C203DC-F122-4B79-9919-1993363CC577","fromDetail":{"isSFSymbol":true,"output":{"arrow_keys":{"_0":"right_arrow"}},"display":"arrowtriangle.right.fill"},"keyShape":"arrow_LR"},"idsInOrderRow1":[{"id":"CAA8D1AE-4E5E-4FE0-AB38-73E77ED31678"},{"id":"18CB30E1-ABA3-40B2-BBD1-CB89A422A892"},{"id":"211FCB58-985B-4630-8AE6-7484DFAD8716"},{"id":"A220A950-6CE3-4103-BF08-A652BB8BDC9B"}],"arrow_left":{"fromDetail":{"output":{"arrow_keys":{"_0":"left_arrow"}},"isSFSymbol":true,"display":"arrowtriangle.left.fill"},"toDetailCollection":{},"id":"90650AC9-BFB7-4A5A-A950-019B8782B921","keyShape":"arrow_LR"},"idsInOrderRow3":[{"id":"01F43E31-2E73-42F2-AEBF-09D8F898A055"},{"id":"58BD88E3-95F4-417B-83A4-6EF66612C69E"},{"id":"0841A92A-E34A-46C0-87A0-20A5B077E5EC"},{"id":"64BF4E44-185B-48ED-ADD3-912518DD0B31"}],"idsInOrderRow4":[{"id":"CB4258C1-8863-4E85-98EF-CA9EE92637B9"},{"id":"C37F5537-ED45-4F1B-9FCB-D842E25AC856"},{"id":"40F5A463-D70E-4F1E-9A3E-C9ECF556F453"},{"id":"C0F3E6BD-D67D-44B5-854A-B9D5B856946E"}],"arrow_down":{"id":"0A62A2D4-F169-49E1-9724-E36A2886A78B","keyShape":"arrow_Down","fromDetail":{"output":{"arrow_keys":{"_0":"down_arrow"}},"isSFSymbol":true,"display":"arrowtriangle.down.fill"},"toDetailCollection":{}},"row4":[{"fromDetail":{"output":{"keypad_keys":{"_0":"keypad_6"}},"display":"6"},"id":"40F5A463-D70E-4F1E-9A3E-C9ECF556F453","toDetailCollection":{}},{"fromDetail":{"output":{"keypad_keys":{"_0":"keypad_4"}},"display":"4"},"toDetailCollection":{},"id":"CB4258C1-8863-4E85-98EF-CA9EE92637B9"},{"toDetailCollection":{},"id":"C0F3E6BD-D67D-44B5-854A-B9D5B856946E","fromDetail":{"output":{"keypad_keys":{"_0":"keypad_plus"}},"display":"+"}},{"toDetailCollection":{},"fromDetail":{"display":"5","output":{"keypad_keys":{"_0":"keypad_5"}}},"id":"C37F5537-ED45-4F1B-9FCB-D842E25AC856"}],"rowIndex_arrow":{"row6":{}},"arrow_up":{"id":"E0C15928-3FA5-4D45-B71E-BE9A6FA98597","toDetailCollection":{},"keyShape":"arrow_Up","fromDetail":{"isSFSymbol":true,"output":{"arrow_keys":{"_0":"up_arrow"}},"display":"arrowtriangle.up.fill"}},"row3":[{"fromDetail":{"display":"-","output":{"keypad_keys":{"_0":"keypad_hyphen"}}},"id":"64BF4E44-185B-48ED-ADD3-912518DD0B31","toDetailCollection":{}},{"fromDetail":{"output":{"keypad_keys":{"_0":"keypad_9"}},"display":"9"},"id":"0841A92A-E34A-46C0-87A0-20A5B077E5EC","toDetailCollection":{}},{"id":"01F43E31-2E73-42F2-AEBF-09D8F898A055","toDetailCollection":{},"fromDetail":{"display":"7","output":{"keypad_keys":{"_0":"keypad_7"}}}},{"toDetailCollection":{},"id":"58BD88E3-95F4-417B-83A4-6EF66612C69E","fromDetail":{"display":"8","output":{"keypad_keys":{"_0":"keypad_8"}}}}],"row6":[{"toDetailCollection":{},"id":"88721E14-532D-4C52-AE38-482F4AC4B9EB","fromDetail":{"output":{"keypad_keys":{"_0":"keypad_period"}},"display":"."}},{"fromDetail":{"display":"0","output":{"keypad_keys":{"_0":"keypad_0"}}},"id":"F69F83DC-1E11-4B7C-8A6B-42E3BC0CF53C","toDetailCollection":{}},{"id":"D4BDA233-3D12-4BBB-BFA6-5D13D840EF2F","fromDetail":{"output":{"keypad_keys":{"_0":"keypad_comma"}},"display":","},"toDetailCollection":{}}],"enableArrowKeys":false},"isEnableMain":true,"isEnableTenkey":false,"subRows":{"row3":[{"id":"70E23AB2-8852-4021-9CC8-34E1F3F60BE5","fromDetail":{"isSFSymbol":true,"display":"arrow.down","output":{"arrow_keys":{"_0":"page_down"}}},"toDetailCollection":{}},{"toDetailCollection":{},"fromDetail":{"output":{"arrow_keys":{"_0":"end"}},"display":"arrow.down.to.line","isSFSymbol":true},"id":"1423B763-FA17-46B3-9E51-6BCB81AA3CAE"},{"id":"457B94A8-F714-4B69-B630-01A0FA774037","fromDetail":{"isSFSymbol":true,"output":{"controls_and_symbols":{"_0":"delete_forward"}},"display":"delete.right"},"toDetailCollection":{}}],"idsInOrderRow4":[],"enableArrowKeys":false,"idsInOrderRow1":[{"id":"61CB1748-86C6-4AAF-99FE-60EA35D9CEC5"},{"id":"70B75655-3453-4BF6-830D-5A1DFDE506A9"},{"id":"B5011043-F891-409F-8A5B-772597D81921"}],"row1":[{"fromDetail":{"output":{"function_keys":{"_0":"f15"}},"display":"F15"},"toDetailCollection":{},"id":"B5011043-F891-409F-8A5B-772597D81921"},{"toDetailCollection":{},"id":"70B75655-3453-4BF6-830D-5A1DFDE506A9","fromDetail":{"display":"F14","output":{"function_keys":{"_0":"f14"}}}},{"fromDetail":{"output":{"function_keys":{"_0":"f13"}},"display":"F13"},"toDetailCollection":{},"id":"61CB1748-86C6-4AAF-99FE-60EA35D9CEC5"}],"arrow_down":{"toDetailCollection":{},"keyShape":"arrow_Down","fromDetail":{"output":{"arrow_keys":{"_0":"down_arrow"}},"isSFSymbol":true,"display":"arrowtriangle.down.fill"},"id":"EFBE3805-34EF-4D64-8AAE-D011EE801954"},"arrow_up":{"keyShape":"arrow_Up","id":"79DA5117-2CB9-4FCF-97EC-A09A6012CEF7","toDetailCollection":{},"fromDetail":{"output":{"arrow_keys":{"_0":"up_arrow"}},"isSFSymbol":true,"display":"arrowtriangle.up.fill"}},"idsInOrderRow6":[{"id":"FC3C36CC-7E20-4C71-B68E-4DE4B1CE7DC6"},{"id":"FEDAFD3C-E2EA-4C82-8FEE-E0CC01888219"},{"id":"0ABB9AE8-BE3C-4BC4-9B38-89C6400C6910"}],"idsInOrderRow3":[{"id":"457B94A8-F714-4B69-B630-01A0FA774037"},{"id":"1423B763-FA17-46B3-9E51-6BCB81AA3CAE"},{"id":"70E23AB2-8852-4021-9CC8-34E1F3F60BE5"}],"row6":[{"toDetailCollection":{},"id":"0ABB9AE8-BE3C-4BC4-9B38-89C6400C6910","fromDetail":{"display":"arrowtriangle.right.fill","output":{"arrow_keys":{"_0":"right_arrow"}},"isSFSymbol":true}},{"fromDetail":{"isSFSymbol":true,"output":{"arrow_keys":{"_0":"down_arrow"}},"display":"arrowtriangle.down.fill"},"toDetailCollection":{},"id":"FEDAFD3C-E2EA-4C82-8FEE-E0CC01888219"},{"id":"FC3C36CC-7E20-4C71-B68E-4DE4B1CE7DC6","fromDetail":{"isSFSymbol":true,"output":{"arrow_keys":{"_0":"left_arrow"}},"display":"arrowtriangle.left.fill"},"toDetailCollection":{}}],"idsInOrderRow2":[{"id":"D5EC5070-A024-46FC-AC39-13E581960443"},{"id":"6F5DA9D6-8845-4650-9B42-1096E402B9F0"},{"id":"65A880A9-FE3B-4F06-9767-18CEF6137F25"}],"row2":[{"fromDetail":{"output":{"arrow_keys":{"_0":"page_up"}},"isSFSymbol":true,"display":"arrow.up"},"toDetailCollection":{},"id":"65A880A9-FE3B-4F06-9767-18CEF6137F25"},{"fromDetail":{"output":{"arrow_keys":{"_0":"home"}},"display":"arrow.up.to.line","isSFSymbol":true},"id":"6F5DA9D6-8845-4650-9B42-1096E402B9F0","toDetailCollection":{}},{"fromDetail":{"output":{"keys_in_pc_keyboards":{"_0":"insert"}},"isSFSymbol":true,"display":"text.insert"},"toDetailCollection":{},"id":"D5EC5070-A024-46FC-AC39-13E581960443"}],"idsInOrderRow5":[{"id":"60809B8A-43AD-4B36-9DF0-90D32DCB8E36"},{"id":"F400EC0F-3CFB-46C7-A21A-F85821CE4094"}],"rowIndex_arrow":{"row6":{}},"arrow_right":{"toDetailCollection":{},"id":"8A950E43-916F-44E1-808B-640803F6214C","fromDetail":{"isSFSymbol":true,"output":{"arrow_keys":{"_0":"right_arrow"}},"display":"arrowtriangle.right.fill"},"keyShape":"arrow_LR"},"row5":[{"fromDetail":{"isSFSymbol":true,"output":{"arrow_keys":{"_0":"up_arrow"}},"display":"arrowtriangle.up.fill"},"id":"F400EC0F-3CFB-46C7-A21A-F85821CE4094","toDetailCollection":{}},{"isSpacer":true,"fromDetail":{"display":"A","output":{"letter_keys":{"_0":"a"}}},"toDetailCollection":{},"id":"60809B8A-43AD-4B36-9DF0-90D32DCB8E36"}],"arrow_left":{"fromDetail":{"output":{"arrow_keys":{"_0":"left_arrow"}},"display":"arrowtriangle.left.fill","isSFSymbol":true},"keyShape":"arrow_LR","toDetailCollection":{},"id":"09C8D310-CCE9-4385-9AC7-0354C6FFDA32"},"row4":[]}},"validSections":{"sections":[{"main":{}}]},"other":{"isEnableTenkey":false,"tenkeyRows":{"idsInOrderRow1":[{"id":"A57D8C54-4FC2-4D49-82CD-65B73D641662"},{"id":"710D734B-15A9-40FA-B6E5-9B1EEFD56EF8"},{"id":"A5F3BB99-FBB7-4872-AF1C-79C4A3CCBC4A"},{"id":"DF954DD7-E5BD-411C-92AA-E591B208F68D"}],"rowIndex_arrow":{"row6":{}},"enableArrowKeys":false,"row6":[{"toDetailCollection":{},"fromDetail":{"output":{"keypad_keys":{"_0":"keypad_0"}},"display":"0"},"id":"258EEE22-5C34-47FD-8746-654FA74BD643"},{"fromDetail":{"display":",","output":{"keypad_keys":{"_0":"keypad_comma"}}},"toDetailCollection":{},"id":"0A4B13C9-577C-4467-B2B9-818B64942D43"},{"toDetailCollection":{},"fromDetail":{"output":{"keypad_keys":{"_0":"keypad_period"}},"display":"."},"id":"C63827CB-6A12-45FC-9800-53C634AA24A9"}],"idsInOrderRow3":[{"id":"2E8A17DA-5F4A-40EC-B93E-7297AB44C67D"},{"id":"DA097DE0-7CA6-46EA-89B3-DD4659A1B702"},{"id":"A30F9D06-9215-4DA5-8BF5-69F662C45881"},{"id":"CD239BBD-B1D3-4857-A680-47E4AAF63C86"}],"arrow_down":{"id":"AAA086E4-66E0-44C5-8F5B-EB16E3B6E7F2","fromDetail":{"output":{"arrow_keys":{"_0":"down_arrow"}},"display":"arrowtriangle.down.fill","isSFSymbol":true},"toDetailCollection":{},"keyShape":"arrow_Down"},"row3":[{"fromDetail":{"output":{"keypad_keys":{"_0":"keypad_8"}},"display":"8"},"id":"DA097DE0-7CA6-46EA-89B3-DD4659A1B702","toDetailCollection":{}},{"toDetailCollection":{},"id":"A30F9D06-9215-4DA5-8BF5-69F662C45881","fromDetail":{"output":{"keypad_keys":{"_0":"keypad_9"}},"display":"9"}},{"toDetailCollection":{},"fromDetail":{"output":{"keypad_keys":{"_0":"keypad_7"}},"display":"7"},"id":"2E8A17DA-5F4A-40EC-B93E-7297AB44C67D"},{"fromDetail":{"output":{"keypad_keys":{"_0":"keypad_hyphen"}},"display":"-"},"id":"CD239BBD-B1D3-4857-A680-47E4AAF63C86","toDetailCollection":{}}],"idsInOrderRow6":[{"id":"258EEE22-5C34-47FD-8746-654FA74BD643"},{"id":"0A4B13C9-577C-4467-B2B9-818B64942D43"},{"id":"C63827CB-6A12-45FC-9800-53C634AA24A9"}],"idsInOrderRow2":[{"id":"CE1560C9-1FF6-4455-9135-310698908950"},{"id":"A273B88E-3955-4912-88C8-19373DD6913A"},{"id":"61549857-D76B-4CB4-A085-0E6F74BF68A9"},{"id":"16845D17-F7C9-44DD-8419-F9673519F5AE"}],"idsInOrderRow4":[{"id":"3E839C3B-0B7E-4352-BDA3-38C03EAEF82C"},{"id":"3E7EA680-8DA4-49A3-B868-E7EFDEBD01D4"},{"id":"7859896C-4F60-4E6A-9D26-CB28B3A561EE"},{"id":"6177A945-708D-4EC6-AD59-FAF6040256F9"}],"arrow_right":{"keyShape":"arrow_LR","id":"9AB5CE72-62B9-44FB-86D6-3BA5D4C68CA1","toDetailCollection":{},"fromDetail":{"display":"arrowtriangle.right.fill","output":{"arrow_keys":{"_0":"right_arrow"}},"isSFSymbol":true}},"row2":[{"fromDetail":{"display":"\/","output":{"keypad_keys":{"_0":"keypad_slash"}}},"toDetailCollection":{},"id":"61549857-D76B-4CB4-A085-0E6F74BF68A9"},{"toDetailCollection":{},"fromDetail":{"output":{"keypad_keys":{"_0":"keypad_equal_sign"}},"display":"="},"id":"A273B88E-3955-4912-88C8-19373DD6913A"},{"id":"16845D17-F7C9-44DD-8419-F9673519F5AE","fromDetail":{"display":"*","output":{"keypad_keys":{"_0":"keypad_asterisk"}}},"toDetailCollection":{}},{"fromDetail":{"output":{"others":{"_0":"clear"}},"display":"clear"},"toDetailCollection":{},"id":"CE1560C9-1FF6-4455-9135-310698908950"}],"row1":[{"id":"710D734B-15A9-40FA-B6E5-9B1EEFD56EF8","toDetailCollection":{},"fromDetail":{"output":{"function_keys":{"_0":"f17"}},"display":"F17"}},{"toDetailCollection":{},"id":"A5F3BB99-FBB7-4872-AF1C-79C4A3CCBC4A","fromDetail":{"output":{"function_keys":{"_0":"f18"}},"display":"F18"}},{"toDetailCollection":{},"id":"DF954DD7-E5BD-411C-92AA-E591B208F68D","fromDetail":{"display":"F19","output":{"function_keys":{"_0":"f19"}}}},{"fromDetail":{"output":{"function_keys":{"_0":"f16"}},"display":"F16"},"id":"A57D8C54-4FC2-4D49-82CD-65B73D641662","toDetailCollection":{}}],"idsInOrderRow5":[{"id":"A992E05C-F723-47D1-BF77-89E64537DFA7"},{"id":"D20DF798-9A96-4276-ACD8-DB2A3B68C346"},{"id":"5700A0B0-17D8-4BC2-84A3-3D01148A5C9D"},{"id":"D1ECF3FE-125F-42AF-B449-428B6EC1B60A"}],"row4":[{"id":"6177A945-708D-4EC6-AD59-FAF6040256F9","fromDetail":{"output":{"keypad_keys":{"_0":"keypad_plus"}},"display":"+"},"toDetailCollection":{}},{"id":"3E839C3B-0B7E-4352-BDA3-38C03EAEF82C","fromDetail":{"display":"4","output":{"keypad_keys":{"_0":"keypad_4"}}},"toDetailCollection":{}},{"toDetailCollection":{},"fromDetail":{"output":{"keypad_keys":{"_0":"keypad_6"}},"display":"6"},"id":"7859896C-4F60-4E6A-9D26-CB28B3A561EE"},{"toDetailCollection":{},"id":"3E7EA680-8DA4-49A3-B868-E7EFDEBD01D4","fromDetail":{"display":"5","output":{"keypad_keys":{"_0":"keypad_5"}}}}],"row5":[{"id":"A992E05C-F723-47D1-BF77-89E64537DFA7","toDetailCollection":{},"fromDetail":{"output":{"keypad_keys":{"_0":"keypad_1"}},"display":"1"}},{"toDetailCollection":{},"id":"5700A0B0-17D8-4BC2-84A3-3D01148A5C9D","fromDetail":{"display":"3","output":{"keypad_keys":{"_0":"keypad_3"}}}},{"id":"D20DF798-9A96-4276-ACD8-DB2A3B68C346","fromDetail":{"output":{"keypad_keys":{"_0":"keypad_2"}},"display":"2"},"toDetailCollection":{}},{"keyShape":"enter_Tenkey","id":"D1ECF3FE-125F-42AF-B449-428B6EC1B60A","toDetailCollection":{},"fromDetail":{"display":"projective","isSFSymbol":true,"output":{"keypad_keys":{"_0":"keypad_enter"}}}}],"arrow_left":{"id":"9D612853-CB77-4408-910D-170A017FF759","keyShape":"arrow_LR","toDetailCollection":{},"fromDetail":{"display":"arrowtriangle.left.fill","isSFSymbol":true,"output":{"arrow_keys":{"_0":"left_arrow"}}}},"arrow_up":{"id":"55E82A32-E727-47D8-82DA-F8FC49264472","keyShape":"arrow_Up","toDetailCollection":{},"fromDetail":{"isSFSymbol":true,"output":{"arrow_keys":{"_0":"up_arrow"}},"display":"arrowtriangle.up.fill"}}},"isEnableMain":true,"subRows":{"idsInOrderRow2":[{"id":"F83FE944-9DC1-4F32-B24D-866CD5E8657A"},{"id":"4F8CF482-EAEA-4128-8176-639DEAA0B118"},{"id":"259EBE12-F4D9-43F1-B750-A7DBD348B3FF"}],"arrow_up":{"id":"8F102EDF-4C74-4EC5-830C-EEEAEA4A601A","fromDetail":{"output":{"arrow_keys":{"_0":"up_arrow"}},"display":"arrowtriangle.up.fill","isSFSymbol":true},"keyShape":"arrow_Up","toDetailCollection":{}},"idsInOrderRow6":[{"id":"DF8030E0-BFE3-402B-9492-481CDED61454"},{"id":"803664DC-2724-41B0-9CCB-AE0DC0221722"},{"id":"AACDDAF6-6E07-443A-B54C-6FB5D39E99A7"}],"row5":[{"id":"45F4B233-67F5-49F1-8C78-1BC7D4FCA03D","fromDetail":{"isSFSymbol":true,"output":{"arrow_keys":{"_0":"up_arrow"}},"display":"arrowtriangle.up.fill"},"toDetailCollection":{}},{"toDetailCollection":{},"fromDetail":{"output":{"letter_keys":{"_0":"a"}},"display":"A"},"isSpacer":true,"id":"37C63748-50B6-4222-880C-DF35BACE4830"}],"rowIndex_arrow":{"row6":{}},"row3":[{"fromDetail":{"output":{"arrow_keys":{"_0":"page_down"}},"isSFSymbol":true,"display":"arrow.down"},"toDetailCollection":{},"id":"ED00F18A-4CAA-466A-8564-46E74713EE99"},{"toDetailCollection":{},"id":"D8B8FAF8-9FA0-4E93-BA05-A576E1917C1E","fromDetail":{"output":{"controls_and_symbols":{"_0":"delete_forward"}},"display":"delete.right","isSFSymbol":true}},{"fromDetail":{"output":{"arrow_keys":{"_0":"end"}},"isSFSymbol":true,"display":"arrow.down.to.line"},"id":"699AEC5A-3218-4374-95D0-80E5A00B038E","toDetailCollection":{}}],"idsInOrderRow1":[{"id":"6A8B4B4A-5DFB-4E6E-B3F9-6DD294F14C9D"},{"id":"6863490F-5AAC-4D5E-966A-67B0B74730AE"},{"id":"3869BE60-676B-4C5F-9C52-80E8E4E5A6E0"}],"arrow_left":{"keyShape":"arrow_LR","fromDetail":{"output":{"arrow_keys":{"_0":"left_arrow"}},"display":"arrowtriangle.left.fill","isSFSymbol":true},"toDetailCollection":{},"id":"E33B85C0-330B-454D-84D7-C3362D6F57B6"},"arrow_down":{"fromDetail":{"output":{"arrow_keys":{"_0":"down_arrow"}},"display":"arrowtriangle.down.fill","isSFSymbol":true},"id":"ACBE0B28-8D41-41D4-97D8-B1AD3A8ABB61","keyShape":"arrow_Down","toDetailCollection":{}},"row2":[{"fromDetail":{"output":{"keys_in_pc_keyboards":{"_0":"insert"}},"display":"text.insert","isSFSymbol":true},"id":"F83FE944-9DC1-4F32-B24D-866CD5E8657A","toDetailCollection":{}},{"toDetailCollection":{},"id":"4F8CF482-EAEA-4128-8176-639DEAA0B118","fromDetail":{"output":{"arrow_keys":{"_0":"home"}},"isSFSymbol":true,"display":"arrow.up.to.line"}},{"id":"259EBE12-F4D9-43F1-B750-A7DBD348B3FF","fromDetail":{"isSFSymbol":true,"output":{"arrow_keys":{"_0":"page_up"}},"display":"arrow.up"},"toDetailCollection":{}}],"row6":[{"id":"803664DC-2724-41B0-9CCB-AE0DC0221722","fromDetail":{"output":{"arrow_keys":{"_0":"down_arrow"}},"display":"arrowtriangle.down.fill","isSFSymbol":true},"toDetailCollection":{}},{"id":"DF8030E0-BFE3-402B-9492-481CDED61454","fromDetail":{"output":{"arrow_keys":{"_0":"left_arrow"}},"isSFSymbol":true,"display":"arrowtriangle.left.fill"},"toDetailCollection":{}},{"fromDetail":{"display":"arrowtriangle.right.fill","isSFSymbol":true,"output":{"arrow_keys":{"_0":"right_arrow"}}},"toDetailCollection":{},"id":"AACDDAF6-6E07-443A-B54C-6FB5D39E99A7"}],"arrow_right":{"keyShape":"arrow_LR","toDetailCollection":{},"fromDetail":{"output":{"arrow_keys":{"_0":"right_arrow"}},"display":"arrowtriangle.right.fill","isSFSymbol":true},"id":"25C00CE9-2922-44F1-9528-5797CDDA76FB"},"idsInOrderRow5":[{"id":"37C63748-50B6-4222-880C-DF35BACE4830"},{"id":"45F4B233-67F5-49F1-8C78-1BC7D4FCA03D"}],"idsInOrderRow3":[{"id":"D8B8FAF8-9FA0-4E93-BA05-A576E1917C1E"},{"id":"699AEC5A-3218-4374-95D0-80E5A00B038E"},{"id":"ED00F18A-4CAA-466A-8564-46E74713EE99"}],"enableArrowKeys":false,"idsInOrderRow4":[],"row1":[{"fromDetail":{"output":{"function_keys":{"_0":"f13"}},"display":"F13"},"toDetailCollection":{},"id":"6A8B4B4A-5DFB-4E6E-B3F9-6DD294F14C9D"},{"toDetailCollection":{},"id":"6863490F-5AAC-4D5E-966A-67B0B74730AE","fromDetail":{"display":"F14","output":{"function_keys":{"_0":"f14"}}}},{"toDetailCollection":{},"fromDetail":{"display":"F15","output":{"function_keys":{"_0":"f15"}}},"id":"3869BE60-676B-4C5F-9C52-80E8E4E5A6E0"}],"row4":[]},"sectionDetail":{"section":{"other":{}},"deviceDetail":{"is_product_id_Enabled":false,"is_vendor_id_Enabled":false,"product_id":"product_id","vendor_id":"vendor_id","device_name":"otherDevice","is_builtin_keyboard":false,"location_id":"location_id","is_location_id_Enabled":false}},"mainRows":{"rowIndex_arrow":{"row6":{}},"idsInOrderRow4":[{"id":"885A938C-EE91-43F5-B803-91334CB30E6A"},{"id":"A1F52737-C901-420A-A4B6-8B7AF09C1976"},{"id":"C10BCD0D-C122-4604-A4D3-EA4C8AF18478"},{"id":"CE56E8C5-5BBF-4066-91B6-F77A2092D370"}],"row1":[{"fromDetail":{"display":"F19","output":{"function_keys":{"_0":"f19"}}},"id":"B2BDEDEB-21F6-4796-880E-DFE70B1A59FB","toDetailCollection":{}},{"id":"B5AFB825-7C23-441A-8329-3D521BA55B6A","fromDetail":{"output":{"function_keys":{"_0":"f18"}},"display":"F18"},"toDetailCollection":{}},{"id":"DFC7C2CC-5894-4CEC-A31F-8D8FC2F9EA43","toDetailCollection":{},"fromDetail":{"display":"F16","output":{"function_keys":{"_0":"f16"}}}},{"toDetailCollection":{},"id":"DAF701E9-BD07-4FC0-BDB4-00005A863AA2","fromDetail":{"output":{"function_keys":{"_0":"f17"}},"display":"F17"}}],"idsInOrderRow2":[{"id":"ECE3F20B-9983-40ED-8D5B-905D5083BEC2"},{"id":"0E988283-0DDD-46E3-A2FD-C8C0A430B0F8"},{"id":"653280B8-AF02-4FAD-B157-2FAB40414D9B"},{"id":"64396345-6DC3-4224-88F5-83DCD3709BE6"}],"row5":[{"id":"E9CFFE5F-D6A9-44F0-9F30-B31E88C3E8CA","toDetailCollection":{},"fromDetail":{"display":"1","output":{"keypad_keys":{"_0":"keypad_1"}}}},{"fromDetail":{"display":"projective","isSFSymbol":true,"output":{"keypad_keys":{"_0":"keypad_enter"}}},"keyShape":"enter_Tenkey","id":"B5055F80-A035-4C95-922B-C31328DBF114","toDetailCollection":{}},{"fromDetail":{"display":"2","output":{"keypad_keys":{"_0":"keypad_2"}}},"toDetailCollection":{},"id":"4F32083A-6D5E-4564-8A36-A2CBD0A4B352"},{"toDetailCollection":{},"id":"94607F61-0737-4CD0-99B1-A8CF616368BC","fromDetail":{"output":{"keypad_keys":{"_0":"keypad_3"}},"display":"3"}}],"idsInOrderRow1":[{"id":"DFC7C2CC-5894-4CEC-A31F-8D8FC2F9EA43"},{"id":"DAF701E9-BD07-4FC0-BDB4-00005A863AA2"},{"id":"B5AFB825-7C23-441A-8329-3D521BA55B6A"},{"id":"B2BDEDEB-21F6-4796-880E-DFE70B1A59FB"}],"idsInOrderRow5":[{"id":"E9CFFE5F-D6A9-44F0-9F30-B31E88C3E8CA"},{"id":"4F32083A-6D5E-4564-8A36-A2CBD0A4B352"},{"id":"94607F61-0737-4CD0-99B1-A8CF616368BC"},{"id":"B5055F80-A035-4C95-922B-C31328DBF114"}],"arrow_right":{"fromDetail":{"output":{"arrow_keys":{"_0":"right_arrow"}},"display":"arrowtriangle.right.fill","isSFSymbol":true},"id":"EFDCF9B1-80E0-48D9-9EA4-66CA2D645A07","toDetailCollection":{},"keyShape":"arrow_LR"},"idsInOrderRow6":[{"id":"6A791BA3-FB11-4579-9315-E89D36FFC4E1"},{"id":"A0DB0F40-E56B-4258-B72C-38BCD51A1DF3"},{"id":"52DE5AF6-7CDE-49C1-8728-92221FA70D09"}],"row4":[{"fromDetail":{"output":{"keypad_keys":{"_0":"keypad_6"}},"display":"6"},"id":"C10BCD0D-C122-4604-A4D3-EA4C8AF18478","toDetailCollection":{}},{"fromDetail":{"display":"4","output":{"keypad_keys":{"_0":"keypad_4"}}},"toDetailCollection":{},"id":"885A938C-EE91-43F5-B803-91334CB30E6A"},{"fromDetail":{"display":"+","output":{"keypad_keys":{"_0":"keypad_plus"}}},"id":"CE56E8C5-5BBF-4066-91B6-F77A2092D370","toDetailCollection":{}},{"fromDetail":{"output":{"keypad_keys":{"_0":"keypad_5"}},"display":"5"},"id":"A1F52737-C901-420A-A4B6-8B7AF09C1976","toDetailCollection":{}}],"arrow_down":{"keyShape":"arrow_Down","fromDetail":{"display":"arrowtriangle.down.fill","isSFSymbol":true,"output":{"arrow_keys":{"_0":"down_arrow"}}},"toDetailCollection":{},"id":"C2A84969-68AD-4970-A6A6-CB17AD1C218C"},"row2":[{"toDetailCollection":{},"id":"64396345-6DC3-4224-88F5-83DCD3709BE6","fromDetail":{"display":"*","output":{"keypad_keys":{"_0":"keypad_asterisk"}}}},{"toDetailCollection":{},"fromDetail":{"output":{"keypad_keys":{"_0":"keypad_slash"}},"display":"\/"},"id":"653280B8-AF02-4FAD-B157-2FAB40414D9B"},{"id":"ECE3F20B-9983-40ED-8D5B-905D5083BEC2","fromDetail":{"display":"clear","output":{"others":{"_0":"clear"}}},"toDetailCollection":{}},{"toDetailCollection":{},"id":"0E988283-0DDD-46E3-A2FD-C8C0A430B0F8","fromDetail":{"display":"=","output":{"keypad_keys":{"_0":"keypad_equal_sign"}}}}],"row3":[{"fromDetail":{"display":"-","output":{"keypad_keys":{"_0":"keypad_hyphen"}}},"toDetailCollection":{},"id":"E7DA832E-4502-4F9E-B573-1D735977D19A"},{"id":"3422E935-9704-433F-902D-2B88DAAB9861","toDetailCollection":{},"fromDetail":{"display":"8","output":{"keypad_keys":{"_0":"keypad_8"}}}},{"fromDetail":{"display":"9","output":{"keypad_keys":{"_0":"keypad_9"}}},"id":"0FA213B9-BECB-4E72-A34A-9D57FB008DDB","toDetailCollection":{}},{"fromDetail":{"output":{"keypad_keys":{"_0":"keypad_7"}},"display":"7"},"toDetailCollection":{},"id":"D81CC619-F202-4D4A-A6CD-F962CB36B1DB"}],"idsInOrderRow3":[{"id":"D81CC619-F202-4D4A-A6CD-F962CB36B1DB"},{"id":"3422E935-9704-433F-902D-2B88DAAB9861"},{"id":"0FA213B9-BECB-4E72-A34A-9D57FB008DDB"},{"id":"E7DA832E-4502-4F9E-B573-1D735977D19A"}],"row6":[{"id":"A0DB0F40-E56B-4258-B72C-38BCD51A1DF3","toDetailCollection":{},"fromDetail":{"display":",","output":{"keypad_keys":{"_0":"keypad_comma"}}}},{"fromDetail":{"display":".","output":{"keypad_keys":{"_0":"keypad_period"}}},"toDetailCollection":{},"id":"52DE5AF6-7CDE-49C1-8728-92221FA70D09"},{"toDetailCollection":{},"id":"6A791BA3-FB11-4579-9315-E89D36FFC4E1","fromDetail":{"output":{"keypad_keys":{"_0":"keypad_0"}},"display":"0"}}],"arrow_up":{"toDetailCollection":{},"fromDetail":{"output":{"arrow_keys":{"_0":"up_arrow"}},"display":"arrowtriangle.up.fill","isSFSymbol":true},"keyShape":"arrow_Up","id":"0F833C21-0396-45AC-9B53-929507BB6709"},"enableArrowKeys":false,"arrow_left":{"toDetailCollection":{},"keyShape":"arrow_LR","fromDetail":{"isSFSymbol":true,"output":{"arrow_keys":{"_0":"left_arrow"}},"display":"arrowtriangle.left.fill"},"id":"C756699A-FFE8-4DB9-983B-860E002DC179"}},"isEnableSub":false},"mouse":{"isEnableSub":false,"mainRows":{"row2":[{"toDetailCollection":{},"id":"A51AECA8-AD45-4FFA-9304-5854F4ECB286","fromDetail":{"output":{"mouse_buttons":{"_0":"button3"}},"display":"M click"}},{"isSpacer":true,"fromDetail":{"display":"A","output":{"letter_keys":{"_0":"a"}}},"toDetailCollection":{},"id":"5693B7C0-5677-4583-9DD1-3D8DF8903157","unitSize":0.5}],"idsInOrderRow5":[],"enableArrowKeys":false,"arrow_down":{"fromDetail":{"output":{"arrow_keys":{"_0":"down_arrow"}},"isSFSymbol":true,"display":"arrowtriangle.down.fill"},"id":"24C7BC5D-82F8-4BEC-8B0D-62355DEA61FB","toDetailCollection":{},"keyShape":"arrow_Down"},"row5":[],"row1":[{"toDetailCollection":{},"id":"4112CE30-FF9E-4141-B597-D50B22047722","fromDetail":{"display":"R click","output":{"mouse_buttons":{"_0":"button2"}}}},{"id":"30915D73-EE3F-4CE8-BAD0-1370C72727A1","fromDetail":{"output":{"mouse_buttons":{"_0":"button1"}},"display":"L click"},"toDetailCollection":{}}],"arrow_up":{"toDetailCollection":{},"keyShape":"arrow_Up","fromDetail":{"display":"arrowtriangle.up.fill","output":{"arrow_keys":{"_0":"up_arrow"}},"isSFSymbol":true},"id":"C2654650-CCBA-490B-92FE-F4FF16C2A443"},"rowIndex_arrow":{"row6":{}},"idsInOrderRow1":[{"id":"30915D73-EE3F-4CE8-BAD0-1370C72727A1"},{"id":"4112CE30-FF9E-4141-B597-D50B22047722"}],"arrow_right":{"fromDetail":{"output":{"arrow_keys":{"_0":"right_arrow"}},"isSFSymbol":true,"display":"arrowtriangle.right.fill"},"keyShape":"arrow_LR","toDetailCollection":{},"id":"356DC036-C0D0-444F-A3A5-8DBF63DCAAC7"},"row6":[],"row3":[{"id":"4626FDCD-06FC-4BAA-9BCB-1459F499EAFD","isSpacer":true,"fromDetail":{"output":{"letter_keys":{"_0":"a"}},"display":"A"},"toDetailCollection":{}}],"idsInOrderRow4":[{"id":"B5C69175-EA27-4109-8568-B302315421EE"}],"arrow_left":{"keyShape":"arrow_LR","fromDetail":{"isSFSymbol":true,"output":{"arrow_keys":{"_0":"left_arrow"}},"display":"arrowtriangle.left.fill"},"toDetailCollection":{},"id":"46561927-8196-4965-93D7-ECDA2A63E9C0"},"row4":[{"id":"B5C69175-EA27-4109-8568-B302315421EE","fromDetail":{"output":{"letter_keys":{"_0":"a"}},"display":"A"},"toDetailCollection":{},"isSpacer":true}],"idsInOrderRow6":[],"idsInOrderRow2":[{"id":"5693B7C0-5677-4583-9DD1-3D8DF8903157"},{"id":"A51AECA8-AD45-4FFA-9304-5854F4ECB286"}],"idsInOrderRow3":[{"id":"4626FDCD-06FC-4BAA-9BCB-1459F499EAFD"}]},"sectionDetail":{"deviceDetail":{"is_vendor_id_Enabled":false,"is_location_id_Enabled":false,"product_id":"product_id","location_id":"location_id","is_product_id_Enabled":false,"device_name":"mouse","is_builtin_keyboard":false,"vendor_id":"vendor_id"},"section":{"mouse":{}}},"isEnableMain":true,"subRows":{"row4":[{"fromDetail":{"display":"A","output":{"letter_keys":{"_0":"a"}}},"toDetailCollection":{},"id":"79797CFD-889C-4369-BA7B-2C5F6C9AA7F2"}],"arrow_up":{"id":"65474537-70D8-49C8-AC13-2F5D4AC6EEFD","toDetailCollection":{},"fromDetail":{"display":"arrowtriangle.up.fill","isSFSymbol":true,"output":{"arrow_keys":{"_0":"up_arrow"}}},"keyShape":"arrow_Up"},"idsInOrderRow2":[{"id":"BAA54E13-571A-4291-9456-2EBEA7BF4DF9"}],"row2":[{"fromDetail":{"display":"A","output":{"letter_keys":{"_0":"a"}}},"id":"BAA54E13-571A-4291-9456-2EBEA7BF4DF9","toDetailCollection":{}}],"idsInOrderRow1":[{"id":"C250124B-2188-457E-907F-52865271F125"}],"idsInOrderRow4":[{"id":"79797CFD-889C-4369-BA7B-2C5F6C9AA7F2"}],"arrow_left":{"keyShape":"arrow_LR","toDetailCollection":{},"id":"71DF2190-F6EC-45E9-92B7-B34D4DCBFF15","fromDetail":{"isSFSymbol":true,"display":"arrowtriangle.left.fill","output":{"arrow_keys":{"_0":"left_arrow"}}}},"idsInOrderRow6":[{"id":"E05566D2-0C30-4760-9706-FE9A22AB809D"}],"row5":[{"id":"16C660E4-8C50-4048-A38F-CB66F0661D2C","toDetailCollection":{},"fromDetail":{"output":{"letter_keys":{"_0":"a"}},"display":"A"}}],"row6":[{"fromDetail":{"output":{"letter_keys":{"_0":"a"}},"display":"A"},"id":"E05566D2-0C30-4760-9706-FE9A22AB809D","toDetailCollection":{}}],"row3":[{"fromDetail":{"output":{"letter_keys":{"_0":"a"}},"display":"A"},"toDetailCollection":{},"id":"4FA5DC51-39BC-4736-8600-E383343359BD"}],"arrow_down":{"keyShape":"arrow_Down","fromDetail":{"isSFSymbol":true,"display":"arrowtriangle.down.fill","output":{"arrow_keys":{"_0":"down_arrow"}}},"toDetailCollection":{},"id":"0A534C2F-F621-4C8A-AB92-C4338E2BAEE3"},"enableArrowKeys":false,"arrow_right":{"toDetailCollection":{},"fromDetail":{"display":"arrowtriangle.right.fill","isSFSymbol":true,"output":{"arrow_keys":{"_0":"right_arrow"}}},"keyShape":"arrow_LR","id":"D9D2608D-9172-4604-8452-EA5A579D8198"},"idsInOrderRow5":[{"id":"16C660E4-8C50-4048-A38F-CB66F0661D2C"}],"row1":[{"id":"C250124B-2188-457E-907F-52865271F125","fromDetail":{"display":"A","output":{"letter_keys":{"_0":"a"}}},"toDetailCollection":{}}],"rowIndex_arrow":{"row6":{}},"idsInOrderRow3":[{"id":"4FA5DC51-39BC-4736-8600-E383343359BD"}]},"isEnableTenkey":false,"tenkeyRows":{"row1":[{"fromDetail":{"output":{"letter_keys":{"_0":"a"}},"display":"A"},"id":"6DB0D058-AF83-4BF9-8BA3-74E8A06E3E1F","toDetailCollection":{}}],"row2":[{"toDetailCollection":{},"id":"3A87F93D-4E7C-41A7-8487-AD93E7ADCD39","fromDetail":{"display":"A","output":{"letter_keys":{"_0":"a"}}}}],"arrow_up":{"id":"0C8AB4AB-1FFE-4450-91BF-C21810BBB0C9","fromDetail":{"display":"arrowtriangle.up.fill","isSFSymbol":true,"output":{"arrow_keys":{"_0":"up_arrow"}}},"toDetailCollection":{},"keyShape":"arrow_Up"},"arrow_left":{"keyShape":"arrow_LR","toDetailCollection":{},"fromDetail":{"output":{"arrow_keys":{"_0":"left_arrow"}},"display":"arrowtriangle.left.fill","isSFSymbol":true},"id":"85CAC1DC-F81F-4D86-B9C6-1EA7ADCC993D"},"row3":[{"fromDetail":{"display":"A","output":{"letter_keys":{"_0":"a"}}},"toDetailCollection":{},"id":"1011F7FC-1DAF-47D6-9620-79A1C3CAE3D7"}],"arrow_down":{"fromDetail":{"isSFSymbol":true,"output":{"arrow_keys":{"_0":"down_arrow"}},"display":"arrowtriangle.down.fill"},"id":"C30A3DBB-5709-4E12-ABE3-CB7BB850499E","toDetailCollection":{},"keyShape":"arrow_Down"},"enableArrowKeys":false,"idsInOrderRow1":[{"id":"6DB0D058-AF83-4BF9-8BA3-74E8A06E3E1F"}],"idsInOrderRow3":[{"id":"1011F7FC-1DAF-47D6-9620-79A1C3CAE3D7"}],"idsInOrderRow4":[{"id":"3321FB8A-C661-41D7-A840-8D4F9901271A"}],"arrow_right":{"keyShape":"arrow_LR","fromDetail":{"display":"arrowtriangle.right.fill","isSFSymbol":true,"output":{"arrow_keys":{"_0":"right_arrow"}}},"toDetailCollection":{},"id":"CF3044B6-6465-4BBA-BCE8-5100167F69BC"},"idsInOrderRow6":[{"id":"1ABE05C1-58A5-4C38-833D-812B96BABDB7"}],"idsInOrderRow2":[{"id":"3A87F93D-4E7C-41A7-8487-AD93E7ADCD39"}],"row4":[{"fromDetail":{"output":{"letter_keys":{"_0":"a"}},"display":"A"},"toDetailCollection":{},"id":"3321FB8A-C661-41D7-A840-8D4F9901271A"}],"row6":[{"id":"1ABE05C1-58A5-4C38-833D-812B96BABDB7","toDetailCollection":{},"fromDetail":{"display":"A","output":{"letter_keys":{"_0":"a"}}}}],"rowIndex_arrow":{"row6":{}},"row5":[{"id":"59DE1960-9604-4762-B996-70ADB7A7CD4B","fromDetail":{"display":"A","output":{"letter_keys":{"_0":"a"}}},"toDetailCollection":{}}],"idsInOrderRow5":[{"id":"59DE1960-9604-4762-B996-70ADB7A7CD4B"}]}},"keycodeRegion":"JIS"},"macroCollection":{"idsInOrderCollection":[{"id":"C72956CF-65D4-4394-9F42-C132FD25A9B7"},{"id":"C4BDDF90-4D47-489F-8CA9-9F247E80DF68"},{"id":"14C47C64-7873-4F31-8086-C35D3736F656"}],"_collection":[{"id":"C4BDDF90-4D47-489F-8CA9-9F247E80DF68","dictionary_key":null,"toDetailCollection":{"_collection":[{"id":"77A32CA1-4A02-4BE2-8B23-9B0DC65C59EC","withModifier":{},"outputAndDisplay":{"layerKey":"layer0","display":"U","output":{"letter_keys":{"_0":"u"}}},"error":false,"indicator":false},{"indicator":false,"outputAndDisplay":{"output":{"letter_keys":{"_0":"o"}},"layerKey":"layer0","display":"O"},"id":"1BE86772-490C-4780-B60D-DB4A67000931","withModifier":{},"error":false}],"idsInOrderCollection":[{"id":"1BE86772-490C-4780-B60D-DB4A67000931"},{"id":"77A32CA1-4A02-4BE2-8B23-9B0DC65C59EC"}]},"name":"ou"},{"dictionary_key":null,"toDetailCollection":{"_collection":[{"id":"4BE165ED-E76B-4C87-9ED8-01EB7F4789B7","error":false,"indicator":false,"outputAndDisplay":{"layerKey":"layer0","output":{"letter_keys":{"_0":"e"}},"display":"E"},"withModifier":{}},{"id":"A0F0B972-2959-4266-B3BB-C53756577982","outputAndDisplay":{"display":"I","layerKey":"layer0","output":{"letter_keys":{"_0":"i"}}},"error":false,"indicator":false,"withModifier":{}}],"idsInOrderCollection":[{"id":"4BE165ED-E76B-4C87-9ED8-01EB7F4789B7"},{"id":"A0F0B972-2959-4266-B3BB-C53756577982"}]},"name":"ei","id":"C72956CF-65D4-4394-9F42-C132FD25A9B7"},{"id":"14C47C64-7873-4F31-8086-C35D3736F656","dictionary_key":null,"name":"ai","toDetailCollection":{"_collection":[{"outputAndDisplay":{"layerKey":"layer0","display":"I","output":{"letter_keys":{"_0":"i"}}},"indicator":false,"id":"ECB5AB67-3B3D-46D2-9B05-B754F3278810","withModifier":{},"error":false},{"id":"7618AC95-0D8B-4D75-9C50-E2EEDF150331","indicator":false,"error":false,"withModifier":{},"outputAndDisplay":{"display":"A","layerKey":"layer0","output":{"letter_keys":{"_0":"a"}}}}],"idsInOrderCollection":[{"id":"7618AC95-0D8B-4D75-9C50-E2EEDF150331"},{"id":"ECB5AB67-3B3D-46D2-9B05-B754F3278810"}]}}]},"comboCollection":{"condition8":{"layer8":{},"layer5":{},"layer6":{},"layer0":{},"layer3":{},"layer7":{},"layer1":{},"layer2":{},"layer4":{}},"condition5":{"layer4":{},"layer6":{},"layer0":{},"layer5":{},"layer3":{},"layer1":{},"layer7":{},"layer8":{},"layer2":{}},"condition2":{"layer7":{},"layer5":{},"layer6":{},"layer4":{},"layer8":{},"layer3":{},"layer2":{},"layer0":{},"layer1":{}},"condition4":{"layer4":{},"layer1":{},"layer8":{},"layer0":{},"layer5":{},"layer3":{},"layer2":{},"layer6":{},"layer7":{}},"condition7":{"layer3":{},"layer2":{},"layer4":{},"layer5":{},"layer0":{},"layer7":{},"layer8":{},"layer1":{},"layer6":{}},"condition1":{"layer6":{},"layer2":{},"layer0":{},"layer7":{},"layer4":{},"layer3":{},"layer1":{},"layer8":{},"layer5":{}},"condition6":{"layer7":{},"layer4":{},"layer5":{},"layer3":{},"layer8":{},"layer0":{},"layer2":{},"layer6":{},"layer1":{}},"condition0":{"layer2":{},"layer5":{},"layer0":{},"layer6":{},"layer7":{},"layer1":{},"layer4":{},"layer3":{},"layer8":{}},"condition9":{"layer7":{},"layer4":{},"layer2":{},"layer3":{},"layer8":{},"layer0":{},"layer5":{},"layer6":{},"layer1":{}},"condition3":{"layer7":{},"layer5":{},"layer6":{},"layer1":{},"layer0":{},"layer2":{},"layer8":{},"layer3":{},"layer4":{}}},"name":"M_Shiki_JIS"}