{"macroCollection":{"idsInOrderCollection":[],"_collection":[]},"selections":{"keyboardKey":{"toDetailCollection":{},"id":"C562CCCC-D99D-4CF4-874A-6356D7F0D29B","fromDetail":{"output":{"letter_keys":{"_0":"a"}},"display":"A"}},"macro":{"toDetailCollection":{"_collection":[],"idsInOrderCollection":[]},"name":"user Macro","dictionary_key":null,"id":"D477A08C-AA25-4AFC-93F4-E01891F227DD"},"condition":"condition0","layer":"layer0","toDetail_macro":{"outputAndDisplay":{"output":{"letter_keys":{"_0":"a"}},"display":"none","layerKey":"layer0"},"indicator":false,"withModifier":{},"id":"D2AADCA0-DD9D-4E00-8EA0-95A93996B034","error":false},"combo":{"toDetail":{},"comboThreshold":50,"key_down_order":"insensitive","key_up_order":"insensitive","id":"AE934B3A-8DCA-4ED1-9EDB-2C661D573E37"},"macroTab":{"userMacro":{}},"tab":{"remap":{}},"fromTab":{"qwertyKeyboard":{}},"customOrMacroTab":{"customizeKey":{}},"toTab":"qwertyKeyboard"},"displayKeySize":65,"name":"MTGAP_US","conditionDetailCollection":{"condition6":{"value":"com.vendor.condition6","isEnabled":false,"type":"Application","name":"Condition6"},"condition7":{"isEnabled":false,"name":"Condition7","type":"Application","value":"com.vendor.condition7"},"condition8":{"name":"Condition8","type":"Application","isEnabled":false,"value":"com.vendor.condition8"},"condition9":{"value":"com.vendor.condition9","type":"Application","isEnabled":false,"name":"Condition9"},"condition5":{"name":"Condition5","value":"com.vendor.condition5","type":"Application","isEnabled":false},"condition0":{"name":"Default","type":"Application","value":"com.vendor.condition0","isEnabled":true},"condition2":{"name":"Condition2","isEnabled":false,"value":"com.vendor.condition2","type":"Application"},"condition3":{"value":"com.vendor.condition3","type":"Application","isEnabled":false,"name":"Condition3"},"condition1":{"value":"ja","type":"InputSource","name":"Condition1","isEnabled":false},"condition4":{"value":"com.vendor.condition4","name":"Condition4","type":"Application","isEnabled":false}},"keymap":{"mouse":{"isEnableSub":false,"subRows":{"idsInOrderRow5":[{"id":"F4F47C9C-8A1E-4152-93EE-45C19891DD15"}],"enableArrowKeys":false,"idsInOrderRow1":[{"id":"4EB48E9E-A677-46D0-84FD-5F997AE2C1C3"}],"idsInOrderRow6":[{"id":"F1831FA3-B00B-426E-8D77-27780B3B8BC0"}],"row4":[{"fromDetail":{"output":{"letter_keys":{"_0":"a"}},"display":"A"},"id":"1D08C36C-CF7F-4A76-9B5D-4C42923863C5","toDetailCollection":{}}],"row2":[{"fromDetail":{"display":"A","output":{"letter_keys":{"_0":"a"}}},"toDetailCollection":{},"id":"11BC2938-1B18-4490-AFEB-D1230859FEA1"}],"row3":[{"toDetailCollection":{},"fromDetail":{"output":{"letter_keys":{"_0":"a"}},"display":"A"},"id":"83FED84B-36D0-471F-9EC1-6CDC4F4A3AC8"}],"arrow_right":{"fromDetail":{"output":{"arrow_keys":{"_0":"right_arrow"}},"isSFSymbol":true,"display":"arrowtriangle.right.fill"},"id":"C656D29C-931B-4F89-9E2F-D90A72124E0C","toDetailCollection":{},"keyShape":"arrow_LR"},"arrow_left":{"toDetailCollection":{},"keyShape":"arrow_LR","id":"98A16083-BBC9-4912-9DE1-108E7404407A","fromDetail":{"isSFSymbol":true,"output":{"arrow_keys":{"_0":"left_arrow"}},"display":"arrowtriangle.left.fill"}},"row5":[{"toDetailCollection":{},"fromDetail":{"output":{"letter_keys":{"_0":"a"}},"display":"A"},"id":"F4F47C9C-8A1E-4152-93EE-45C19891DD15"}],"idsInOrderRow3":[{"id":"83FED84B-36D0-471F-9EC1-6CDC4F4A3AC8"}],"row1":[{"id":"4EB48E9E-A677-46D0-84FD-5F997AE2C1C3","toDetailCollection":{},"fromDetail":{"display":"A","output":{"letter_keys":{"_0":"a"}}}}],"rowIndex_arrow":{"row6":{}},"arrow_up":{"id":"1FD829C0-ED17-4C36-9260-54B51A521C77","fromDetail":{"output":{"arrow_keys":{"_0":"up_arrow"}},"isSFSymbol":true,"display":"arrowtriangle.up.fill"},"keyShape":"arrow_Up","toDetailCollection":{}},"row6":[{"id":"F1831FA3-B00B-426E-8D77-27780B3B8BC0","toDetailCollection":{},"fromDetail":{"output":{"letter_keys":{"_0":"a"}},"display":"A"}}],"idsInOrderRow4":[{"id":"1D08C36C-CF7F-4A76-9B5D-4C42923863C5"}],"idsInOrderRow2":[{"id":"11BC2938-1B18-4490-AFEB-D1230859FEA1"}],"arrow_down":{"keyShape":"arrow_Down","id":"16C5E622-6E5B-4E60-B1D8-98C12FC4BEC8","fromDetail":{"output":{"arrow_keys":{"_0":"down_arrow"}},"isSFSymbol":true,"display":"arrowtriangle.down.fill"},"toDetailCollection":{}}},"sectionDetail":{"section":{"mouse":{}},"deviceDetail":{"location_id":"location_id","device_name":"mouse","is_product_id_Enabled":false,"is_builtin_keyboard":false,"is_vendor_id_Enabled":false,"is_location_id_Enabled":false,"vendor_id":"vendor_id","product_id":"product_id"}},"isEnableMain":true,"mainRows":{"row4":[{"toDetailCollection":{},"isSpacer":true,"fromDetail":{"output":{"letter_keys":{"_0":"a"}},"display":"A"},"id":"998C932A-563E-4E79-B6F4-BBB38531D662"}],"idsInOrderRow4":[{"id":"998C932A-563E-4E79-B6F4-BBB38531D662"}],"arrow_up":{"id":"7038049F-0411-45BD-9CA6-033C62167979","fromDetail":{"output":{"arrow_keys":{"_0":"up_arrow"}},"isSFSymbol":true,"display":"arrowtriangle.up.fill"},"toDetailCollection":{},"keyShape":"arrow_Up"},"idsInOrderRow3":[{"id":"3D66AB76-C7FF-4417-9C37-082ECFECDD5F"}],"rowIndex_arrow":{"row6":{}},"arrow_down":{"fromDetail":{"display":"arrowtriangle.down.fill","output":{"arrow_keys":{"_0":"down_arrow"}},"isSFSymbol":true},"keyShape":"arrow_Down","toDetailCollection":{},"id":"8C314B18-8ECC-4B65-87F0-9AAF93E43502"},"row3":[{"id":"3D66AB76-C7FF-4417-9C37-082ECFECDD5F","fromDetail":{"display":"A","output":{"letter_keys":{"_0":"a"}}},"isSpacer":true,"toDetailCollection":{}}],"idsInOrderRow1":[{"id":"78184712-4202-4B56-91C1-FA42B565BCF5"},{"id":"4CDA7C7D-EBC8-4678-92D2-10E3B1D856B7"}],"arrow_left":{"id":"DCC9E2D7-24E1-44A7-B161-F6D3A8A8E946","toDetailCollection":{},"fromDetail":{"output":{"arrow_keys":{"_0":"left_arrow"}},"isSFSymbol":true,"display":"arrowtriangle.left.fill"},"keyShape":"arrow_LR"},"row5":[],"arrow_right":{"toDetailCollection":{},"keyShape":"arrow_LR","fromDetail":{"isSFSymbol":true,"display":"arrowtriangle.right.fill","output":{"arrow_keys":{"_0":"right_arrow"}}},"id":"ADD23C09-FCCE-4506-9358-FB39821B5238"},"row1":[{"fromDetail":{"output":{"mouse_buttons":{"_0":"button2"}},"display":"R click"},"toDetailCollection":{},"id":"4CDA7C7D-EBC8-4678-92D2-10E3B1D856B7"},{"toDetailCollection":{},"fromDetail":{"display":"L click","output":{"mouse_buttons":{"_0":"button1"}}},"id":"78184712-4202-4B56-91C1-FA42B565BCF5"}],"idsInOrderRow6":[],"idsInOrderRow2":[{"id":"BC636937-D0E7-441C-9416-339BD8C52A36"},{"id":"F936287C-E204-4974-979B-C1FBD4F36A9B"}],"row6":[],"idsInOrderRow5":[],"row2":[{"id":"BC636937-D0E7-441C-9416-339BD8C52A36","isSpacer":true,"unitSize":0.5,"fromDetail":{"output":{"letter_keys":{"_0":"a"}},"display":"A"},"toDetailCollection":{}},{"toDetailCollection":{},"id":"F936287C-E204-4974-979B-C1FBD4F36A9B","fromDetail":{"display":"M click","output":{"mouse_buttons":{"_0":"button3"}}}}],"enableArrowKeys":false},"isEnableTenkey":false,"tenkeyRows":{"row3":[{"fromDetail":{"display":"A","output":{"letter_keys":{"_0":"a"}}},"id":"BB6D997D-8B00-4445-B4ED-633A1972FE45","toDetailCollection":{}}],"row1":[{"fromDetail":{"output":{"letter_keys":{"_0":"a"}},"display":"A"},"id":"EC867D07-77CC-4366-AD39-A641878F267C","toDetailCollection":{}}],"row5":[{"fromDetail":{"display":"A","output":{"letter_keys":{"_0":"a"}}},"id":"942C8D16-24BC-4F48-8650-D2A8BCF462C8","toDetailCollection":{}}],"arrow_right":{"fromDetail":{"isSFSymbol":true,"display":"arrowtriangle.right.fill","output":{"arrow_keys":{"_0":"right_arrow"}}},"keyShape":"arrow_LR","toDetailCollection":{},"id":"D2DF0273-6617-4E34-9217-322882200DF8"},"idsInOrderRow3":[{"id":"BB6D997D-8B00-4445-B4ED-633A1972FE45"}],"enableArrowKeys":false,"arrow_left":{"toDetailCollection":{},"keyShape":"arrow_LR","id":"B9542B53-7386-4B07-9B49-A88D0001082B","fromDetail":{"output":{"arrow_keys":{"_0":"left_arrow"}},"display":"arrowtriangle.left.fill","isSFSymbol":true}},"idsInOrderRow4":[{"id":"A5533C07-5AEF-4367-B79E-832D78E0CC76"}],"row6":[{"fromDetail":{"output":{"letter_keys":{"_0":"a"}},"display":"A"},"toDetailCollection":{},"id":"DF0EFA54-759E-4FF5-8F4C-48829C41B136"}],"idsInOrderRow1":[{"id":"EC867D07-77CC-4366-AD39-A641878F267C"}],"idsInOrderRow6":[{"id":"DF0EFA54-759E-4FF5-8F4C-48829C41B136"}],"row2":[{"fromDetail":{"output":{"letter_keys":{"_0":"a"}},"display":"A"},"id":"73101BB4-814A-4A97-98E3-1115A426CE39","toDetailCollection":{}}],"rowIndex_arrow":{"row6":{}},"row4":[{"toDetailCollection":{},"fromDetail":{"output":{"letter_keys":{"_0":"a"}},"display":"A"},"id":"A5533C07-5AEF-4367-B79E-832D78E0CC76"}],"idsInOrderRow5":[{"id":"942C8D16-24BC-4F48-8650-D2A8BCF462C8"}],"idsInOrderRow2":[{"id":"73101BB4-814A-4A97-98E3-1115A426CE39"}],"arrow_up":{"keyShape":"arrow_Up","toDetailCollection":{},"fromDetail":{"isSFSymbol":true,"output":{"arrow_keys":{"_0":"up_arrow"}},"display":"arrowtriangle.up.fill"},"id":"945604FE-E798-49EF-9DC3-4D276BC3CF4E"},"arrow_down":{"id":"DD674788-8FF8-40AA-B96A-9FC59BAD6D2C","toDetailCollection":{},"keyShape":"arrow_Down","fromDetail":{"display":"arrowtriangle.down.fill","output":{"arrow_keys":{"_0":"down_arrow"}},"isSFSymbol":true}}}},"other":{"isEnableMain":true,"tenkeyRows":{"idsInOrderRow2":[{"id":"99CF6F97-EB3B-4469-8325-4E02C25F33DF"},{"id":"163E2202-E830-4131-81DC-839C76DC2E97"},{"id":"12342E25-AB19-474A-BD3F-BF55C0D2063E"},{"id":"9A679E7D-8A48-42FE-B6B2-8916ABE97817"}],"row2":[{"toDetailCollection":{},"fromDetail":{"output":{"keypad_keys":{"_0":"keypad_asterisk"}},"display":"*"},"id":"9A679E7D-8A48-42FE-B6B2-8916ABE97817"},{"fromDetail":{"display":"\/","output":{"keypad_keys":{"_0":"keypad_slash"}}},"toDetailCollection":{},"id":"12342E25-AB19-474A-BD3F-BF55C0D2063E"},{"id":"163E2202-E830-4131-81DC-839C76DC2E97","toDetailCollection":{},"fromDetail":{"display":"=","output":{"keypad_keys":{"_0":"keypad_equal_sign"}}}},{"fromDetail":{"output":{"others":{"_0":"clear"}},"display":"clear"},"toDetailCollection":{},"id":"99CF6F97-EB3B-4469-8325-4E02C25F33DF"}],"row5":[{"keyShape":"enter_Tenkey","fromDetail":{"display":"projective","isSFSymbol":true,"output":{"keypad_keys":{"_0":"keypad_enter"}}},"id":"9D0F8084-6BD5-4379-999C-6083EB81E795","toDetailCollection":{}},{"id":"5BFFDBD9-52F7-4189-A942-BF1C2E092A60","fromDetail":{"output":{"keypad_keys":{"_0":"keypad_3"}},"display":"3"},"toDetailCollection":{}},{"id":"4F4E4FEB-5E6A-45CB-801A-3114E03C31DA","toDetailCollection":{},"fromDetail":{"display":"2","output":{"keypad_keys":{"_0":"keypad_2"}}}},{"fromDetail":{"output":{"keypad_keys":{"_0":"keypad_1"}},"display":"1"},"id":"7CD1E775-298F-4FF5-81A2-5C067307E574","toDetailCollection":{}}],"idsInOrderRow1":[{"id":"CE1C42C7-12BD-4D63-8903-FA32D6A6448A"},{"id":"5EEEB45B-8045-440F-8CBE-1C64A2C68A92"},{"id":"6C9F25AD-E918-4803-98B0-AA1893E8A2CE"},{"id":"FB1D3948-EDC6-4E19-A552-5F71140C24AA"}],"idsInOrderRow5":[{"id":"7CD1E775-298F-4FF5-81A2-5C067307E574"},{"id":"4F4E4FEB-5E6A-45CB-801A-3114E03C31DA"},{"id":"5BFFDBD9-52F7-4189-A942-BF1C2E092A60"},{"id":"9D0F8084-6BD5-4379-999C-6083EB81E795"}],"row3":[{"toDetailCollection":{},"fromDetail":{"output":{"keypad_keys":{"_0":"keypad_hyphen"}},"display":"-"},"id":"27BBB486-6E03-4DCE-A7D1-DE58DD4F4593"},{"id":"783CF6B6-7EF7-435C-A114-C17D4B51E72D","fromDetail":{"output":{"keypad_keys":{"_0":"keypad_9"}},"display":"9"},"toDetailCollection":{}},{"toDetailCollection":{},"id":"1FF0F530-D7BE-4FD9-9BFC-91DA975B2F8A","fromDetail":{"output":{"keypad_keys":{"_0":"keypad_8"}},"display":"8"}},{"id":"9D4160A4-0E6A-439D-8D3B-0621C6308605","toDetailCollection":{},"fromDetail":{"output":{"keypad_keys":{"_0":"keypad_7"}},"display":"7"}}],"arrow_up":{"toDetailCollection":{},"id":"4772D370-716D-4D70-85B9-6C524673D64C","keyShape":"arrow_Up","fromDetail":{"display":"arrowtriangle.up.fill","output":{"arrow_keys":{"_0":"up_arrow"}},"isSFSymbol":true}},"rowIndex_arrow":{"row6":{}},"idsInOrderRow6":[{"id":"5AF010C6-379C-4C8B-B7A5-93572AA0F1BE"},{"id":"BBFCE5D1-641D-4E6E-BA28-C41D269A6AFD"}],"idsInOrderRow3":[{"id":"9D4160A4-0E6A-439D-8D3B-0621C6308605"},{"id":"1FF0F530-D7BE-4FD9-9BFC-91DA975B2F8A"},{"id":"783CF6B6-7EF7-435C-A114-C17D4B51E72D"},{"id":"27BBB486-6E03-4DCE-A7D1-DE58DD4F4593"}],"arrow_right":{"id":"D9255E10-9CD3-46CC-B4C9-40ED1FB46A4B","keyShape":"arrow_LR","fromDetail":{"isSFSymbol":true,"output":{"arrow_keys":{"_0":"right_arrow"}},"display":"arrowtriangle.right.fill"},"toDetailCollection":{}},"enableArrowKeys":false,"row4":[{"fromDetail":{"display":"+","output":{"keypad_keys":{"_0":"keypad_plus"}}},"id":"4FFC02AB-0971-4647-9848-5D1BDD2FDF66","toDetailCollection":{}},{"id":"B3AEB630-8A89-4090-AE5A-5A06D59C6672","toDetailCollection":{},"fromDetail":{"display":"6","output":{"keypad_keys":{"_0":"keypad_6"}}}},{"id":"E7D6C12C-CE0A-4F7F-8111-ABAC55DCE834","toDetailCollection":{},"fromDetail":{"display":"5","output":{"keypad_keys":{"_0":"keypad_5"}}}},{"id":"305C8304-A873-4251-A257-B84007B5CC9A","fromDetail":{"display":"4","output":{"keypad_keys":{"_0":"keypad_4"}}},"toDetailCollection":{}}],"arrow_left":{"keyShape":"arrow_LR","id":"87BA1C37-1175-409D-B38A-7B782E205AED","toDetailCollection":{},"fromDetail":{"isSFSymbol":true,"display":"arrowtriangle.left.fill","output":{"arrow_keys":{"_0":"left_arrow"}}}},"row6":[{"fromDetail":{"display":".","output":{"keypad_keys":{"_0":"keypad_period"}}},"id":"BBFCE5D1-641D-4E6E-BA28-C41D269A6AFD","toDetailCollection":{}},{"id":"5AF010C6-379C-4C8B-B7A5-93572AA0F1BE","fromDetail":{"display":"0","output":{"keypad_keys":{"_0":"keypad_0"}}},"toDetailCollection":{},"unitSize":2}],"arrow_down":{"id":"8A3791E4-194B-4738-8769-D1C04C72557C","fromDetail":{"output":{"arrow_keys":{"_0":"down_arrow"}},"isSFSymbol":true,"display":"arrowtriangle.down.fill"},"keyShape":"arrow_Down","toDetailCollection":{}},"idsInOrderRow4":[{"id":"305C8304-A873-4251-A257-B84007B5CC9A"},{"id":"E7D6C12C-CE0A-4F7F-8111-ABAC55DCE834"},{"id":"B3AEB630-8A89-4090-AE5A-5A06D59C6672"},{"id":"4FFC02AB-0971-4647-9848-5D1BDD2FDF66"}],"row1":[{"id":"CE1C42C7-12BD-4D63-8903-FA32D6A6448A","fromDetail":{"display":"F16","output":{"function_keys":{"_0":"f16"}}},"toDetailCollection":{}},{"id":"FB1D3948-EDC6-4E19-A552-5F71140C24AA","fromDetail":{"output":{"function_keys":{"_0":"f19"}},"display":"F19"},"toDetailCollection":{}},{"toDetailCollection":{},"id":"6C9F25AD-E918-4803-98B0-AA1893E8A2CE","fromDetail":{"display":"F18","output":{"function_keys":{"_0":"f18"}}}},{"fromDetail":{"display":"F17","output":{"function_keys":{"_0":"f17"}}},"toDetailCollection":{},"id":"5EEEB45B-8045-440F-8CBE-1C64A2C68A92"}]},"subRows":{"row2":[{"id":"E0AFC567-E31C-4351-8A61-C264112E5BD4","toDetailCollection":{},"fromDetail":{"output":{"arrow_keys":{"_0":"page_up"}},"isSFSymbol":true,"display":"arrow.up"}},{"id":"C60655DE-AB23-4089-9778-2A0811D86091","fromDetail":{"output":{"arrow_keys":{"_0":"home"}},"display":"arrow.up.to.line","isSFSymbol":true},"toDetailCollection":{}},{"fromDetail":{"display":"text.insert","isSFSymbol":true,"output":{"keys_in_pc_keyboards":{"_0":"insert"}}},"toDetailCollection":{},"id":"3F8D9235-257E-45F2-862A-AE83A5C56E64"}],"row1":[{"toDetailCollection":{},"fromDetail":{"output":{"function_keys":{"_0":"f13"}},"display":"F13"},"id":"97838D70-3280-48A3-96F9-B3D3E0D4F64F"},{"id":"4BE9A41E-E603-408A-BCA3-4504D3ABFBC1","toDetailCollection":{},"fromDetail":{"display":"F15","output":{"function_keys":{"_0":"f15"}}}},{"fromDetail":{"output":{"function_keys":{"_0":"f14"}},"display":"F14"},"toDetailCollection":{},"id":"05F197DF-1BB5-4E7A-A1D5-6D2775820360"}],"row3":[{"fromDetail":{"isSFSymbol":true,"display":"arrow.down","output":{"arrow_keys":{"_0":"page_down"}}},"toDetailCollection":{},"id":"9E16F848-2D18-416E-A637-6A870B9BF498"},{"id":"3B1DD894-01D0-46B3-9A9C-69DF02B0534E","fromDetail":{"output":{"arrow_keys":{"_0":"end"}},"isSFSymbol":true,"display":"arrow.down.to.line"},"toDetailCollection":{}},{"fromDetail":{"isSFSymbol":true,"output":{"controls_and_symbols":{"_0":"delete_forward"}},"display":"delete.right"},"id":"4E2DF13B-CF4A-4D21-8384-8B01C46A5D8F","toDetailCollection":{}}],"row5":[{"fromDetail":{"isSFSymbol":true,"output":{"arrow_keys":{"_0":"up_arrow"}},"display":"arrowtriangle.up.fill"},"toDetailCollection":{},"id":"51F47973-0C87-47C8-9DC3-9CA6EE62FFBF"},{"fromDetail":{"output":{"letter_keys":{"_0":"a"}},"display":"A"},"id":"1F8D6E8F-DFA3-4943-971F-D2A20912BD83","isSpacer":true,"toDetailCollection":{}}],"arrow_up":{"id":"A1726668-D893-48A8-BCC7-948A81942FC4","toDetailCollection":{},"keyShape":"arrow_Up","fromDetail":{"display":"arrowtriangle.up.fill","isSFSymbol":true,"output":{"arrow_keys":{"_0":"up_arrow"}}}},"idsInOrderRow1":[{"id":"97838D70-3280-48A3-96F9-B3D3E0D4F64F"},{"id":"05F197DF-1BB5-4E7A-A1D5-6D2775820360"},{"id":"4BE9A41E-E603-408A-BCA3-4504D3ABFBC1"}],"idsInOrderRow5":[{"id":"1F8D6E8F-DFA3-4943-971F-D2A20912BD83"},{"id":"51F47973-0C87-47C8-9DC3-9CA6EE62FFBF"}],"arrow_right":{"toDetailCollection":{},"keyShape":"arrow_LR","id":"4936FD83-4270-4311-9817-03E936FD4F5D","fromDetail":{"display":"arrowtriangle.right.fill","isSFSymbol":true,"output":{"arrow_keys":{"_0":"right_arrow"}}}},"row4":[],"idsInOrderRow6":[{"id":"51C651F1-BB97-400A-8899-0CDA3D5F6540"},{"id":"58511FBE-228D-4585-B46D-1CA70696DD80"},{"id":"D2DDDE73-688E-4B56-A176-D6997A05BDA8"}],"idsInOrderRow4":[],"arrow_down":{"keyShape":"arrow_Down","fromDetail":{"output":{"arrow_keys":{"_0":"down_arrow"}},"display":"arrowtriangle.down.fill","isSFSymbol":true},"id":"6C73A71A-28A9-4AA8-B9E4-BD70993BBC2A","toDetailCollection":{}},"rowIndex_arrow":{"row6":{}},"enableArrowKeys":false,"idsInOrderRow3":[{"id":"4E2DF13B-CF4A-4D21-8384-8B01C46A5D8F"},{"id":"3B1DD894-01D0-46B3-9A9C-69DF02B0534E"},{"id":"9E16F848-2D18-416E-A637-6A870B9BF498"}],"row6":[{"id":"D2DDDE73-688E-4B56-A176-D6997A05BDA8","fromDetail":{"display":"arrowtriangle.right.fill","output":{"arrow_keys":{"_0":"right_arrow"}},"isSFSymbol":true},"toDetailCollection":{}},{"toDetailCollection":{},"fromDetail":{"output":{"arrow_keys":{"_0":"down_arrow"}},"display":"arrowtriangle.down.fill","isSFSymbol":true},"id":"58511FBE-228D-4585-B46D-1CA70696DD80"},{"toDetailCollection":{},"id":"51C651F1-BB97-400A-8899-0CDA3D5F6540","fromDetail":{"output":{"arrow_keys":{"_0":"left_arrow"}},"isSFSymbol":true,"display":"arrowtriangle.left.fill"}}],"arrow_left":{"toDetailCollection":{},"id":"A0136E91-555E-4988-8C11-F1B0F9321C98","keyShape":"arrow_LR","fromDetail":{"isSFSymbol":true,"display":"arrowtriangle.left.fill","output":{"arrow_keys":{"_0":"left_arrow"}}}},"idsInOrderRow2":[{"id":"3F8D9235-257E-45F2-862A-AE83A5C56E64"},{"id":"C60655DE-AB23-4089-9778-2A0811D86091"},{"id":"E0AFC567-E31C-4351-8A61-C264112E5BD4"}]},"isEnableSub":false,"mainRows":{"rowIndex_arrow":{"row6":{}},"arrow_down":{"id":"51B05CB7-16B7-4CD4-8BAA-84AB3594E108","fromDetail":{"output":{"arrow_keys":{"_0":"down_arrow"}},"display":"arrowtriangle.down.fill","isSFSymbol":true},"keyShape":"arrow_Down","toDetailCollection":{}},"row4":[{"id":"6B734ECC-4BF1-42C1-9658-B088DCED9281","toDetailCollection":{},"fromDetail":{"display":"+","output":{"keypad_keys":{"_0":"keypad_plus"}}}},{"toDetailCollection":{},"fromDetail":{"display":"5","output":{"keypad_keys":{"_0":"keypad_5"}}},"id":"080656D6-6251-48A2-9921-A3AD4AAAA87B"},{"toDetailCollection":{},"id":"EB032055-DBBB-4BE6-8A45-61AD1D863B55","fromDetail":{"output":{"keypad_keys":{"_0":"keypad_4"}},"display":"4"}},{"fromDetail":{"output":{"keypad_keys":{"_0":"keypad_6"}},"display":"6"},"toDetailCollection":{},"id":"2ED4D15D-1A3F-4482-871A-CA0FE803B2BE"}],"idsInOrderRow2":[{"id":"3B45B605-FEB4-4FFA-9719-5D772697FC91"},{"id":"4C3A38DA-7B7D-41D0-8AFF-C74BDB7264A5"},{"id":"7015E074-A8EE-413E-9B5F-665836884EC5"},{"id":"51F9090C-E079-4267-8EFF-4DD3F8E3535E"}],"idsInOrderRow1":[{"id":"934742FF-2463-4514-A901-F48A630F47A0"},{"id":"CC0A5139-C9A0-444A-A113-7F7A7B5CEADA"},{"id":"A2A2FB5C-120F-4A19-ACE4-94FD98707B0B"},{"id":"9DA2865F-E1C2-4DE1-B7DF-754CB2B7BA1E"}],"arrow_up":{"toDetailCollection":{},"keyShape":"arrow_Up","id":"A200D95D-3453-4B67-AA0B-A1292A656F5C","fromDetail":{"output":{"arrow_keys":{"_0":"up_arrow"}},"display":"arrowtriangle.up.fill","isSFSymbol":true}},"idsInOrderRow4":[{"id":"EB032055-DBBB-4BE6-8A45-61AD1D863B55"},{"id":"080656D6-6251-48A2-9921-A3AD4AAAA87B"},{"id":"2ED4D15D-1A3F-4482-871A-CA0FE803B2BE"},{"id":"6B734ECC-4BF1-42C1-9658-B088DCED9281"}],"idsInOrderRow6":[{"id":"04D28B58-92A1-4890-9286-EC2603E2B178"},{"id":"8B7EEC13-C85A-43F5-B8D3-64D17567A7CA"}],"arrow_right":{"id":"A66F060B-174B-4A62-B3C7-99977F9FDC69","fromDetail":{"display":"arrowtriangle.right.fill","isSFSymbol":true,"output":{"arrow_keys":{"_0":"right_arrow"}}},"toDetailCollection":{},"keyShape":"arrow_LR"},"row2":[{"fromDetail":{"output":{"keypad_keys":{"_0":"keypad_slash"}},"display":"\/"},"toDetailCollection":{},"id":"7015E074-A8EE-413E-9B5F-665836884EC5"},{"fromDetail":{"display":"clear","output":{"others":{"_0":"clear"}}},"id":"3B45B605-FEB4-4FFA-9719-5D772697FC91","toDetailCollection":{}},{"id":"4C3A38DA-7B7D-41D0-8AFF-C74BDB7264A5","toDetailCollection":{},"fromDetail":{"display":"=","output":{"keypad_keys":{"_0":"keypad_equal_sign"}}}},{"fromDetail":{"output":{"keypad_keys":{"_0":"keypad_asterisk"}},"display":"*"},"toDetailCollection":{},"id":"51F9090C-E079-4267-8EFF-4DD3F8E3535E"}],"arrow_left":{"id":"2FE5B2DD-CACB-41A3-9333-C14C7C7C8716","fromDetail":{"output":{"arrow_keys":{"_0":"left_arrow"}},"isSFSymbol":true,"display":"arrowtriangle.left.fill"},"keyShape":"arrow_LR","toDetailCollection":{}},"idsInOrderRow3":[{"id":"3E482046-A221-4775-B721-C4B2DDD4797D"},{"id":"C33FFDEA-4963-4774-A024-85F39F44AD0C"},{"id":"3367C5EA-6534-460E-8E23-38688F114129"},{"id":"05043D5D-4F87-401E-AA54-4F7706E67423"}],"idsInOrderRow5":[{"id":"BCAA1987-F313-43DB-A6FD-DCEAB3B92EB5"},{"id":"2748FD76-89B9-4A3E-B113-E2151D1226C8"},{"id":"30AD1B51-F50A-4D81-9EA8-DF6AF123460E"},{"id":"73494F08-0353-4063-B8F1-7006139F4F0D"}],"enableArrowKeys":false,"row5":[{"id":"30AD1B51-F50A-4D81-9EA8-DF6AF123460E","fromDetail":{"display":"3","output":{"keypad_keys":{"_0":"keypad_3"}}},"toDetailCollection":{}},{"toDetailCollection":{},"id":"73494F08-0353-4063-B8F1-7006139F4F0D","fromDetail":{"display":"projective","isSFSymbol":true,"output":{"keypad_keys":{"_0":"keypad_enter"}}},"keyShape":"enter_Tenkey"},{"toDetailCollection":{},"fromDetail":{"output":{"keypad_keys":{"_0":"keypad_1"}},"display":"1"},"id":"BCAA1987-F313-43DB-A6FD-DCEAB3B92EB5"},{"fromDetail":{"output":{"keypad_keys":{"_0":"keypad_2"}},"display":"2"},"id":"2748FD76-89B9-4A3E-B113-E2151D1226C8","toDetailCollection":{}}],"row6":[{"fromDetail":{"output":{"keypad_keys":{"_0":"keypad_0"}},"display":"0"},"id":"04D28B58-92A1-4890-9286-EC2603E2B178","toDetailCollection":{},"unitSize":2},{"fromDetail":{"output":{"keypad_keys":{"_0":"keypad_period"}},"display":"."},"id":"8B7EEC13-C85A-43F5-B8D3-64D17567A7CA","toDetailCollection":{}}],"row1":[{"fromDetail":{"output":{"function_keys":{"_0":"f19"}},"display":"F19"},"toDetailCollection":{},"id":"9DA2865F-E1C2-4DE1-B7DF-754CB2B7BA1E"},{"fromDetail":{"output":{"function_keys":{"_0":"f16"}},"display":"F16"},"id":"934742FF-2463-4514-A901-F48A630F47A0","toDetailCollection":{}},{"id":"A2A2FB5C-120F-4A19-ACE4-94FD98707B0B","fromDetail":{"output":{"function_keys":{"_0":"f18"}},"display":"F18"},"toDetailCollection":{}},{"id":"CC0A5139-C9A0-444A-A113-7F7A7B5CEADA","fromDetail":{"display":"F17","output":{"function_keys":{"_0":"f17"}}},"toDetailCollection":{}}],"row3":[{"toDetailCollection":{},"fromDetail":{"display":"-","output":{"keypad_keys":{"_0":"keypad_hyphen"}}},"id":"05043D5D-4F87-401E-AA54-4F7706E67423"},{"id":"3367C5EA-6534-460E-8E23-38688F114129","toDetailCollection":{},"fromDetail":{"display":"9","output":{"keypad_keys":{"_0":"keypad_9"}}}},{"id":"C33FFDEA-4963-4774-A024-85F39F44AD0C","toDetailCollection":{},"fromDetail":{"display":"8","output":{"keypad_keys":{"_0":"keypad_8"}}}},{"id":"3E482046-A221-4775-B721-C4B2DDD4797D","fromDetail":{"display":"7","output":{"keypad_keys":{"_0":"keypad_7"}}},"toDetailCollection":{}}]},"sectionDetail":{"deviceDetail":{"vendor_id":"vendor_id","is_location_id_Enabled":false,"is_product_id_Enabled":false,"product_id":"product_id","location_id":"location_id","device_name":"otherDevice","is_builtin_keyboard":false,"is_vendor_id_Enabled":false},"section":{"other":{}}},"isEnableTenkey":false},"validSections":{"sections":[{"main":{}}]},"main":{"isEnableSub":false,"isEnableTenkey":false,"isEnableMain":true,"mainRows":{"arrow_right":{"keyShape":"arrow_LR","toDetailCollection":{},"fromDetail":{"isSFSymbol":true,"output":{"arrow_keys":{"_0":"right_arrow"}},"display":"arrowtriangle.right.fill"},"id":"46F82FD8-AA5E-4BB7-9547-2FDBA4F07898"},"idsInOrderRow1":[{"id":"62838441-4827-46F0-8694-C82BA3B43D09"},{"id":"5F0CDC67-6A71-4435-8FE4-99C42C3C366B"},{"id":"E2151C52-5927-483D-817C-9CC366FE51A5"},{"id":"939A04CB-F665-413C-8A37-D40159638632"},{"id":"61B73BA9-E476-48F2-9F06-1FE57233A0FD"},{"id":"7C8BF9F5-9DB2-4EF2-99C9-85AF85A96AFF"},{"id":"D104F7B7-7CC8-4A63-87B7-3B6F97D4A92D"},{"id":"263B8298-03AB-497A-9A3D-6FBADDD56F5E"},{"id":"4CC23B94-FADB-4577-A0F8-506643BA7AC1"},{"id":"1543E606-A40B-4C8A-B3C2-F1CBDF3031DB"},{"id":"F16FD198-3385-4B35-9601-2C6BF25365FE"},{"id":"E4389937-875F-42CF-935F-C03F4833646B"},{"id":"19674C12-430A-4BB1-8672-68415982185E"}],"row6":[{"fromDetail":{"isSFSymbol":true,"display":"globe","output":{"modifier_keys":{"_0":"keyboard_fn"}}},"id":"74EFEC88-59AB-479E-B0AC-178A60294545","toDetailCollection":{}},{"toDetailCollection":{},"id":"791DF60C-43B7-4B45-9E44-4DBD5F0F0B16","fromDetail":{"output":{"modifier_keys":{"_0":"right_option"}},"display":"option","isSFSymbol":true}},{"fromDetail":{"display":"␣","output":{"controls_and_symbols":{"_0":"spacebar"}}},"id":"DAB0D5A2-5478-4200-9583-254646D7B945","toDetailCollection":{},"unitSize":5},{"toDetailCollection":{},"id":"8A4FEA0A-ACF2-4255-94A1-03DDEC400249","fromDetail":{"output":{"modifier_keys":{"_0":"left_control"}},"display":"control","isSFSymbol":true}},{"id":"73289B8B-4A86-4703-95F3-674626CA62C2","fromDetail":{"output":{"modifier_keys":{"_0":"left_option"}},"display":"option","isSFSymbol":true},"toDetailCollection":{}},{"id":"F046A69D-F3AB-462A-982B-D3546740851A","fromDetail":{"isSFSymbol":true,"display":"command","output":{"modifier_keys":{"_0":"left_command"}}},"toDetailCollection":{},"unitSize":1.25},{"unitSize":1.25,"fromDetail":{"isSFSymbol":true,"output":{"modifier_keys":{"_0":"right_command"}},"display":"command"},"id":"2442C094-4288-4AC7-8761-8E4CC3F8969E","toDetailCollection":{}}],"arrow_left":{"keyShape":"arrow_LR","fromDetail":{"display":"arrowtriangle.left.fill","isSFSymbol":true,"output":{"arrow_keys":{"_0":"left_arrow"}}},"id":"AD215F83-16D9-44AF-A97F-E67055C65422","toDetailCollection":{}},"arrow_up":{"id":"5C406D5E-E6F4-4098-AF65-E08683824219","toDetailCollection":{},"keyShape":"arrow_Up","fromDetail":{"output":{"arrow_keys":{"_0":"up_arrow"}},"isSFSymbol":true,"display":"arrowtriangle.up.fill"}},"row4":[{"toDetailCollection":{"condition0":{"layer0":{"withModifier_tap":{},"isCustomized_tap":true,"outputAndDisplay_tap":{"output":{"letter_keys":{"_0":"s"}},"display":"S","layerKey":"layer0"}}}},"id":"A02EB82F-9306-4508-9D7F-7D4F776C1FBC","fromDetail":{"output":{"letter_keys":{"_0":"l"}},"display":"L"}},{"fromDetail":{"output":{"letter_keys":{"_0":"h"}},"display":"H"},"id":"44AD84C1-F7A1-4933-8A90-B3B065666377","toDetailCollection":{"condition0":{"layer0":{"outputAndDisplay_tap":{"output":{"letter_keys":{"_0":"m"}},"layerKey":"layer0","display":"M"},"withModifier_tap":{},"isCustomized_tap":true}}}},{"id":"D33D338D-1D73-4D75-904A-FDE49A165038","fromDetail":{"output":{"letter_keys":{"_0":"a"}},"display":"A"},"toDetailCollection":{"condition0":{"layer0":{"outputAndDisplay_tap":{"output":{"letter_keys":{"_0":"i"}},"display":"I","layerKey":"layer0"},"isCustomized_tap":true,"withModifier_tap":{}}}}},{"id":"D4DA8180-C4AB-41BB-9FD1-5440EC3C6828","fromDetail":{"output":{"letter_keys":{"_0":"s"}},"display":"S"},"toDetailCollection":{"condition0":{"layer0":{"outputAndDisplay_tap":{"display":"N","layerKey":"layer0","output":{"letter_keys":{"_0":"n"}}},"withModifier_tap":{},"isCustomized_tap":true}}}},{"fromDetail":{"display":"D","output":{"letter_keys":{"_0":"d"}}},"toDetailCollection":{"condition0":{"layer0":{"isCustomized_tap":true,"outputAndDisplay_tap":{"layerKey":"layer0","display":"E","output":{"letter_keys":{"_0":"e"}}},"withModifier_tap":{}}}},"id":"1736F8F4-975A-4239-A616-D72FBD0C94EC"},{"id":"770D1AB0-075A-4AED-94C0-1ECD24DEAF88","toDetailCollection":{},"unitSize":1.75,"fromDetail":{"isSFSymbol":true,"display":"capslock","output":{"modifier_keys":{"_0":"caps_lock"}}}},{"fromDetail":{"output":{"controls_and_symbols":{"_0":"semicolon"}},"display":";"},"id":"30BE5261-94AA-4393-9BD7-63311BCEFBDE","toDetailCollection":{"condition0":{"layer0":{"isCustomized_tap":true,"withModifier_tap":{},"outputAndDisplay_tap":{"display":"R","output":{"letter_keys":{"_0":"r"}},"layerKey":"layer0"}}}}},{"toDetailCollection":{"condition0":{"layer0":{"isCustomized_tap":true,"outputAndDisplay_tap":{"output":{"letter_keys":{"_0":"a"}},"layerKey":"layer0","display":"A"},"withModifier_tap":{}}}},"fromDetail":{"output":{"letter_keys":{"_0":"f"}},"display":"F"},"id":"D5330250-86D9-4ED4-B246-54DC875B7244"},{"id":"1ED66F0A-A46F-4DC8-9686-A7ECFD86F6D0","fromDetail":{"output":{"controls_and_symbols":{"_0":"single_quotation_or_colon"}},"display":"'"},"toDetailCollection":{}},{"unitSize":1.75,"id":"B19E75AC-E08C-41FA-8B87-61B063D0B906","fromDetail":{"isSFSymbol":true,"output":{"controls_and_symbols":{"_0":"return_or_enter"}},"display":"return"},"toDetailCollection":{}},{"fromDetail":{"output":{"letter_keys":{"_0":"g"}},"display":"G"},"toDetailCollection":{"condition0":{"layer0":{"withModifier_tap":{},"isCustomized_tap":true,"outputAndDisplay_tap":{"output":{"controls_and_symbols":{"_0":"comma"}},"display":",","layerKey":"layer0"}}}},"id":"2A4E4272-C7D8-4EF0-A208-BD7BB78E8BA0"},{"id":"4432853E-E1FF-43A2-9235-D540C96C9833","fromDetail":{"output":{"letter_keys":{"_0":"j"}},"display":"J"},"toDetailCollection":{"condition0":{"layer0":{"outputAndDisplay_tap":{"output":{"letter_keys":{"_0":"h"}},"display":"H","layerKey":"layer0"},"withModifier_tap":{},"isCustomized_tap":true}}}},{"id":"1B93EA86-782F-4D3F-8379-B17882E5E975","fromDetail":{"display":"K","output":{"letter_keys":{"_0":"k"}}},"toDetailCollection":{"condition0":{"layer0":{"withModifier_tap":{},"isCustomized_tap":true,"outputAndDisplay_tap":{"layerKey":"layer0","output":{"letter_keys":{"_0":"t"}},"display":"T"}}}}}],"row2":[{"fromDetail":{"output":{"number_keys":{"_0":"four"}},"display":"4"},"id":"F2EFFCC9-5DAD-45A9-A05E-3224E8117937","toDetailCollection":{}},{"unitSize":1.5,"toDetailCollection":{},"id":"47B8BB31-ABAB-4395-934C-9CB774052EB9","fromDetail":{"isSFSymbol":true,"output":{"controls_and_symbols":{"_0":"delete_or_backspace"}},"display":"delete.left"}},{"toDetailCollection":{},"id":"F920FE1E-B2E5-4CB3-B9BB-8E62E7C4926F","fromDetail":{"output":{"number_keys":{"_0":"eight"}},"display":"8"}},{"id":"7732D4DE-1383-4D6B-9DCE-A4A4EA3DFE76","toDetailCollection":{},"fromDetail":{"display":"-","output":{"controls_and_symbols":{"_0":"hyphen"}}}},{"id":"9E128A7D-3CE8-42CA-A6DA-3AA14CC14A55","fromDetail":{"output":{"number_keys":{"_0":"zero"}},"display":"0"},"toDetailCollection":{}},{"fromDetail":{"display":"`","output":{"controls_and_symbols":{"_0":"grave_accent"}}},"toDetailCollection":{},"id":"FBF58C70-F498-4546-BD7C-349C37941432"},{"toDetailCollection":{},"fromDetail":{"output":{"number_keys":{"_0":"nine"}},"display":"9"},"id":"79DA62DB-CCF1-4803-8FB5-DFC950DB88F5"},{"toDetailCollection":{},"id":"9B43EEF8-7987-4641-9148-388840C49D9D","fromDetail":{"output":{"number_keys":{"_0":"three"}},"display":"3"}},{"fromDetail":{"display":"2","output":{"number_keys":{"_0":"two"}}},"toDetailCollection":{},"id":"FAFEC828-E99B-4F89-8D41-BDB398610E84"},{"fromDetail":{"output":{"number_keys":{"_0":"five"}},"display":"5"},"id":"72E76380-6938-47F6-B5C4-9FA1593CCBD4","toDetailCollection":{}},{"fromDetail":{"display":"6","output":{"number_keys":{"_0":"six"}}},"id":"77545C94-EC99-4F33-AD31-F4FBD3EDCD6F","toDetailCollection":{}},{"fromDetail":{"display":"=","output":{"controls_and_symbols":{"_0":"equal_sign_or_caret"}}},"toDetailCollection":{},"id":"480153BA-6471-4C67-B8AF-0577C0651753"},{"toDetailCollection":{},"id":"C6C3CB90-AF57-4A57-BF59-9770E723864F","fromDetail":{"output":{"number_keys":{"_0":"one"}},"display":"1"}},{"id":"68DD9F54-FA8F-44E7-A1EE-5ACB7361D74D","fromDetail":{"output":{"number_keys":{"_0":"seven"}},"display":"7"},"toDetailCollection":{}}],"row1":[{"fromDetail":{"output":{"function_keys":{"_0":"f12"}},"display":"F12"},"id":"19674C12-430A-4BB1-8672-68415982185E","toDetailCollection":{}},{"fromDetail":{"output":{"function_keys":{"_0":"f11"}},"display":"F11"},"toDetailCollection":{},"id":"E4389937-875F-42CF-935F-C03F4833646B"},{"fromDetail":{"output":{"function_keys":{"_0":"f5"}},"display":"F5"},"toDetailCollection":{},"id":"7C8BF9F5-9DB2-4EF2-99C9-85AF85A96AFF"},{"fromDetail":{"output":{"function_keys":{"_0":"f7"}},"display":"F7"},"id":"263B8298-03AB-497A-9A3D-6FBADDD56F5E","toDetailCollection":{}},{"fromDetail":{"output":{"function_keys":{"_0":"f8"}},"display":"F8"},"toDetailCollection":{},"id":"4CC23B94-FADB-4577-A0F8-506643BA7AC1"},{"fromDetail":{"output":{"function_keys":{"_0":"f6"}},"display":"F6"},"toDetailCollection":{},"id":"D104F7B7-7CC8-4A63-87B7-3B6F97D4A92D"},{"id":"E2151C52-5927-483D-817C-9CC366FE51A5","fromDetail":{"display":"F2","output":{"function_keys":{"_0":"f2"}}},"toDetailCollection":{}},{"fromDetail":{"display":"F9","output":{"function_keys":{"_0":"f9"}}},"toDetailCollection":{},"id":"1543E606-A40B-4C8A-B3C2-F1CBDF3031DB"},{"toDetailCollection":{},"fromDetail":{"output":{"controls_and_symbols":{"_0":"escape"}},"display":"escape","isSFSymbol":true},"unitSize":1.5,"id":"62838441-4827-46F0-8694-C82BA3B43D09"},{"fromDetail":{"display":"F3","output":{"function_keys":{"_0":"f3"}}},"id":"939A04CB-F665-413C-8A37-D40159638632","toDetailCollection":{}},{"toDetailCollection":{},"id":"61B73BA9-E476-48F2-9F06-1FE57233A0FD","fromDetail":{"output":{"function_keys":{"_0":"f4"}},"display":"F4"}},{"fromDetail":{"output":{"function_keys":{"_0":"f10"}},"display":"F10"},"id":"F16FD198-3385-4B35-9601-2C6BF25365FE","toDetailCollection":{}},{"id":"5F0CDC67-6A71-4435-8FE4-99C42C3C366B","fromDetail":{"display":"F1","output":{"function_keys":{"_0":"f1"}}},"toDetailCollection":{}}],"idsInOrderRow6":[{"id":"74EFEC88-59AB-479E-B0AC-178A60294545"},{"id":"8A4FEA0A-ACF2-4255-94A1-03DDEC400249"},{"id":"73289B8B-4A86-4703-95F3-674626CA62C2"},{"id":"F046A69D-F3AB-462A-982B-D3546740851A"},{"id":"DAB0D5A2-5478-4200-9583-254646D7B945"},{"id":"2442C094-4288-4AC7-8761-8E4CC3F8969E"},{"id":"791DF60C-43B7-4B45-9E44-4DBD5F0F0B16"}],"idsInOrderRow5":[{"id":"4B337B98-E67B-4FEA-A212-D26C9415D1F9"},{"id":"12A81377-906A-4828-A798-E4DB20F82F63"},{"id":"AC9C86F5-D1A1-4D32-B757-0482EC72A3F1"},{"id":"DFBF8128-3EB1-4A33-9386-314B9CA2B35F"},{"id":"F346A60F-C4FD-4FB7-9FDB-FAC17294DC03"},{"id":"E7DF322B-AE32-44CF-9674-FF1C7F4B8C53"},{"id":"9066C7B8-8841-4FE6-B4A9-00689F815E10"},{"id":"71D1098F-D58D-4287-979D-D7177D2DBCBD"},{"id":"E8569173-9CDD-4408-878B-6F4D8B3755C2"},{"id":"23466A87-AE95-45E5-AEA5-0EF54261D3AE"},{"id":"03969C70-722A-40BC-B8AC-821947A21639"},{"id":"ED668265-2526-41E3-B0C6-B4B90F238E27"}],"idsInOrderRow4":[{"id":"770D1AB0-075A-4AED-94C0-1ECD24DEAF88"},{"id":"D33D338D-1D73-4D75-904A-FDE49A165038"},{"id":"D4DA8180-C4AB-41BB-9FD1-5440EC3C6828"},{"id":"1736F8F4-975A-4239-A616-D72FBD0C94EC"},{"id":"D5330250-86D9-4ED4-B246-54DC875B7244"},{"id":"2A4E4272-C7D8-4EF0-A208-BD7BB78E8BA0"},{"id":"44AD84C1-F7A1-4933-8A90-B3B065666377"},{"id":"4432853E-E1FF-43A2-9235-D540C96C9833"},{"id":"1B93EA86-782F-4D3F-8379-B17882E5E975"},{"id":"A02EB82F-9306-4508-9D7F-7D4F776C1FBC"},{"id":"30BE5261-94AA-4393-9BD7-63311BCEFBDE"},{"id":"1ED66F0A-A46F-4DC8-9686-A7ECFD86F6D0"},{"id":"B19E75AC-E08C-41FA-8B87-61B063D0B906"}],"idsInOrderRow3":[{"id":"D32F4E29-C772-43BB-9221-428E963F67F6"},{"id":"5A0E84D3-AA14-4641-A954-3151617DA18D"},{"id":"E916F84F-AE67-4AA6-9498-9E6E8311F0A2"},{"id":"88E577AE-915F-451A-B1D0-27C77729A840"},{"id":"0D1A109A-61B8-43F0-8464-81B2CB944A03"},{"id":"7C3897D6-F4DC-4D41-98D9-5B889A4FECF7"},{"id":"92548654-F58D-4612-9EDC-6B7E5B00708D"},{"id":"0A5093A7-4957-43C0-9A40-4726AFE6BD0E"},{"id":"3EC1C2B3-D8EB-4FF7-BA00-C74262C475CB"},{"id":"6AF3E42F-C96C-4836-9F91-333D60F8B9F3"},{"id":"4C07AC93-DE71-4BBB-B2EA-1955B4838660"},{"id":"035F05B4-2199-4E68-B5E7-B938BF8E63C9"},{"id":"2C69C36C-2314-4758-AD80-ACC1445DD73F"},{"id":"E1B4B56C-39EB-4F8E-8477-39F453356A87"}],"enableArrowKeys":true,"row3":[{"toDetailCollection":{"condition0":{"layer0":{"isCustomized_tap":true,"outputAndDisplay_tap":{"display":"Y","layerKey":"layer0","output":{"letter_keys":{"_0":"y"}}},"withModifier_tap":{}}}},"fromDetail":{"display":"Q","output":{"letter_keys":{"_0":"q"}}},"id":"5A0E84D3-AA14-4641-A954-3151617DA18D"},{"id":"7C3897D6-F4DC-4D41-98D9-5B889A4FECF7","toDetailCollection":{"condition0":{"layer0":{"isCustomized_tap":true,"outputAndDisplay_tap":{"layerKey":"layer0","output":{"letter_keys":{"_0":"j"}},"display":"J"},"withModifier_tap":{}}}},"fromDetail":{"output":{"letter_keys":{"_0":"t"}},"display":"T"}},{"fromDetail":{"display":"E","output":{"letter_keys":{"_0":"e"}}},"toDetailCollection":{"condition0":{"layer0":{"outputAndDisplay_tap":{"output":{"letter_keys":{"_0":"o"}},"display":"O","layerKey":"layer0"},"withModifier_tap":{},"isCustomized_tap":true}}},"id":"88E577AE-915F-451A-B1D0-27C77729A840"},{"id":"E916F84F-AE67-4AA6-9498-9E6E8311F0A2","fromDetail":{"display":"W","output":{"letter_keys":{"_0":"w"}}},"toDetailCollection":{"condition0":{"layer0":{"withModifier_tap":{},"isCustomized_tap":true,"outputAndDisplay_tap":{"layerKey":"layer0","output":{"letter_keys":{"_0":"p"}},"display":"P"}}}}},{"toDetailCollection":{"condition0":{"layer0":{"isCustomized_tap":true,"outputAndDisplay_tap":{"output":{"letter_keys":{"_0":"d"}},"display":"D","layerKey":"layer0"},"withModifier_tap":{}}}},"id":"0A5093A7-4957-43C0-9A40-4726AFE6BD0E","fromDetail":{"output":{"letter_keys":{"_0":"u"}},"display":"U"}},{"id":"92548654-F58D-4612-9EDC-6B7E5B00708D","fromDetail":{"display":"Y","output":{"letter_keys":{"_0":"y"}}},"toDetailCollection":{"condition0":{"layer0":{"outputAndDisplay_tap":{"layerKey":"layer0","display":"K","output":{"letter_keys":{"_0":"k"}}},"withModifier_tap":{},"isCustomized_tap":true}}}},{"fromDetail":{"output":{"controls_and_symbols":{"_0":"open_square_bracket"}},"display":"["},"id":"035F05B4-2199-4E68-B5E7-B938BF8E63C9","toDetailCollection":{}},{"fromDetail":{"display":"I","output":{"letter_keys":{"_0":"i"}}},"id":"3EC1C2B3-D8EB-4FF7-BA00-C74262C475CB","toDetailCollection":{"condition0":{"layer0":{"outputAndDisplay_tap":{"output":{"letter_keys":{"_0":"l"}},"layerKey":"layer0","display":"L"},"withModifier_tap":{},"isCustomized_tap":true}}}},{"toDetailCollection":{"condition0":{"layer0":{"isCustomized_tap":true,"outputAndDisplay_tap":{"layerKey":"layer0","output":{"letter_keys":{"_0":"u"}},"display":"U"},"withModifier_tap":{}}}},"id":"0D1A109A-61B8-43F0-8464-81B2CB944A03","fromDetail":{"output":{"letter_keys":{"_0":"r"}},"display":"R"}},{"toDetailCollection":{},"unitSize":1.5,"id":"D32F4E29-C772-43BB-9221-428E963F67F6","fromDetail":{"isSFSymbol":true,"display":"arrow.right.to.line","output":{"controls_and_symbols":{"_0":"tab"}}}},{"toDetailCollection":{},"id":"2C69C36C-2314-4758-AD80-ACC1445DD73F","fromDetail":{"display":"]","output":{"controls_and_symbols":{"_0":"close_square_bracket"}}}},{"toDetailCollection":{"condition0":{"layer0":{"isCustomized_tap":true,"outputAndDisplay_tap":{"display":"W","layerKey":"layer0","output":{"letter_keys":{"_0":"w"}}},"withModifier_tap":{}}}},"id":"4C07AC93-DE71-4BBB-B2EA-1955B4838660","fromDetail":{"output":{"letter_keys":{"_0":"p"}},"display":"P"}},{"toDetailCollection":{},"id":"E1B4B56C-39EB-4F8E-8477-39F453356A87","fromDetail":{"output":{"controls_and_symbols":{"_0":"backslash_or_yen"}},"display":"\\"}},{"toDetailCollection":{"condition0":{"layer0":{"isCustomized_tap":true,"withModifier_tap":{},"outputAndDisplay_tap":{"layerKey":"layer0","output":{"letter_keys":{"_0":"c"}},"display":"C"}}}},"fromDetail":{"output":{"letter_keys":{"_0":"o"}},"display":"O"},"id":"6AF3E42F-C96C-4836-9F91-333D60F8B9F3"}],"idsInOrderRow2":[{"id":"FBF58C70-F498-4546-BD7C-349C37941432"},{"id":"C6C3CB90-AF57-4A57-BF59-9770E723864F"},{"id":"FAFEC828-E99B-4F89-8D41-BDB398610E84"},{"id":"9B43EEF8-7987-4641-9148-388840C49D9D"},{"id":"F2EFFCC9-5DAD-45A9-A05E-3224E8117937"},{"id":"72E76380-6938-47F6-B5C4-9FA1593CCBD4"},{"id":"77545C94-EC99-4F33-AD31-F4FBD3EDCD6F"},{"id":"68DD9F54-FA8F-44E7-A1EE-5ACB7361D74D"},{"id":"F920FE1E-B2E5-4CB3-B9BB-8E62E7C4926F"},{"id":"79DA62DB-CCF1-4803-8FB5-DFC950DB88F5"},{"id":"9E128A7D-3CE8-42CA-A6DA-3AA14CC14A55"},{"id":"7732D4DE-1383-4D6B-9DCE-A4A4EA3DFE76"},{"id":"480153BA-6471-4C67-B8AF-0577C0651753"},{"id":"47B8BB31-ABAB-4395-934C-9CB774052EB9"}],"row5":[{"toDetailCollection":{"condition0":{"layer0":{"outputAndDisplay_tap":{"layerKey":"layer0","output":{"letter_keys":{"_0":"q"}},"display":"Q"},"isCustomized_tap":true,"withModifier_tap":{}}}},"id":"12A81377-906A-4828-A798-E4DB20F82F63","fromDetail":{"output":{"letter_keys":{"_0":"z"}},"display":"Z"}},{"toDetailCollection":{"condition0":{"layer0":{"isCustomized_tap":true,"outputAndDisplay_tap":{"layerKey":"layer0","output":{"letter_keys":{"_0":"v"}},"display":"V"},"withModifier_tap":{}}}},"id":"23466A87-AE95-45E5-AEA5-0EF54261D3AE","fromDetail":{"display":".","output":{"controls_and_symbols":{"_0":"period"}}}},{"id":"E7DF322B-AE32-44CF-9674-FF1C7F4B8C53","fromDetail":{"output":{"letter_keys":{"_0":"b"}},"display":"B"},"toDetailCollection":{"condition0":{"layer0":{"withModifier_tap":{},"outputAndDisplay_tap":{"layerKey":"layer0","output":{"controls_and_symbols":{"_0":"semicolon"}},"display":";"},"isCustomized_tap":true}}}},{"fromDetail":{"output":{"controls_and_symbols":{"_0":"slash"}},"display":"\/"},"id":"03969C70-722A-40BC-B8AC-821947A21639","toDetailCollection":{"condition0":{"layer0":{"withModifier_tap":{},"outputAndDisplay_tap":{"display":"X","output":{"letter_keys":{"_0":"x"}},"layerKey":"layer0"},"isCustomized_tap":true}}}},{"fromDetail":{"output":{"controls_and_symbols":{"_0":"comma"}},"display":","},"id":"E8569173-9CDD-4408-878B-6F4D8B3755C2","toDetailCollection":{"condition0":{"layer0":{"withModifier_tap":{},"outputAndDisplay_tap":{"layerKey":"layer0","output":{"letter_keys":{"_0":"g"}},"display":"G"},"isCustomized_tap":true}}}},{"fromDetail":{"output":{"letter_keys":{"_0":"x"}},"display":"X"},"id":"AC9C86F5-D1A1-4D32-B757-0482EC72A3F1","toDetailCollection":{"condition0":{"layer0":{"isCustomized_tap":true,"withModifier_tap":{},"outputAndDisplay_tap":{"layerKey":"layer0","output":{"letter_keys":{"_0":"z"}},"display":"Z"}}}}},{"fromDetail":{"display":"V","output":{"letter_keys":{"_0":"v"}}},"toDetailCollection":{"condition0":{"layer0":{"outputAndDisplay_tap":{"output":{"controls_and_symbols":{"_0":"period"}},"layerKey":"layer0","display":"."},"withModifier_tap":{},"isCustomized_tap":true}}},"id":"F346A60F-C4FD-4FB7-9FDB-FAC17294DC03"},{"fromDetail":{"output":{"letter_keys":{"_0":"m"}},"display":"M"},"toDetailCollection":{"condition0":{"layer0":{"withModifier_tap":{},"isCustomized_tap":true,"outputAndDisplay_tap":{"display":"F","output":{"letter_keys":{"_0":"f"}},"layerKey":"layer0"}}}},"id":"71D1098F-D58D-4287-979D-D7177D2DBCBD"},{"id":"4B337B98-E67B-4FEA-A212-D26C9415D1F9","toDetailCollection":{},"fromDetail":{"display":"shift","output":{"modifier_keys":{"_0":"left_shift"}},"isSFSymbol":true},"unitSize":2.25},{"id":"9066C7B8-8841-4FE6-B4A9-00689F815E10","fromDetail":{"output":{"letter_keys":{"_0":"n"}},"display":"N"},"toDetailCollection":{"condition0":{"layer0":{"isCustomized_tap":true,"withModifier_tap":{},"outputAndDisplay_tap":{"output":{"letter_keys":{"_0":"b"}},"layerKey":"layer0","display":"B"}}}}},{"unitSize":2.25,"fromDetail":{"display":"shift","output":{"modifier_keys":{"_0":"right_shift"}},"isSFSymbol":true},"toDetailCollection":{},"id":"ED668265-2526-41E3-B0C6-B4B90F238E27"},{"id":"DFBF8128-3EB1-4A33-9386-314B9CA2B35F","fromDetail":{"display":"C","output":{"letter_keys":{"_0":"c"}}},"toDetailCollection":{"condition0":{"layer0":{"outputAndDisplay_tap":{"layerKey":"layer0","output":{"controls_and_symbols":{"_0":"slash"}},"display":"\/"},"isCustomized_tap":true,"withModifier_tap":{}}}}}],"rowIndex_arrow":{"row6":{}},"arrow_down":{"fromDetail":{"output":{"arrow_keys":{"_0":"down_arrow"}},"display":"arrowtriangle.down.fill","isSFSymbol":true},"toDetailCollection":{},"id":"EB3B048D-31D1-4FD4-ABF8-4CA404DD278E","keyShape":"arrow_Down"}},"tenkeyRows":{"row5":[{"fromDetail":{"output":{"keypad_keys":{"_0":"keypad_3"}},"display":"3"},"toDetailCollection":{},"id":"85CAB698-1909-4E7A-9CC3-05F3F79AAE53"},{"fromDetail":{"display":"1","output":{"keypad_keys":{"_0":"keypad_1"}}},"id":"CC956486-7F4D-4C77-83EA-5E2CE97E8196","toDetailCollection":{}},{"fromDetail":{"isSFSymbol":true,"output":{"keypad_keys":{"_0":"keypad_enter"}},"display":"projective"},"toDetailCollection":{},"id":"D6591BE1-BF3D-4015-9ECA-DF27254FA486","keyShape":"enter_Tenkey"},{"toDetailCollection":{},"id":"B1D383DE-C3D1-471C-B71E-28D38B1598F5","fromDetail":{"output":{"keypad_keys":{"_0":"keypad_2"}},"display":"2"}}],"row6":[{"fromDetail":{"display":".","output":{"keypad_keys":{"_0":"keypad_period"}}},"toDetailCollection":{},"id":"DE18FF5C-BB35-46F9-A89E-CBCC6D3BF159"},{"id":"1F030F29-81F7-4159-90D6-A8982605E46F","unitSize":2,"fromDetail":{"display":"0","output":{"keypad_keys":{"_0":"keypad_0"}}},"toDetailCollection":{}}],"arrow_left":{"id":"7AC0DE53-21AD-44F9-9D90-064EEFA5C2EF","fromDetail":{"isSFSymbol":true,"output":{"arrow_keys":{"_0":"left_arrow"}},"display":"arrowtriangle.left.fill"},"toDetailCollection":{},"keyShape":"arrow_LR"},"idsInOrderRow5":[{"id":"CC956486-7F4D-4C77-83EA-5E2CE97E8196"},{"id":"B1D383DE-C3D1-471C-B71E-28D38B1598F5"},{"id":"85CAB698-1909-4E7A-9CC3-05F3F79AAE53"},{"id":"D6591BE1-BF3D-4015-9ECA-DF27254FA486"}],"row3":[{"id":"28D5396B-9806-4CF3-A4D8-E65927AF50C5","toDetailCollection":{},"fromDetail":{"display":"-","output":{"keypad_keys":{"_0":"keypad_hyphen"}}}},{"id":"998554C2-EFBC-4F6C-A33D-1575B290FC38","fromDetail":{"display":"9","output":{"keypad_keys":{"_0":"keypad_9"}}},"toDetailCollection":{}},{"toDetailCollection":{},"id":"4367494F-771F-4D35-9BE4-0D59E3A5754D","fromDetail":{"output":{"keypad_keys":{"_0":"keypad_8"}},"display":"8"}},{"toDetailCollection":{},"id":"51A64AC9-529D-47A2-BFA7-96682F3A8D0A","fromDetail":{"display":"7","output":{"keypad_keys":{"_0":"keypad_7"}}}}],"enableArrowKeys":false,"arrow_up":{"id":"DA68B4B5-01CB-4885-A386-77D3E6DD036F","toDetailCollection":{},"keyShape":"arrow_Up","fromDetail":{"isSFSymbol":true,"display":"arrowtriangle.up.fill","output":{"arrow_keys":{"_0":"up_arrow"}}}},"row4":[{"fromDetail":{"output":{"keypad_keys":{"_0":"keypad_plus"}},"display":"+"},"toDetailCollection":{},"id":"230D6C36-21C9-4354-9726-B77F8F1F0F2C"},{"id":"D2615CC1-E66C-42E2-978A-6DDA360A9496","fromDetail":{"display":"4","output":{"keypad_keys":{"_0":"keypad_4"}}},"toDetailCollection":{}},{"toDetailCollection":{},"id":"C51D549B-A3AC-4849-A51A-3D4AE8829045","fromDetail":{"output":{"keypad_keys":{"_0":"keypad_5"}},"display":"5"}},{"toDetailCollection":{},"fromDetail":{"display":"6","output":{"keypad_keys":{"_0":"keypad_6"}}},"id":"8871DCF8-50AB-4104-B1FC-66E284D1E442"}],"idsInOrderRow4":[{"id":"D2615CC1-E66C-42E2-978A-6DDA360A9496"},{"id":"C51D549B-A3AC-4849-A51A-3D4AE8829045"},{"id":"8871DCF8-50AB-4104-B1FC-66E284D1E442"},{"id":"230D6C36-21C9-4354-9726-B77F8F1F0F2C"}],"arrow_right":{"fromDetail":{"output":{"arrow_keys":{"_0":"right_arrow"}},"isSFSymbol":true,"display":"arrowtriangle.right.fill"},"keyShape":"arrow_LR","toDetailCollection":{},"id":"6FCBE298-C951-4880-9984-2F145AE964C4"},"row2":[{"toDetailCollection":{},"id":"F7D5B6B5-C1E0-4A8A-8176-694B78B06A30","fromDetail":{"display":"\/","output":{"keypad_keys":{"_0":"keypad_slash"}}}},{"id":"78994501-0733-4312-8BD5-8997093D8249","toDetailCollection":{},"fromDetail":{"output":{"others":{"_0":"clear"}},"display":"clear"}},{"fromDetail":{"output":{"keypad_keys":{"_0":"keypad_asterisk"}},"display":"*"},"id":"7FB5E377-34F4-4685-ABB8-FC8C3B382A04","toDetailCollection":{}},{"id":"35DD3B02-F8EE-462C-8107-9068F29A9F30","fromDetail":{"output":{"keypad_keys":{"_0":"keypad_equal_sign"}},"display":"="},"toDetailCollection":{}}],"rowIndex_arrow":{"row6":{}},"idsInOrderRow1":[{"id":"0404849D-EEC7-467B-89B1-DF8C710F0327"},{"id":"7050BF2A-864D-4A01-BCBE-76459A19B777"},{"id":"1FA3683A-B64D-451E-B952-35D37E4569CC"},{"id":"9C645477-BB4A-4D99-9721-3695AB314555"}],"idsInOrderRow3":[{"id":"51A64AC9-529D-47A2-BFA7-96682F3A8D0A"},{"id":"4367494F-771F-4D35-9BE4-0D59E3A5754D"},{"id":"998554C2-EFBC-4F6C-A33D-1575B290FC38"},{"id":"28D5396B-9806-4CF3-A4D8-E65927AF50C5"}],"arrow_down":{"toDetailCollection":{},"keyShape":"arrow_Down","fromDetail":{"output":{"arrow_keys":{"_0":"down_arrow"}},"display":"arrowtriangle.down.fill","isSFSymbol":true},"id":"63C6B3D7-B237-4A81-B750-EC0DDFFB81CF"},"idsInOrderRow2":[{"id":"78994501-0733-4312-8BD5-8997093D8249"},{"id":"35DD3B02-F8EE-462C-8107-9068F29A9F30"},{"id":"F7D5B6B5-C1E0-4A8A-8176-694B78B06A30"},{"id":"7FB5E377-34F4-4685-ABB8-FC8C3B382A04"}],"row1":[{"fromDetail":{"display":"F19","output":{"function_keys":{"_0":"f19"}}},"toDetailCollection":{},"id":"9C645477-BB4A-4D99-9721-3695AB314555"},{"id":"1FA3683A-B64D-451E-B952-35D37E4569CC","fromDetail":{"output":{"function_keys":{"_0":"f18"}},"display":"F18"},"toDetailCollection":{}},{"id":"7050BF2A-864D-4A01-BCBE-76459A19B777","toDetailCollection":{},"fromDetail":{"display":"F17","output":{"function_keys":{"_0":"f17"}}}},{"id":"0404849D-EEC7-467B-89B1-DF8C710F0327","toDetailCollection":{},"fromDetail":{"output":{"function_keys":{"_0":"f16"}},"display":"F16"}}],"idsInOrderRow6":[{"id":"1F030F29-81F7-4159-90D6-A8982605E46F"},{"id":"DE18FF5C-BB35-46F9-A89E-CBCC6D3BF159"}]},"subRows":{"arrow_left":{"toDetailCollection":{},"id":"4C0566F6-311F-4A5A-9434-496F8F2B5ED2","fromDetail":{"display":"arrowtriangle.left.fill","output":{"arrow_keys":{"_0":"left_arrow"}},"isSFSymbol":true},"keyShape":"arrow_LR"},"row1":[{"id":"2D3C1D3F-F7AF-459C-BABB-541874C8899F","fromDetail":{"output":{"function_keys":{"_0":"f15"}},"display":"F15"},"toDetailCollection":{}},{"fromDetail":{"output":{"function_keys":{"_0":"f14"}},"display":"F14"},"id":"74ACD98A-21DF-4D06-8B61-B3069A475F3A","toDetailCollection":{}},{"fromDetail":{"display":"F13","output":{"function_keys":{"_0":"f13"}}},"toDetailCollection":{},"id":"3FB5BDFB-E7C2-4BF9-A4DD-CCD1789DA1B1"}],"enableArrowKeys":false,"arrow_down":{"toDetailCollection":{},"fromDetail":{"output":{"arrow_keys":{"_0":"down_arrow"}},"display":"arrowtriangle.down.fill","isSFSymbol":true},"keyShape":"arrow_Down","id":"0F7CDE76-6321-47FD-BCF4-6459585AEE18"},"idsInOrderRow1":[{"id":"3FB5BDFB-E7C2-4BF9-A4DD-CCD1789DA1B1"},{"id":"74ACD98A-21DF-4D06-8B61-B3069A475F3A"},{"id":"2D3C1D3F-F7AF-459C-BABB-541874C8899F"}],"row5":[{"id":"DDA65E0C-7717-481D-AC39-8204E6F65F81","toDetailCollection":{},"isSpacer":true,"fromDetail":{"display":"A","output":{"letter_keys":{"_0":"a"}}}},{"toDetailCollection":{},"id":"D2A7D136-E5E7-48AE-9069-1EA6668CA88E","fromDetail":{"isSFSymbol":true,"display":"arrowtriangle.up.fill","output":{"arrow_keys":{"_0":"up_arrow"}}}}],"rowIndex_arrow":{"row6":{}},"idsInOrderRow5":[{"id":"DDA65E0C-7717-481D-AC39-8204E6F65F81"},{"id":"D2A7D136-E5E7-48AE-9069-1EA6668CA88E"}],"row3":[{"fromDetail":{"output":{"controls_and_symbols":{"_0":"delete_forward"}},"display":"delete.right","isSFSymbol":true},"id":"1A6F1A04-65E2-4BCB-A28A-4262602B79E3","toDetailCollection":{}},{"toDetailCollection":{},"id":"5FC9F0F2-453D-47C9-AB5D-F85D0CF62630","fromDetail":{"display":"arrow.down","output":{"arrow_keys":{"_0":"page_down"}},"isSFSymbol":true}},{"toDetailCollection":{},"fromDetail":{"isSFSymbol":true,"display":"arrow.down.to.line","output":{"arrow_keys":{"_0":"end"}}},"id":"FD48F296-4E93-4A76-80CE-9E3B1BEEF206"}],"row4":[],"row2":[{"toDetailCollection":{},"id":"C2EF7725-3E0E-4DBB-92F9-92DEAE2BF8C0","fromDetail":{"display":"arrow.up","output":{"arrow_keys":{"_0":"page_up"}},"isSFSymbol":true}},{"toDetailCollection":{},"id":"75159BC5-2C0D-4C4E-B51A-37746A7C46C2","fromDetail":{"output":{"keys_in_pc_keyboards":{"_0":"insert"}},"isSFSymbol":true,"display":"text.insert"}},{"fromDetail":{"output":{"arrow_keys":{"_0":"home"}},"display":"arrow.up.to.line","isSFSymbol":true},"toDetailCollection":{},"id":"003552F5-4E4C-417F-B177-E89A375BBF47"}],"idsInOrderRow2":[{"id":"75159BC5-2C0D-4C4E-B51A-37746A7C46C2"},{"id":"003552F5-4E4C-417F-B177-E89A375BBF47"},{"id":"C2EF7725-3E0E-4DBB-92F9-92DEAE2BF8C0"}],"idsInOrderRow4":[],"idsInOrderRow3":[{"id":"1A6F1A04-65E2-4BCB-A28A-4262602B79E3"},{"id":"FD48F296-4E93-4A76-80CE-9E3B1BEEF206"},{"id":"5FC9F0F2-453D-47C9-AB5D-F85D0CF62630"}],"arrow_up":{"id":"B023890F-A878-46A5-A4F5-46FB6D56DF28","toDetailCollection":{},"keyShape":"arrow_Up","fromDetail":{"display":"arrowtriangle.up.fill","isSFSymbol":true,"output":{"arrow_keys":{"_0":"up_arrow"}}}},"row6":[{"fromDetail":{"output":{"arrow_keys":{"_0":"down_arrow"}},"display":"arrowtriangle.down.fill","isSFSymbol":true},"toDetailCollection":{},"id":"273B3D68-7E6A-425B-944E-F75A2D1FB437"},{"fromDetail":{"output":{"arrow_keys":{"_0":"right_arrow"}},"display":"arrowtriangle.right.fill","isSFSymbol":true},"id":"0279708D-0DE8-4C8C-B7BB-D950594ADC61","toDetailCollection":{}},{"toDetailCollection":{},"fromDetail":{"display":"arrowtriangle.left.fill","isSFSymbol":true,"output":{"arrow_keys":{"_0":"left_arrow"}}},"id":"42963822-7CF1-4F58-AAA5-D713880D25C4"}],"arrow_right":{"id":"5910027A-BBEC-461C-B182-F34A68837756","keyShape":"arrow_LR","toDetailCollection":{},"fromDetail":{"output":{"arrow_keys":{"_0":"right_arrow"}},"isSFSymbol":true,"display":"arrowtriangle.right.fill"}},"idsInOrderRow6":[{"id":"42963822-7CF1-4F58-AAA5-D713880D25C4"},{"id":"273B3D68-7E6A-425B-944E-F75A2D1FB437"},{"id":"0279708D-0DE8-4C8C-B7BB-D950594ADC61"}]},"sectionDetail":{"section":{"main":{}},"deviceDetail":{"device_name":"mainKeyboard","vendor_id":"vendor_id","is_builtin_keyboard":false,"is_product_id_Enabled":false,"location_id":"location_id","is_location_id_Enabled":false,"product_id":"product_id","is_vendor_id_Enabled":false}}},"keycodeRegion":"ANSI"},"comboCollection":{"condition4":{"layer0":{},"layer1":{},"layer5":{},"layer6":{},"layer2":{},"layer7":{},"layer8":{},"layer3":{},"layer4":{}},"condition9":{"layer1":{},"layer2":{},"layer0":{},"layer4":{},"layer6":{},"layer7":{},"layer8":{},"layer5":{},"layer3":{}},"condition2":{"layer1":{},"layer3":{},"layer5":{},"layer6":{},"layer0":{},"layer2":{},"layer4":{},"layer7":{},"layer8":{}},"condition1":{"layer8":{},"layer3":{},"layer5":{},"layer0":{},"layer7":{},"layer4":{},"layer6":{},"layer2":{},"layer1":{}},"condition7":{"layer7":{},"layer6":{},"layer2":{},"layer0":{},"layer5":{},"layer4":{},"layer8":{},"layer1":{},"layer3":{}},"condition5":{"layer1":{},"layer2":{},"layer6":{},"layer3":{},"layer8":{},"layer4":{},"layer0":{},"layer5":{},"layer7":{}},"condition3":{"layer1":{},"layer8":{},"layer4":{},"layer6":{},"layer2":{},"layer5":{},"layer3":{},"layer7":{},"layer0":{}},"condition6":{"layer4":{},"layer2":{},"layer8":{},"layer6":{},"layer7":{},"layer3":{},"layer5":{},"layer0":{},"layer1":{}},"condition0":{"layer6":{},"layer8":{},"layer7":{},"layer4":{},"layer2":{},"layer3":{},"layer5":{},"layer0":{},"layer1":{}},"condition8":{"layer2":{},"layer4":{},"layer3":{},"layer7":{},"layer8":{},"layer6":{},"layer5":{},"layer0":{},"layer1":{}}}}