{"name":"MTGAP_UK","conditionDetailCollection":{"condition3":{"name":"Condition3","value":"com.vendor.condition3","type":"Application","isEnabled":false},"condition8":{"name":"Condition8","isEnabled":false,"value":"com.vendor.condition8","type":"Application"},"condition9":{"value":"com.vendor.condition9","name":"Condition9","isEnabled":false,"type":"Application"},"condition0":{"name":"Default","value":"com.vendor.condition0","isEnabled":true,"type":"Application"},"condition2":{"isEnabled":false,"type":"Application","name":"Condition2","value":"com.vendor.condition2"},"condition5":{"type":"Application","value":"com.vendor.condition5","name":"Condition5","isEnabled":false},"condition7":{"value":"com.vendor.condition7","isEnabled":false,"name":"Condition7","type":"Application"},"condition1":{"isEnabled":false,"type":"InputSource","value":"ja","name":"Condition1"},"condition4":{"type":"Application","value":"com.vendor.condition4","isEnabled":false,"name":"Condition4"},"condition6":{"value":"com.vendor.condition6","name":"Condition6","type":"Application","isEnabled":false}},"keymap":{"validSections":{"sections":[{"main":{}}]},"main":{"isEnableMain":true,"subRows":{"idsInOrderRow2":[{"id":"12A4826F-A1F5-4425-A416-1ED493C3EE9D"},{"id":"BEF117CF-3D26-405E-854B-1772DE277AEB"},{"id":"2BF4D431-8E5A-454E-BD5B-2104637F31F6"}],"idsInOrderRow5":[{"id":"5CD71E08-987C-45C6-9143-484F4C2CBA6C"},{"id":"FD93F124-3CC8-4CC3-8DE1-1C0F6C81FD64"}],"row3":[{"fromDetail":{"display":"arrow.down","output":{"arrow_keys":{"_0":"page_down"}},"isSFSymbol":true},"toDetailCollection":{},"id":"DDEBF512-68D3-48CC-A9BA-AB5C95D740A9"},{"id":"7E9C6E1C-6F9F-44A3-869C-D66C5EE54C19","fromDetail":{"display":"delete.right","output":{"controls_and_symbols":{"_0":"delete_forward"}},"isSFSymbol":true},"toDetailCollection":{}},{"id":"6A9F4667-3970-4F9F-8456-5D60CB77EFBD","fromDetail":{"output":{"arrow_keys":{"_0":"end"}},"isSFSymbol":true,"display":"arrow.down.to.line"},"toDetailCollection":{}}],"idsInOrderRow4":[],"arrow_down":{"keyShape":"arrow_Down","toDetailCollection":{},"id":"80FCDE6F-C7C4-4BDA-AFCB-A1747CC591A1","fromDetail":{"output":{"arrow_keys":{"_0":"down_arrow"}},"display":"arrowtriangle.down.fill","isSFSymbol":true}},"enableArrowKeys":false,"idsInOrderRow3":[{"id":"7E9C6E1C-6F9F-44A3-869C-D66C5EE54C19"},{"id":"6A9F4667-3970-4F9F-8456-5D60CB77EFBD"},{"id":"DDEBF512-68D3-48CC-A9BA-AB5C95D740A9"}],"rowIndex_arrow":{"row6":{}},"arrow_left":{"id":"7335FB2D-212E-4ECC-BD5D-4F43E9D349EA","toDetailCollection":{},"keyShape":"arrow_LR","fromDetail":{"output":{"arrow_keys":{"_0":"left_arrow"}},"display":"arrowtriangle.left.fill","isSFSymbol":true}},"idsInOrderRow1":[{"id":"462884F1-D15F-45A5-AE2B-3DFB7D51EFD7"},{"id":"DB1CA39F-C1BC-4617-ACF4-8E1B97F75954"},{"id":"73183226-E0D0-4543-8A54-3D6B45867A62"}],"idsInOrderRow6":[{"id":"C01ADA5F-986D-4C78-BF30-A7467FB7F767"},{"id":"0850A93A-BD77-43E9-B46C-EB48EEE1CCE3"},{"id":"D0C1414B-37F7-47CB-93F5-755BFAC32657"}],"row4":[],"row2":[{"id":"2BF4D431-8E5A-454E-BD5B-2104637F31F6","fromDetail":{"display":"arrow.up","isSFSymbol":true,"output":{"arrow_keys":{"_0":"page_up"}}},"toDetailCollection":{}},{"toDetailCollection":{},"id":"BEF117CF-3D26-405E-854B-1772DE277AEB","fromDetail":{"output":{"arrow_keys":{"_0":"home"}},"display":"arrow.up.to.line","isSFSymbol":true}},{"fromDetail":{"display":"text.insert","isSFSymbol":true,"output":{"keys_in_pc_keyboards":{"_0":"insert"}}},"id":"12A4826F-A1F5-4425-A416-1ED493C3EE9D","toDetailCollection":{}}],"row6":[{"id":"0850A93A-BD77-43E9-B46C-EB48EEE1CCE3","fromDetail":{"isSFSymbol":true,"output":{"arrow_keys":{"_0":"down_arrow"}},"display":"arrowtriangle.down.fill"},"toDetailCollection":{}},{"toDetailCollection":{},"fromDetail":{"display":"arrowtriangle.right.fill","output":{"arrow_keys":{"_0":"right_arrow"}},"isSFSymbol":true},"id":"D0C1414B-37F7-47CB-93F5-755BFAC32657"},{"toDetailCollection":{},"id":"C01ADA5F-986D-4C78-BF30-A7467FB7F767","fromDetail":{"display":"arrowtriangle.left.fill","isSFSymbol":true,"output":{"arrow_keys":{"_0":"left_arrow"}}}}],"row5":[{"id":"FD93F124-3CC8-4CC3-8DE1-1C0F6C81FD64","fromDetail":{"output":{"arrow_keys":{"_0":"up_arrow"}},"display":"arrowtriangle.up.fill","isSFSymbol":true},"toDetailCollection":{}},{"fromDetail":{"output":{"letter_keys":{"_0":"a"}},"display":"A"},"isSpacer":true,"toDetailCollection":{},"id":"5CD71E08-987C-45C6-9143-484F4C2CBA6C"}],"row1":[{"id":"DB1CA39F-C1BC-4617-ACF4-8E1B97F75954","fromDetail":{"output":{"function_keys":{"_0":"f14"}},"display":"F14"},"toDetailCollection":{}},{"id":"462884F1-D15F-45A5-AE2B-3DFB7D51EFD7","fromDetail":{"output":{"function_keys":{"_0":"f13"}},"display":"F13"},"toDetailCollection":{}},{"fromDetail":{"display":"F15","output":{"function_keys":{"_0":"f15"}}},"toDetailCollection":{},"id":"73183226-E0D0-4543-8A54-3D6B45867A62"}],"arrow_up":{"id":"3A3BDFB8-BFD1-40BA-B882-442807ECC6CA","keyShape":"arrow_Up","fromDetail":{"output":{"arrow_keys":{"_0":"up_arrow"}},"display":"arrowtriangle.up.fill","isSFSymbol":true},"toDetailCollection":{}},"arrow_right":{"fromDetail":{"isSFSymbol":true,"output":{"arrow_keys":{"_0":"right_arrow"}},"display":"arrowtriangle.right.fill"},"toDetailCollection":{},"keyShape":"arrow_LR","id":"1DE09D7A-EAD1-4474-9009-DA336A7F865C"}},"mainRows":{"idsInOrderRow3":[{"id":"08FBE2EA-CBF0-4390-B820-F3D717528440"},{"id":"99E9065C-4C01-4C3D-AEE6-7C04B3E4FCA6"},{"id":"EF4A9990-723E-4BEA-9FCA-E276A3274027"},{"id":"653AE084-B111-4F46-9E05-4A1F9D6E57BD"},{"id":"C9036728-6CA9-4125-98D1-8C2D23EA9840"},{"id":"00B2F904-06C2-4315-9F3E-4B8949C51E5E"},{"id":"E2BA770F-A261-433F-A8F7-C80C6AD672B6"},{"id":"4339FB78-9935-4C7D-9C4D-AA6A8BCB421A"},{"id":"57C523BE-190B-41D2-AFBF-495832B59E02"},{"id":"FCDFD801-0A52-4B59-81DD-B62BB6F30D3F"},{"id":"32D7FB5B-80D8-4F5C-A606-8D474BA6FD39"},{"id":"CFC97599-D07B-486C-93A6-E203BEFE7482"},{"id":"4A560CE8-233E-4FE1-B7B4-E657F7E24228"},{"id":"6E3F3FF0-FBBB-47E9-B49B-E9AA7BACE467"}],"enableArrowKeys":true,"row1":[{"id":"DBCD6792-5C1C-4B17-9368-648480DD05FD","fromDetail":{"display":"F3","output":{"function_keys":{"_0":"f3"}}},"toDetailCollection":{}},{"fromDetail":{"output":{"function_keys":{"_0":"f2"}},"display":"F2"},"id":"E6C58071-6105-4F75-B76B-04B9DD42BE7E","toDetailCollection":{}},{"id":"1DE769B5-4687-4BF1-8F9C-59B439F35BE2","toDetailCollection":{},"fromDetail":{"output":{"function_keys":{"_0":"f4"}},"display":"F4"}},{"id":"F8813959-E145-41C9-A624-7F2A0190FA42","fromDetail":{"display":"F12","output":{"function_keys":{"_0":"f12"}}},"toDetailCollection":{}},{"fromDetail":{"display":"F7","output":{"function_keys":{"_0":"f7"}}},"toDetailCollection":{},"id":"B17C6843-659B-4708-9997-9B098A85A85F"},{"id":"13099FFF-CD85-4263-9200-91A723A51A2F","fromDetail":{"display":"F9","output":{"function_keys":{"_0":"f9"}}},"toDetailCollection":{}},{"id":"D1EC9FA4-D7B0-4EB1-9B95-2500171DFCF2","fromDetail":{"display":"F8","output":{"function_keys":{"_0":"f8"}}},"toDetailCollection":{}},{"id":"4FB9C174-5BC6-49D6-AEE9-0343161B81F2","fromDetail":{"output":{"function_keys":{"_0":"f1"}},"display":"F1"},"toDetailCollection":{}},{"id":"9FF3E04F-28D9-44AA-B8B0-3D11F621262B","fromDetail":{"display":"F6","output":{"function_keys":{"_0":"f6"}}},"toDetailCollection":{}},{"fromDetail":{"display":"F5","output":{"function_keys":{"_0":"f5"}}},"id":"781A4046-6BDF-4ADE-B903-55C3036A2C50","toDetailCollection":{}},{"id":"0BE3FF67-3B78-4173-B9C4-06F0C56B337A","toDetailCollection":{},"fromDetail":{"display":"escape","isSFSymbol":true,"output":{"controls_and_symbols":{"_0":"escape"}}},"unitSize":1.5},{"id":"D900BFE3-84B5-4760-8968-F35AE4C4AC62","toDetailCollection":{},"fromDetail":{"display":"F11","output":{"function_keys":{"_0":"f11"}}}},{"toDetailCollection":{},"id":"2576711F-D646-4DB4-987E-1CE3C4291B29","fromDetail":{"display":"F10","output":{"function_keys":{"_0":"f10"}}}}],"idsInOrderRow5":[{"id":"1B8132E7-044D-4B7C-AC8A-944C317B130D"},{"id":"B8DC6A75-755A-47C0-99EF-5FE2B250ADFE"},{"id":"F82CEE6F-C449-473F-B95C-605BB302CBF9"},{"id":"2E25F59C-246A-4D39-B960-ECE250BE8B1C"},{"id":"75CDA805-95F4-4DB7-ACAD-F302DEE7BE2E"},{"id":"8B703254-BCBA-409B-882B-F38F32E76E81"},{"id":"53EE57E4-84C3-4E31-9EEB-2C8AE27704D8"},{"id":"784CB3DB-5CD8-4AEC-8410-A68E62DE08E2"},{"id":"2DE1AAB7-3B3F-4E23-8059-D757D7420A6F"},{"id":"40A5B79A-3BF6-40D9-A4BF-638877883F44"},{"id":"CF11ADF9-5DDE-4C5A-B16C-2A2711D54BDB"},{"id":"1EA0EAD5-7029-4B6C-926E-0EDDB5638948"},{"id":"F4A411D8-312F-48CD-B17F-99FCACB26C2D"}],"idsInOrderRow4":[{"id":"4C973A72-6BB6-4B82-BD0F-3FF04CD2D8B6"},{"id":"26AE98FE-CCA1-4551-82E6-60495926C6B6"},{"id":"647D6425-8775-4CA2-9514-60DF4FD1A0FE"},{"id":"BFDE893E-FE43-4CB6-8D99-46CB3D5B36D3"},{"id":"5AF5C53A-7D78-452F-9B99-AAE48BA18F7E"},{"id":"5ABCCD66-BD80-478E-B085-1ACA70E45BDD"},{"id":"B8A7D8B2-2066-48D8-A34C-9BE7F1D83401"},{"id":"3AF343C6-21C9-4B65-B44D-2C6F3949831C"},{"id":"110BD97F-E6AD-4B40-9156-4504F149760E"},{"id":"4DC1A5C9-A8DA-4F4D-AAF2-7F1131992A9F"},{"id":"CE9A7417-92A2-4702-A157-A462CF276B4E"},{"id":"7E5A581F-9B47-40A5-81E0-6A093DB1F357"},{"id":"FB864EF2-5789-4258-9A82-A4E1887371A8"}],"row5":[{"fromDetail":{"output":{"letter_keys":{"_0":"m"}},"display":"M"},"id":"2DE1AAB7-3B3F-4E23-8059-D757D7420A6F","toDetailCollection":{"condition0":{"layer0":{"withModifier_tap":{},"isCustomized_tap":true,"outputAndDisplay_tap":{"display":"F","layerKey":"layer0","output":{"letter_keys":{"_0":"f"}}}}}}},{"id":"8B703254-BCBA-409B-882B-F38F32E76E81","fromDetail":{"display":"V","output":{"letter_keys":{"_0":"v"}}},"toDetailCollection":{"condition0":{"layer0":{"isCustomized_tap":true,"outputAndDisplay_tap":{"layerKey":"layer0","display":".","output":{"controls_and_symbols":{"_0":"period"}}},"withModifier_tap":{}}}}},{"toDetailCollection":{"condition0":{"layer0":{"withModifier_tap":{},"isCustomized_tap":true,"outputAndDisplay_tap":{"layerKey":"layer0","output":{"letter_keys":{"_0":"q"}},"display":"Q"}}}},"fromDetail":{"output":{"letter_keys":{"_0":"z"}},"display":"Z"},"id":"F82CEE6F-C449-473F-B95C-605BB302CBF9"},{"fromDetail":{"isSFSymbol":true,"display":"shift","output":{"modifier_keys":{"_0":"left_shift"}}},"id":"1B8132E7-044D-4B7C-AC8A-944C317B130D","unitSize":1.25,"toDetailCollection":{}},{"toDetailCollection":{},"fromDetail":{"display":"`","output":{"controls_and_symbols":{"_0":"grave_accent"}}},"id":"B8DC6A75-755A-47C0-99EF-5FE2B250ADFE"},{"toDetailCollection":{"condition0":{"layer0":{"isCustomized_tap":true,"outputAndDisplay_tap":{"output":{"letter_keys":{"_0":"g"}},"display":"G","layerKey":"layer0"},"withModifier_tap":{}}}},"id":"40A5B79A-3BF6-40D9-A4BF-638877883F44","fromDetail":{"output":{"controls_and_symbols":{"_0":"comma"}},"display":","}},{"toDetailCollection":{"condition0":{"layer0":{"isCustomized_tap":true,"withModifier_tap":{},"outputAndDisplay_tap":{"output":{"letter_keys":{"_0":"v"}},"layerKey":"layer0","display":"V"}}}},"fromDetail":{"display":".","output":{"controls_and_symbols":{"_0":"period"}}},"id":"CF11ADF9-5DDE-4C5A-B16C-2A2711D54BDB"},{"fromDetail":{"output":{"letter_keys":{"_0":"c"}},"display":"C"},"id":"75CDA805-95F4-4DB7-ACAD-F302DEE7BE2E","toDetailCollection":{"condition0":{"layer0":{"isCustomized_tap":true,"outputAndDisplay_tap":{"display":"\/","layerKey":"layer0","output":{"controls_and_symbols":{"_0":"slash"}}},"withModifier_tap":{}}}}},{"toDetailCollection":{"condition0":{"layer0":{"outputAndDisplay_tap":{"output":{"letter_keys":{"_0":"z"}},"display":"Z","layerKey":"layer0"},"isCustomized_tap":true,"withModifier_tap":{}}}},"id":"2E25F59C-246A-4D39-B960-ECE250BE8B1C","fromDetail":{"display":"X","output":{"letter_keys":{"_0":"x"}}}},{"id":"53EE57E4-84C3-4E31-9EEB-2C8AE27704D8","toDetailCollection":{"condition0":{"layer0":{"withModifier_tap":{},"outputAndDisplay_tap":{"display":";","layerKey":"layer0","output":{"controls_and_symbols":{"_0":"semicolon"}}},"isCustomized_tap":true}}},"fromDetail":{"output":{"letter_keys":{"_0":"b"}},"display":"B"}},{"fromDetail":{"display":"shift","isSFSymbol":true,"output":{"modifier_keys":{"_0":"right_shift"}}},"id":"F4A411D8-312F-48CD-B17F-99FCACB26C2D","toDetailCollection":{},"unitSize":2.25},{"fromDetail":{"output":{"letter_keys":{"_0":"n"}},"display":"N"},"id":"784CB3DB-5CD8-4AEC-8410-A68E62DE08E2","toDetailCollection":{"condition0":{"layer0":{"isCustomized_tap":true,"outputAndDisplay_tap":{"display":"B","output":{"letter_keys":{"_0":"b"}},"layerKey":"layer0"},"withModifier_tap":{}}}}},{"id":"1EA0EAD5-7029-4B6C-926E-0EDDB5638948","fromDetail":{"display":"\/","output":{"controls_and_symbols":{"_0":"slash"}}},"toDetailCollection":{"condition0":{"layer0":{"outputAndDisplay_tap":{"output":{"letter_keys":{"_0":"x"}},"layerKey":"layer0","display":"X"},"withModifier_tap":{},"isCustomized_tap":true}}}}],"idsInOrderRow1":[{"id":"0BE3FF67-3B78-4173-B9C4-06F0C56B337A"},{"id":"4FB9C174-5BC6-49D6-AEE9-0343161B81F2"},{"id":"E6C58071-6105-4F75-B76B-04B9DD42BE7E"},{"id":"DBCD6792-5C1C-4B17-9368-648480DD05FD"},{"id":"1DE769B5-4687-4BF1-8F9C-59B439F35BE2"},{"id":"781A4046-6BDF-4ADE-B903-55C3036A2C50"},{"id":"9FF3E04F-28D9-44AA-B8B0-3D11F621262B"},{"id":"B17C6843-659B-4708-9997-9B098A85A85F"},{"id":"D1EC9FA4-D7B0-4EB1-9B95-2500171DFCF2"},{"id":"13099FFF-CD85-4263-9200-91A723A51A2F"},{"id":"2576711F-D646-4DB4-987E-1CE3C4291B29"},{"id":"D900BFE3-84B5-4760-8968-F35AE4C4AC62"},{"id":"F8813959-E145-41C9-A624-7F2A0190FA42"}],"idsInOrderRow2":[{"id":"44142F5B-F505-4FCA-A032-00D6CEEBC138"},{"id":"27D25DC6-663E-4D7E-B5F3-9FCD8FADC0E8"},{"id":"F65F4E8E-31F0-4573-B113-CE35FBCEBDB7"},{"id":"DCFABE32-80E0-45CB-A01B-0BA1954F0DD9"},{"id":"6F8C764E-0C62-4BB8-87FB-F5D16512B745"},{"id":"692CD40C-2EFF-40B4-8FE0-282639CA8490"},{"id":"2BA57ADD-8537-459E-ACAA-38EB70760F97"},{"id":"A684D2A5-BC92-47D2-867B-2445C00BC367"},{"id":"3BD09530-C7ED-4156-B5D1-E4D4524EA86E"},{"id":"C8BDA6AA-4CEB-4771-9F8B-837C434FDB6E"},{"id":"2A3A4598-83EA-49A2-B31B-615672633C2B"},{"id":"B2B52F0A-01DA-4596-B69D-9F56AC6C2A43"},{"id":"D6DF0A4C-D5F6-47F9-AF88-51744F8BDD03"},{"id":"D43B4960-EACE-4151-A046-7F9B7A17DA01"}],"arrow_down":{"id":"424BCAD1-7D26-424C-B3F1-3C6658245777","fromDetail":{"display":"arrowtriangle.down.fill","isSFSymbol":true,"output":{"arrow_keys":{"_0":"down_arrow"}}},"toDetailCollection":{},"keyShape":"arrow_Down"},"row2":[{"id":"6F8C764E-0C62-4BB8-87FB-F5D16512B745","fromDetail":{"output":{"number_keys":{"_0":"four"}},"display":"4"},"toDetailCollection":{}},{"toDetailCollection":{},"id":"44142F5B-F505-4FCA-A032-00D6CEEBC138","fromDetail":{"display":"§","output":{"controls_and_symbols":{"_0":"section"}}}},{"fromDetail":{"display":"9","output":{"number_keys":{"_0":"nine"}}},"toDetailCollection":{},"id":"C8BDA6AA-4CEB-4771-9F8B-837C434FDB6E"},{"toDetailCollection":{},"id":"DCFABE32-80E0-45CB-A01B-0BA1954F0DD9","fromDetail":{"display":"3","output":{"number_keys":{"_0":"three"}}}},{"id":"B2B52F0A-01DA-4596-B69D-9F56AC6C2A43","toDetailCollection":{},"fromDetail":{"display":"-","output":{"controls_and_symbols":{"_0":"hyphen"}}}},{"toDetailCollection":{},"fromDetail":{"output":{"number_keys":{"_0":"five"}},"display":"5"},"id":"692CD40C-2EFF-40B4-8FE0-282639CA8490"},{"toDetailCollection":{},"fromDetail":{"output":{"number_keys":{"_0":"seven"}},"display":"7"},"id":"A684D2A5-BC92-47D2-867B-2445C00BC367"},{"fromDetail":{"output":{"controls_and_symbols":{"_0":"equal_sign_or_caret"}},"display":"="},"id":"D6DF0A4C-D5F6-47F9-AF88-51744F8BDD03","toDetailCollection":{}},{"toDetailCollection":{},"id":"2BA57ADD-8537-459E-ACAA-38EB70760F97","fromDetail":{"output":{"number_keys":{"_0":"six"}},"display":"6"}},{"id":"D43B4960-EACE-4151-A046-7F9B7A17DA01","unitSize":1.5,"fromDetail":{"output":{"controls_and_symbols":{"_0":"delete_or_backspace"}},"isSFSymbol":true,"display":"delete.left"},"toDetailCollection":{}},{"id":"27D25DC6-663E-4D7E-B5F3-9FCD8FADC0E8","fromDetail":{"output":{"number_keys":{"_0":"one"}},"display":"1"},"toDetailCollection":{}},{"toDetailCollection":{},"id":"2A3A4598-83EA-49A2-B31B-615672633C2B","fromDetail":{"output":{"number_keys":{"_0":"zero"}},"display":"0"}},{"toDetailCollection":{},"id":"3BD09530-C7ED-4156-B5D1-E4D4524EA86E","fromDetail":{"display":"8","output":{"number_keys":{"_0":"eight"}}}},{"id":"F65F4E8E-31F0-4573-B113-CE35FBCEBDB7","fromDetail":{"output":{"number_keys":{"_0":"two"}},"display":"2"},"toDetailCollection":{}}],"arrow_left":{"keyShape":"arrow_LR","id":"2ACA47E4-8497-4058-B607-6A544B165D69","fromDetail":{"display":"arrowtriangle.left.fill","output":{"arrow_keys":{"_0":"left_arrow"}},"isSFSymbol":true},"toDetailCollection":{}},"row3":[{"fromDetail":{"output":{"controls_and_symbols":{"_0":"close_square_bracket"}},"display":"]"},"toDetailCollection":{},"id":"4A560CE8-233E-4FE1-B7B4-E657F7E24228"},{"id":"99E9065C-4C01-4C3D-AEE6-7C04B3E4FCA6","toDetailCollection":{"condition0":{"layer0":{"outputAndDisplay_tap":{"display":"Y","layerKey":"layer0","output":{"letter_keys":{"_0":"y"}}},"isCustomized_tap":true,"withModifier_tap":{}}}},"fromDetail":{"output":{"letter_keys":{"_0":"q"}},"display":"Q"}},{"id":"6E3F3FF0-FBBB-47E9-B49B-E9AA7BACE467","keyShape":"enter_UK","fromDetail":{"display":"return","isSFSymbol":true,"output":{"controls_and_symbols":{"_0":"return_or_enter"}}},"toDetailCollection":{}},{"fromDetail":{"output":{"controls_and_symbols":{"_0":"open_square_bracket"}},"display":"["},"toDetailCollection":{},"id":"CFC97599-D07B-486C-93A6-E203BEFE7482"},{"id":"EF4A9990-723E-4BEA-9FCA-E276A3274027","toDetailCollection":{"condition0":{"layer0":{"isCustomized_tap":true,"outputAndDisplay_tap":{"layerKey":"layer0","display":"P","output":{"letter_keys":{"_0":"p"}}},"withModifier_tap":{}}}},"fromDetail":{"display":"W","output":{"letter_keys":{"_0":"w"}}}},{"toDetailCollection":{"condition0":{"layer0":{"outputAndDisplay_tap":{"output":{"letter_keys":{"_0":"c"}},"display":"C","layerKey":"layer0"},"withModifier_tap":{},"isCustomized_tap":true}}},"id":"FCDFD801-0A52-4B59-81DD-B62BB6F30D3F","fromDetail":{"output":{"letter_keys":{"_0":"o"}},"display":"O"}},{"toDetailCollection":{},"fromDetail":{"output":{"controls_and_symbols":{"_0":"tab"}},"isSFSymbol":true,"display":"arrow.right.to.line"},"unitSize":1.5,"id":"08FBE2EA-CBF0-4390-B820-F3D717528440"},{"id":"57C523BE-190B-41D2-AFBF-495832B59E02","fromDetail":{"output":{"letter_keys":{"_0":"i"}},"display":"I"},"toDetailCollection":{"condition0":{"layer0":{"isCustomized_tap":true,"outputAndDisplay_tap":{"display":"L","layerKey":"layer0","output":{"letter_keys":{"_0":"l"}}},"withModifier_tap":{}}}}},{"toDetailCollection":{"condition0":{"layer0":{"isCustomized_tap":true,"withModifier_tap":{},"outputAndDisplay_tap":{"display":"K","layerKey":"layer0","output":{"letter_keys":{"_0":"k"}}}}}},"id":"E2BA770F-A261-433F-A8F7-C80C6AD672B6","fromDetail":{"output":{"letter_keys":{"_0":"y"}},"display":"Y"}},{"toDetailCollection":{"condition0":{"layer0":{"outputAndDisplay_tap":{"output":{"letter_keys":{"_0":"j"}},"layerKey":"layer0","display":"J"},"isCustomized_tap":true,"withModifier_tap":{}}}},"id":"00B2F904-06C2-4315-9F3E-4B8949C51E5E","fromDetail":{"display":"T","output":{"letter_keys":{"_0":"t"}}}},{"fromDetail":{"output":{"letter_keys":{"_0":"u"}},"display":"U"},"toDetailCollection":{"condition0":{"layer0":{"isCustomized_tap":true,"outputAndDisplay_tap":{"layerKey":"layer0","display":"D","output":{"letter_keys":{"_0":"d"}}},"withModifier_tap":{}}}},"id":"4339FB78-9935-4C7D-9C4D-AA6A8BCB421A"},{"id":"32D7FB5B-80D8-4F5C-A606-8D474BA6FD39","fromDetail":{"output":{"letter_keys":{"_0":"p"}},"display":"P"},"toDetailCollection":{"condition0":{"layer0":{"isCustomized_tap":true,"outputAndDisplay_tap":{"display":"W","output":{"letter_keys":{"_0":"w"}},"layerKey":"layer0"},"withModifier_tap":{}}}}},{"fromDetail":{"output":{"letter_keys":{"_0":"r"}},"display":"R"},"id":"C9036728-6CA9-4125-98D1-8C2D23EA9840","toDetailCollection":{"condition0":{"layer0":{"isCustomized_tap":true,"outputAndDisplay_tap":{"output":{"letter_keys":{"_0":"u"}},"layerKey":"layer0","display":"U"},"withModifier_tap":{}}}}},{"toDetailCollection":{"condition0":{"layer0":{"withModifier_tap":{},"isCustomized_tap":true,"outputAndDisplay_tap":{"layerKey":"layer0","output":{"letter_keys":{"_0":"o"}},"display":"O"}}}},"id":"653AE084-B111-4F46-9E05-4A1F9D6E57BD","fromDetail":{"display":"E","output":{"letter_keys":{"_0":"e"}}}}],"rowIndex_arrow":{"row6":{}},"arrow_up":{"keyShape":"arrow_Up","fromDetail":{"isSFSymbol":true,"output":{"arrow_keys":{"_0":"up_arrow"}},"display":"arrowtriangle.up.fill"},"id":"1616AC1B-FE41-4EBE-95CF-9A09653B5655","toDetailCollection":{}},"arrow_right":{"keyShape":"arrow_LR","fromDetail":{"display":"arrowtriangle.right.fill","isSFSymbol":true,"output":{"arrow_keys":{"_0":"right_arrow"}}},"toDetailCollection":{},"id":"959B0FA1-C646-4FD8-8F70-3E584EEAB0CC"},"row6":[{"fromDetail":{"isSFSymbol":true,"output":{"modifier_keys":{"_0":"left_option"}},"display":"option"},"toDetailCollection":{},"id":"9490350B-DE7C-48BB-94FC-58701D3FD020"},{"id":"B6D55F92-1411-418D-84A7-54AAB7F70677","fromDetail":{"output":{"modifier_keys":{"_0":"left_control"}},"display":"control","isSFSymbol":true},"toDetailCollection":{}},{"fromDetail":{"display":"option","isSFSymbol":true,"output":{"modifier_keys":{"_0":"right_option"}}},"toDetailCollection":{},"id":"06C2E22B-7C78-4AAB-94F8-D190BA62DF4B"},{"id":"399FC80A-D8D6-4F0E-800F-922799FFEF4B","fromDetail":{"isSFSymbol":true,"output":{"modifier_keys":{"_0":"left_command"}},"display":"command"},"unitSize":1.25,"toDetailCollection":{}},{"fromDetail":{"output":{"controls_and_symbols":{"_0":"spacebar"}},"display":"␣"},"toDetailCollection":{},"id":"669280B2-6327-4431-AB32-F2BFFF981B74","unitSize":5},{"id":"B5C331A4-C92A-4718-AC64-7925DE23C73E","fromDetail":{"isSFSymbol":true,"display":"globe","output":{"modifier_keys":{"_0":"keyboard_fn"}}},"toDetailCollection":{}},{"id":"2A74BB5C-E7A6-4C39-B543-70044D27E26B","toDetailCollection":{},"unitSize":1.25,"fromDetail":{"isSFSymbol":true,"output":{"modifier_keys":{"_0":"right_command"}},"display":"command"}}],"row4":[{"fromDetail":{"isSFSymbol":true,"display":"capslock","output":{"modifier_keys":{"_0":"caps_lock"}}},"id":"4C973A72-6BB6-4B82-BD0F-3FF04CD2D8B6","toDetailCollection":{},"unitSize":1.75},{"toDetailCollection":{"condition0":{"layer0":{"isCustomized_tap":true,"withModifier_tap":{},"outputAndDisplay_tap":{"output":{"letter_keys":{"_0":"r"}},"display":"R","layerKey":"layer0"}}}},"fromDetail":{"output":{"controls_and_symbols":{"_0":"semicolon"}},"display":";"},"id":"CE9A7417-92A2-4702-A157-A462CF276B4E"},{"toDetailCollection":{"condition0":{"layer0":{"withModifier_tap":{},"outputAndDisplay_tap":{"layerKey":"layer0","display":"A","output":{"letter_keys":{"_0":"a"}}},"isCustomized_tap":true}}},"fromDetail":{"output":{"letter_keys":{"_0":"f"}},"display":"F"},"id":"5AF5C53A-7D78-452F-9B99-AAE48BA18F7E"},{"toDetailCollection":{"condition0":{"layer0":{"isCustomized_tap":true,"outputAndDisplay_tap":{"output":{"letter_keys":{"_0":"i"}},"display":"I","layerKey":"layer0"},"withModifier_tap":{}}}},"id":"26AE98FE-CCA1-4551-82E6-60495926C6B6","fromDetail":{"display":"A","output":{"letter_keys":{"_0":"a"}}}},{"fromDetail":{"display":"S","output":{"letter_keys":{"_0":"s"}}},"toDetailCollection":{"condition0":{"layer0":{"outputAndDisplay_tap":{"display":"N","output":{"letter_keys":{"_0":"n"}},"layerKey":"layer0"},"isCustomized_tap":true,"withModifier_tap":{}}}},"id":"647D6425-8775-4CA2-9514-60DF4FD1A0FE"},{"toDetailCollection":{"condition0":{"layer0":{"isCustomized_tap":true,"outputAndDisplay_tap":{"output":{"controls_and_symbols":{"_0":"period"}},"display":".","layerKey":"layer0"},"withModifier_tap":{}}}},"fromDetail":{"output":{"letter_keys":{"_0":"g"}},"display":"G"},"id":"5ABCCD66-BD80-478E-B085-1ACA70E45BDD"},{"id":"110BD97F-E6AD-4B40-9156-4504F149760E","fromDetail":{"display":"K","output":{"letter_keys":{"_0":"k"}}},"toDetailCollection":{"condition0":{"layer0":{"outputAndDisplay_tap":{"display":"T","layerKey":"layer0","output":{"letter_keys":{"_0":"t"}}},"withModifier_tap":{},"isCustomized_tap":true}}}},{"fromDetail":{"output":{"letter_keys":{"_0":"l"}},"display":"L"},"id":"4DC1A5C9-A8DA-4F4D-AAF2-7F1131992A9F","toDetailCollection":{"condition0":{"layer0":{"withModifier_tap":{},"outputAndDisplay_tap":{"output":{"letter_keys":{"_0":"s"}},"layerKey":"layer0","display":"S"},"isCustomized_tap":true}}}},{"id":"BFDE893E-FE43-4CB6-8D99-46CB3D5B36D3","fromDetail":{"display":"D","output":{"letter_keys":{"_0":"d"}}},"toDetailCollection":{"condition0":{"layer0":{"withModifier_tap":{},"outputAndDisplay_tap":{"layerKey":"layer0","display":"E","output":{"letter_keys":{"_0":"e"}}},"isCustomized_tap":true}}}},{"id":"B8A7D8B2-2066-48D8-A34C-9BE7F1D83401","toDetailCollection":{"condition0":{"layer0":{"outputAndDisplay_tap":{"output":{"letter_keys":{"_0":"m"}},"layerKey":"layer0","display":"M"},"withModifier_tap":{},"isCustomized_tap":true}}},"fromDetail":{"output":{"letter_keys":{"_0":"h"}},"display":"H"}},{"id":"7E5A581F-9B47-40A5-81E0-6A093DB1F357","fromDetail":{"display":"'","output":{"controls_and_symbols":{"_0":"single_quotation_or_colon"}}},"toDetailCollection":{}},{"toDetailCollection":{"condition0":{"layer0":{"isCustomized_tap":true,"outputAndDisplay_tap":{"output":{"letter_keys":{"_0":"h"}},"display":"H","layerKey":"layer0"},"withModifier_tap":{}}}},"id":"3AF343C6-21C9-4B65-B44D-2C6F3949831C","fromDetail":{"output":{"letter_keys":{"_0":"j"}},"display":"J"}},{"id":"FB864EF2-5789-4258-9A82-A4E1887371A8","fromDetail":{"output":{"controls_and_symbols":{"_0":"backslash_or_yen"}},"display":"\\"},"toDetailCollection":{}}],"idsInOrderRow6":[{"id":"B5C331A4-C92A-4718-AC64-7925DE23C73E"},{"id":"B6D55F92-1411-418D-84A7-54AAB7F70677"},{"id":"9490350B-DE7C-48BB-94FC-58701D3FD020"},{"id":"399FC80A-D8D6-4F0E-800F-922799FFEF4B"},{"id":"669280B2-6327-4431-AB32-F2BFFF981B74"},{"id":"2A74BB5C-E7A6-4C39-B543-70044D27E26B"},{"id":"06C2E22B-7C78-4AAB-94F8-D190BA62DF4B"}]},"tenkeyRows":{"row4":[{"fromDetail":{"display":"+","output":{"keypad_keys":{"_0":"keypad_plus"}}},"toDetailCollection":{},"id":"D50F7C28-3F9B-491A-B30A-1F6D146509A8"},{"fromDetail":{"output":{"keypad_keys":{"_0":"keypad_6"}},"display":"6"},"toDetailCollection":{},"id":"A8F0E929-4F22-435D-BDBB-5EF665118A33"},{"fromDetail":{"display":"4","output":{"keypad_keys":{"_0":"keypad_4"}}},"toDetailCollection":{},"id":"4F4A6819-7A08-4108-BF83-6060AD7A9FF3"},{"fromDetail":{"output":{"keypad_keys":{"_0":"keypad_5"}},"display":"5"},"id":"6995A06D-A057-45CA-B6A8-76261750A66D","toDetailCollection":{}}],"row3":[{"fromDetail":{"output":{"keypad_keys":{"_0":"keypad_hyphen"}},"display":"-"},"id":"6CE16DA9-591F-4476-AB1C-B5205BE12822","toDetailCollection":{}},{"id":"D3D2F047-3C47-45CF-BDE5-00AA04E518CE","fromDetail":{"output":{"keypad_keys":{"_0":"keypad_9"}},"display":"9"},"toDetailCollection":{}},{"fromDetail":{"output":{"keypad_keys":{"_0":"keypad_8"}},"display":"8"},"id":"87ED8AE1-6D37-45A0-A7E4-D9696FC45037","toDetailCollection":{}},{"fromDetail":{"output":{"keypad_keys":{"_0":"keypad_7"}},"display":"7"},"id":"C20B537C-5123-491D-B51B-6011933A14C4","toDetailCollection":{}}],"idsInOrderRow2":[{"id":"7D4ACC37-0D1C-488E-8063-E8B185AEE8EB"},{"id":"8339983F-0B0F-472F-AB7F-5E7327A516E2"},{"id":"AE65E670-E928-4AA5-8796-3C90E86EEC6E"},{"id":"DEC87726-888E-4A49-80DF-21D846053FE7"}],"row5":[{"keyShape":"enter_Tenkey","id":"4540BABE-E500-431E-8ABB-864551EFF55E","toDetailCollection":{},"fromDetail":{"isSFSymbol":true,"output":{"keypad_keys":{"_0":"keypad_enter"}},"display":"projective"}},{"fromDetail":{"output":{"keypad_keys":{"_0":"keypad_3"}},"display":"3"},"toDetailCollection":{},"id":"E5E0E884-909F-4507-B17A-492349831CF0"},{"toDetailCollection":{},"id":"113EFF01-E76C-49D7-AD5F-E8653B4D1679","fromDetail":{"output":{"keypad_keys":{"_0":"keypad_2"}},"display":"2"}},{"id":"75083E11-72B9-4E53-A72F-13B544B6BFC2","fromDetail":{"output":{"keypad_keys":{"_0":"keypad_1"}},"display":"1"},"toDetailCollection":{}}],"idsInOrderRow4":[{"id":"4F4A6819-7A08-4108-BF83-6060AD7A9FF3"},{"id":"6995A06D-A057-45CA-B6A8-76261750A66D"},{"id":"A8F0E929-4F22-435D-BDBB-5EF665118A33"},{"id":"D50F7C28-3F9B-491A-B30A-1F6D146509A8"}],"arrow_up":{"fromDetail":{"output":{"arrow_keys":{"_0":"up_arrow"}},"display":"arrowtriangle.up.fill","isSFSymbol":true},"toDetailCollection":{},"id":"17E4F340-11A5-43CF-A48A-06026F31AA6F","keyShape":"arrow_Up"},"enableArrowKeys":false,"arrow_left":{"id":"D3DBC7E5-F8EF-4155-8D23-C72A8476D96E","fromDetail":{"isSFSymbol":true,"output":{"arrow_keys":{"_0":"left_arrow"}},"display":"arrowtriangle.left.fill"},"keyShape":"arrow_LR","toDetailCollection":{}},"arrow_down":{"toDetailCollection":{},"id":"B07BD05B-51B0-45C4-9E82-0F760595F526","fromDetail":{"display":"arrowtriangle.down.fill","output":{"arrow_keys":{"_0":"down_arrow"}},"isSFSymbol":true},"keyShape":"arrow_Down"},"idsInOrderRow5":[{"id":"75083E11-72B9-4E53-A72F-13B544B6BFC2"},{"id":"113EFF01-E76C-49D7-AD5F-E8653B4D1679"},{"id":"E5E0E884-909F-4507-B17A-492349831CF0"},{"id":"4540BABE-E500-431E-8ABB-864551EFF55E"}],"rowIndex_arrow":{"row6":{}},"arrow_right":{"fromDetail":{"output":{"arrow_keys":{"_0":"right_arrow"}},"isSFSymbol":true,"display":"arrowtriangle.right.fill"},"id":"1BA08ED5-8336-499A-939F-9A505B9388CB","keyShape":"arrow_LR","toDetailCollection":{}},"idsInOrderRow1":[{"id":"58C6D49B-23AA-40A7-AEF0-6A85B27F0C6E"},{"id":"CC77C869-9707-42AC-8719-47B1E776A591"},{"id":"F1012267-E322-4C5D-9219-B68FF597002F"},{"id":"06041EA9-C73A-47B2-9909-4889AD392836"}],"row2":[{"fromDetail":{"output":{"keypad_keys":{"_0":"keypad_slash"}},"display":"\/"},"toDetailCollection":{},"id":"AE65E670-E928-4AA5-8796-3C90E86EEC6E"},{"fromDetail":{"output":{"keypad_keys":{"_0":"keypad_asterisk"}},"display":"*"},"toDetailCollection":{},"id":"DEC87726-888E-4A49-80DF-21D846053FE7"},{"toDetailCollection":{},"id":"8339983F-0B0F-472F-AB7F-5E7327A516E2","fromDetail":{"output":{"keypad_keys":{"_0":"keypad_equal_sign"}},"display":"="}},{"fromDetail":{"output":{"others":{"_0":"clear"}},"display":"clear"},"id":"7D4ACC37-0D1C-488E-8063-E8B185AEE8EB","toDetailCollection":{}}],"idsInOrderRow3":[{"id":"C20B537C-5123-491D-B51B-6011933A14C4"},{"id":"87ED8AE1-6D37-45A0-A7E4-D9696FC45037"},{"id":"D3D2F047-3C47-45CF-BDE5-00AA04E518CE"},{"id":"6CE16DA9-591F-4476-AB1C-B5205BE12822"}],"row6":[{"fromDetail":{"output":{"keypad_keys":{"_0":"keypad_period"}},"display":"."},"toDetailCollection":{},"id":"EAD30214-8300-4D1C-B4D2-41B955359683"},{"toDetailCollection":{},"unitSize":2,"fromDetail":{"output":{"keypad_keys":{"_0":"keypad_0"}},"display":"0"},"id":"4ED37B96-7223-4D6B-B8E2-C755FE905313"}],"idsInOrderRow6":[{"id":"4ED37B96-7223-4D6B-B8E2-C755FE905313"},{"id":"EAD30214-8300-4D1C-B4D2-41B955359683"}],"row1":[{"id":"CC77C869-9707-42AC-8719-47B1E776A591","toDetailCollection":{},"fromDetail":{"output":{"function_keys":{"_0":"f17"}},"display":"F17"}},{"id":"F1012267-E322-4C5D-9219-B68FF597002F","fromDetail":{"output":{"function_keys":{"_0":"f18"}},"display":"F18"},"toDetailCollection":{}},{"fromDetail":{"output":{"function_keys":{"_0":"f19"}},"display":"F19"},"toDetailCollection":{},"id":"06041EA9-C73A-47B2-9909-4889AD392836"},{"id":"58C6D49B-23AA-40A7-AEF0-6A85B27F0C6E","toDetailCollection":{},"fromDetail":{"display":"F16","output":{"function_keys":{"_0":"f16"}}}}]},"isEnableTenkey":false,"sectionDetail":{"deviceDetail":{"is_builtin_keyboard":false,"is_location_id_Enabled":false,"product_id":"product_id","device_name":"mainKeyboard","vendor_id":"vendor_id","is_vendor_id_Enabled":false,"location_id":"location_id","is_product_id_Enabled":false},"section":{"main":{}}},"isEnableSub":false},"other":{"isEnableSub":false,"isEnableMain":true,"mainRows":{"row4":[{"id":"5A669294-96D2-4C59-A6C3-8A073D05BC13","fromDetail":{"display":"6","output":{"keypad_keys":{"_0":"keypad_6"}}},"toDetailCollection":{}},{"toDetailCollection":{},"id":"8449C0C2-92C3-4542-9099-9FE85DE10671","fromDetail":{"output":{"keypad_keys":{"_0":"keypad_5"}},"display":"5"}},{"id":"3FC83C36-58AF-4AB9-86B8-58138E30456F","fromDetail":{"output":{"keypad_keys":{"_0":"keypad_4"}},"display":"4"},"toDetailCollection":{}},{"toDetailCollection":{},"fromDetail":{"display":"+","output":{"keypad_keys":{"_0":"keypad_plus"}}},"id":"641B5848-E770-49A7-92FA-335F56834B79"}],"idsInOrderRow1":[{"id":"4708C658-530C-461A-9BE2-725CAE8FF054"},{"id":"95B519B0-E3D8-464F-851D-9F6FBA8D9A49"},{"id":"D3769959-BA44-4248-9AB8-1C0E47122EB9"},{"id":"F2BFFC96-86B8-40A3-A10A-8990AD704CE1"}],"idsInOrderRow3":[{"id":"78E4AE9D-EB28-4405-A0E8-0282ADBBA483"},{"id":"DDB287D0-0E9E-42A4-9CF9-502D28823CBC"},{"id":"8A8100AE-8E1A-44C5-AF2E-F62D70F818D9"},{"id":"23B31E66-EA09-4B62-ADA9-6C770E84A970"}],"idsInOrderRow4":[{"id":"3FC83C36-58AF-4AB9-86B8-58138E30456F"},{"id":"8449C0C2-92C3-4542-9099-9FE85DE10671"},{"id":"5A669294-96D2-4C59-A6C3-8A073D05BC13"},{"id":"641B5848-E770-49A7-92FA-335F56834B79"}],"rowIndex_arrow":{"row6":{}},"arrow_up":{"id":"170557C2-4BE0-485F-A889-F68CC2BA0859","toDetailCollection":{},"fromDetail":{"isSFSymbol":true,"display":"arrowtriangle.up.fill","output":{"arrow_keys":{"_0":"up_arrow"}}},"keyShape":"arrow_Up"},"idsInOrderRow5":[{"id":"C6A9DCF3-9345-4B42-ADAF-EFC1F4E6FC59"},{"id":"80E40EBC-55DD-49E0-9012-76DD155B627F"},{"id":"694D4834-0B98-4977-BC69-2F13D68C2181"},{"id":"02443A08-5DD8-4F5C-9E09-4319EE274A76"}],"row1":[{"fromDetail":{"output":{"function_keys":{"_0":"f18"}},"display":"F18"},"toDetailCollection":{},"id":"D3769959-BA44-4248-9AB8-1C0E47122EB9"},{"id":"4708C658-530C-461A-9BE2-725CAE8FF054","fromDetail":{"display":"F16","output":{"function_keys":{"_0":"f16"}}},"toDetailCollection":{}},{"id":"F2BFFC96-86B8-40A3-A10A-8990AD704CE1","fromDetail":{"output":{"function_keys":{"_0":"f19"}},"display":"F19"},"toDetailCollection":{}},{"toDetailCollection":{},"fromDetail":{"display":"F17","output":{"function_keys":{"_0":"f17"}}},"id":"95B519B0-E3D8-464F-851D-9F6FBA8D9A49"}],"row6":[{"id":"AE3C85FD-8CCA-4264-89E4-3B419059488B","toDetailCollection":{},"fromDetail":{"output":{"keypad_keys":{"_0":"keypad_period"}},"display":"."}},{"fromDetail":{"display":"0","output":{"keypad_keys":{"_0":"keypad_0"}}},"id":"8163E80E-E991-44CE-851C-57150A8FBFB5","toDetailCollection":{},"unitSize":2}],"arrow_left":{"keyShape":"arrow_LR","id":"E05A5621-56F5-4907-99E7-49EEA39B65E0","toDetailCollection":{},"fromDetail":{"output":{"arrow_keys":{"_0":"left_arrow"}},"isSFSymbol":true,"display":"arrowtriangle.left.fill"}},"idsInOrderRow2":[{"id":"DE46423A-14AD-490F-9B12-1D8A19274953"},{"id":"AF2A0C40-A2B8-47E3-9D4E-BFA185AE2500"},{"id":"848D7ACC-DA18-4A92-8DA0-4FC793C844BA"},{"id":"7FF88094-1CC7-4718-9910-E1A769F1EC8E"}],"arrow_right":{"id":"4C8DDD70-BC95-4377-8DDF-1B4B5754CD60","fromDetail":{"output":{"arrow_keys":{"_0":"right_arrow"}},"isSFSymbol":true,"display":"arrowtriangle.right.fill"},"toDetailCollection":{},"keyShape":"arrow_LR"},"row5":[{"id":"80E40EBC-55DD-49E0-9012-76DD155B627F","fromDetail":{"output":{"keypad_keys":{"_0":"keypad_2"}},"display":"2"},"toDetailCollection":{}},{"id":"694D4834-0B98-4977-BC69-2F13D68C2181","toDetailCollection":{},"fromDetail":{"output":{"keypad_keys":{"_0":"keypad_3"}},"display":"3"}},{"id":"C6A9DCF3-9345-4B42-ADAF-EFC1F4E6FC59","fromDetail":{"display":"1","output":{"keypad_keys":{"_0":"keypad_1"}}},"toDetailCollection":{}},{"id":"02443A08-5DD8-4F5C-9E09-4319EE274A76","keyShape":"enter_Tenkey","fromDetail":{"output":{"keypad_keys":{"_0":"keypad_enter"}},"isSFSymbol":true,"display":"projective"},"toDetailCollection":{}}],"enableArrowKeys":false,"arrow_down":{"keyShape":"arrow_Down","fromDetail":{"display":"arrowtriangle.down.fill","isSFSymbol":true,"output":{"arrow_keys":{"_0":"down_arrow"}}},"toDetailCollection":{},"id":"D464F60D-0D03-49FB-A517-805741B6EF05"},"row3":[{"fromDetail":{"display":"8","output":{"keypad_keys":{"_0":"keypad_8"}}},"toDetailCollection":{},"id":"DDB287D0-0E9E-42A4-9CF9-502D28823CBC"},{"fromDetail":{"display":"9","output":{"keypad_keys":{"_0":"keypad_9"}}},"toDetailCollection":{},"id":"8A8100AE-8E1A-44C5-AF2E-F62D70F818D9"},{"id":"78E4AE9D-EB28-4405-A0E8-0282ADBBA483","fromDetail":{"output":{"keypad_keys":{"_0":"keypad_7"}},"display":"7"},"toDetailCollection":{}},{"id":"23B31E66-EA09-4B62-ADA9-6C770E84A970","fromDetail":{"output":{"keypad_keys":{"_0":"keypad_hyphen"}},"display":"-"},"toDetailCollection":{}}],"idsInOrderRow6":[{"id":"8163E80E-E991-44CE-851C-57150A8FBFB5"},{"id":"AE3C85FD-8CCA-4264-89E4-3B419059488B"}],"row2":[{"toDetailCollection":{},"id":"848D7ACC-DA18-4A92-8DA0-4FC793C844BA","fromDetail":{"output":{"keypad_keys":{"_0":"keypad_slash"}},"display":"\/"}},{"fromDetail":{"display":"*","output":{"keypad_keys":{"_0":"keypad_asterisk"}}},"toDetailCollection":{},"id":"7FF88094-1CC7-4718-9910-E1A769F1EC8E"},{"id":"DE46423A-14AD-490F-9B12-1D8A19274953","fromDetail":{"display":"clear","output":{"others":{"_0":"clear"}}},"toDetailCollection":{}},{"toDetailCollection":{},"id":"AF2A0C40-A2B8-47E3-9D4E-BFA185AE2500","fromDetail":{"output":{"keypad_keys":{"_0":"keypad_equal_sign"}},"display":"="}}]},"tenkeyRows":{"idsInOrderRow1":[{"id":"5C947266-ADCE-49CF-8611-D6B1AD2FFFA8"},{"id":"7737AB29-C82E-4038-8274-0979581136AB"},{"id":"CCC16EFA-64D4-48A0-B487-640ED91FF5BA"},{"id":"FE9611EA-22E8-4A15-A004-6A248B553E9F"}],"idsInOrderRow4":[{"id":"E6EAF7F2-90ED-41E2-9541-7920769F0BAB"},{"id":"402B94A5-F004-4C7E-8250-64C235D2DD25"},{"id":"341E669C-36BA-425D-AEE3-F0675468C368"},{"id":"E5759622-A7C8-4AA0-ACF8-8772667D96AC"}],"row2":[{"toDetailCollection":{},"id":"984C359A-25F9-4F84-B7FF-AA95FAF05A42","fromDetail":{"output":{"keypad_keys":{"_0":"keypad_asterisk"}},"display":"*"}},{"fromDetail":{"output":{"keypad_keys":{"_0":"keypad_slash"}},"display":"\/"},"toDetailCollection":{},"id":"76758BEE-9153-4304-AB65-9BB9B0E1DBFB"},{"toDetailCollection":{},"id":"E357F624-82CE-48CE-BD1A-52039D0F11AC","fromDetail":{"display":"=","output":{"keypad_keys":{"_0":"keypad_equal_sign"}}}},{"fromDetail":{"output":{"others":{"_0":"clear"}},"display":"clear"},"id":"4F7A7C40-C979-4309-9B3C-3CCFA26FA386","toDetailCollection":{}}],"idsInOrderRow6":[{"id":"646724DE-B3B7-454F-8C8C-71FA1C3E9CF7"},{"id":"E4F4EA62-FDA4-4F34-862A-47CEC5685BD4"}],"idsInOrderRow2":[{"id":"4F7A7C40-C979-4309-9B3C-3CCFA26FA386"},{"id":"E357F624-82CE-48CE-BD1A-52039D0F11AC"},{"id":"76758BEE-9153-4304-AB65-9BB9B0E1DBFB"},{"id":"984C359A-25F9-4F84-B7FF-AA95FAF05A42"}],"arrow_right":{"id":"69E86E4B-59D2-43CE-B62D-2A485929BD4B","toDetailCollection":{},"keyShape":"arrow_LR","fromDetail":{"output":{"arrow_keys":{"_0":"right_arrow"}},"isSFSymbol":true,"display":"arrowtriangle.right.fill"}},"row4":[{"toDetailCollection":{},"id":"E5759622-A7C8-4AA0-ACF8-8772667D96AC","fromDetail":{"display":"+","output":{"keypad_keys":{"_0":"keypad_plus"}}}},{"fromDetail":{"output":{"keypad_keys":{"_0":"keypad_6"}},"display":"6"},"toDetailCollection":{},"id":"341E669C-36BA-425D-AEE3-F0675468C368"},{"toDetailCollection":{},"fromDetail":{"output":{"keypad_keys":{"_0":"keypad_5"}},"display":"5"},"id":"402B94A5-F004-4C7E-8250-64C235D2DD25"},{"fromDetail":{"output":{"keypad_keys":{"_0":"keypad_4"}},"display":"4"},"toDetailCollection":{},"id":"E6EAF7F2-90ED-41E2-9541-7920769F0BAB"}],"idsInOrderRow3":[{"id":"17C2E94F-630D-45D7-A1B7-91D57AFA19E3"},{"id":"BFFE997A-FA7A-4548-A356-47B2FBF94B92"},{"id":"CBE9C765-4289-4213-8ADE-A83DD446DD67"},{"id":"B86068CA-2E78-47EF-BECF-84F7C77BEB4E"}],"rowIndex_arrow":{"row6":{}},"row5":[{"id":"FCFADF60-B33D-4E4D-BC56-15E9FB77E404","fromDetail":{"display":"1","output":{"keypad_keys":{"_0":"keypad_1"}}},"toDetailCollection":{}},{"keyShape":"enter_Tenkey","id":"E572DD09-EFCE-473C-BA07-F29C314FF905","toDetailCollection":{},"fromDetail":{"display":"projective","output":{"keypad_keys":{"_0":"keypad_enter"}},"isSFSymbol":true}},{"id":"4920FA0B-24B7-4178-8678-47E3459BAE1E","toDetailCollection":{},"fromDetail":{"output":{"keypad_keys":{"_0":"keypad_3"}},"display":"3"}},{"toDetailCollection":{},"id":"B7068C65-BB40-46AD-8712-A89FE7573E5E","fromDetail":{"output":{"keypad_keys":{"_0":"keypad_2"}},"display":"2"}}],"row3":[{"id":"17C2E94F-630D-45D7-A1B7-91D57AFA19E3","toDetailCollection":{},"fromDetail":{"output":{"keypad_keys":{"_0":"keypad_7"}},"display":"7"}},{"fromDetail":{"display":"8","output":{"keypad_keys":{"_0":"keypad_8"}}},"toDetailCollection":{},"id":"BFFE997A-FA7A-4548-A356-47B2FBF94B92"},{"toDetailCollection":{},"id":"B86068CA-2E78-47EF-BECF-84F7C77BEB4E","fromDetail":{"output":{"keypad_keys":{"_0":"keypad_hyphen"}},"display":"-"}},{"id":"CBE9C765-4289-4213-8ADE-A83DD446DD67","fromDetail":{"output":{"keypad_keys":{"_0":"keypad_9"}},"display":"9"},"toDetailCollection":{}}],"enableArrowKeys":false,"arrow_down":{"toDetailCollection":{},"fromDetail":{"display":"arrowtriangle.down.fill","output":{"arrow_keys":{"_0":"down_arrow"}},"isSFSymbol":true},"keyShape":"arrow_Down","id":"1FED3107-FB22-41A4-BC01-96DD1CB05204"},"idsInOrderRow5":[{"id":"FCFADF60-B33D-4E4D-BC56-15E9FB77E404"},{"id":"B7068C65-BB40-46AD-8712-A89FE7573E5E"},{"id":"4920FA0B-24B7-4178-8678-47E3459BAE1E"},{"id":"E572DD09-EFCE-473C-BA07-F29C314FF905"}],"arrow_up":{"keyShape":"arrow_Up","toDetailCollection":{},"fromDetail":{"output":{"arrow_keys":{"_0":"up_arrow"}},"display":"arrowtriangle.up.fill","isSFSymbol":true},"id":"73C4A34D-8BEE-4E08-A53A-7DCE9926BF03"},"row1":[{"id":"FE9611EA-22E8-4A15-A004-6A248B553E9F","toDetailCollection":{},"fromDetail":{"output":{"function_keys":{"_0":"f19"}},"display":"F19"}},{"toDetailCollection":{},"id":"CCC16EFA-64D4-48A0-B487-640ED91FF5BA","fromDetail":{"output":{"function_keys":{"_0":"f18"}},"display":"F18"}},{"fromDetail":{"output":{"function_keys":{"_0":"f17"}},"display":"F17"},"toDetailCollection":{},"id":"7737AB29-C82E-4038-8274-0979581136AB"},{"toDetailCollection":{},"id":"5C947266-ADCE-49CF-8611-D6B1AD2FFFA8","fromDetail":{"display":"F16","output":{"function_keys":{"_0":"f16"}}}}],"row6":[{"id":"E4F4EA62-FDA4-4F34-862A-47CEC5685BD4","toDetailCollection":{},"fromDetail":{"display":".","output":{"keypad_keys":{"_0":"keypad_period"}}}},{"toDetailCollection":{},"unitSize":2,"id":"646724DE-B3B7-454F-8C8C-71FA1C3E9CF7","fromDetail":{"output":{"keypad_keys":{"_0":"keypad_0"}},"display":"0"}}],"arrow_left":{"keyShape":"arrow_LR","fromDetail":{"isSFSymbol":true,"output":{"arrow_keys":{"_0":"left_arrow"}},"display":"arrowtriangle.left.fill"},"toDetailCollection":{},"id":"1E230AFB-80C6-4C4C-A15F-D3905F868D87"}},"subRows":{"arrow_right":{"toDetailCollection":{},"keyShape":"arrow_LR","fromDetail":{"output":{"arrow_keys":{"_0":"right_arrow"}},"display":"arrowtriangle.right.fill","isSFSymbol":true},"id":"4D10A811-989C-49A6-9096-BCE9235011DE"},"idsInOrderRow5":[{"id":"8B586C82-D3EC-438F-939A-C65CC262346E"},{"id":"E30F249D-1FAE-407A-96AF-F55DCB15095C"}],"idsInOrderRow4":[],"arrow_down":{"toDetailCollection":{},"id":"4D516A3E-1AE3-47D6-87A3-AC7EE8269D47","fromDetail":{"output":{"arrow_keys":{"_0":"down_arrow"}},"display":"arrowtriangle.down.fill","isSFSymbol":true},"keyShape":"arrow_Down"},"row3":[{"toDetailCollection":{},"id":"7EFBD254-F4E6-469C-A57D-BD39AA4260B0","fromDetail":{"output":{"arrow_keys":{"_0":"page_down"}},"display":"arrow.down","isSFSymbol":true}},{"toDetailCollection":{},"id":"0976C6F7-DB48-49A1-889B-888AFA158517","fromDetail":{"isSFSymbol":true,"display":"delete.right","output":{"controls_and_symbols":{"_0":"delete_forward"}}}},{"fromDetail":{"isSFSymbol":true,"display":"arrow.down.to.line","output":{"arrow_keys":{"_0":"end"}}},"id":"4B8EE9FE-69E9-4C98-B955-6020B0EE6CC1","toDetailCollection":{}}],"row5":[{"id":"E30F249D-1FAE-407A-96AF-F55DCB15095C","toDetailCollection":{},"fromDetail":{"output":{"arrow_keys":{"_0":"up_arrow"}},"display":"arrowtriangle.up.fill","isSFSymbol":true}},{"id":"8B586C82-D3EC-438F-939A-C65CC262346E","isSpacer":true,"fromDetail":{"display":"A","output":{"letter_keys":{"_0":"a"}}},"toDetailCollection":{}}],"arrow_up":{"keyShape":"arrow_Up","id":"12B8A791-043B-4108-9789-14F7493DBC39","toDetailCollection":{},"fromDetail":{"output":{"arrow_keys":{"_0":"up_arrow"}},"isSFSymbol":true,"display":"arrowtriangle.up.fill"}},"idsInOrderRow2":[{"id":"FB45EC9C-1D12-4313-B745-65B9F05917A3"},{"id":"D158E9AC-18EA-46D1-8A07-E2470526CFAC"},{"id":"89B36A53-2DC9-402C-8428-0B3C5A9367AC"}],"enableArrowKeys":false,"rowIndex_arrow":{"row6":{}},"arrow_left":{"fromDetail":{"display":"arrowtriangle.left.fill","output":{"arrow_keys":{"_0":"left_arrow"}},"isSFSymbol":true},"keyShape":"arrow_LR","id":"4187A9F1-33F5-4246-BCB8-0E08745100E4","toDetailCollection":{}},"idsInOrderRow1":[{"id":"07B260D2-F5F4-4846-9749-7D3B282339A3"},{"id":"BD4CA294-9A46-4189-9661-EDEBF47D4610"},{"id":"6153BC96-85E8-4A45-8E04-C4EE52B5DFF6"}],"row1":[{"toDetailCollection":{},"fromDetail":{"display":"F14","output":{"function_keys":{"_0":"f14"}}},"id":"BD4CA294-9A46-4189-9661-EDEBF47D4610"},{"fromDetail":{"display":"F13","output":{"function_keys":{"_0":"f13"}}},"toDetailCollection":{},"id":"07B260D2-F5F4-4846-9749-7D3B282339A3"},{"id":"6153BC96-85E8-4A45-8E04-C4EE52B5DFF6","fromDetail":{"output":{"function_keys":{"_0":"f15"}},"display":"F15"},"toDetailCollection":{}}],"idsInOrderRow3":[{"id":"0976C6F7-DB48-49A1-889B-888AFA158517"},{"id":"4B8EE9FE-69E9-4C98-B955-6020B0EE6CC1"},{"id":"7EFBD254-F4E6-469C-A57D-BD39AA4260B0"}],"row2":[{"toDetailCollection":{},"fromDetail":{"display":"text.insert","isSFSymbol":true,"output":{"keys_in_pc_keyboards":{"_0":"insert"}}},"id":"FB45EC9C-1D12-4313-B745-65B9F05917A3"},{"id":"89B36A53-2DC9-402C-8428-0B3C5A9367AC","fromDetail":{"isSFSymbol":true,"display":"arrow.up","output":{"arrow_keys":{"_0":"page_up"}}},"toDetailCollection":{}},{"id":"D158E9AC-18EA-46D1-8A07-E2470526CFAC","toDetailCollection":{},"fromDetail":{"isSFSymbol":true,"output":{"arrow_keys":{"_0":"home"}},"display":"arrow.up.to.line"}}],"row6":[{"id":"E3BFACB5-9E6B-441E-BA7E-F1646A6FAA7C","fromDetail":{"isSFSymbol":true,"output":{"arrow_keys":{"_0":"down_arrow"}},"display":"arrowtriangle.down.fill"},"toDetailCollection":{}},{"fromDetail":{"isSFSymbol":true,"display":"arrowtriangle.right.fill","output":{"arrow_keys":{"_0":"right_arrow"}}},"id":"7EB8F25C-6960-4B87-988B-BB3CC377F206","toDetailCollection":{}},{"fromDetail":{"display":"arrowtriangle.left.fill","isSFSymbol":true,"output":{"arrow_keys":{"_0":"left_arrow"}}},"id":"0037433D-2E3A-4EFD-84E1-9555CA4F875F","toDetailCollection":{}}],"idsInOrderRow6":[{"id":"0037433D-2E3A-4EFD-84E1-9555CA4F875F"},{"id":"E3BFACB5-9E6B-441E-BA7E-F1646A6FAA7C"},{"id":"7EB8F25C-6960-4B87-988B-BB3CC377F206"}],"row4":[]},"sectionDetail":{"deviceDetail":{"location_id":"location_id","device_name":"otherDevice","is_location_id_Enabled":false,"is_builtin_keyboard":false,"vendor_id":"vendor_id","is_vendor_id_Enabled":false,"product_id":"product_id","is_product_id_Enabled":false},"section":{"other":{}}},"isEnableTenkey":false},"mouse":{"subRows":{"idsInOrderRow5":[{"id":"F149E98C-FB2A-4217-9683-7EAF1B7AC214"}],"row1":[{"id":"581DAD31-8C29-4DA5-990C-77A21DA78A09","fromDetail":{"display":"A","output":{"letter_keys":{"_0":"a"}}},"toDetailCollection":{}}],"idsInOrderRow2":[{"id":"ACD981B1-3D91-4B8B-A3F2-4D912090DDBE"}],"arrow_right":{"fromDetail":{"display":"arrowtriangle.right.fill","isSFSymbol":true,"output":{"arrow_keys":{"_0":"right_arrow"}}},"keyShape":"arrow_LR","toDetailCollection":{},"id":"B799C908-5595-4D0B-8756-C0254B202A22"},"idsInOrderRow4":[{"id":"CF692EC5-FAC8-4F3A-9748-DC6072FCD8E0"}],"idsInOrderRow6":[{"id":"2303FC46-9083-499A-97D2-3864D43024A9"}],"arrow_up":{"fromDetail":{"display":"arrowtriangle.up.fill","isSFSymbol":true,"output":{"arrow_keys":{"_0":"up_arrow"}}},"id":"5FECD18F-A5DE-4E36-9E27-5FE7A54B2095","keyShape":"arrow_Up","toDetailCollection":{}},"idsInOrderRow3":[{"id":"43ADBE40-DA1F-42EF-BF1A-479E09A94D39"}],"row2":[{"fromDetail":{"output":{"letter_keys":{"_0":"a"}},"display":"A"},"id":"ACD981B1-3D91-4B8B-A3F2-4D912090DDBE","toDetailCollection":{}}],"enableArrowKeys":false,"arrow_down":{"keyShape":"arrow_Down","id":"8222C2BC-9A07-4757-B69A-2E5368721EC2","fromDetail":{"output":{"arrow_keys":{"_0":"down_arrow"}},"isSFSymbol":true,"display":"arrowtriangle.down.fill"},"toDetailCollection":{}},"idsInOrderRow1":[{"id":"581DAD31-8C29-4DA5-990C-77A21DA78A09"}],"arrow_left":{"fromDetail":{"display":"arrowtriangle.left.fill","isSFSymbol":true,"output":{"arrow_keys":{"_0":"left_arrow"}}},"toDetailCollection":{},"keyShape":"arrow_LR","id":"4DE99743-1CE2-4A7E-966B-3E2DC0FC32A9"},"row4":[{"id":"CF692EC5-FAC8-4F3A-9748-DC6072FCD8E0","fromDetail":{"output":{"letter_keys":{"_0":"a"}},"display":"A"},"toDetailCollection":{}}],"row5":[{"toDetailCollection":{},"id":"F149E98C-FB2A-4217-9683-7EAF1B7AC214","fromDetail":{"output":{"letter_keys":{"_0":"a"}},"display":"A"}}],"rowIndex_arrow":{"row6":{}},"row3":[{"fromDetail":{"display":"A","output":{"letter_keys":{"_0":"a"}}},"id":"43ADBE40-DA1F-42EF-BF1A-479E09A94D39","toDetailCollection":{}}],"row6":[{"id":"2303FC46-9083-499A-97D2-3864D43024A9","fromDetail":{"display":"A","output":{"letter_keys":{"_0":"a"}}},"toDetailCollection":{}}]},"isEnableTenkey":false,"mainRows":{"enableArrowKeys":false,"idsInOrderRow2":[{"id":"30400309-3DF1-4E49-B7C6-464F42804C38"},{"id":"80486754-C6E6-4690-A88A-EB7A43D10620"}],"rowIndex_arrow":{"row6":{}},"arrow_up":{"id":"75721D21-C945-47A3-83BD-3CD9A154050F","keyShape":"arrow_Up","fromDetail":{"output":{"arrow_keys":{"_0":"up_arrow"}},"isSFSymbol":true,"display":"arrowtriangle.up.fill"},"toDetailCollection":{}},"idsInOrderRow1":[{"id":"6F3F9AB7-9F6A-4EAE-A971-A70C48CA353A"},{"id":"21C8AAD5-8985-4F97-A26C-C0D42F15D02E"}],"idsInOrderRow6":[],"idsInOrderRow4":[{"id":"750C7A4A-4B0E-4D94-853A-F54A4BD893CA"}],"row2":[{"toDetailCollection":{},"id":"80486754-C6E6-4690-A88A-EB7A43D10620","fromDetail":{"display":"M click","output":{"mouse_buttons":{"_0":"button3"}}}},{"isSpacer":true,"unitSize":0.5,"id":"30400309-3DF1-4E49-B7C6-464F42804C38","toDetailCollection":{},"fromDetail":{"display":"A","output":{"letter_keys":{"_0":"a"}}}}],"row1":[{"id":"21C8AAD5-8985-4F97-A26C-C0D42F15D02E","toDetailCollection":{},"fromDetail":{"display":"R click","output":{"mouse_buttons":{"_0":"button2"}}}},{"toDetailCollection":{},"id":"6F3F9AB7-9F6A-4EAE-A971-A70C48CA353A","fromDetail":{"display":"L click","output":{"mouse_buttons":{"_0":"button1"}}}}],"idsInOrderRow3":[{"id":"44E828F2-F3FA-4AB7-9C3E-4C8D5C186124"}],"arrow_left":{"id":"B81A6B53-8601-4E62-8CEC-10436016C9AB","toDetailCollection":{},"keyShape":"arrow_LR","fromDetail":{"output":{"arrow_keys":{"_0":"left_arrow"}},"display":"arrowtriangle.left.fill","isSFSymbol":true}},"row6":[],"row5":[],"arrow_down":{"fromDetail":{"output":{"arrow_keys":{"_0":"down_arrow"}},"display":"arrowtriangle.down.fill","isSFSymbol":true},"id":"8F45C87A-DD10-4DEA-ADFF-E14ECCB9E775","keyShape":"arrow_Down","toDetailCollection":{}},"arrow_right":{"keyShape":"arrow_LR","toDetailCollection":{},"id":"33DA596C-54EB-4376-8A3E-128EDDDE2E6F","fromDetail":{"isSFSymbol":true,"output":{"arrow_keys":{"_0":"right_arrow"}},"display":"arrowtriangle.right.fill"}},"row3":[{"isSpacer":true,"toDetailCollection":{},"id":"44E828F2-F3FA-4AB7-9C3E-4C8D5C186124","fromDetail":{"output":{"letter_keys":{"_0":"a"}},"display":"A"}}],"idsInOrderRow5":[],"row4":[{"isSpacer":true,"toDetailCollection":{},"fromDetail":{"display":"A","output":{"letter_keys":{"_0":"a"}}},"id":"750C7A4A-4B0E-4D94-853A-F54A4BD893CA"}]},"sectionDetail":{"deviceDetail":{"product_id":"product_id","vendor_id":"vendor_id","location_id":"location_id","is_vendor_id_Enabled":false,"is_product_id_Enabled":false,"is_builtin_keyboard":false,"is_location_id_Enabled":false,"device_name":"mouse"},"section":{"mouse":{}}},"tenkeyRows":{"row1":[{"fromDetail":{"output":{"letter_keys":{"_0":"a"}},"display":"A"},"toDetailCollection":{},"id":"A122C711-A866-40B5-839E-6E8EA0A43978"}],"idsInOrderRow4":[{"id":"F7127A51-A7E3-4A01-B655-7A248AEC4134"}],"idsInOrderRow3":[{"id":"2D2EF1C3-B73A-4BCA-866E-162696254AA3"}],"rowIndex_arrow":{"row6":{}},"arrow_down":{"keyShape":"arrow_Down","id":"54BBE76C-AA2E-4A60-B501-3E0C51C3D7BB","toDetailCollection":{},"fromDetail":{"display":"arrowtriangle.down.fill","isSFSymbol":true,"output":{"arrow_keys":{"_0":"down_arrow"}}}},"idsInOrderRow2":[{"id":"38C78122-A2D7-4A1B-AD22-3DF7071FA701"}],"arrow_left":{"keyShape":"arrow_LR","toDetailCollection":{},"fromDetail":{"display":"arrowtriangle.left.fill","isSFSymbol":true,"output":{"arrow_keys":{"_0":"left_arrow"}}},"id":"ABF17572-2791-4E22-9662-0F450C1D7932"},"row5":[{"toDetailCollection":{},"id":"16823B4C-9BAA-411F-A3DF-1507D827F87F","fromDetail":{"display":"A","output":{"letter_keys":{"_0":"a"}}}}],"row6":[{"id":"7146034F-DF1B-4249-BE8A-AB54696069F1","fromDetail":{"output":{"letter_keys":{"_0":"a"}},"display":"A"},"toDetailCollection":{}}],"row3":[{"id":"2D2EF1C3-B73A-4BCA-866E-162696254AA3","toDetailCollection":{},"fromDetail":{"output":{"letter_keys":{"_0":"a"}},"display":"A"}}],"enableArrowKeys":false,"idsInOrderRow5":[{"id":"16823B4C-9BAA-411F-A3DF-1507D827F87F"}],"arrow_up":{"toDetailCollection":{},"fromDetail":{"isSFSymbol":true,"output":{"arrow_keys":{"_0":"up_arrow"}},"display":"arrowtriangle.up.fill"},"keyShape":"arrow_Up","id":"71266E2C-3BAD-4498-BC82-6D3C49FF4F25"},"row4":[{"toDetailCollection":{},"id":"F7127A51-A7E3-4A01-B655-7A248AEC4134","fromDetail":{"output":{"letter_keys":{"_0":"a"}},"display":"A"}}],"row2":[{"id":"38C78122-A2D7-4A1B-AD22-3DF7071FA701","toDetailCollection":{},"fromDetail":{"output":{"letter_keys":{"_0":"a"}},"display":"A"}}],"arrow_right":{"fromDetail":{"display":"arrowtriangle.right.fill","isSFSymbol":true,"output":{"arrow_keys":{"_0":"right_arrow"}}},"keyShape":"arrow_LR","id":"661F067A-E9CA-4C3A-A496-2835850F5903","toDetailCollection":{}},"idsInOrderRow6":[{"id":"7146034F-DF1B-4249-BE8A-AB54696069F1"}],"idsInOrderRow1":[{"id":"A122C711-A866-40B5-839E-6E8EA0A43978"}]},"isEnableSub":false,"isEnableMain":true},"keycodeRegion":"ISO"},"displayKeySize":65,"selections":{"layer":"layer0","toTab":"qwertyKeyboard","keyboardKey":{"id":"C562CCCC-D99D-4CF4-874A-6356D7F0D29B","fromDetail":{"output":{"letter_keys":{"_0":"a"}},"display":"A"},"toDetailCollection":{}},"tab":{"remap":{}},"condition":"condition0","toDetail_macro":{"indicator":false,"outputAndDisplay":{"layerKey":"layer0","output":{"letter_keys":{"_0":"a"}},"display":"none"},"id":"D2AADCA0-DD9D-4E00-8EA0-95A93996B034","error":false,"withModifier":{}},"macro":{"dictionary_key":null,"name":"user Macro","toDetailCollection":{"idsInOrderCollection":[],"_collection":[]},"id":"D477A08C-AA25-4AFC-93F4-E01891F227DD"},"combo":{"comboThreshold":50,"toDetail":{},"id":"AE934B3A-8DCA-4ED1-9EDB-2C661D573E37","key_up_order":"insensitive","key_down_order":"insensitive"},"fromTab":{"qwertyKeyboard":{}},"macroTab":{"userMacro":{}},"customOrMacroTab":{"customizeKey":{}}},"comboCollection":{"condition0":{"layer2":{},"layer4":{},"layer1":{},"layer7":{},"layer6":{},"layer8":{},"layer5":{},"layer0":{},"layer3":{}},"condition6":{"layer0":{},"layer8":{},"layer1":{},"layer5":{},"layer7":{},"layer4":{},"layer3":{},"layer2":{},"layer6":{}},"condition8":{"layer1":{},"layer4":{},"layer0":{},"layer5":{},"layer3":{},"layer6":{},"layer7":{},"layer8":{},"layer2":{}},"condition1":{"layer1":{},"layer6":{},"layer0":{},"layer2":{},"layer4":{},"layer5":{},"layer8":{},"layer3":{},"layer7":{}},"condition3":{"layer3":{},"layer2":{},"layer0":{},"layer8":{},"layer1":{},"layer4":{},"layer5":{},"layer6":{},"layer7":{}},"condition4":{"layer4":{},"layer8":{},"layer5":{},"layer7":{},"layer2":{},"layer6":{},"layer3":{},"layer1":{},"layer0":{}},"condition9":{"layer3":{},"layer8":{},"layer1":{},"layer2":{},"layer0":{},"layer6":{},"layer4":{},"layer5":{},"layer7":{}},"condition5":{"layer6":{},"layer7":{},"layer3":{},"layer8":{},"layer4":{},"layer2":{},"layer5":{},"layer0":{},"layer1":{}},"condition7":{"layer2":{},"layer5":{},"layer7":{},"layer4":{},"layer8":{},"layer0":{},"layer3":{},"layer6":{},"layer1":{}},"condition2":{"layer6":{},"layer7":{},"layer8":{},"layer5":{},"layer0":{},"layer4":{},"layer1":{},"layer2":{},"layer3":{}}},"macroCollection":{"idsInOrderCollection":[],"_collection":[]}}