{"keymap":{"other":{"isEnableMain":true,"mainRows":{"row5":[{"id":"160C4691-ACF8-4CF2-B9F7-0125E5666C90","fromDetail":{"output":{"keypad_keys":{"_0":"keypad_2"}},"display":"2"},"toDetailCollection":{}},{"id":"7F4E1CC0-4E7A-484F-B377-7577E21A3430","toDetailCollection":{},"fromDetail":{"output":{"keypad_keys":{"_0":"keypad_1"}},"display":"1"}},{"toDetailCollection":{},"id":"019BE797-8F19-4F34-B0A3-16C8037CDD25","fromDetail":{"output":{"keypad_keys":{"_0":"keypad_3"}},"display":"3"}},{"keyShape":"enter_Tenkey","fromDetail":{"display":"projective","isSFSymbol":true,"output":{"keypad_keys":{"_0":"keypad_enter"}}},"id":"1772035D-7539-4657-8CCE-29C6600CA9A6","toDetailCollection":{}}],"idsInOrderRow3":[{"id":"6ABC34EE-634E-4A37-A1C4-12E27378CC75"},{"id":"42898D38-F466-42B3-B69A-8CD10935104A"},{"id":"4992539F-F7A6-4ED7-A5FE-D972327C6C47"},{"id":"E10A8D48-ECC5-42A8-90F9-E8CC1774CCB6"}],"rowIndex_arrow":{"row6":{}},"arrow_right":{"toDetailCollection":{},"id":"B283EFD6-A50A-4D5F-8517-09D9EAA81464","fromDetail":{"isSFSymbol":true,"output":{"arrow_keys":{"_0":"right_arrow"}},"display":"arrowtriangle.right.fill"},"keyShape":"arrow_LR"},"arrow_left":{"keyShape":"arrow_LR","id":"FC2D5487-D8FC-4C29-8A6E-CFAC6770B431","fromDetail":{"display":"arrowtriangle.left.fill","isSFSymbol":true,"output":{"arrow_keys":{"_0":"left_arrow"}}},"toDetailCollection":{}},"row3":[{"fromDetail":{"output":{"keypad_keys":{"_0":"keypad_hyphen"}},"display":"-"},"toDetailCollection":{},"id":"E10A8D48-ECC5-42A8-90F9-E8CC1774CCB6"},{"id":"4992539F-F7A6-4ED7-A5FE-D972327C6C47","toDetailCollection":{},"fromDetail":{"display":"9","output":{"keypad_keys":{"_0":"keypad_9"}}}},{"id":"42898D38-F466-42B3-B69A-8CD10935104A","fromDetail":{"display":"8","output":{"keypad_keys":{"_0":"keypad_8"}}},"toDetailCollection":{}},{"toDetailCollection":{},"fromDetail":{"display":"7","output":{"keypad_keys":{"_0":"keypad_7"}}},"id":"6ABC34EE-634E-4A37-A1C4-12E27378CC75"}],"arrow_up":{"fromDetail":{"display":"arrowtriangle.up.fill","output":{"arrow_keys":{"_0":"up_arrow"}},"isSFSymbol":true},"id":"0FE90131-9435-46CE-8F62-27D62F37D471","keyShape":"arrow_Up","toDetailCollection":{}},"row4":[{"fromDetail":{"display":"4","output":{"keypad_keys":{"_0":"keypad_4"}}},"toDetailCollection":{},"id":"EE410BCA-8B53-40E0-8A2F-2D4CB70A8A78"},{"id":"E6679083-7036-4DBE-9D30-93D00A228B87","toDetailCollection":{},"fromDetail":{"output":{"keypad_keys":{"_0":"keypad_5"}},"display":"5"}},{"toDetailCollection":{},"id":"38D10725-EE51-4C9C-BF95-81E724B2A364","fromDetail":{"output":{"keypad_keys":{"_0":"keypad_plus"}},"display":"+"}},{"fromDetail":{"output":{"keypad_keys":{"_0":"keypad_6"}},"display":"6"},"toDetailCollection":{},"id":"0144E705-E0ED-4CFC-A5EB-BA5AA94E7CA2"}],"idsInOrderRow2":[{"id":"2DEC50A2-1018-4086-AEA8-963E89767327"},{"id":"8F99EC39-27F6-4581-AB41-CF2BC70E5DBE"},{"id":"FB71B615-AC4B-4FC2-8442-D6C73B32DD9A"},{"id":"E1550533-249D-497D-92E0-27297940CBF0"}],"enableArrowKeys":false,"arrow_down":{"fromDetail":{"display":"arrowtriangle.down.fill","output":{"arrow_keys":{"_0":"down_arrow"}},"isSFSymbol":true},"id":"EB4444F3-9D57-441A-B82D-41E99EC3C2B1","keyShape":"arrow_Down","toDetailCollection":{}},"row1":[{"id":"19BBC411-1635-4FD7-9AC4-485232F5B797","toDetailCollection":{},"fromDetail":{"display":"F17","output":{"function_keys":{"_0":"f17"}}}},{"fromDetail":{"output":{"function_keys":{"_0":"f19"}},"display":"F19"},"toDetailCollection":{},"id":"649BA93F-9C13-483E-BF2F-BE52654ACB23"},{"id":"D43CB438-7B0E-4158-83E4-2A649947C478","fromDetail":{"display":"F16","output":{"function_keys":{"_0":"f16"}}},"toDetailCollection":{}},{"fromDetail":{"output":{"function_keys":{"_0":"f18"}},"display":"F18"},"toDetailCollection":{},"id":"96BE890D-2BE2-4CC5-8DB6-45FE68537E3E"}],"idsInOrderRow4":[{"id":"EE410BCA-8B53-40E0-8A2F-2D4CB70A8A78"},{"id":"E6679083-7036-4DBE-9D30-93D00A228B87"},{"id":"0144E705-E0ED-4CFC-A5EB-BA5AA94E7CA2"},{"id":"38D10725-EE51-4C9C-BF95-81E724B2A364"}],"row6":[{"id":"CEC0F302-AD97-4205-9F60-E064336AD025","fromDetail":{"output":{"keypad_keys":{"_0":"keypad_period"}},"display":"."},"toDetailCollection":{}},{"fromDetail":{"display":"0","output":{"keypad_keys":{"_0":"keypad_0"}}},"toDetailCollection":{},"id":"03163EE2-32EC-4EFA-B13E-C09E5EA2C4C3"},{"toDetailCollection":{},"fromDetail":{"output":{"keypad_keys":{"_0":"keypad_comma"}},"display":","},"id":"C48BC355-C446-41B2-A8CC-076D12E4ADC2"}],"idsInOrderRow5":[{"id":"7F4E1CC0-4E7A-484F-B377-7577E21A3430"},{"id":"160C4691-ACF8-4CF2-B9F7-0125E5666C90"},{"id":"019BE797-8F19-4F34-B0A3-16C8037CDD25"},{"id":"1772035D-7539-4657-8CCE-29C6600CA9A6"}],"row2":[{"fromDetail":{"output":{"keypad_keys":{"_0":"keypad_asterisk"}},"display":"*"},"toDetailCollection":{},"id":"E1550533-249D-497D-92E0-27297940CBF0"},{"toDetailCollection":{},"fromDetail":{"output":{"others":{"_0":"clear"}},"display":"clear"},"id":"2DEC50A2-1018-4086-AEA8-963E89767327"},{"toDetailCollection":{},"id":"8F99EC39-27F6-4581-AB41-CF2BC70E5DBE","fromDetail":{"display":"=","output":{"keypad_keys":{"_0":"keypad_equal_sign"}}}},{"id":"FB71B615-AC4B-4FC2-8442-D6C73B32DD9A","fromDetail":{"display":"\/","output":{"keypad_keys":{"_0":"keypad_slash"}}},"toDetailCollection":{}}],"idsInOrderRow6":[{"id":"03163EE2-32EC-4EFA-B13E-C09E5EA2C4C3"},{"id":"C48BC355-C446-41B2-A8CC-076D12E4ADC2"},{"id":"CEC0F302-AD97-4205-9F60-E064336AD025"}],"idsInOrderRow1":[{"id":"D43CB438-7B0E-4158-83E4-2A649947C478"},{"id":"19BBC411-1635-4FD7-9AC4-485232F5B797"},{"id":"96BE890D-2BE2-4CC5-8DB6-45FE68537E3E"},{"id":"649BA93F-9C13-483E-BF2F-BE52654ACB23"}]},"isEnableSub":false,"isEnableTenkey":false,"subRows":{"rowIndex_arrow":{"row6":{}},"row5":[{"isSpacer":true,"toDetailCollection":{},"id":"9ED363DA-FC12-4E6F-838A-06F1C6566F7C","fromDetail":{"display":"A","output":{"letter_keys":{"_0":"a"}}}},{"fromDetail":{"output":{"arrow_keys":{"_0":"up_arrow"}},"isSFSymbol":true,"display":"arrowtriangle.up.fill"},"id":"BFC57274-F812-423F-B573-A66E093451C5","toDetailCollection":{}}],"idsInOrderRow5":[{"id":"9ED363DA-FC12-4E6F-838A-06F1C6566F7C"},{"id":"BFC57274-F812-423F-B573-A66E093451C5"}],"row6":[{"fromDetail":{"display":"arrowtriangle.right.fill","output":{"arrow_keys":{"_0":"right_arrow"}},"isSFSymbol":true},"toDetailCollection":{},"id":"4ABD6CCB-AF11-4AA2-A425-CC870BF91730"},{"fromDetail":{"display":"arrowtriangle.down.fill","isSFSymbol":true,"output":{"arrow_keys":{"_0":"down_arrow"}}},"toDetailCollection":{},"id":"24BFE1B8-0830-4E7C-A386-162611AD3073"},{"fromDetail":{"output":{"arrow_keys":{"_0":"left_arrow"}},"display":"arrowtriangle.left.fill","isSFSymbol":true},"id":"BC474CE6-EB06-48D3-877E-0C2BAEC5AD42","toDetailCollection":{}}],"idsInOrderRow3":[{"id":"1B17F984-DE8F-4346-AD32-C9C75485A739"},{"id":"0A2D5656-E4C0-4517-8DDF-FAE72FE8D851"},{"id":"4EFCBAD2-401E-4040-BB5A-A7E5BE88CAC2"}],"arrow_up":{"fromDetail":{"output":{"arrow_keys":{"_0":"up_arrow"}},"display":"arrowtriangle.up.fill","isSFSymbol":true},"toDetailCollection":{},"keyShape":"arrow_Up","id":"80825BFE-A383-43B2-84B5-4AF36FFEA2F4"},"arrow_down":{"id":"DD74E058-AB45-46FB-A2DC-DC9A919C01FB","fromDetail":{"display":"arrowtriangle.down.fill","isSFSymbol":true,"output":{"arrow_keys":{"_0":"down_arrow"}}},"keyShape":"arrow_Down","toDetailCollection":{}},"row3":[{"toDetailCollection":{},"fromDetail":{"output":{"arrow_keys":{"_0":"end"}},"isSFSymbol":true,"display":"arrow.down.to.line"},"id":"0A2D5656-E4C0-4517-8DDF-FAE72FE8D851"},{"toDetailCollection":{},"fromDetail":{"output":{"arrow_keys":{"_0":"page_down"}},"display":"arrow.down","isSFSymbol":true},"id":"4EFCBAD2-401E-4040-BB5A-A7E5BE88CAC2"},{"toDetailCollection":{},"id":"1B17F984-DE8F-4346-AD32-C9C75485A739","fromDetail":{"isSFSymbol":true,"output":{"controls_and_symbols":{"_0":"delete_forward"}},"display":"delete.right"}}],"idsInOrderRow6":[{"id":"BC474CE6-EB06-48D3-877E-0C2BAEC5AD42"},{"id":"24BFE1B8-0830-4E7C-A386-162611AD3073"},{"id":"4ABD6CCB-AF11-4AA2-A425-CC870BF91730"}],"row1":[{"id":"68D953C0-AA99-4855-BE04-ED47CC1E7B96","fromDetail":{"display":"F14","output":{"function_keys":{"_0":"f14"}}},"toDetailCollection":{}},{"fromDetail":{"output":{"function_keys":{"_0":"f13"}},"display":"F13"},"id":"D86DEF5C-0830-4DEF-AE47-0DCD5A6FDD64","toDetailCollection":{}},{"id":"D741D874-3A5D-47D6-8301-488B3591CF99","fromDetail":{"display":"F15","output":{"function_keys":{"_0":"f15"}}},"toDetailCollection":{}}],"idsInOrderRow4":[],"enableArrowKeys":false,"idsInOrderRow2":[{"id":"59BE9A74-664B-4B06-BBCF-A42477327407"},{"id":"45911FE3-41CC-4F0D-BB20-B0FD22CE1307"},{"id":"56897E25-DFDB-4EE9-BA31-74B5B778ECDC"}],"arrow_right":{"toDetailCollection":{},"fromDetail":{"output":{"arrow_keys":{"_0":"right_arrow"}},"display":"arrowtriangle.right.fill","isSFSymbol":true},"id":"072A31CF-C7A7-4CD6-942D-BF5A012F6F23","keyShape":"arrow_LR"},"idsInOrderRow1":[{"id":"D86DEF5C-0830-4DEF-AE47-0DCD5A6FDD64"},{"id":"68D953C0-AA99-4855-BE04-ED47CC1E7B96"},{"id":"D741D874-3A5D-47D6-8301-488B3591CF99"}],"arrow_left":{"toDetailCollection":{},"fromDetail":{"output":{"arrow_keys":{"_0":"left_arrow"}},"display":"arrowtriangle.left.fill","isSFSymbol":true},"keyShape":"arrow_LR","id":"E33928BB-AA8C-41C3-B88B-7ED8691F1580"},"row4":[],"row2":[{"fromDetail":{"output":{"arrow_keys":{"_0":"page_up"}},"display":"arrow.up","isSFSymbol":true},"toDetailCollection":{},"id":"56897E25-DFDB-4EE9-BA31-74B5B778ECDC"},{"id":"59BE9A74-664B-4B06-BBCF-A42477327407","fromDetail":{"isSFSymbol":true,"display":"text.insert","output":{"keys_in_pc_keyboards":{"_0":"insert"}}},"toDetailCollection":{}},{"id":"45911FE3-41CC-4F0D-BB20-B0FD22CE1307","fromDetail":{"isSFSymbol":true,"display":"arrow.up.to.line","output":{"arrow_keys":{"_0":"home"}}},"toDetailCollection":{}}]},"tenkeyRows":{"row4":[{"id":"2BCC056E-5A92-4AAF-B1E5-0B9AA98CAEBF","fromDetail":{"display":"+","output":{"keypad_keys":{"_0":"keypad_plus"}}},"toDetailCollection":{}},{"id":"2D730EEF-411A-49D7-9E44-22883022DCC0","toDetailCollection":{},"fromDetail":{"output":{"keypad_keys":{"_0":"keypad_6"}},"display":"6"}},{"fromDetail":{"output":{"keypad_keys":{"_0":"keypad_5"}},"display":"5"},"id":"88A3FC20-FEDF-4487-9905-822FE1BAD042","toDetailCollection":{}},{"id":"A7475AD0-4F64-466F-9FB3-C40BBAE90C45","fromDetail":{"output":{"keypad_keys":{"_0":"keypad_4"}},"display":"4"},"toDetailCollection":{}}],"idsInOrderRow5":[{"id":"28C7D7C5-E858-4878-B78C-7D38B94C9A8A"},{"id":"E32444ED-B85E-469F-8B63-BAFCDC68E7AA"},{"id":"863E425C-8B6F-47F8-B915-F3F083EF760F"},{"id":"DF37065B-0F85-4083-9C61-B044A18EF0DA"}],"row5":[{"keyShape":"enter_Tenkey","fromDetail":{"isSFSymbol":true,"display":"projective","output":{"keypad_keys":{"_0":"keypad_enter"}}},"id":"DF37065B-0F85-4083-9C61-B044A18EF0DA","toDetailCollection":{}},{"toDetailCollection":{},"fromDetail":{"display":"3","output":{"keypad_keys":{"_0":"keypad_3"}}},"id":"863E425C-8B6F-47F8-B915-F3F083EF760F"},{"fromDetail":{"output":{"keypad_keys":{"_0":"keypad_2"}},"display":"2"},"toDetailCollection":{},"id":"E32444ED-B85E-469F-8B63-BAFCDC68E7AA"},{"toDetailCollection":{},"id":"28C7D7C5-E858-4878-B78C-7D38B94C9A8A","fromDetail":{"display":"1","output":{"keypad_keys":{"_0":"keypad_1"}}}}],"idsInOrderRow3":[{"id":"3432DF3E-7D24-482E-8718-2AD62F61FB4A"},{"id":"73FE8CF2-1D94-4FDC-A2E3-03E7CE1E52EE"},{"id":"5DCF4583-742B-4F63-99B1-DD1F723C5FFD"},{"id":"BD7E88D9-0C80-4D97-8487-45A62E3FA75F"}],"row1":[{"toDetailCollection":{},"fromDetail":{"display":"F19","output":{"function_keys":{"_0":"f19"}}},"id":"EF866E8D-1AEA-4D8D-BED3-D69736943FC9"},{"id":"DA8610C3-2DA5-4BA3-BA63-CE8F88B92B2B","fromDetail":{"output":{"function_keys":{"_0":"f17"}},"display":"F17"},"toDetailCollection":{}},{"fromDetail":{"display":"F16","output":{"function_keys":{"_0":"f16"}}},"id":"90B39040-882E-48C3-99A3-CFF9935761ED","toDetailCollection":{}},{"fromDetail":{"output":{"function_keys":{"_0":"f18"}},"display":"F18"},"toDetailCollection":{},"id":"98CCCC65-DCB5-4308-8923-44CCC153BBAC"}],"enableArrowKeys":false,"idsInOrderRow4":[{"id":"A7475AD0-4F64-466F-9FB3-C40BBAE90C45"},{"id":"88A3FC20-FEDF-4487-9905-822FE1BAD042"},{"id":"2D730EEF-411A-49D7-9E44-22883022DCC0"},{"id":"2BCC056E-5A92-4AAF-B1E5-0B9AA98CAEBF"}],"row3":[{"toDetailCollection":{},"fromDetail":{"display":"-","output":{"keypad_keys":{"_0":"keypad_hyphen"}}},"id":"BD7E88D9-0C80-4D97-8487-45A62E3FA75F"},{"fromDetail":{"output":{"keypad_keys":{"_0":"keypad_9"}},"display":"9"},"toDetailCollection":{},"id":"5DCF4583-742B-4F63-99B1-DD1F723C5FFD"},{"fromDetail":{"output":{"keypad_keys":{"_0":"keypad_8"}},"display":"8"},"id":"73FE8CF2-1D94-4FDC-A2E3-03E7CE1E52EE","toDetailCollection":{}},{"fromDetail":{"output":{"keypad_keys":{"_0":"keypad_7"}},"display":"7"},"toDetailCollection":{},"id":"3432DF3E-7D24-482E-8718-2AD62F61FB4A"}],"idsInOrderRow6":[{"id":"FB418258-D6F0-4514-B53A-987A71F2D04D"},{"id":"8EA52013-F804-4A33-BE60-72B6FE1745A3"},{"id":"8BD41BFC-52C1-4354-8664-0E7E2CE37555"}],"arrow_right":{"id":"09670188-2D18-45AF-BD1E-062AED0D934F","fromDetail":{"display":"arrowtriangle.right.fill","output":{"arrow_keys":{"_0":"right_arrow"}},"isSFSymbol":true},"keyShape":"arrow_LR","toDetailCollection":{}},"row6":[{"id":"8BD41BFC-52C1-4354-8664-0E7E2CE37555","fromDetail":{"display":".","output":{"keypad_keys":{"_0":"keypad_period"}}},"toDetailCollection":{}},{"id":"FB418258-D6F0-4514-B53A-987A71F2D04D","fromDetail":{"output":{"keypad_keys":{"_0":"keypad_0"}},"display":"0"},"toDetailCollection":{}},{"id":"8EA52013-F804-4A33-BE60-72B6FE1745A3","fromDetail":{"output":{"keypad_keys":{"_0":"keypad_comma"}},"display":","},"toDetailCollection":{}}],"idsInOrderRow2":[{"id":"4DAE67EE-CDF8-44E7-8DBF-F0BF71226599"},{"id":"AD7887A4-2AE9-451B-AD34-7763B8A669AC"},{"id":"E1DFD031-1DD1-4AE0-A1AD-636F357508EB"},{"id":"EA888149-F6F1-4BC0-840E-FD1A8791F672"}],"arrow_left":{"keyShape":"arrow_LR","id":"7FF28941-F8B8-40C8-9B09-4C81D9BCD85B","toDetailCollection":{},"fromDetail":{"isSFSymbol":true,"output":{"arrow_keys":{"_0":"left_arrow"}},"display":"arrowtriangle.left.fill"}},"idsInOrderRow1":[{"id":"90B39040-882E-48C3-99A3-CFF9935761ED"},{"id":"DA8610C3-2DA5-4BA3-BA63-CE8F88B92B2B"},{"id":"98CCCC65-DCB5-4308-8923-44CCC153BBAC"},{"id":"EF866E8D-1AEA-4D8D-BED3-D69736943FC9"}],"arrow_down":{"keyShape":"arrow_Down","id":"AF55F8C0-743F-4868-A920-9751324B2AAC","toDetailCollection":{},"fromDetail":{"display":"arrowtriangle.down.fill","output":{"arrow_keys":{"_0":"down_arrow"}},"isSFSymbol":true}},"rowIndex_arrow":{"row6":{}},"arrow_up":{"fromDetail":{"isSFSymbol":true,"display":"arrowtriangle.up.fill","output":{"arrow_keys":{"_0":"up_arrow"}}},"keyShape":"arrow_Up","toDetailCollection":{},"id":"6410AB63-75F6-4AF9-89DE-B1960B03B9E2"},"row2":[{"fromDetail":{"display":"*","output":{"keypad_keys":{"_0":"keypad_asterisk"}}},"id":"EA888149-F6F1-4BC0-840E-FD1A8791F672","toDetailCollection":{}},{"toDetailCollection":{},"id":"E1DFD031-1DD1-4AE0-A1AD-636F357508EB","fromDetail":{"output":{"keypad_keys":{"_0":"keypad_slash"}},"display":"\/"}},{"fromDetail":{"output":{"keypad_keys":{"_0":"keypad_equal_sign"}},"display":"="},"toDetailCollection":{},"id":"AD7887A4-2AE9-451B-AD34-7763B8A669AC"},{"toDetailCollection":{},"id":"4DAE67EE-CDF8-44E7-8DBF-F0BF71226599","fromDetail":{"display":"clear","output":{"others":{"_0":"clear"}}}}]},"sectionDetail":{"section":{"other":{}},"deviceDetail":{"vendor_id":"vendor_id","is_vendor_id_Enabled":false,"is_builtin_keyboard":false,"device_name":"otherDevice","is_product_id_Enabled":false,"is_location_id_Enabled":false,"location_id":"location_id","product_id":"product_id"}}},"validSections":{"sections":[{"main":{}}]},"main":{"sectionDetail":{"deviceDetail":{"device_name":"mainKeyboard","is_vendor_id_Enabled":false,"vendor_id":"vendor_id","is_product_id_Enabled":false,"product_id":"product_id","is_location_id_Enabled":false,"location_id":"location_id","is_builtin_keyboard":false},"section":{"main":{}}},"subRows":{"arrow_up":{"id":"39F07528-6E2A-4E60-9872-6C09AAE971C5","keyShape":"arrow_Up","fromDetail":{"output":{"arrow_keys":{"_0":"up_arrow"}},"display":"arrowtriangle.up.fill","isSFSymbol":true},"toDetailCollection":{}},"idsInOrderRow1":[{"id":"A606B29F-6B58-4AAC-86AF-CA6E1388B227"},{"id":"DA6EBC5A-EB0B-47A3-8922-7365F7A3E625"},{"id":"7432E688-9A60-4EDB-9525-C811795B61D0"}],"arrow_left":{"keyShape":"arrow_LR","fromDetail":{"display":"arrowtriangle.left.fill","isSFSymbol":true,"output":{"arrow_keys":{"_0":"left_arrow"}}},"toDetailCollection":{},"id":"BB47C172-51A4-4FB9-8FEB-6DFDC80BE521"},"idsInOrderRow3":[{"id":"EA96975A-226A-4EF2-B644-E33B4A9452EA"},{"id":"4D79B2DC-A4FD-4B43-B80A-91043798F02E"},{"id":"06A6AC1C-F606-4248-B765-405B1BA26109"}],"row2":[{"fromDetail":{"isSFSymbol":true,"output":{"keys_in_pc_keyboards":{"_0":"insert"}},"display":"text.insert"},"toDetailCollection":{},"id":"820A72AC-933C-4892-BB88-D0708982F5BF"},{"id":"288608A3-265C-482D-A4D4-056FE6032261","toDetailCollection":{},"fromDetail":{"isSFSymbol":true,"output":{"arrow_keys":{"_0":"page_up"}},"display":"arrow.up"}},{"toDetailCollection":{},"id":"E8DE7CCF-C804-448D-9853-88AF41D83280","fromDetail":{"isSFSymbol":true,"display":"arrow.up.to.line","output":{"arrow_keys":{"_0":"home"}}}}],"row3":[{"fromDetail":{"output":{"arrow_keys":{"_0":"page_down"}},"display":"arrow.down","isSFSymbol":true},"id":"06A6AC1C-F606-4248-B765-405B1BA26109","toDetailCollection":{}},{"id":"4D79B2DC-A4FD-4B43-B80A-91043798F02E","fromDetail":{"display":"arrow.down.to.line","output":{"arrow_keys":{"_0":"end"}},"isSFSymbol":true},"toDetailCollection":{}},{"fromDetail":{"isSFSymbol":true,"output":{"controls_and_symbols":{"_0":"delete_forward"}},"display":"delete.right"},"toDetailCollection":{},"id":"EA96975A-226A-4EF2-B644-E33B4A9452EA"}],"idsInOrderRow4":[],"rowIndex_arrow":{"row6":{}},"row6":[{"toDetailCollection":{},"id":"C8EF7A18-499E-4AE1-9B9C-D33780A4697B","fromDetail":{"display":"arrowtriangle.right.fill","output":{"arrow_keys":{"_0":"right_arrow"}},"isSFSymbol":true}},{"id":"30290F90-8E2A-4D0F-9835-FCE76772BF16","fromDetail":{"display":"arrowtriangle.down.fill","isSFSymbol":true,"output":{"arrow_keys":{"_0":"down_arrow"}}},"toDetailCollection":{}},{"toDetailCollection":{},"fromDetail":{"isSFSymbol":true,"output":{"arrow_keys":{"_0":"left_arrow"}},"display":"arrowtriangle.left.fill"},"id":"0996B228-DEB0-4B62-AD67-E191F8BDAD11"}],"row4":[],"arrow_down":{"id":"39C97F2A-5493-40AA-8693-9721DDEEC4B1","keyShape":"arrow_Down","fromDetail":{"isSFSymbol":true,"output":{"arrow_keys":{"_0":"down_arrow"}},"display":"arrowtriangle.down.fill"},"toDetailCollection":{}},"enableArrowKeys":false,"idsInOrderRow2":[{"id":"820A72AC-933C-4892-BB88-D0708982F5BF"},{"id":"E8DE7CCF-C804-448D-9853-88AF41D83280"},{"id":"288608A3-265C-482D-A4D4-056FE6032261"}],"idsInOrderRow6":[{"id":"0996B228-DEB0-4B62-AD67-E191F8BDAD11"},{"id":"30290F90-8E2A-4D0F-9835-FCE76772BF16"},{"id":"C8EF7A18-499E-4AE1-9B9C-D33780A4697B"}],"arrow_right":{"keyShape":"arrow_LR","id":"CB925E77-818B-40AD-99AC-277D2C63D6BA","fromDetail":{"display":"arrowtriangle.right.fill","output":{"arrow_keys":{"_0":"right_arrow"}},"isSFSymbol":true},"toDetailCollection":{}},"idsInOrderRow5":[{"id":"0EDD8E2C-8E67-480D-95FA-CB199E859683"},{"id":"E2EBAE01-BE14-434A-BABA-BA571A820F7D"}],"row1":[{"id":"7432E688-9A60-4EDB-9525-C811795B61D0","fromDetail":{"output":{"function_keys":{"_0":"f15"}},"display":"F15"},"toDetailCollection":{}},{"id":"DA6EBC5A-EB0B-47A3-8922-7365F7A3E625","toDetailCollection":{},"fromDetail":{"output":{"function_keys":{"_0":"f14"}},"display":"F14"}},{"id":"A606B29F-6B58-4AAC-86AF-CA6E1388B227","fromDetail":{"output":{"function_keys":{"_0":"f13"}},"display":"F13"},"toDetailCollection":{}}],"row5":[{"toDetailCollection":{},"fromDetail":{"display":"arrowtriangle.up.fill","output":{"arrow_keys":{"_0":"up_arrow"}},"isSFSymbol":true},"id":"E2EBAE01-BE14-434A-BABA-BA571A820F7D"},{"fromDetail":{"output":{"letter_keys":{"_0":"a"}},"display":"A"},"id":"0EDD8E2C-8E67-480D-95FA-CB199E859683","isSpacer":true,"toDetailCollection":{}}]},"mainRows":{"rowIndex_arrow":{"row6":{}},"arrow_down":{"toDetailCollection":{},"keyShape":"arrow_Down","id":"69F0D7B5-606F-44AD-904A-86AF26C7C8E5","fromDetail":{"output":{"arrow_keys":{"_0":"down_arrow"}},"display":"arrowtriangle.down.fill","isSFSymbol":true}},"idsInOrderRow2":[{"id":"5E00A512-8A3F-46A9-9CF5-96EC6E2A88F6"},{"id":"F23428D8-FD18-4521-9C52-0FEBB1D39A3D"},{"id":"F8FC0A6D-D817-4C60-B0FE-DC9646E528D5"},{"id":"75FD9835-4A7F-4432-9DA6-B18828AE837B"},{"id":"760FBF18-777C-4669-9885-329366552B96"},{"id":"93CB4124-B5BD-4BEE-AD6A-9CECA6152247"},{"id":"54229821-1EFF-483D-B9F2-C95264CAB07A"},{"id":"6064CDBF-14D6-47CF-875A-CD89C8C14E8F"},{"id":"9E1B5666-5761-4BBE-AEE2-735C2DB94179"},{"id":"5C0A4231-B01E-413F-978B-340615616121"},{"id":"DD12D204-9DB0-4F64-977F-D175FD9E6432"},{"id":"DC0C776A-DC18-4390-87AE-7380BC83204A"},{"id":"C5EB434A-9BE4-442B-9C0F-DD9FD526DB5B"},{"id":"0597EF05-E6C2-419B-B0FE-1AA182E72FF7"}],"row2":[{"id":"C5EB434A-9BE4-442B-9C0F-DD9FD526DB5B","fromDetail":{"display":"\\","output":{"international_keys":{"_0":"international3"}}},"toDetailCollection":{}},{"id":"6064CDBF-14D6-47CF-875A-CD89C8C14E8F","fromDetail":{"output":{"number_keys":{"_0":"eight"}},"display":"8"},"toDetailCollection":{}},{"fromDetail":{"display":"3","output":{"number_keys":{"_0":"three"}}},"id":"F8FC0A6D-D817-4C60-B0FE-DC9646E528D5","toDetailCollection":{}},{"unitSize":1.25,"id":"0597EF05-E6C2-419B-B0FE-1AA182E72FF7","fromDetail":{"output":{"controls_and_symbols":{"_0":"delete_or_backspace"}},"isSFSymbol":true,"display":"delete.left"},"toDetailCollection":{}},{"id":"DC0C776A-DC18-4390-87AE-7380BC83204A","toDetailCollection":{},"fromDetail":{"output":{"controls_and_symbols":{"_0":"equal_sign_or_caret"}},"display":"^"}},{"fromDetail":{"display":"0","output":{"number_keys":{"_0":"zero"}}},"toDetailCollection":{},"id":"5C0A4231-B01E-413F-978B-340615616121"},{"id":"760FBF18-777C-4669-9885-329366552B96","fromDetail":{"display":"5","output":{"number_keys":{"_0":"five"}}},"toDetailCollection":{}},{"id":"75FD9835-4A7F-4432-9DA6-B18828AE837B","fromDetail":{"display":"4","output":{"number_keys":{"_0":"four"}}},"toDetailCollection":{}},{"fromDetail":{"output":{"controls_and_symbols":{"_0":"hyphen"}},"display":"-"},"toDetailCollection":{},"id":"DD12D204-9DB0-4F64-977F-D175FD9E6432"},{"id":"93CB4124-B5BD-4BEE-AD6A-9CECA6152247","fromDetail":{"display":"6","output":{"number_keys":{"_0":"six"}}},"toDetailCollection":{}},{"id":"9E1B5666-5761-4BBE-AEE2-735C2DB94179","fromDetail":{"output":{"number_keys":{"_0":"nine"}},"display":"9"},"toDetailCollection":{}},{"fromDetail":{"output":{"number_keys":{"_0":"two"}},"display":"2"},"toDetailCollection":{},"id":"F23428D8-FD18-4521-9C52-0FEBB1D39A3D"},{"unitSize":1.25,"toDetailCollection":{},"fromDetail":{"output":{"number_keys":{"_0":"one"}},"display":"1"},"id":"5E00A512-8A3F-46A9-9CF5-96EC6E2A88F6"},{"id":"54229821-1EFF-483D-B9F2-C95264CAB07A","toDetailCollection":{},"fromDetail":{"output":{"number_keys":{"_0":"seven"}},"display":"7"}}],"row1":[{"toDetailCollection":{},"fromDetail":{"output":{"controls_and_symbols":{"_0":"escape"}},"display":"escape","isSFSymbol":true},"unitSize":1.5,"id":"023716A2-353B-4271-AAE6-2A676C62EBD0"},{"fromDetail":{"display":"F1","output":{"function_keys":{"_0":"f1"}}},"id":"4AE502B9-8A69-44C2-8C46-2412A312A18E","toDetailCollection":{}},{"id":"3D7A33E9-83B1-4CDD-B5E1-78463FB2A89E","fromDetail":{"display":"F2","output":{"function_keys":{"_0":"f2"}}},"toDetailCollection":{}},{"fromDetail":{"output":{"function_keys":{"_0":"f3"}},"display":"F3"},"id":"9C3724CF-E2BD-4BD6-B556-D643C9E68FB5","toDetailCollection":{}},{"fromDetail":{"display":"F4","output":{"function_keys":{"_0":"f4"}}},"id":"92ECCD21-0B62-468A-B583-397A0AAEEC38","toDetailCollection":{}},{"id":"980171E5-D930-4A2D-80D7-BDE8CF322957","fromDetail":{"display":"F5","output":{"function_keys":{"_0":"f5"}}},"toDetailCollection":{}},{"fromDetail":{"display":"F6","output":{"function_keys":{"_0":"f6"}}},"toDetailCollection":{},"id":"C88C89C1-0024-4679-8F6A-3D94B489549F"},{"fromDetail":{"display":"F7","output":{"function_keys":{"_0":"f7"}}},"toDetailCollection":{},"id":"797717A3-2C92-4C09-8C99-A99884C090D2"},{"id":"93C043A9-9718-497A-9942-81A1A900CD82","toDetailCollection":{},"fromDetail":{"display":"F8","output":{"function_keys":{"_0":"f8"}}}},{"fromDetail":{"output":{"function_keys":{"_0":"f9"}},"display":"F9"},"id":"84A13F0F-B816-465F-972D-2A0EFA8D1EB3","toDetailCollection":{}},{"id":"CCD3990E-497A-4934-A3F9-9FA628B64EAF","fromDetail":{"output":{"function_keys":{"_0":"f10"}},"display":"F10"},"toDetailCollection":{}},{"id":"02659E41-AB46-4757-B8DD-42DD5143E86F","fromDetail":{"output":{"function_keys":{"_0":"f11"}},"display":"F11"},"toDetailCollection":{}},{"id":"C12D8E77-1398-4765-861B-ADC0C1B2D1BC","toDetailCollection":{},"fromDetail":{"output":{"function_keys":{"_0":"f12"}},"display":"F12"}}],"row5":[{"id":"720B8EDE-CF88-4DD6-991F-0710A897D093","fromDetail":{"output":{"letter_keys":{"_0":"n"}},"display":"N"},"toDetailCollection":{"condition0":{"layer0":{"isCustomized_tap":true,"outputAndDisplay_tap":{"display":"B","layerKey":"layer0","output":{"letter_keys":{"_0":"b"}}},"withModifier_tap":{}}}}},{"id":"78AB9619-3B22-44E0-BC29-9655C618CA6C","fromDetail":{"output":{"controls_and_symbols":{"_0":"slash"}},"display":"\/"},"toDetailCollection":{"condition0":{"layer0":{"isCustomized_tap":true,"outputAndDisplay_tap":{"display":"X","layerKey":"layer0","output":{"letter_keys":{"_0":"x"}}},"withModifier_tap":{}}}}},{"toDetailCollection":{"condition0":{"layer0":{"outputAndDisplay_tap":{"output":{"letter_keys":{"_0":"v"}},"display":"V","layerKey":"layer0"},"withModifier_tap":{},"isCustomized_tap":true}}},"fromDetail":{"output":{"controls_and_symbols":{"_0":"period"}},"display":"."},"id":"C86BB336-1B53-4DAC-B88B-6835897AA4D8"},{"fromDetail":{"isSFSymbol":true,"output":{"modifier_keys":{"_0":"left_shift"}},"display":"shift"},"id":"FB7EA17C-B8B6-4A75-AF98-F47DD9F65CEE","toDetailCollection":{},"unitSize":1.75},{"toDetailCollection":{"condition0":{"layer0":{"isCustomized_tap":true,"withModifier_tap":{},"outputAndDisplay_tap":{"display":";","layerKey":"layer0","output":{"controls_and_symbols":{"_0":"semicolon"}}}}}},"fromDetail":{"display":"B","output":{"letter_keys":{"_0":"b"}}},"id":"6805DFEE-023B-4CA7-9CA8-C9EC0B9F00EB"},{"fromDetail":{"display":"M","output":{"letter_keys":{"_0":"m"}}},"id":"B954C387-8213-42F8-9A41-B4469D0B79E5","toDetailCollection":{"condition0":{"layer0":{"outputAndDisplay_tap":{"output":{"letter_keys":{"_0":"f"}},"display":"F","layerKey":"layer0"},"isCustomized_tap":true,"withModifier_tap":{}}}}},{"id":"20F887EE-756A-4382-9B5F-FA4A0AD00853","fromDetail":{"display":"V","output":{"letter_keys":{"_0":"v"}}},"toDetailCollection":{"condition0":{"layer0":{"isCustomized_tap":true,"outputAndDisplay_tap":{"layerKey":"layer0","display":".","output":{"controls_and_symbols":{"_0":"period"}}},"withModifier_tap":{}}}}},{"toDetailCollection":{},"id":"A86A299D-D05A-49D9-AA94-7D7DE59AF5C3","fromDetail":{"display":"_","output":{"international_keys":{"_0":"international1"}}}},{"id":"4B48E9FC-30BF-41E2-87FD-637D186A688C","toDetailCollection":{"condition0":{"layer0":{"withModifier_tap":{},"isCustomized_tap":true,"outputAndDisplay_tap":{"layerKey":"layer0","display":"Z","output":{"letter_keys":{"_0":"z"}}}}}},"fromDetail":{"display":"X","output":{"letter_keys":{"_0":"x"}}}},{"id":"05962B79-5356-4C95-8BEE-01146432E20F","fromDetail":{"display":"Z","output":{"letter_keys":{"_0":"z"}}},"toDetailCollection":{"condition0":{"layer0":{"outputAndDisplay_tap":{"display":"Q","output":{"letter_keys":{"_0":"q"}},"layerKey":"layer0"},"isCustomized_tap":true,"withModifier_tap":{}}}}},{"toDetailCollection":{"condition0":{"layer0":{"outputAndDisplay_tap":{"output":{"controls_and_symbols":{"_0":"slash"}},"display":"\/","layerKey":"layer0"},"withModifier_tap":{},"isCustomized_tap":true}}},"id":"A9E4A045-C776-430E-8865-970592A5E27A","fromDetail":{"display":"C","output":{"letter_keys":{"_0":"c"}}}},{"id":"3A9E635E-E585-464C-B160-3551C7FC9343","toDetailCollection":{},"fromDetail":{"display":"shift","isSFSymbol":true,"output":{"modifier_keys":{"_0":"right_shift"}}},"unitSize":1.75},{"fromDetail":{"output":{"controls_and_symbols":{"_0":"comma"}},"display":","},"toDetailCollection":{"condition0":{"layer0":{"isCustomized_tap":true,"outputAndDisplay_tap":{"layerKey":"layer0","output":{"letter_keys":{"_0":"g"}},"display":"G"},"withModifier_tap":{}}}},"id":"A3773C66-B8AA-48E2-B762-FF4BA8F92032"}],"idsInOrderRow1":[{"id":"023716A2-353B-4271-AAE6-2A676C62EBD0"},{"id":"4AE502B9-8A69-44C2-8C46-2412A312A18E"},{"id":"3D7A33E9-83B1-4CDD-B5E1-78463FB2A89E"},{"id":"9C3724CF-E2BD-4BD6-B556-D643C9E68FB5"},{"id":"92ECCD21-0B62-468A-B583-397A0AAEEC38"},{"id":"980171E5-D930-4A2D-80D7-BDE8CF322957"},{"id":"C88C89C1-0024-4679-8F6A-3D94B489549F"},{"id":"797717A3-2C92-4C09-8C99-A99884C090D2"},{"id":"93C043A9-9718-497A-9942-81A1A900CD82"},{"id":"84A13F0F-B816-465F-972D-2A0EFA8D1EB3"},{"id":"CCD3990E-497A-4934-A3F9-9FA628B64EAF"},{"id":"02659E41-AB46-4757-B8DD-42DD5143E86F"},{"id":"C12D8E77-1398-4765-861B-ADC0C1B2D1BC"}],"idsInOrderRow4":[{"id":"2785B9A9-66F9-4BDC-A28A-05EDD96DB37E"},{"id":"677D04B5-5351-4D88-B65B-EF82CB558578"},{"id":"22AA6879-6F0D-476D-A708-BCE21C18A67C"},{"id":"90347F7B-F3E7-4285-8754-7368DB45B790"},{"id":"622BE5A2-64C6-44B2-8C2A-EF652E5AC9AC"},{"id":"D433551D-2188-4B79-8400-400060F0CB7D"},{"id":"78F0C178-4E6E-4EF6-B33D-4EDDF7820121"},{"id":"31BA75B6-CA38-480F-B618-9D875485CCD1"},{"id":"6AC0C863-B968-49C5-931F-067410123530"},{"id":"1B893944-AC3E-41EB-B6A7-1A7249BB8867"},{"id":"E7D1A11C-8495-4B58-9FC4-CF5C061CD55D"},{"id":"8D31B0D7-5DA8-47BF-B8E7-B387064A17B6"},{"id":"81BEC8C2-2DB9-40CE-A726-38D4FD634E2E"}],"arrow_right":{"id":"527545BE-6194-473E-8E26-4AF819D90D50","fromDetail":{"output":{"arrow_keys":{"_0":"right_arrow"}},"isSFSymbol":true,"display":"arrowtriangle.right.fill"},"keyShape":"arrow_LR","toDetailCollection":{}},"row3":[{"id":"760896BB-34DB-4577-8F68-E2455F251353","fromDetail":{"output":{"letter_keys":{"_0":"i"}},"display":"I"},"toDetailCollection":{"condition0":{"layer0":{"outputAndDisplay_tap":{"output":{"letter_keys":{"_0":"l"}},"layerKey":"layer0","display":"L"},"isCustomized_tap":true,"withModifier_tap":{}}}}},{"id":"BACAA526-EA3D-4668-A8C6-711ED520FA88","fromDetail":{"display":"U","output":{"letter_keys":{"_0":"u"}}},"toDetailCollection":{"condition0":{"layer0":{"withModifier_tap":{},"isCustomized_tap":true,"outputAndDisplay_tap":{"display":"D","layerKey":"layer0","output":{"letter_keys":{"_0":"d"}}}}}}},{"toDetailCollection":{"condition0":{"layer0":{"outputAndDisplay_tap":{"output":{"letter_keys":{"_0":"p"}},"display":"P","layerKey":"layer0"},"withModifier_tap":{},"isCustomized_tap":true}}},"id":"14160362-7102-4619-8717-744B0B308DBE","fromDetail":{"output":{"letter_keys":{"_0":"w"}},"display":"W"}},{"id":"47416670-3520-4156-A3F2-0730ED5E1BF0","fromDetail":{"display":"T","output":{"letter_keys":{"_0":"t"}}},"toDetailCollection":{"condition0":{"layer0":{"isCustomized_tap":true,"outputAndDisplay_tap":{"output":{"letter_keys":{"_0":"j"}},"display":"J","layerKey":"layer0"},"withModifier_tap":{}}}}},{"unitSize":1.5,"toDetailCollection":{},"keyShape":"enter_JIS","fromDetail":{"display":"return","output":{"controls_and_symbols":{"_0":"return_or_enter"}},"isSFSymbol":true},"id":"F39553AC-BA6E-4B72-98BF-7E81B1598C2B"},{"id":"3D5D0912-CA5A-4BA2-BFBF-CEF973763364","fromDetail":{"output":{"controls_and_symbols":{"_0":"open_square_bracket_jis"}},"display":"["},"toDetailCollection":{}},{"toDetailCollection":{"condition0":{"layer0":{"isCustomized_tap":true,"outputAndDisplay_tap":{"display":"Y","output":{"letter_keys":{"_0":"y"}},"layerKey":"layer0"},"withModifier_tap":{}}}},"id":"84BF44FA-2C7D-4A18-A3D1-460EEB03B4A6","fromDetail":{"output":{"letter_keys":{"_0":"q"}},"display":"Q"}},{"toDetailCollection":{},"fromDetail":{"display":"arrow.right.to.line","isSFSymbol":true,"output":{"controls_and_symbols":{"_0":"tab"}}},"id":"7D6D20D3-92D6-4F81-91F7-590FE557923D"},{"id":"9D301089-04F2-452B-B2D9-B6E5EE917472","fromDetail":{"display":"E","output":{"letter_keys":{"_0":"e"}}},"toDetailCollection":{"condition0":{"layer0":{"withModifier_tap":{},"isCustomized_tap":true,"outputAndDisplay_tap":{"layerKey":"layer0","display":"O","output":{"letter_keys":{"_0":"o"}}}}}}},{"id":"B551B2D5-28B0-40B8-8E04-F01A76E53888","toDetailCollection":{},"fromDetail":{"display":"@","output":{"controls_and_symbols":{"_0":"commercial_at_jis"}}}},{"id":"30EE1082-04BC-42F8-944F-C31128AC328E","toDetailCollection":{"condition0":{"layer0":{"withModifier_tap":{},"outputAndDisplay_tap":{"output":{"letter_keys":{"_0":"w"}},"display":"W","layerKey":"layer0"},"isCustomized_tap":true}}},"fromDetail":{"display":"P","output":{"letter_keys":{"_0":"p"}}}},{"id":"87775200-2252-433A-A592-17D94146E9E6","toDetailCollection":{"condition0":{"layer0":{"isCustomized_tap":true,"outputAndDisplay_tap":{"output":{"letter_keys":{"_0":"c"}},"display":"C","layerKey":"layer0"},"withModifier_tap":{}}}},"fromDetail":{"output":{"letter_keys":{"_0":"o"}},"display":"O"}},{"fromDetail":{"output":{"letter_keys":{"_0":"r"}},"display":"R"},"toDetailCollection":{"condition0":{"layer0":{"isCustomized_tap":true,"withModifier_tap":{},"outputAndDisplay_tap":{"display":"U","output":{"letter_keys":{"_0":"u"}},"layerKey":"layer0"}}}},"id":"03B7E0DF-29E0-4358-A57B-750043C09EF3"},{"fromDetail":{"display":"Y","output":{"letter_keys":{"_0":"y"}}},"id":"9F0BA9BE-AAB9-4221-8104-BF484309031E","toDetailCollection":{"condition0":{"layer0":{"outputAndDisplay_tap":{"display":"K","layerKey":"layer0","output":{"letter_keys":{"_0":"k"}}},"withModifier_tap":{},"isCustomized_tap":true}}}}],"idsInOrderRow5":[{"id":"FB7EA17C-B8B6-4A75-AF98-F47DD9F65CEE"},{"id":"05962B79-5356-4C95-8BEE-01146432E20F"},{"id":"4B48E9FC-30BF-41E2-87FD-637D186A688C"},{"id":"A9E4A045-C776-430E-8865-970592A5E27A"},{"id":"20F887EE-756A-4382-9B5F-FA4A0AD00853"},{"id":"6805DFEE-023B-4CA7-9CA8-C9EC0B9F00EB"},{"id":"720B8EDE-CF88-4DD6-991F-0710A897D093"},{"id":"B954C387-8213-42F8-9A41-B4469D0B79E5"},{"id":"A3773C66-B8AA-48E2-B762-FF4BA8F92032"},{"id":"C86BB336-1B53-4DAC-B88B-6835897AA4D8"},{"id":"78AB9619-3B22-44E0-BC29-9655C618CA6C"},{"id":"A86A299D-D05A-49D9-AA94-7D7DE59AF5C3"},{"id":"3A9E635E-E585-464C-B160-3551C7FC9343"}],"enableArrowKeys":true,"arrow_up":{"keyShape":"arrow_Up","fromDetail":{"output":{"arrow_keys":{"_0":"up_arrow"}},"display":"arrowtriangle.up.fill","isSFSymbol":true},"id":"6ED1C7E8-8BAC-4CC3-A444-3CD2552B523C","toDetailCollection":{}},"row6":[{"fromDetail":{"display":"かな","output":{"japanese":{"_0":"kana"}}},"toDetailCollection":{},"unitSize":1.25,"id":"FE23B8C7-3F3D-4860-B937-DBA793343168"},{"unitSize":3.5,"fromDetail":{"output":{"controls_and_symbols":{"_0":"spacebar"}},"display":"␣"},"id":"152F6211-45C1-4F3E-BE48-A67B2BABC0E2","toDetailCollection":{}},{"toDetailCollection":{},"id":"168F5FC7-907D-41EF-989A-216AF1F07C62","unitSize":1.25,"fromDetail":{"output":{"modifier_keys":{"_0":"right_command"}},"display":"command","isSFSymbol":true}},{"toDetailCollection":{},"fromDetail":{"display":"capslock","output":{"modifier_keys":{"_0":"caps_lock"}},"isSFSymbol":true},"id":"5724341A-F16B-4FF8-94EA-4E47DEF82D2B"},{"toDetailCollection":{},"fromDetail":{"isSFSymbol":true,"output":{"modifier_keys":{"_0":"left_option"}},"display":"option"},"id":"95C5C482-6B0B-4E0B-BA1E-41A42E6CD94B"},{"fromDetail":{"isSFSymbol":true,"display":"globe","output":{"modifier_keys":{"_0":"keyboard_fn"}}},"id":"CD14BA02-851C-4A81-879D-DE20804DE6F9","toDetailCollection":{}},{"fromDetail":{"output":{"japanese":{"_0":"eisuu"}},"display":"英数"},"unitSize":1.25,"id":"56F1FED9-2BA5-4BB5-BDED-2FA0D9D7BE18","toDetailCollection":{}},{"toDetailCollection":{},"unitSize":1.25,"fromDetail":{"output":{"modifier_keys":{"_0":"left_command"}},"display":"command","isSFSymbol":true},"id":"8129C861-2B5A-419A-9A2A-A42E19366CD9"}],"arrow_left":{"toDetailCollection":{},"id":"7E364554-676A-4302-8B2B-9CEC39BE6390","keyShape":"arrow_LR","fromDetail":{"output":{"arrow_keys":{"_0":"left_arrow"}},"isSFSymbol":true,"display":"arrowtriangle.left.fill"}},"idsInOrderRow6":[{"id":"5724341A-F16B-4FF8-94EA-4E47DEF82D2B"},{"id":"95C5C482-6B0B-4E0B-BA1E-41A42E6CD94B"},{"id":"8129C861-2B5A-419A-9A2A-A42E19366CD9"},{"id":"56F1FED9-2BA5-4BB5-BDED-2FA0D9D7BE18"},{"id":"152F6211-45C1-4F3E-BE48-A67B2BABC0E2"},{"id":"FE23B8C7-3F3D-4860-B937-DBA793343168"},{"id":"168F5FC7-907D-41EF-989A-216AF1F07C62"},{"id":"CD14BA02-851C-4A81-879D-DE20804DE6F9"}],"row4":[{"id":"1B893944-AC3E-41EB-B6A7-1A7249BB8867","fromDetail":{"output":{"letter_keys":{"_0":"l"}},"display":"L"},"toDetailCollection":{"condition0":{"layer0":{"isCustomized_tap":true,"withModifier_tap":{},"outputAndDisplay_tap":{"display":"S","layerKey":"layer0","output":{"letter_keys":{"_0":"s"}}}}}}},{"toDetailCollection":{},"id":"81BEC8C2-2DB9-40CE-A726-38D4FD634E2E","fromDetail":{"output":{"controls_and_symbols":{"_0":"close_square_bracket_jis"}},"display":"]"}},{"fromDetail":{"display":"K","output":{"letter_keys":{"_0":"k"}}},"toDetailCollection":{"condition0":{"layer0":{"outputAndDisplay_tap":{"display":"T","output":{"letter_keys":{"_0":"t"}},"layerKey":"layer0"},"isCustomized_tap":true,"withModifier_tap":{}}}},"id":"6AC0C863-B968-49C5-931F-067410123530"},{"id":"31BA75B6-CA38-480F-B618-9D875485CCD1","toDetailCollection":{"condition0":{"layer0":{"withModifier_tap":{},"outputAndDisplay_tap":{"output":{"letter_keys":{"_0":"h"}},"display":"H","layerKey":"layer0"},"isCustomized_tap":true}}},"fromDetail":{"display":"J","output":{"letter_keys":{"_0":"j"}}}},{"id":"E7D1A11C-8495-4B58-9FC4-CF5C061CD55D","toDetailCollection":{"condition0":{"layer0":{"isCustomized_tap":true,"outputAndDisplay_tap":{"layerKey":"layer0","output":{"letter_keys":{"_0":"r"}},"display":"R"},"withModifier_tap":{}}}},"fromDetail":{"display":";","output":{"controls_and_symbols":{"_0":"semicolon"}}}},{"toDetailCollection":{"condition0":{"layer0":{"isCustomized_tap":true,"outputAndDisplay_tap":{"display":",","layerKey":"layer0","output":{"controls_and_symbols":{"_0":"comma"}}},"withModifier_tap":{}}}},"fromDetail":{"display":"G","output":{"letter_keys":{"_0":"g"}}},"id":"D433551D-2188-4B79-8400-400060F0CB7D"},{"id":"22AA6879-6F0D-476D-A708-BCE21C18A67C","toDetailCollection":{"condition0":{"layer0":{"outputAndDisplay_tap":{"output":{"letter_keys":{"_0":"n"}},"display":"N","layerKey":"layer0"},"withModifier_tap":{},"isCustomized_tap":true}}},"fromDetail":{"display":"S","output":{"letter_keys":{"_0":"s"}}}},{"fromDetail":{"display":"F","output":{"letter_keys":{"_0":"f"}}},"toDetailCollection":{"condition0":{"layer0":{"isCustomized_tap":true,"outputAndDisplay_tap":{"layerKey":"layer0","output":{"letter_keys":{"_0":"a"}},"display":"A"},"withModifier_tap":{}}}},"id":"622BE5A2-64C6-44B2-8C2A-EF652E5AC9AC"},{"toDetailCollection":{},"unitSize":1.25,"fromDetail":{"output":{"modifier_keys":{"_0":"left_control"}},"isSFSymbol":true,"display":"control"},"id":"2785B9A9-66F9-4BDC-A28A-05EDD96DB37E"},{"fromDetail":{"output":{"letter_keys":{"_0":"a"}},"display":"A"},"toDetailCollection":{"condition0":{"layer0":{"outputAndDisplay_tap":{"output":{"letter_keys":{"_0":"i"}},"layerKey":"layer0","display":"I"},"withModifier_tap":{},"isCustomized_tap":true}}},"id":"677D04B5-5351-4D88-B65B-EF82CB558578"},{"toDetailCollection":{},"id":"8D31B0D7-5DA8-47BF-B8E7-B387064A17B6","fromDetail":{"display":":","output":{"controls_and_symbols":{"_0":"single_quotation_or_colon"}}}},{"fromDetail":{"display":"H","output":{"letter_keys":{"_0":"h"}}},"toDetailCollection":{"condition0":{"layer0":{"withModifier_tap":{},"isCustomized_tap":true,"outputAndDisplay_tap":{"display":"M","layerKey":"layer0","output":{"letter_keys":{"_0":"m"}}}}}},"id":"78F0C178-4E6E-4EF6-B33D-4EDDF7820121"},{"toDetailCollection":{"condition0":{"layer0":{"withModifier_tap":{},"outputAndDisplay_tap":{"output":{"letter_keys":{"_0":"e"}},"display":"E","layerKey":"layer0"},"isCustomized_tap":true}}},"id":"90347F7B-F3E7-4285-8754-7368DB45B790","fromDetail":{"output":{"letter_keys":{"_0":"d"}},"display":"D"}}],"idsInOrderRow3":[{"id":"7D6D20D3-92D6-4F81-91F7-590FE557923D"},{"id":"84BF44FA-2C7D-4A18-A3D1-460EEB03B4A6"},{"id":"14160362-7102-4619-8717-744B0B308DBE"},{"id":"9D301089-04F2-452B-B2D9-B6E5EE917472"},{"id":"03B7E0DF-29E0-4358-A57B-750043C09EF3"},{"id":"47416670-3520-4156-A3F2-0730ED5E1BF0"},{"id":"9F0BA9BE-AAB9-4221-8104-BF484309031E"},{"id":"BACAA526-EA3D-4668-A8C6-711ED520FA88"},{"id":"760896BB-34DB-4577-8F68-E2455F251353"},{"id":"87775200-2252-433A-A592-17D94146E9E6"},{"id":"30EE1082-04BC-42F8-944F-C31128AC328E"},{"id":"B551B2D5-28B0-40B8-8E04-F01A76E53888"},{"id":"3D5D0912-CA5A-4BA2-BFBF-CEF973763364"},{"id":"F39553AC-BA6E-4B72-98BF-7E81B1598C2B"}]},"isEnableMain":true,"isEnableSub":false,"tenkeyRows":{"idsInOrderRow3":[{"id":"C04CDAEE-FC6F-49E7-9771-C9B793D1F35E"},{"id":"035AF174-B088-4144-AAD4-9945C653147E"},{"id":"5672CD11-8303-4A41-BD45-0F1BAB9C9E42"},{"id":"B8C3AB04-1559-4F19-AD8F-292DB30BB357"}],"arrow_right":{"keyShape":"arrow_LR","id":"16AA1A5F-DC79-44C8-A396-D30A49C6FF44","toDetailCollection":{},"fromDetail":{"isSFSymbol":true,"output":{"arrow_keys":{"_0":"right_arrow"}},"display":"arrowtriangle.right.fill"}},"idsInOrderRow4":[{"id":"A4A1EABF-7D3B-47F4-B000-C6B9166A2E08"},{"id":"1AEACD1A-86BC-4E6E-BED6-051A7E202C77"},{"id":"303DE116-F58D-483D-B13F-F2A156A7FCA9"},{"id":"E20C4D20-CC80-442A-B5BA-37C360795135"}],"idsInOrderRow6":[{"id":"38CCC07A-0E3F-419B-AB3B-24FBFE972C41"},{"id":"A3720B30-3BD1-4B7B-8027-4AD4D22B485C"},{"id":"CE4F3FC0-3026-4A43-9EB6-5FFD7BADED75"}],"rowIndex_arrow":{"row6":{}},"arrow_left":{"keyShape":"arrow_LR","id":"55DA5416-D939-4A25-B90E-4FDDED2DE103","fromDetail":{"output":{"arrow_keys":{"_0":"left_arrow"}},"display":"arrowtriangle.left.fill","isSFSymbol":true},"toDetailCollection":{}},"row3":[{"toDetailCollection":{},"id":"C04CDAEE-FC6F-49E7-9771-C9B793D1F35E","fromDetail":{"display":"7","output":{"keypad_keys":{"_0":"keypad_7"}}}},{"fromDetail":{"display":"9","output":{"keypad_keys":{"_0":"keypad_9"}}},"toDetailCollection":{},"id":"5672CD11-8303-4A41-BD45-0F1BAB9C9E42"},{"fromDetail":{"display":"8","output":{"keypad_keys":{"_0":"keypad_8"}}},"id":"035AF174-B088-4144-AAD4-9945C653147E","toDetailCollection":{}},{"id":"B8C3AB04-1559-4F19-AD8F-292DB30BB357","toDetailCollection":{},"fromDetail":{"output":{"keypad_keys":{"_0":"keypad_hyphen"}},"display":"-"}}],"row5":[{"toDetailCollection":{},"fromDetail":{"display":"1","output":{"keypad_keys":{"_0":"keypad_1"}}},"id":"4570A214-8297-4F9C-BF73-E47CA871999E"},{"fromDetail":{"output":{"keypad_keys":{"_0":"keypad_2"}},"display":"2"},"toDetailCollection":{},"id":"262EC94D-15BC-46D2-A66E-E2C35C7AFA30"},{"fromDetail":{"output":{"keypad_keys":{"_0":"keypad_3"}},"display":"3"},"id":"E897E5B4-FF43-4C9F-8E7E-207EAD35A676","toDetailCollection":{}},{"id":"41163C8D-2AE5-4718-8BF0-00867752434B","toDetailCollection":{},"keyShape":"enter_Tenkey","fromDetail":{"output":{"keypad_keys":{"_0":"keypad_enter"}},"display":"projective","isSFSymbol":true}}],"arrow_up":{"keyShape":"arrow_Up","toDetailCollection":{},"fromDetail":{"output":{"arrow_keys":{"_0":"up_arrow"}},"display":"arrowtriangle.up.fill","isSFSymbol":true},"id":"5291A132-89AF-4383-9E3F-917F410D0A95"},"row1":[{"id":"1E9FB842-BC64-471D-81E5-FCBE5CB1A37F","fromDetail":{"output":{"function_keys":{"_0":"f19"}},"display":"F19"},"toDetailCollection":{}},{"id":"09ACF217-6251-4AAA-9A05-629802FC2D0B","fromDetail":{"output":{"function_keys":{"_0":"f17"}},"display":"F17"},"toDetailCollection":{}},{"id":"EE6223B1-AF2C-48F1-B8E7-503D0812AF13","toDetailCollection":{},"fromDetail":{"display":"F18","output":{"function_keys":{"_0":"f18"}}}},{"id":"167FF5C2-F51E-407F-8DF4-6AEF429236DE","fromDetail":{"output":{"function_keys":{"_0":"f16"}},"display":"F16"},"toDetailCollection":{}}],"idsInOrderRow1":[{"id":"167FF5C2-F51E-407F-8DF4-6AEF429236DE"},{"id":"09ACF217-6251-4AAA-9A05-629802FC2D0B"},{"id":"EE6223B1-AF2C-48F1-B8E7-503D0812AF13"},{"id":"1E9FB842-BC64-471D-81E5-FCBE5CB1A37F"}],"idsInOrderRow2":[{"id":"9B404FCF-CAFF-49EB-9C0A-7C26159AF828"},{"id":"651E5C78-4706-4778-9F47-DF42E480E62D"},{"id":"71C981EB-0319-45BD-A7F3-3491FA1FFF07"},{"id":"68EEA0D4-1F58-43EE-BCCB-A51CBFD81D74"}],"enableArrowKeys":false,"row6":[{"fromDetail":{"display":".","output":{"keypad_keys":{"_0":"keypad_period"}}},"toDetailCollection":{},"id":"CE4F3FC0-3026-4A43-9EB6-5FFD7BADED75"},{"id":"38CCC07A-0E3F-419B-AB3B-24FBFE972C41","fromDetail":{"output":{"keypad_keys":{"_0":"keypad_0"}},"display":"0"},"toDetailCollection":{}},{"toDetailCollection":{},"fromDetail":{"display":",","output":{"keypad_keys":{"_0":"keypad_comma"}}},"id":"A3720B30-3BD1-4B7B-8027-4AD4D22B485C"}],"idsInOrderRow5":[{"id":"4570A214-8297-4F9C-BF73-E47CA871999E"},{"id":"262EC94D-15BC-46D2-A66E-E2C35C7AFA30"},{"id":"E897E5B4-FF43-4C9F-8E7E-207EAD35A676"},{"id":"41163C8D-2AE5-4718-8BF0-00867752434B"}],"row2":[{"id":"651E5C78-4706-4778-9F47-DF42E480E62D","fromDetail":{"display":"=","output":{"keypad_keys":{"_0":"keypad_equal_sign"}}},"toDetailCollection":{}},{"toDetailCollection":{},"fromDetail":{"output":{"others":{"_0":"clear"}},"display":"clear"},"id":"9B404FCF-CAFF-49EB-9C0A-7C26159AF828"},{"id":"71C981EB-0319-45BD-A7F3-3491FA1FFF07","fromDetail":{"output":{"keypad_keys":{"_0":"keypad_slash"}},"display":"\/"},"toDetailCollection":{}},{"fromDetail":{"display":"*","output":{"keypad_keys":{"_0":"keypad_asterisk"}}},"toDetailCollection":{},"id":"68EEA0D4-1F58-43EE-BCCB-A51CBFD81D74"}],"arrow_down":{"toDetailCollection":{},"fromDetail":{"output":{"arrow_keys":{"_0":"down_arrow"}},"display":"arrowtriangle.down.fill","isSFSymbol":true},"id":"754340C5-5EDC-44B8-8760-D764C5CCBB63","keyShape":"arrow_Down"},"row4":[{"toDetailCollection":{},"fromDetail":{"output":{"keypad_keys":{"_0":"keypad_6"}},"display":"6"},"id":"303DE116-F58D-483D-B13F-F2A156A7FCA9"},{"toDetailCollection":{},"id":"1AEACD1A-86BC-4E6E-BED6-051A7E202C77","fromDetail":{"display":"5","output":{"keypad_keys":{"_0":"keypad_5"}}}},{"id":"E20C4D20-CC80-442A-B5BA-37C360795135","fromDetail":{"display":"+","output":{"keypad_keys":{"_0":"keypad_plus"}}},"toDetailCollection":{}},{"fromDetail":{"display":"4","output":{"keypad_keys":{"_0":"keypad_4"}}},"id":"A4A1EABF-7D3B-47F4-B000-C6B9166A2E08","toDetailCollection":{}}]},"isEnableTenkey":false},"keycodeRegion":"JIS","mouse":{"subRows":{"row3":[{"id":"9CA13940-EF0B-4208-97F6-4DE03C2812F4","toDetailCollection":{},"fromDetail":{"display":"A","output":{"letter_keys":{"_0":"a"}}}}],"row6":[{"id":"1DA7C2D9-CCCE-45A4-B9AB-D5DCABA5E5F3","fromDetail":{"output":{"letter_keys":{"_0":"a"}},"display":"A"},"toDetailCollection":{}}],"idsInOrderRow2":[{"id":"9F73F7D8-CAA6-4B16-95E4-10A6656EC489"}],"row4":[{"toDetailCollection":{},"fromDetail":{"output":{"letter_keys":{"_0":"a"}},"display":"A"},"id":"CA0E5AF0-E92C-4096-86EA-A50111252B30"}],"idsInOrderRow5":[{"id":"2D08892A-0075-44A0-8AEA-BD87C75B7982"}],"idsInOrderRow6":[{"id":"1DA7C2D9-CCCE-45A4-B9AB-D5DCABA5E5F3"}],"row2":[{"toDetailCollection":{},"id":"9F73F7D8-CAA6-4B16-95E4-10A6656EC489","fromDetail":{"display":"A","output":{"letter_keys":{"_0":"a"}}}}],"arrow_left":{"fromDetail":{"isSFSymbol":true,"output":{"arrow_keys":{"_0":"left_arrow"}},"display":"arrowtriangle.left.fill"},"id":"BC4C2F84-B2FF-43F1-91B5-536307F940C8","keyShape":"arrow_LR","toDetailCollection":{}},"idsInOrderRow1":[{"id":"0C20F09F-AB21-43DE-B1D0-7B337C2689C5"}],"row5":[{"toDetailCollection":{},"id":"2D08892A-0075-44A0-8AEA-BD87C75B7982","fromDetail":{"display":"A","output":{"letter_keys":{"_0":"a"}}}}],"rowIndex_arrow":{"row6":{}},"arrow_up":{"fromDetail":{"output":{"arrow_keys":{"_0":"up_arrow"}},"display":"arrowtriangle.up.fill","isSFSymbol":true},"id":"94B7E0B3-8AEB-4E29-9713-BA887B5FDD5D","keyShape":"arrow_Up","toDetailCollection":{}},"enableArrowKeys":false,"arrow_down":{"keyShape":"arrow_Down","toDetailCollection":{},"id":"336DC106-364F-423F-B02E-1FB5E9C90B1B","fromDetail":{"output":{"arrow_keys":{"_0":"down_arrow"}},"display":"arrowtriangle.down.fill","isSFSymbol":true}},"arrow_right":{"keyShape":"arrow_LR","id":"AF8FD9DA-6B98-4AA7-AF2C-69FF45C7E396","fromDetail":{"display":"arrowtriangle.right.fill","isSFSymbol":true,"output":{"arrow_keys":{"_0":"right_arrow"}}},"toDetailCollection":{}},"idsInOrderRow3":[{"id":"9CA13940-EF0B-4208-97F6-4DE03C2812F4"}],"idsInOrderRow4":[{"id":"CA0E5AF0-E92C-4096-86EA-A50111252B30"}],"row1":[{"fromDetail":{"display":"A","output":{"letter_keys":{"_0":"a"}}},"toDetailCollection":{},"id":"0C20F09F-AB21-43DE-B1D0-7B337C2689C5"}]},"tenkeyRows":{"row4":[{"fromDetail":{"output":{"letter_keys":{"_0":"a"}},"display":"A"},"id":"82666DE8-E939-4B91-B94B-A572E75FCA50","toDetailCollection":{}}],"idsInOrderRow5":[{"id":"EFCA8A49-0DD5-4325-AB2A-0B6A2080C169"}],"idsInOrderRow2":[{"id":"688A3800-4D1F-4A5E-A4D8-EF957142679E"}],"row3":[{"id":"59D62A5F-9499-42F4-8D26-F1D23881C3E3","toDetailCollection":{},"fromDetail":{"output":{"letter_keys":{"_0":"a"}},"display":"A"}}],"arrow_up":{"id":"81D1C4D3-C9FE-45EC-9BFA-09BB358C6F53","fromDetail":{"output":{"arrow_keys":{"_0":"up_arrow"}},"isSFSymbol":true,"display":"arrowtriangle.up.fill"},"keyShape":"arrow_Up","toDetailCollection":{}},"arrow_left":{"keyShape":"arrow_LR","fromDetail":{"display":"arrowtriangle.left.fill","isSFSymbol":true,"output":{"arrow_keys":{"_0":"left_arrow"}}},"id":"26EB3B28-3DB5-4D24-A70F-65A2166525A5","toDetailCollection":{}},"idsInOrderRow1":[{"id":"6F5C9BF6-A327-47A1-A5C8-08D96DDF473D"}],"row2":[{"toDetailCollection":{},"id":"688A3800-4D1F-4A5E-A4D8-EF957142679E","fromDetail":{"display":"A","output":{"letter_keys":{"_0":"a"}}}}],"row5":[{"fromDetail":{"output":{"letter_keys":{"_0":"a"}},"display":"A"},"toDetailCollection":{},"id":"EFCA8A49-0DD5-4325-AB2A-0B6A2080C169"}],"enableArrowKeys":false,"idsInOrderRow4":[{"id":"82666DE8-E939-4B91-B94B-A572E75FCA50"}],"rowIndex_arrow":{"row6":{}},"arrow_down":{"toDetailCollection":{},"id":"8881665C-285C-4813-B85D-B03E9C4BC3DC","fromDetail":{"display":"arrowtriangle.down.fill","output":{"arrow_keys":{"_0":"down_arrow"}},"isSFSymbol":true},"keyShape":"arrow_Down"},"arrow_right":{"id":"D8F9D1B6-791F-4833-8A3D-8E919956CC42","fromDetail":{"output":{"arrow_keys":{"_0":"right_arrow"}},"display":"arrowtriangle.right.fill","isSFSymbol":true},"toDetailCollection":{},"keyShape":"arrow_LR"},"row1":[{"fromDetail":{"display":"A","output":{"letter_keys":{"_0":"a"}}},"toDetailCollection":{},"id":"6F5C9BF6-A327-47A1-A5C8-08D96DDF473D"}],"row6":[{"fromDetail":{"display":"A","output":{"letter_keys":{"_0":"a"}}},"toDetailCollection":{},"id":"6ACFA93A-C311-4EC4-BA79-287B82CA51F0"}],"idsInOrderRow6":[{"id":"6ACFA93A-C311-4EC4-BA79-287B82CA51F0"}],"idsInOrderRow3":[{"id":"59D62A5F-9499-42F4-8D26-F1D23881C3E3"}]},"mainRows":{"row3":[{"fromDetail":{"output":{"letter_keys":{"_0":"a"}},"display":"A"},"isSpacer":true,"id":"63D8D14A-E15C-4B24-AABA-DA35C3A79A9E","toDetailCollection":{}}],"idsInOrderRow2":[{"id":"13FA14E0-6476-4BCC-89F1-5E15567AA41E"},{"id":"7AD5E619-91F6-409E-A136-19D5E3E635F5"}],"idsInOrderRow4":[{"id":"B30D9000-1A03-45B4-80D8-2A3F5CF8D573"}],"enableArrowKeys":false,"rowIndex_arrow":{"row6":{}},"idsInOrderRow1":[{"id":"BF09A372-A996-42DF-B86B-4BEB75D832F1"},{"id":"A1E056AD-106E-4666-9D42-B18A1EB896A0"}],"arrow_right":{"fromDetail":{"display":"arrowtriangle.right.fill","isSFSymbol":true,"output":{"arrow_keys":{"_0":"right_arrow"}}},"toDetailCollection":{},"keyShape":"arrow_LR","id":"9C1B0FA6-1008-4B71-A2E0-73C96190419B"},"arrow_down":{"id":"49783F7D-70EB-4F26-B730-E69E392C605B","toDetailCollection":{},"keyShape":"arrow_Down","fromDetail":{"display":"arrowtriangle.down.fill","isSFSymbol":true,"output":{"arrow_keys":{"_0":"down_arrow"}}}},"arrow_up":{"keyShape":"arrow_Up","fromDetail":{"isSFSymbol":true,"display":"arrowtriangle.up.fill","output":{"arrow_keys":{"_0":"up_arrow"}}},"id":"A2D67BF9-C242-4A70-B84B-F43B042F8726","toDetailCollection":{}},"row4":[{"toDetailCollection":{},"id":"B30D9000-1A03-45B4-80D8-2A3F5CF8D573","fromDetail":{"output":{"letter_keys":{"_0":"a"}},"display":"A"},"isSpacer":true}],"row2":[{"toDetailCollection":{},"fromDetail":{"display":"M click","output":{"mouse_buttons":{"_0":"button3"}}},"id":"7AD5E619-91F6-409E-A136-19D5E3E635F5"},{"fromDetail":{"output":{"letter_keys":{"_0":"a"}},"display":"A"},"isSpacer":true,"id":"13FA14E0-6476-4BCC-89F1-5E15567AA41E","toDetailCollection":{},"unitSize":0.5}],"arrow_left":{"toDetailCollection":{},"keyShape":"arrow_LR","id":"55F39457-2042-4322-ACB5-4D42318D4D34","fromDetail":{"isSFSymbol":true,"output":{"arrow_keys":{"_0":"left_arrow"}},"display":"arrowtriangle.left.fill"}},"row6":[],"idsInOrderRow3":[{"id":"63D8D14A-E15C-4B24-AABA-DA35C3A79A9E"}],"row5":[],"idsInOrderRow5":[],"idsInOrderRow6":[],"row1":[{"id":"A1E056AD-106E-4666-9D42-B18A1EB896A0","fromDetail":{"output":{"mouse_buttons":{"_0":"button2"}},"display":"R click"},"toDetailCollection":{}},{"fromDetail":{"output":{"mouse_buttons":{"_0":"button1"}},"display":"L click"},"id":"BF09A372-A996-42DF-B86B-4BEB75D832F1","toDetailCollection":{}}]},"sectionDetail":{"section":{"mouse":{}},"deviceDetail":{"location_id":"location_id","product_id":"product_id","is_vendor_id_Enabled":false,"is_location_id_Enabled":false,"is_builtin_keyboard":false,"device_name":"mouse","is_product_id_Enabled":false,"vendor_id":"vendor_id"}},"isEnableSub":false,"isEnableTenkey":false,"isEnableMain":true}},"comboCollection":{"condition1":{"layer3":{},"layer4":{},"layer6":{},"layer0":{},"layer2":{},"layer7":{},"layer5":{},"layer8":{},"layer1":{}},"condition9":{"layer5":{},"layer7":{},"layer1":{},"layer3":{},"layer2":{},"layer4":{},"layer8":{},"layer0":{},"layer6":{}},"condition4":{"layer4":{},"layer0":{},"layer8":{},"layer7":{},"layer2":{},"layer3":{},"layer1":{},"layer6":{},"layer5":{}},"condition3":{"layer0":{},"layer3":{},"layer8":{},"layer6":{},"layer7":{},"layer1":{},"layer2":{},"layer5":{},"layer4":{}},"condition2":{"layer3":{},"layer5":{},"layer4":{},"layer6":{},"layer2":{},"layer0":{},"layer8":{},"layer1":{},"layer7":{}},"condition8":{"layer0":{},"layer6":{},"layer1":{},"layer3":{},"layer8":{},"layer5":{},"layer4":{},"layer7":{},"layer2":{}},"condition5":{"layer5":{},"layer8":{},"layer6":{},"layer2":{},"layer3":{},"layer0":{},"layer4":{},"layer1":{},"layer7":{}},"condition0":{"layer3":{},"layer2":{},"layer7":{},"layer8":{},"layer5":{},"layer0":{},"layer4":{},"layer6":{},"layer1":{}},"condition7":{"layer3":{},"layer0":{},"layer5":{},"layer2":{},"layer4":{},"layer8":{},"layer1":{},"layer7":{},"layer6":{}},"condition6":{"layer1":{},"layer0":{},"layer6":{},"layer7":{},"layer5":{},"layer2":{},"layer3":{},"layer4":{},"layer8":{}}},"displayKeySize":65,"selections":{"tab":{"remap":{}},"layer":"layer0","macro":{"toDetailCollection":{"idsInOrderCollection":[],"_collection":[]},"dictionary_key":null,"name":"user Macro","id":"D477A08C-AA25-4AFC-93F4-E01891F227DD"},"fromTab":{"qwertyKeyboard":{}},"keyboardKey":{"toDetailCollection":{},"id":"C562CCCC-D99D-4CF4-874A-6356D7F0D29B","fromDetail":{"output":{"letter_keys":{"_0":"a"}},"display":"A"}},"condition":"condition0","customOrMacroTab":{"customizeKey":{}},"macroTab":{"userMacro":{}},"toDetail_macro":{"indicator":false,"id":"D2AADCA0-DD9D-4E00-8EA0-95A93996B034","withModifier":{},"error":false,"outputAndDisplay":{"output":{"letter_keys":{"_0":"a"}},"display":"none","layerKey":"layer0"}},"toTab":"qwertyKeyboard","combo":{"comboThreshold":50,"key_down_order":"insensitive","key_up_order":"insensitive","id":"AE934B3A-8DCA-4ED1-9EDB-2C661D573E37","toDetail":{}}},"name":"MTGAP_JIS","conditionDetailCollection":{"condition0":{"isEnabled":true,"type":"Application","value":"com.vendor.condition0","name":"Default"},"condition7":{"name":"Condition7","type":"Application","isEnabled":false,"value":"com.vendor.condition7"},"condition4":{"value":"com.vendor.condition4","isEnabled":false,"name":"Condition4","type":"Application"},"condition3":{"value":"com.vendor.condition3","name":"Condition3","type":"Application","isEnabled":false},"condition1":{"type":"InputSource","isEnabled":false,"name":"Condition1","value":"ja"},"condition6":{"isEnabled":false,"name":"Condition6","type":"Application","value":"com.vendor.condition6"},"condition5":{"name":"Condition5","isEnabled":false,"type":"Application","value":"com.vendor.condition5"},"condition9":{"name":"Condition9","type":"Application","value":"com.vendor.condition9","isEnabled":false},"condition2":{"type":"Application","value":"com.vendor.condition2","name":"Condition2","isEnabled":false},"condition8":{"type":"Application","isEnabled":false,"value":"com.vendor.condition8","name":"Condition8"}},"macroCollection":{"idsInOrderCollection":[],"_collection":[]}}