{"conditionDetailCollection":{"condition5":{"type":"Application","value":"com.vendor.condition5","name":"Condition5","isEnabled":false},"condition2":{"isEnabled":false,"name":"Condition2","type":"Application","value":"com.vendor.condition2"},"condition6":{"name":"Condition6","type":"Application","isEnabled":false,"value":"com.vendor.condition6"},"condition7":{"name":"Condition7","type":"Application","isEnabled":false,"value":"com.vendor.condition7"},"condition3":{"type":"Application","name":"Condition3","value":"com.vendor.condition3","isEnabled":false},"condition9":{"value":"com.vendor.condition9","isEnabled":false,"name":"Condition9","type":"Application"},"condition1":{"isEnabled":false,"type":"InputSource","value":"ja","name":"Condition1"},"condition0":{"value":"com.vendor.condition0","isEnabled":true,"type":"Application","name":"Default"},"condition4":{"value":"com.vendor.condition4","name":"Condition4","type":"Application","isEnabled":false},"condition8":{"type":"Application","value":"com.vendor.condition8","isEnabled":false,"name":"Condition8"}},"selections":{"keyboardKey":{"id":"C562CCCC-D99D-4CF4-874A-6356D7F0D29B","fromDetail":{"display":"A","output":{"letter_keys":{"_0":"a"}}},"toDetailCollection":{}},"fromTab":{"qwertyKeyboard":{}},"customOrMacroTab":{"customizeKey":{}},"toTab":"qwertyKeyboard","combo":{"toDetail":{},"id":"AE934B3A-8DCA-4ED1-9EDB-2C661D573E37","comboThreshold":50,"key_up_order":"insensitive","key_down_order":"insensitive"},"tab":{"remap":{}},"macro":{"name":"user Macro","dictionary_key":null,"toDetailCollection":{"idsInOrderCollection":[],"_collection":[]},"id":"D477A08C-AA25-4AFC-93F4-E01891F227DD"},"toDetail_macro":{"outputAndDisplay":{"output":{"letter_keys":{"_0":"a"}},"display":"none","layerKey":"layer0"},"withModifier":{},"id":"D2AADCA0-DD9D-4E00-8EA0-95A93996B034","error":false,"indicator":false},"layer":"layer0","macroTab":{"userMacro":{}},"condition":"condition0"},"keymap":{"validSections":{"sections":[{"main":{}}]},"keycodeRegion":"JIS","mouse":{"mainRows":{"arrow_right":{"keyShape":"arrow_LR","id":"3E8637A6-4109-474C-8287-F6DDF4233516","fromDetail":{"isSFSymbol":true,"display":"arrowtriangle.right.fill","output":{"arrow_keys":{"_0":"right_arrow"}}},"toDetailCollection":{}},"row1":[{"toDetailCollection":{},"id":"9BB79E1C-96CE-443A-8DAA-536FD83F200C","fromDetail":{"output":{"mouse_buttons":{"_0":"button2"}},"display":"R click"}},{"id":"B9EB9EA5-D1D5-4905-91E5-770D895BC455","toDetailCollection":{},"fromDetail":{"display":"L click","output":{"mouse_buttons":{"_0":"button1"}}}}],"row3":[{"isSpacer":true,"toDetailCollection":{},"id":"390A07A1-B821-4B39-9AD4-563588AEE756","fromDetail":{"display":"A","output":{"letter_keys":{"_0":"a"}}}}],"enableArrowKeys":false,"arrow_up":{"fromDetail":{"output":{"arrow_keys":{"_0":"up_arrow"}},"isSFSymbol":true,"display":"arrowtriangle.up.fill"},"id":"FF411D5C-C688-451E-93A8-B7A9797CFEDB","toDetailCollection":{},"keyShape":"arrow_Up"},"idsInOrderRow5":[],"idsInOrderRow6":[],"row5":[],"rowIndex_arrow":{"row6":{}},"arrow_left":{"id":"5DF935DD-CC3A-423A-A25F-29328C37D83D","keyShape":"arrow_LR","fromDetail":{"display":"arrowtriangle.left.fill","output":{"arrow_keys":{"_0":"left_arrow"}},"isSFSymbol":true},"toDetailCollection":{}},"row6":[],"row2":[{"toDetailCollection":{},"id":"99521D86-3B34-418B-87F2-07179DBCCCA8","fromDetail":{"display":"M click","output":{"mouse_buttons":{"_0":"button3"}}}},{"unitSize":0.5,"fromDetail":{"output":{"letter_keys":{"_0":"a"}},"display":"A"},"isSpacer":true,"id":"5CA9FEC7-1B3F-489E-8217-0CC2B0DCA327","toDetailCollection":{}}],"idsInOrderRow3":[{"id":"390A07A1-B821-4B39-9AD4-563588AEE756"}],"idsInOrderRow2":[{"id":"5CA9FEC7-1B3F-489E-8217-0CC2B0DCA327"},{"id":"99521D86-3B34-418B-87F2-07179DBCCCA8"}],"row4":[{"toDetailCollection":{},"id":"56274BE6-B81B-46E2-AD6A-8B4A23C9F90D","isSpacer":true,"fromDetail":{"display":"A","output":{"letter_keys":{"_0":"a"}}}}],"idsInOrderRow4":[{"id":"56274BE6-B81B-46E2-AD6A-8B4A23C9F90D"}],"arrow_down":{"toDetailCollection":{},"fromDetail":{"display":"arrowtriangle.down.fill","output":{"arrow_keys":{"_0":"down_arrow"}},"isSFSymbol":true},"id":"2ED34F80-7186-4386-AF48-5147F0E2DE9E","keyShape":"arrow_Down"},"idsInOrderRow1":[{"id":"B9EB9EA5-D1D5-4905-91E5-770D895BC455"},{"id":"9BB79E1C-96CE-443A-8DAA-536FD83F200C"}]},"isEnableMain":true,"isEnableSub":false,"isEnableTenkey":false,"sectionDetail":{"section":{"mouse":{}},"deviceDetail":{"device_name":"mouse","vendor_id":"vendor_id","product_id":"product_id","location_id":"location_id","is_builtin_keyboard":false,"is_location_id_Enabled":false,"is_vendor_id_Enabled":false,"is_product_id_Enabled":false}},"subRows":{"row4":[{"toDetailCollection":{},"id":"72EA1713-A2F7-4951-B348-7C232FC1F7EA","fromDetail":{"output":{"letter_keys":{"_0":"a"}},"display":"A"}}],"idsInOrderRow6":[{"id":"4EDA74B4-5A62-42F6-AAEE-80581B9AB9C4"}],"rowIndex_arrow":{"row6":{}},"arrow_right":{"toDetailCollection":{},"keyShape":"arrow_LR","id":"3674F2B2-1947-4D50-9B74-4B5BC3BBA54E","fromDetail":{"isSFSymbol":true,"output":{"arrow_keys":{"_0":"right_arrow"}},"display":"arrowtriangle.right.fill"}},"idsInOrderRow1":[{"id":"7DBA8CE8-21B5-4BF3-B694-CD9B5FD82683"}],"idsInOrderRow2":[{"id":"2C355D5F-B0DA-4DFA-9883-AFCB4A94CA08"}],"idsInOrderRow3":[{"id":"828A7567-79B6-4A34-998B-65FE57E5355B"}],"row3":[{"fromDetail":{"display":"A","output":{"letter_keys":{"_0":"a"}}},"toDetailCollection":{},"id":"828A7567-79B6-4A34-998B-65FE57E5355B"}],"arrow_down":{"fromDetail":{"display":"arrowtriangle.down.fill","isSFSymbol":true,"output":{"arrow_keys":{"_0":"down_arrow"}}},"keyShape":"arrow_Down","id":"8374A9F6-563C-4F6E-963C-237B78504678","toDetailCollection":{}},"idsInOrderRow4":[{"id":"72EA1713-A2F7-4951-B348-7C232FC1F7EA"}],"idsInOrderRow5":[{"id":"6A6ADCD6-1B00-4C74-BA73-D9C0B0E9527F"}],"row6":[{"toDetailCollection":{},"id":"4EDA74B4-5A62-42F6-AAEE-80581B9AB9C4","fromDetail":{"output":{"letter_keys":{"_0":"a"}},"display":"A"}}],"row5":[{"fromDetail":{"display":"A","output":{"letter_keys":{"_0":"a"}}},"toDetailCollection":{},"id":"6A6ADCD6-1B00-4C74-BA73-D9C0B0E9527F"}],"enableArrowKeys":false,"row2":[{"id":"2C355D5F-B0DA-4DFA-9883-AFCB4A94CA08","fromDetail":{"display":"A","output":{"letter_keys":{"_0":"a"}}},"toDetailCollection":{}}],"row1":[{"toDetailCollection":{},"id":"7DBA8CE8-21B5-4BF3-B694-CD9B5FD82683","fromDetail":{"display":"A","output":{"letter_keys":{"_0":"a"}}}}],"arrow_left":{"fromDetail":{"output":{"arrow_keys":{"_0":"left_arrow"}},"display":"arrowtriangle.left.fill","isSFSymbol":true},"toDetailCollection":{},"id":"968AC1DB-241D-46F3-A9BC-B5E7A6ACCB1E","keyShape":"arrow_LR"},"arrow_up":{"keyShape":"arrow_Up","toDetailCollection":{},"fromDetail":{"isSFSymbol":true,"output":{"arrow_keys":{"_0":"up_arrow"}},"display":"arrowtriangle.up.fill"},"id":"AF1B7867-4A05-420B-B7A2-6A5EFBE6D578"}},"tenkeyRows":{"row6":[{"toDetailCollection":{},"id":"ADB76AB5-CDDA-4800-B1E8-50DA7B2F2CC2","fromDetail":{"display":"A","output":{"letter_keys":{"_0":"a"}}}}],"idsInOrderRow5":[{"id":"417D0854-202C-4D3C-9DFD-1B8894E243B2"}],"row4":[{"toDetailCollection":{},"id":"200A4333-9B14-4B87-B9C0-58C2B9CE1330","fromDetail":{"output":{"letter_keys":{"_0":"a"}},"display":"A"}}],"idsInOrderRow2":[{"id":"B6A76398-5AC2-401E-8A50-AB03828BB7ED"}],"arrow_left":{"toDetailCollection":{},"keyShape":"arrow_LR","fromDetail":{"display":"arrowtriangle.left.fill","output":{"arrow_keys":{"_0":"left_arrow"}},"isSFSymbol":true},"id":"8E98BC52-3FA7-4FA3-A197-9A3D0C3148F7"},"arrow_up":{"toDetailCollection":{},"id":"60927B48-600D-4C30-9C7A-1C0A9542D342","keyShape":"arrow_Up","fromDetail":{"display":"arrowtriangle.up.fill","isSFSymbol":true,"output":{"arrow_keys":{"_0":"up_arrow"}}}},"row3":[{"id":"794A9EEE-7B3F-427B-8E89-94226A135050","toDetailCollection":{},"fromDetail":{"output":{"letter_keys":{"_0":"a"}},"display":"A"}}],"idsInOrderRow6":[{"id":"ADB76AB5-CDDA-4800-B1E8-50DA7B2F2CC2"}],"row5":[{"fromDetail":{"output":{"letter_keys":{"_0":"a"}},"display":"A"},"id":"417D0854-202C-4D3C-9DFD-1B8894E243B2","toDetailCollection":{}}],"row2":[{"id":"B6A76398-5AC2-401E-8A50-AB03828BB7ED","toDetailCollection":{},"fromDetail":{"display":"A","output":{"letter_keys":{"_0":"a"}}}}],"rowIndex_arrow":{"row6":{}},"idsInOrderRow1":[{"id":"E5A7C755-9A4C-42D1-A10E-74FD08F8CB6F"}],"arrow_down":{"fromDetail":{"isSFSymbol":true,"display":"arrowtriangle.down.fill","output":{"arrow_keys":{"_0":"down_arrow"}}},"keyShape":"arrow_Down","toDetailCollection":{},"id":"36F8300F-661C-4043-B46B-501F4F8878B0"},"row1":[{"id":"E5A7C755-9A4C-42D1-A10E-74FD08F8CB6F","fromDetail":{"output":{"letter_keys":{"_0":"a"}},"display":"A"},"toDetailCollection":{}}],"arrow_right":{"keyShape":"arrow_LR","id":"176B7F63-8501-4471-A49D-086F606DC3D5","toDetailCollection":{},"fromDetail":{"output":{"arrow_keys":{"_0":"right_arrow"}},"display":"arrowtriangle.right.fill","isSFSymbol":true}},"idsInOrderRow3":[{"id":"794A9EEE-7B3F-427B-8E89-94226A135050"}],"idsInOrderRow4":[{"id":"200A4333-9B14-4B87-B9C0-58C2B9CE1330"}],"enableArrowKeys":false}},"main":{"isEnableTenkey":false,"isEnableSub":false,"sectionDetail":{"section":{"main":{}},"deviceDetail":{"is_vendor_id_Enabled":false,"location_id":"location_id","is_location_id_Enabled":false,"vendor_id":"vendor_id","is_builtin_keyboard":false,"is_product_id_Enabled":false,"device_name":"mainKeyboard","product_id":"product_id"}},"mainRows":{"idsInOrderRow1":[{"id":"DD7B6C28-27EA-44B3-8A56-E75C8B19544F"},{"id":"8D09D22B-8B22-41F4-83C6-D479A6C3759B"},{"id":"119A932F-F0C8-4C1A-9BD9-24F2B60D12C3"},{"id":"542E70C3-C40E-4D4D-BFF4-904219725FD3"},{"id":"3E3BE189-4E64-4A89-A1A3-EBB3D06CB68A"},{"id":"AF64F2B3-700B-4DDA-80F5-EEC5CDD86EEE"},{"id":"FDA8D2FA-E2F5-4012-9953-D277E78F7C23"},{"id":"A5839988-DC67-4C8D-81E7-98992FDCCDB5"},{"id":"45F0DBEB-F6FC-496D-A315-C2DB1CB303FA"},{"id":"8455D17F-1AB1-4048-871B-82215C524028"},{"id":"5BB06863-41DF-4160-9DA9-B9AA7301A636"},{"id":"B57F149E-ED03-41DB-8364-45E9BD3859F5"},{"id":"D7D2046D-75E4-4899-86E6-7527D920B0AE"}],"arrow_down":{"keyShape":"arrow_Down","toDetailCollection":{},"id":"14B23566-2973-48E8-AD3D-543EC85DAE9C","fromDetail":{"output":{"arrow_keys":{"_0":"down_arrow"}},"isSFSymbol":true,"display":"arrowtriangle.down.fill"}},"idsInOrderRow5":[{"id":"12E4BB0C-BAEF-4FE8-B9A6-20739F78B529"},{"id":"42A652E4-7CCA-45EA-8D87-42763DE8EDFB"},{"id":"8A405E54-7C87-4DF6-AC0B-5DD337892F1E"},{"id":"64016E77-1237-4A4C-8882-24948E853195"},{"id":"951688EE-1ACC-492C-BCB7-EE3BDE6208A7"},{"id":"647AEA5F-A5B5-4F32-BD28-7B73215472E4"},{"id":"B6E87C68-020B-4BA2-A048-3F2CFDDF3E73"},{"id":"BEE09711-AF76-4444-A769-38A4A0F269CE"},{"id":"070A2F6F-0B2F-4036-8F53-4F3130D0DD5D"},{"id":"A4CDD638-E127-4665-9295-7FB8F858023C"},{"id":"2BCF30A4-677E-4AD5-9F90-02E83D3985BD"},{"id":"F54B65F3-1640-4DE9-BEFA-F640E730F78E"},{"id":"EB8604B7-CCFB-4848-B2D9-AEE3898EE6D5"}],"arrow_left":{"keyShape":"arrow_LR","id":"F3580035-B25C-40D1-A1E6-3511EAE6E9E7","toDetailCollection":{},"fromDetail":{"output":{"arrow_keys":{"_0":"left_arrow"}},"display":"arrowtriangle.left.fill","isSFSymbol":true}},"rowIndex_arrow":{"row6":{}},"row4":[{"toDetailCollection":{},"id":"4D5E196A-3EE5-4EC7-946D-3A589D7B2E69","fromDetail":{"output":{"letter_keys":{"_0":"a"}},"display":"A"}},{"id":"EC2A5D96-5380-4E3C-AB50-F31726268D44","fromDetail":{"display":";","output":{"controls_and_symbols":{"_0":"semicolon"}}},"toDetailCollection":{"condition0":{"layer0":{"withModifier_tap":{},"isCustomized_tap":true,"outputAndDisplay_tap":{"display":"O","layerKey":"layer0","output":{"letter_keys":{"_0":"o"}}}}}}},{"id":"70C76878-A2A9-4CBF-9AB8-BE386DA8D800","fromDetail":{"output":{"controls_and_symbols":{"_0":"single_quotation_or_colon"}},"display":":"},"toDetailCollection":{"condition0":{"layer0":{"isCustomized_tap":true,"outputAndDisplay_tap":{"layerKey":"layer0","output":{"letter_keys":{"_0":"i"}},"display":"I"},"withModifier_tap":{}}}}},{"id":"F59B2896-52D7-46CB-A9EC-E026CEA131B9","fromDetail":{"display":"G","output":{"letter_keys":{"_0":"g"}}},"toDetailCollection":{"condition0":{"layer0":{"withModifier_tap":{},"isCustomized_tap":true,"outputAndDisplay_tap":{"display":"W","layerKey":"layer0","output":{"letter_keys":{"_0":"w"}}}}}}},{"toDetailCollection":{"condition0":{"layer0":{"withModifier_tap":{},"isCustomized_tap":true,"outputAndDisplay_tap":{"output":{"letter_keys":{"_0":"e"}},"display":"E","layerKey":"layer0"}}}},"id":"CCB49B1D-8153-4EB1-A871-772AA2CA7487","fromDetail":{"output":{"letter_keys":{"_0":"l"}},"display":"L"}},{"toDetailCollection":{"condition0":{"layer0":{"outputAndDisplay_tap":{"display":";","layerKey":"layer0","output":{"controls_and_symbols":{"_0":"semicolon"}}},"isCustomized_tap":true,"withModifier_tap":{}}}},"id":"44DBEB10-D40E-4A1F-95A5-BDB57B1944F7","fromDetail":{"display":"H","output":{"letter_keys":{"_0":"h"}}}},{"id":"DCFB4DC5-D531-4F1B-916A-B5084F24C365","fromDetail":{"output":{"letter_keys":{"_0":"d"}},"display":"D"},"toDetailCollection":{"condition0":{"layer0":{"outputAndDisplay_tap":{"layerKey":"layer0","output":{"letter_keys":{"_0":"r"}},"display":"R"},"withModifier_tap":{},"isCustomized_tap":true}}}},{"fromDetail":{"output":{"modifier_keys":{"_0":"left_control"}},"isSFSymbol":true,"display":"control"},"unitSize":1.25,"id":"635AF017-0FC7-4081-9F69-215064D508CC","toDetailCollection":{}},{"toDetailCollection":{"condition0":{"layer0":{"outputAndDisplay_tap":{"layerKey":"layer0","output":{"shift_symbols":{"_0":"colon"}},"display":":"},"isCustomized_tap":true,"withModifier_tap":{}}}},"fromDetail":{"output":{"controls_and_symbols":{"_0":"close_square_bracket_jis"}},"display":"]"},"id":"3B919953-6374-4289-9454-5AD76A0E7ECF"},{"toDetailCollection":{"condition0":{"layer0":{"outputAndDisplay_tap":{"layerKey":"layer0","output":{"letter_keys":{"_0":"t"}},"display":"T"},"withModifier_tap":{},"isCustomized_tap":true}}},"fromDetail":{"display":"K","output":{"letter_keys":{"_0":"k"}}},"id":"DE89D03A-1D7C-45E6-8A0F-99BF46362F4D"},{"id":"8AB247AF-7F00-4593-BCEB-6C16BE3684B6","toDetailCollection":{"condition0":{"layer0":{"withModifier_tap":{},"outputAndDisplay_tap":{"output":{"letter_keys":{"_0":"g"}},"layerKey":"layer0","display":"G"},"isCustomized_tap":true}}},"fromDetail":{"output":{"letter_keys":{"_0":"j"}},"display":"J"}},{"fromDetail":{"display":"F","output":{"letter_keys":{"_0":"f"}}},"toDetailCollection":{"condition0":{"layer0":{"outputAndDisplay_tap":{"output":{"letter_keys":{"_0":"s"}},"layerKey":"layer0","display":"S"},"isCustomized_tap":true,"withModifier_tap":{}}}},"id":"43A73A63-50E4-475E-81DD-47AD8F363054"},{"id":"6E8C826E-1207-4397-A614-24ACD3E2B4D6","toDetailCollection":{"condition0":{"layer0":{"outputAndDisplay_tap":{"output":{"letter_keys":{"_0":"n"}},"layerKey":"layer0","display":"N"},"isCustomized_tap":true,"withModifier_tap":{}}}},"fromDetail":{"output":{"letter_keys":{"_0":"s"}},"display":"S"}}],"arrow_up":{"keyShape":"arrow_Up","id":"883B3860-32CE-4590-9B20-83FFD64C8914","fromDetail":{"display":"arrowtriangle.up.fill","output":{"arrow_keys":{"_0":"up_arrow"}},"isSFSymbol":true},"toDetailCollection":{}},"enableArrowKeys":true,"idsInOrderRow2":[{"id":"C450C0BC-E2B8-4BEF-9E03-572CEDC7EA4D"},{"id":"86F2C6EA-5827-4E66-93EE-529E15CC9B41"},{"id":"C73C0BE0-229A-4392-83EB-01C9B3F33E43"},{"id":"9829D6DB-142C-4B02-9533-000F6F57CE7E"},{"id":"FDB4C0CE-656E-4391-9873-CD86B7A647ED"},{"id":"0B992783-BBAF-460A-976B-DEDFD5627ED1"},{"id":"15F53FD4-12C2-42D5-8811-4100FF7486BB"},{"id":"658B8FDF-DEA4-45F0-BDAA-A8E8DA67F175"},{"id":"E6471200-30BA-48A2-BBF8-3E928C5B4BAE"},{"id":"AD947005-0C7E-4B1C-B7EF-ED6CFE196158"},{"id":"021E926B-0258-45B4-8C9F-B10F67931C0E"},{"id":"D66037BC-136F-4F30-91B5-E7667F016734"},{"id":"983D4A19-AED4-47FD-A13A-DE22BC609686"},{"id":"93286A7A-DD03-404B-B439-5D8E0368DBA9"}],"idsInOrderRow3":[{"id":"FA44A95E-0A28-4264-91D2-878C04EC2B1D"},{"id":"80F403DD-30FE-439E-9FDA-531C261D80AD"},{"id":"6F0B349A-7731-4F60-A05F-CF5CB5CB4343"},{"id":"4B27CF36-36B1-4C51-93B5-B244020C370B"},{"id":"47CCEBA8-ABE3-46BA-8E6D-6353870F22C9"},{"id":"065F1FD5-D60D-4E5A-A5C5-632B99125F38"},{"id":"814A7429-A7CB-4C99-BE47-7ACA83D111D1"},{"id":"A45FB560-7419-42E1-8860-A56EF4AF0D91"},{"id":"87F8ACC7-6166-416C-9328-EC3DD1A0609D"},{"id":"3CC9C40B-E7A6-4A4F-AB9B-9A2245A6448B"},{"id":"EB28C9BA-83BC-40A7-9191-1B639BA16566"},{"id":"D5D903C7-0F9A-4CBE-AD99-1D5A7771525C"},{"id":"8AFC2DCF-861C-497D-98D3-3C12434EEE4B"},{"id":"68B27A59-77C3-4F98-9345-572E50A229B7"}],"row1":[{"toDetailCollection":{},"fromDetail":{"display":"F4","output":{"function_keys":{"_0":"f4"}}},"id":"3E3BE189-4E64-4A89-A1A3-EBB3D06CB68A"},{"fromDetail":{"display":"F9","output":{"function_keys":{"_0":"f9"}}},"toDetailCollection":{},"id":"8455D17F-1AB1-4048-871B-82215C524028"},{"toDetailCollection":{},"id":"A5839988-DC67-4C8D-81E7-98992FDCCDB5","fromDetail":{"output":{"function_keys":{"_0":"f7"}},"display":"F7"}},{"fromDetail":{"output":{"function_keys":{"_0":"f3"}},"display":"F3"},"id":"542E70C3-C40E-4D4D-BFF4-904219725FD3","toDetailCollection":{}},{"toDetailCollection":{},"id":"DD7B6C28-27EA-44B3-8A56-E75C8B19544F","fromDetail":{"isSFSymbol":true,"output":{"controls_and_symbols":{"_0":"escape"}},"display":"escape"},"unitSize":1.5},{"fromDetail":{"output":{"function_keys":{"_0":"f11"}},"display":"F11"},"id":"B57F149E-ED03-41DB-8364-45E9BD3859F5","toDetailCollection":{}},{"fromDetail":{"display":"F12","output":{"function_keys":{"_0":"f12"}}},"id":"D7D2046D-75E4-4899-86E6-7527D920B0AE","toDetailCollection":{}},{"id":"8D09D22B-8B22-41F4-83C6-D479A6C3759B","fromDetail":{"display":"F1","output":{"function_keys":{"_0":"f1"}}},"toDetailCollection":{}},{"id":"119A932F-F0C8-4C1A-9BD9-24F2B60D12C3","toDetailCollection":{},"fromDetail":{"display":"F2","output":{"function_keys":{"_0":"f2"}}}},{"toDetailCollection":{},"fromDetail":{"display":"F6","output":{"function_keys":{"_0":"f6"}}},"id":"FDA8D2FA-E2F5-4012-9953-D277E78F7C23"},{"id":"5BB06863-41DF-4160-9DA9-B9AA7301A636","fromDetail":{"output":{"function_keys":{"_0":"f10"}},"display":"F10"},"toDetailCollection":{}},{"toDetailCollection":{},"fromDetail":{"output":{"function_keys":{"_0":"f8"}},"display":"F8"},"id":"45F0DBEB-F6FC-496D-A315-C2DB1CB303FA"},{"fromDetail":{"display":"F5","output":{"function_keys":{"_0":"f5"}}},"toDetailCollection":{},"id":"AF64F2B3-700B-4DDA-80F5-EEC5CDD86EEE"}],"idsInOrderRow6":[{"id":"D58B6695-07A2-4533-A19A-FA3B5BA25A18"},{"id":"F97BD5E6-5873-456A-BBD4-EBD59F8E658C"},{"id":"D7F26546-56B8-4C0B-B9FB-E0422345C5D9"},{"id":"4533B9EC-EA38-41E4-AA4C-90F8D2BA91AA"},{"id":"A7056123-80DD-4E69-AFF2-2D19AA23B08B"},{"id":"FCE8A1F6-BAF4-4104-AC16-F2E817DB24F6"},{"id":"16182949-2902-4B6E-A614-D0B82B108FBA"},{"id":"1ABA7AE2-51C1-43BA-95CF-8915E5930F8D"}],"row2":[{"fromDetail":{"output":{"controls_and_symbols":{"_0":"equal_sign_or_caret"}},"display":"^"},"toDetailCollection":{"condition0":{"layer0":{"outputAndDisplay_tap":{"display":"]","output":{"controls_and_symbols":{"_0":"close_square_bracket"}},"layerKey":"layer0"},"withModifier_tap":{},"isCustomized_tap":true}}},"id":"D66037BC-136F-4F30-91B5-E7667F016734"},{"id":"0B992783-BBAF-460A-976B-DEDFD5627ED1","fromDetail":{"display":"6","output":{"number_keys":{"_0":"six"}}},"toDetailCollection":{}},{"id":"E6471200-30BA-48A2-BBF8-3E928C5B4BAE","fromDetail":{"output":{"number_keys":{"_0":"nine"}},"display":"9"},"toDetailCollection":{}},{"fromDetail":{"display":"4","output":{"number_keys":{"_0":"four"}}},"toDetailCollection":{},"id":"9829D6DB-142C-4B02-9533-000F6F57CE7E"},{"id":"983D4A19-AED4-47FD-A13A-DE22BC609686","fromDetail":{"display":"\\","output":{"international_keys":{"_0":"international3"}}},"toDetailCollection":{}},{"fromDetail":{"display":"0","output":{"number_keys":{"_0":"zero"}}},"id":"AD947005-0C7E-4B1C-B7EF-ED6CFE196158","toDetailCollection":{}},{"toDetailCollection":{},"fromDetail":{"output":{"controls_and_symbols":{"_0":"delete_or_backspace"}},"isSFSymbol":true,"display":"delete.left"},"id":"93286A7A-DD03-404B-B439-5D8E0368DBA9","unitSize":1.25},{"id":"C450C0BC-E2B8-4BEF-9E03-572CEDC7EA4D","toDetailCollection":{},"fromDetail":{"display":"1","output":{"number_keys":{"_0":"one"}}},"unitSize":1.25},{"toDetailCollection":{},"fromDetail":{"output":{"number_keys":{"_0":"five"}},"display":"5"},"id":"FDB4C0CE-656E-4391-9873-CD86B7A647ED"},{"fromDetail":{"display":"8","output":{"number_keys":{"_0":"eight"}}},"id":"658B8FDF-DEA4-45F0-BDAA-A8E8DA67F175","toDetailCollection":{}},{"id":"021E926B-0258-45B4-8C9F-B10F67931C0E","fromDetail":{"display":"-","output":{"controls_and_symbols":{"_0":"hyphen"}}},"toDetailCollection":{"condition0":{"layer0":{"withModifier_tap":{},"isCustomized_tap":true,"outputAndDisplay_tap":{"display":"[","output":{"controls_and_symbols":{"_0":"open_square_bracket"}},"layerKey":"layer0"}}}}},{"fromDetail":{"output":{"number_keys":{"_0":"seven"}},"display":"7"},"toDetailCollection":{},"id":"15F53FD4-12C2-42D5-8811-4100FF7486BB"},{"id":"C73C0BE0-229A-4392-83EB-01C9B3F33E43","fromDetail":{"display":"3","output":{"number_keys":{"_0":"three"}}},"toDetailCollection":{}},{"fromDetail":{"output":{"number_keys":{"_0":"two"}},"display":"2"},"toDetailCollection":{},"id":"86F2C6EA-5827-4E66-93EE-529E15CC9B41"}],"row6":[{"id":"D58B6695-07A2-4533-A19A-FA3B5BA25A18","toDetailCollection":{},"fromDetail":{"output":{"modifier_keys":{"_0":"caps_lock"}},"isSFSymbol":true,"display":"capslock"}},{"unitSize":1.25,"fromDetail":{"display":"かな","output":{"japanese":{"_0":"kana"}}},"id":"FCE8A1F6-BAF4-4104-AC16-F2E817DB24F6","toDetailCollection":{}},{"unitSize":1.25,"fromDetail":{"display":"英数","output":{"japanese":{"_0":"eisuu"}}},"id":"4533B9EC-EA38-41E4-AA4C-90F8D2BA91AA","toDetailCollection":{}},{"toDetailCollection":{},"fromDetail":{"output":{"modifier_keys":{"_0":"keyboard_fn"}},"display":"globe","isSFSymbol":true},"id":"1ABA7AE2-51C1-43BA-95CF-8915E5930F8D"},{"toDetailCollection":{},"fromDetail":{"isSFSymbol":true,"display":"command","output":{"modifier_keys":{"_0":"right_command"}}},"id":"16182949-2902-4B6E-A614-D0B82B108FBA","unitSize":1.25},{"id":"A7056123-80DD-4E69-AFF2-2D19AA23B08B","fromDetail":{"display":"␣","output":{"controls_and_symbols":{"_0":"spacebar"}}},"toDetailCollection":{},"unitSize":3.5},{"toDetailCollection":{},"id":"F97BD5E6-5873-456A-BBD4-EBD59F8E658C","fromDetail":{"output":{"modifier_keys":{"_0":"left_option"}},"isSFSymbol":true,"display":"option"}},{"toDetailCollection":{},"fromDetail":{"display":"command","isSFSymbol":true,"output":{"modifier_keys":{"_0":"left_command"}}},"id":"D7F26546-56B8-4C0B-B9FB-E0422345C5D9","unitSize":1.25}],"row5":[{"toDetailCollection":{"condition0":{"layer0":{"outputAndDisplay_tap":{"display":"'","layerKey":"layer0","output":{"controls_and_symbols":{"_0":"single_quotation"}}},"isCustomized_tap":true,"withModifier_tap":{}}}},"id":"A4CDD638-E127-4665-9295-7FB8F858023C","fromDetail":{"output":{"controls_and_symbols":{"_0":"period"}},"display":"."}},{"toDetailCollection":{"condition0":{"layer0":{"outputAndDisplay_tap":{"layerKey":"layer0","output":{"letter_keys":{"_0":"x"}},"display":"X"},"isCustomized_tap":true,"withModifier_tap":{}}}},"id":"2BCF30A4-677E-4AD5-9F90-02E83D3985BD","fromDetail":{"output":{"controls_and_symbols":{"_0":"slash"}},"display":"\/"}},{"id":"42A652E4-7CCA-45EA-8D87-42763DE8EDFB","toDetailCollection":{"condition0":{"layer0":{"isCustomized_tap":true,"withModifier_tap":{},"outputAndDisplay_tap":{"display":"-","layerKey":"layer0","output":{"controls_and_symbols":{"_0":"hyphen"}}}}}},"fromDetail":{"display":"Z","output":{"letter_keys":{"_0":"z"}}}},{"id":"647AEA5F-A5B5-4F32-BD28-7B73215472E4","fromDetail":{"display":"B","output":{"letter_keys":{"_0":"b"}}},"toDetailCollection":{"condition0":{"layer0":{"outputAndDisplay_tap":{"display":"V","output":{"letter_keys":{"_0":"v"}},"layerKey":"layer0"},"withModifier_tap":{},"isCustomized_tap":true}}}},{"toDetailCollection":{"condition0":{"layer0":{"isCustomized_tap":true,"outputAndDisplay_tap":{"output":{"letter_keys":{"_0":"y"}},"display":"Y","layerKey":"layer0"},"withModifier_tap":{}}}},"fromDetail":{"output":{"letter_keys":{"_0":"c"}},"display":"C"},"id":"64016E77-1237-4A4C-8882-24948E853195"},{"fromDetail":{"display":"M","output":{"letter_keys":{"_0":"m"}}},"toDetailCollection":{"condition0":{"layer0":{"isCustomized_tap":true,"outputAndDisplay_tap":{"display":"K","layerKey":"layer0","output":{"letter_keys":{"_0":"k"}}},"withModifier_tap":{}}}},"id":"BEE09711-AF76-4444-A769-38A4A0F269CE"},{"unitSize":1.75,"fromDetail":{"display":"shift","isSFSymbol":true,"output":{"modifier_keys":{"_0":"left_shift"}}},"id":"12E4BB0C-BAEF-4FE8-B9A6-20739F78B529","toDetailCollection":{}},{"toDetailCollection":{},"fromDetail":{"isSFSymbol":true,"output":{"modifier_keys":{"_0":"right_shift"}},"display":"shift"},"id":"EB8604B7-CCFB-4848-B2D9-AEE3898EE6D5","unitSize":1.75},{"toDetailCollection":{"condition0":{"layer0":{"isCustomized_tap":true,"outputAndDisplay_tap":{"layerKey":"layer0","display":"J","output":{"letter_keys":{"_0":"j"}}},"withModifier_tap":{}}}},"fromDetail":{"output":{"letter_keys":{"_0":"n"}},"display":"N"},"id":"B6E87C68-020B-4BA2-A048-3F2CFDDF3E73"},{"id":"951688EE-1ACC-492C-BCB7-EE3BDE6208A7","fromDetail":{"output":{"letter_keys":{"_0":"v"}},"display":"V"},"toDetailCollection":{"condition0":{"layer0":{"outputAndDisplay_tap":{"layerKey":"layer0","display":"M","output":{"letter_keys":{"_0":"m"}}},"withModifier_tap":{},"isCustomized_tap":true}}}},{"fromDetail":{"output":{"international_keys":{"_0":"international1"}},"display":"_"},"id":"F54B65F3-1640-4DE9-BEFA-F640E730F78E","toDetailCollection":{}},{"id":"070A2F6F-0B2F-4036-8F53-4F3130D0DD5D","fromDetail":{"display":",","output":{"controls_and_symbols":{"_0":"comma"}}},"toDetailCollection":{"condition0":{"layer0":{"outputAndDisplay_tap":{"layerKey":"layer0","display":"D","output":{"letter_keys":{"_0":"d"}}},"isCustomized_tap":true,"withModifier_tap":{}}}}},{"id":"8A405E54-7C87-4DF6-AC0B-5DD337892F1E","toDetailCollection":{"condition0":{"layer0":{"outputAndDisplay_tap":{"output":{"letter_keys":{"_0":"z"}},"layerKey":"layer0","display":"Z"},"withModifier_tap":{},"isCustomized_tap":true}}},"fromDetail":{"output":{"letter_keys":{"_0":"x"}},"display":"X"}}],"idsInOrderRow4":[{"id":"635AF017-0FC7-4081-9F69-215064D508CC"},{"id":"4D5E196A-3EE5-4EC7-946D-3A589D7B2E69"},{"id":"6E8C826E-1207-4397-A614-24ACD3E2B4D6"},{"id":"DCFB4DC5-D531-4F1B-916A-B5084F24C365"},{"id":"43A73A63-50E4-475E-81DD-47AD8F363054"},{"id":"F59B2896-52D7-46CB-A9EC-E026CEA131B9"},{"id":"44DBEB10-D40E-4A1F-95A5-BDB57B1944F7"},{"id":"8AB247AF-7F00-4593-BCEB-6C16BE3684B6"},{"id":"DE89D03A-1D7C-45E6-8A0F-99BF46362F4D"},{"id":"CCB49B1D-8153-4EB1-A871-772AA2CA7487"},{"id":"EC2A5D96-5380-4E3C-AB50-F31726268D44"},{"id":"70C76878-A2A9-4CBF-9AB8-BE386DA8D800"},{"id":"3B919953-6374-4289-9454-5AD76A0E7ECF"}],"row3":[{"id":"87F8ACC7-6166-416C-9328-EC3DD1A0609D","toDetailCollection":{"condition0":{"layer0":{"withModifier_tap":{},"isCustomized_tap":true,"outputAndDisplay_tap":{"layerKey":"layer0","output":{"letter_keys":{"_0":"b"}},"display":"B"}}}},"fromDetail":{"output":{"letter_keys":{"_0":"i"}},"display":"I"}},{"id":"47CCEBA8-ABE3-46BA-8E6D-6353870F22C9","toDetailCollection":{"condition0":{"layer0":{"isCustomized_tap":true,"outputAndDisplay_tap":{"display":"C","layerKey":"layer0","output":{"letter_keys":{"_0":"c"}}},"withModifier_tap":{}}}},"fromDetail":{"display":"R","output":{"letter_keys":{"_0":"r"}}}},{"fromDetail":{"output":{"letter_keys":{"_0":"e"}},"display":"E"},"toDetailCollection":{"condition0":{"layer0":{"isCustomized_tap":true,"outputAndDisplay_tap":{"display":"H","layerKey":"layer0","output":{"letter_keys":{"_0":"h"}}},"withModifier_tap":{}}}},"id":"4B27CF36-36B1-4C51-93B5-B244020C370B"},{"id":"3CC9C40B-E7A6-4A4F-AB9B-9A2245A6448B","fromDetail":{"output":{"letter_keys":{"_0":"o"}},"display":"O"},"toDetailCollection":{"condition0":{"layer0":{"outputAndDisplay_tap":{"display":"U","output":{"letter_keys":{"_0":"u"}},"layerKey":"layer0"},"withModifier_tap":{},"isCustomized_tap":true}}}},{"id":"D5D903C7-0F9A-4CBE-AD99-1D5A7771525C","fromDetail":{"output":{"controls_and_symbols":{"_0":"commercial_at_jis"}},"display":"@"},"toDetailCollection":{"condition0":{"layer0":{"withModifier_tap":{},"outputAndDisplay_tap":{"display":".","output":{"controls_and_symbols":{"_0":"period"}},"layerKey":"layer0"},"isCustomized_tap":true}}}},{"keyShape":"enter_JIS","toDetailCollection":{},"fromDetail":{"output":{"controls_and_symbols":{"_0":"return_or_enter"}},"display":"return","isSFSymbol":true},"unitSize":1.5,"id":"68B27A59-77C3-4F98-9345-572E50A229B7"},{"toDetailCollection":{"condition0":{"layer0":{"isCustomized_tap":true,"outputAndDisplay_tap":{"display":",","layerKey":"layer0","output":{"controls_and_symbols":{"_0":"comma"}}},"withModifier_tap":{}}}},"fromDetail":{"output":{"letter_keys":{"_0":"p"}},"display":"P"},"id":"EB28C9BA-83BC-40A7-9191-1B639BA16566"},{"toDetailCollection":{"condition0":{"layer0":{"isCustomized_tap":true,"outputAndDisplay_tap":{"output":{"letter_keys":{"_0":"p"}},"display":"P","layerKey":"layer0"},"withModifier_tap":{}}}},"id":"A45FB560-7419-42E1-8860-A56EF4AF0D91","fromDetail":{"output":{"letter_keys":{"_0":"u"}},"display":"U"}},{"fromDetail":{"output":{"letter_keys":{"_0":"q"}},"display":"Q"},"id":"80F403DD-30FE-439E-9FDA-531C261D80AD","toDetailCollection":{}},{"id":"065F1FD5-D60D-4E5A-A5C5-632B99125F38","fromDetail":{"output":{"letter_keys":{"_0":"t"}},"display":"T"},"toDetailCollection":{"condition0":{"layer0":{"outputAndDisplay_tap":{"display":"F","layerKey":"layer0","output":{"letter_keys":{"_0":"f"}}},"isCustomized_tap":true,"withModifier_tap":{}}}}},{"fromDetail":{"display":"W","output":{"letter_keys":{"_0":"w"}}},"toDetailCollection":{"condition0":{"layer0":{"outputAndDisplay_tap":{"layerKey":"layer0","output":{"letter_keys":{"_0":"l"}},"display":"L"},"withModifier_tap":{},"isCustomized_tap":true}}},"id":"6F0B349A-7731-4F60-A05F-CF5CB5CB4343"},{"id":"8AFC2DCF-861C-497D-98D3-3C12434EEE4B","fromDetail":{"display":"[","output":{"controls_and_symbols":{"_0":"open_square_bracket_jis"}}},"toDetailCollection":{"condition0":{"layer0":{"outputAndDisplay_tap":{"layerKey":"layer0","display":"\/","output":{"controls_and_symbols":{"_0":"slash"}}},"withModifier_tap":{},"isCustomized_tap":true}}}},{"id":"814A7429-A7CB-4C99-BE47-7ACA83D111D1","fromDetail":{"output":{"letter_keys":{"_0":"y"}},"display":"Y"},"toDetailCollection":{"condition0":{"layer0":{"isCustomized_tap":true,"withModifier_tap":{},"outputAndDisplay_tap":{"layerKey":"layer0","output":{"shift_symbols":{"_0":"caret"}},"display":"^"}}}}},{"id":"FA44A95E-0A28-4264-91D2-878C04EC2B1D","fromDetail":{"output":{"controls_and_symbols":{"_0":"tab"}},"display":"arrow.right.to.line","isSFSymbol":true},"toDetailCollection":{}}],"arrow_right":{"id":"D203E1CE-708C-4EC0-ADC2-5F3269E2E144","fromDetail":{"isSFSymbol":true,"output":{"arrow_keys":{"_0":"right_arrow"}},"display":"arrowtriangle.right.fill"},"toDetailCollection":{},"keyShape":"arrow_LR"}},"subRows":{"arrow_left":{"keyShape":"arrow_LR","id":"F545F934-A40B-4492-9205-AB5BD5B77E8E","fromDetail":{"isSFSymbol":true,"output":{"arrow_keys":{"_0":"left_arrow"}},"display":"arrowtriangle.left.fill"},"toDetailCollection":{}},"arrow_right":{"keyShape":"arrow_LR","toDetailCollection":{},"id":"F8A97D0F-4CFE-4D90-9C86-AECB4B86F915","fromDetail":{"display":"arrowtriangle.right.fill","output":{"arrow_keys":{"_0":"right_arrow"}},"isSFSymbol":true}},"row2":[{"toDetailCollection":{},"fromDetail":{"isSFSymbol":true,"display":"text.insert","output":{"keys_in_pc_keyboards":{"_0":"insert"}}},"id":"0AA7970C-4964-4A08-A337-AC3EE33A4908"},{"fromDetail":{"display":"arrow.up","isSFSymbol":true,"output":{"arrow_keys":{"_0":"page_up"}}},"toDetailCollection":{},"id":"E9BC4A3E-5977-4E9D-9D9D-BC16D37D71B3"},{"id":"9325C528-8E57-402F-B368-1E5EBC67DEA7","toDetailCollection":{},"fromDetail":{"isSFSymbol":true,"output":{"arrow_keys":{"_0":"home"}},"display":"arrow.up.to.line"}}],"idsInOrderRow5":[{"id":"A25D669B-53E6-44B9-A299-E45DA7972083"},{"id":"734F454B-B88A-45BB-BC51-FF839B951F11"}],"rowIndex_arrow":{"row6":{}},"idsInOrderRow1":[{"id":"4790A4E0-81D7-4FF5-BB7B-39DC8F2B73DD"},{"id":"F56F65C1-351A-4F27-8DFE-B1F43D6BFEB1"},{"id":"FF2EDE19-4D0D-4902-9673-333B5830A21F"}],"idsInOrderRow4":[],"idsInOrderRow2":[{"id":"0AA7970C-4964-4A08-A337-AC3EE33A4908"},{"id":"9325C528-8E57-402F-B368-1E5EBC67DEA7"},{"id":"E9BC4A3E-5977-4E9D-9D9D-BC16D37D71B3"}],"idsInOrderRow3":[{"id":"0A042236-4BC3-4381-A868-F57C61363ECB"},{"id":"A1CD2448-4D73-4988-8D66-7CC5F30C826F"},{"id":"4C5574FF-830B-47B2-B632-2161F8B681C5"}],"idsInOrderRow6":[{"id":"8BFC69D0-8EEB-4EE4-8AE3-E19DBFB4788C"},{"id":"E02ECF55-5109-478D-A72C-A4DDC7279FF6"},{"id":"364802FD-C357-4FFE-B485-BE2275A80FFC"}],"row6":[{"id":"364802FD-C357-4FFE-B485-BE2275A80FFC","toDetailCollection":{},"fromDetail":{"isSFSymbol":true,"display":"arrowtriangle.right.fill","output":{"arrow_keys":{"_0":"right_arrow"}}}},{"id":"E02ECF55-5109-478D-A72C-A4DDC7279FF6","fromDetail":{"output":{"arrow_keys":{"_0":"down_arrow"}},"isSFSymbol":true,"display":"arrowtriangle.down.fill"},"toDetailCollection":{}},{"id":"8BFC69D0-8EEB-4EE4-8AE3-E19DBFB4788C","fromDetail":{"isSFSymbol":true,"display":"arrowtriangle.left.fill","output":{"arrow_keys":{"_0":"left_arrow"}}},"toDetailCollection":{}}],"row1":[{"id":"FF2EDE19-4D0D-4902-9673-333B5830A21F","fromDetail":{"display":"F15","output":{"function_keys":{"_0":"f15"}}},"toDetailCollection":{}},{"toDetailCollection":{},"fromDetail":{"display":"F14","output":{"function_keys":{"_0":"f14"}}},"id":"F56F65C1-351A-4F27-8DFE-B1F43D6BFEB1"},{"fromDetail":{"output":{"function_keys":{"_0":"f13"}},"display":"F13"},"id":"4790A4E0-81D7-4FF5-BB7B-39DC8F2B73DD","toDetailCollection":{}}],"arrow_up":{"id":"87FCE9E9-B689-4E53-B46D-5602EA033468","toDetailCollection":{},"keyShape":"arrow_Up","fromDetail":{"isSFSymbol":true,"output":{"arrow_keys":{"_0":"up_arrow"}},"display":"arrowtriangle.up.fill"}},"row4":[],"enableArrowKeys":false,"row5":[{"id":"734F454B-B88A-45BB-BC51-FF839B951F11","toDetailCollection":{},"fromDetail":{"output":{"arrow_keys":{"_0":"up_arrow"}},"display":"arrowtriangle.up.fill","isSFSymbol":true}},{"fromDetail":{"display":"A","output":{"letter_keys":{"_0":"a"}}},"id":"A25D669B-53E6-44B9-A299-E45DA7972083","isSpacer":true,"toDetailCollection":{}}],"arrow_down":{"fromDetail":{"output":{"arrow_keys":{"_0":"down_arrow"}},"display":"arrowtriangle.down.fill","isSFSymbol":true},"keyShape":"arrow_Down","toDetailCollection":{},"id":"5EFAF85E-9747-4FFA-9D30-747B4228B502"},"row3":[{"id":"0A042236-4BC3-4381-A868-F57C61363ECB","toDetailCollection":{},"fromDetail":{"display":"delete.right","isSFSymbol":true,"output":{"controls_and_symbols":{"_0":"delete_forward"}}}},{"id":"A1CD2448-4D73-4988-8D66-7CC5F30C826F","fromDetail":{"isSFSymbol":true,"output":{"arrow_keys":{"_0":"end"}},"display":"arrow.down.to.line"},"toDetailCollection":{}},{"id":"4C5574FF-830B-47B2-B632-2161F8B681C5","toDetailCollection":{},"fromDetail":{"output":{"arrow_keys":{"_0":"page_down"}},"display":"arrow.down","isSFSymbol":true}}]},"tenkeyRows":{"row1":[{"id":"CB52FB9F-55F6-4D11-9E4F-6B6B0D32CB68","toDetailCollection":{},"fromDetail":{"output":{"function_keys":{"_0":"f19"}},"display":"F19"}},{"id":"471B801A-260F-478E-8B2F-BA32B9B65C45","toDetailCollection":{},"fromDetail":{"output":{"function_keys":{"_0":"f16"}},"display":"F16"}},{"fromDetail":{"display":"F18","output":{"function_keys":{"_0":"f18"}}},"toDetailCollection":{},"id":"CE741975-4742-4C43-9823-78EB9B7BF11A"},{"fromDetail":{"display":"F17","output":{"function_keys":{"_0":"f17"}}},"id":"6931B78C-BD81-4B9C-ABB3-09C3B29B25B0","toDetailCollection":{}}],"row5":[{"fromDetail":{"output":{"keypad_keys":{"_0":"keypad_1"}},"display":"1"},"id":"CB8853EF-348E-41AA-983E-A3E85C7F829C","toDetailCollection":{}},{"fromDetail":{"display":"2","output":{"keypad_keys":{"_0":"keypad_2"}}},"toDetailCollection":{},"id":"D030D965-4D04-4B45-A7A6-0C550E615A32"},{"fromDetail":{"output":{"keypad_keys":{"_0":"keypad_enter"}},"display":"projective","isSFSymbol":true},"id":"83A6FF42-7CC2-4DC8-BF4D-AFE3B65C1571","toDetailCollection":{},"keyShape":"enter_Tenkey"},{"fromDetail":{"display":"3","output":{"keypad_keys":{"_0":"keypad_3"}}},"toDetailCollection":{},"id":"79F4A770-B815-4FB2-AB05-BD1FCDAE2A40"}],"idsInOrderRow4":[{"id":"4C59FB2C-DBD3-47CA-8514-FF718F70BF57"},{"id":"589FEC9E-DF8C-4DAF-B35D-A72D55C11E54"},{"id":"5AE9DCB5-DE63-4148-ABD5-61C7F8A819D9"},{"id":"6FE0829C-E4EB-48EF-B6CE-E84EBD7979EC"}],"row4":[{"fromDetail":{"display":"5","output":{"keypad_keys":{"_0":"keypad_5"}}},"toDetailCollection":{},"id":"589FEC9E-DF8C-4DAF-B35D-A72D55C11E54"},{"id":"5AE9DCB5-DE63-4148-ABD5-61C7F8A819D9","fromDetail":{"display":"6","output":{"keypad_keys":{"_0":"keypad_6"}}},"toDetailCollection":{}},{"toDetailCollection":{},"id":"4C59FB2C-DBD3-47CA-8514-FF718F70BF57","fromDetail":{"output":{"keypad_keys":{"_0":"keypad_4"}},"display":"4"}},{"id":"6FE0829C-E4EB-48EF-B6CE-E84EBD7979EC","fromDetail":{"output":{"keypad_keys":{"_0":"keypad_plus"}},"display":"+"},"toDetailCollection":{}}],"idsInOrderRow5":[{"id":"CB8853EF-348E-41AA-983E-A3E85C7F829C"},{"id":"D030D965-4D04-4B45-A7A6-0C550E615A32"},{"id":"79F4A770-B815-4FB2-AB05-BD1FCDAE2A40"},{"id":"83A6FF42-7CC2-4DC8-BF4D-AFE3B65C1571"}],"rowIndex_arrow":{"row6":{}},"row3":[{"id":"09612B06-5DCE-41F0-99CF-8F4A7CAAC23D","fromDetail":{"output":{"keypad_keys":{"_0":"keypad_hyphen"}},"display":"-"},"toDetailCollection":{}},{"toDetailCollection":{},"id":"1F3916A2-E27D-487D-A110-B18BBF49CBE8","fromDetail":{"output":{"keypad_keys":{"_0":"keypad_8"}},"display":"8"}},{"fromDetail":{"output":{"keypad_keys":{"_0":"keypad_9"}},"display":"9"},"toDetailCollection":{},"id":"8D1422BA-B987-49FB-8673-E90E69A7B71A"},{"toDetailCollection":{},"id":"823A0143-D955-44D2-9F72-6E65ABB636C2","fromDetail":{"output":{"keypad_keys":{"_0":"keypad_7"}},"display":"7"}}],"idsInOrderRow2":[{"id":"CDA6B53D-3533-4103-9D27-B870BD54E1A5"},{"id":"05A04484-FA39-4B59-A883-8FEA6551EAF1"},{"id":"EE245DD8-F8E4-4F97-A1B0-6F63542384BC"},{"id":"7DC6D7E1-8AFF-49D8-AEB3-C42153EBACE0"}],"idsInOrderRow3":[{"id":"823A0143-D955-44D2-9F72-6E65ABB636C2"},{"id":"1F3916A2-E27D-487D-A110-B18BBF49CBE8"},{"id":"8D1422BA-B987-49FB-8673-E90E69A7B71A"},{"id":"09612B06-5DCE-41F0-99CF-8F4A7CAAC23D"}],"idsInOrderRow6":[{"id":"500F779B-2A1B-447E-86A7-31E12B6615E1"},{"id":"788ED8A1-1BC5-40A0-8B64-FE0EF3ACFFB5"},{"id":"28881E07-77D4-4F59-B7F5-70BB42C24619"}],"enableArrowKeys":false,"row6":[{"toDetailCollection":{},"id":"500F779B-2A1B-447E-86A7-31E12B6615E1","fromDetail":{"output":{"keypad_keys":{"_0":"keypad_0"}},"display":"0"}},{"toDetailCollection":{},"fromDetail":{"output":{"keypad_keys":{"_0":"keypad_comma"}},"display":","},"id":"788ED8A1-1BC5-40A0-8B64-FE0EF3ACFFB5"},{"fromDetail":{"output":{"keypad_keys":{"_0":"keypad_period"}},"display":"."},"toDetailCollection":{},"id":"28881E07-77D4-4F59-B7F5-70BB42C24619"}],"row2":[{"toDetailCollection":{},"id":"CDA6B53D-3533-4103-9D27-B870BD54E1A5","fromDetail":{"output":{"others":{"_0":"clear"}},"display":"clear"}},{"toDetailCollection":{},"id":"05A04484-FA39-4B59-A883-8FEA6551EAF1","fromDetail":{"display":"=","output":{"keypad_keys":{"_0":"keypad_equal_sign"}}}},{"toDetailCollection":{},"fromDetail":{"output":{"keypad_keys":{"_0":"keypad_slash"}},"display":"\/"},"id":"EE245DD8-F8E4-4F97-A1B0-6F63542384BC"},{"id":"7DC6D7E1-8AFF-49D8-AEB3-C42153EBACE0","toDetailCollection":{},"fromDetail":{"display":"*","output":{"keypad_keys":{"_0":"keypad_asterisk"}}}}],"arrow_right":{"fromDetail":{"output":{"arrow_keys":{"_0":"right_arrow"}},"display":"arrowtriangle.right.fill","isSFSymbol":true},"toDetailCollection":{},"id":"CE1F23D6-1172-4A81-8630-154826D9B040","keyShape":"arrow_LR"},"arrow_up":{"toDetailCollection":{},"id":"7F20BA7A-7774-4153-9DE5-C12C0A711D8D","fromDetail":{"display":"arrowtriangle.up.fill","isSFSymbol":true,"output":{"arrow_keys":{"_0":"up_arrow"}}},"keyShape":"arrow_Up"},"idsInOrderRow1":[{"id":"471B801A-260F-478E-8B2F-BA32B9B65C45"},{"id":"6931B78C-BD81-4B9C-ABB3-09C3B29B25B0"},{"id":"CE741975-4742-4C43-9823-78EB9B7BF11A"},{"id":"CB52FB9F-55F6-4D11-9E4F-6B6B0D32CB68"}],"arrow_left":{"id":"1940E306-F52C-44EF-BD2D-07F3121CA9B8","keyShape":"arrow_LR","toDetailCollection":{},"fromDetail":{"isSFSymbol":true,"output":{"arrow_keys":{"_0":"left_arrow"}},"display":"arrowtriangle.left.fill"}},"arrow_down":{"toDetailCollection":{},"keyShape":"arrow_Down","fromDetail":{"display":"arrowtriangle.down.fill","isSFSymbol":true,"output":{"arrow_keys":{"_0":"down_arrow"}}},"id":"7CC8984F-9AB9-4B08-822C-502BDC7A511D"}},"isEnableMain":true},"other":{"subRows":{"enableArrowKeys":false,"arrow_down":{"fromDetail":{"display":"arrowtriangle.down.fill","isSFSymbol":true,"output":{"arrow_keys":{"_0":"down_arrow"}}},"keyShape":"arrow_Down","toDetailCollection":{},"id":"41D5F95C-69FE-42FF-AB5D-A16D1FF8D91B"},"idsInOrderRow3":[{"id":"7FAAC2C0-43E4-429C-8AE8-C5D4592A8CC8"},{"id":"FFD0D9C0-320B-40C2-B72E-6A9065771C7C"},{"id":"D6C66005-74F8-436B-9EA4-6B0293AD5F17"}],"idsInOrderRow5":[{"id":"CBF8DDBA-C80E-4C69-91B8-BE7F5CE5DB39"},{"id":"EDABC1C3-F69B-4568-B416-5D80104978AE"}],"arrow_left":{"id":"2B0851A7-3CD6-4362-82F5-DFC828A6EC0A","keyShape":"arrow_LR","fromDetail":{"output":{"arrow_keys":{"_0":"left_arrow"}},"display":"arrowtriangle.left.fill","isSFSymbol":true},"toDetailCollection":{}},"row3":[{"toDetailCollection":{},"id":"D6C66005-74F8-436B-9EA4-6B0293AD5F17","fromDetail":{"isSFSymbol":true,"display":"arrow.down","output":{"arrow_keys":{"_0":"page_down"}}}},{"fromDetail":{"output":{"arrow_keys":{"_0":"end"}},"isSFSymbol":true,"display":"arrow.down.to.line"},"toDetailCollection":{},"id":"FFD0D9C0-320B-40C2-B72E-6A9065771C7C"},{"fromDetail":{"display":"delete.right","output":{"controls_and_symbols":{"_0":"delete_forward"}},"isSFSymbol":true},"id":"7FAAC2C0-43E4-429C-8AE8-C5D4592A8CC8","toDetailCollection":{}}],"row5":[{"isSpacer":true,"toDetailCollection":{},"fromDetail":{"display":"A","output":{"letter_keys":{"_0":"a"}}},"id":"CBF8DDBA-C80E-4C69-91B8-BE7F5CE5DB39"},{"fromDetail":{"isSFSymbol":true,"output":{"arrow_keys":{"_0":"up_arrow"}},"display":"arrowtriangle.up.fill"},"toDetailCollection":{},"id":"EDABC1C3-F69B-4568-B416-5D80104978AE"}],"idsInOrderRow4":[],"idsInOrderRow1":[{"id":"610DE2C9-BD87-4891-8F4E-73B7BE9BB3F3"},{"id":"34A8EE67-DC8C-4358-A4A4-BEBFC24D7AFC"},{"id":"14A1F9A4-348A-4085-A7F5-00A6793758BF"}],"row2":[{"toDetailCollection":{},"id":"80DC96DE-5157-4294-9E0B-1375DBF06058","fromDetail":{"isSFSymbol":true,"output":{"arrow_keys":{"_0":"page_up"}},"display":"arrow.up"}},{"toDetailCollection":{},"id":"D9D1A890-D04B-4381-9D26-E29D1F24A9E7","fromDetail":{"isSFSymbol":true,"output":{"arrow_keys":{"_0":"home"}},"display":"arrow.up.to.line"}},{"toDetailCollection":{},"id":"8CAFE74B-0625-4E0F-8DB7-8D6ED1D28B94","fromDetail":{"output":{"keys_in_pc_keyboards":{"_0":"insert"}},"display":"text.insert","isSFSymbol":true}}],"rowIndex_arrow":{"row6":{}},"row6":[{"toDetailCollection":{},"fromDetail":{"output":{"arrow_keys":{"_0":"down_arrow"}},"display":"arrowtriangle.down.fill","isSFSymbol":true},"id":"C2EF859D-1D02-496F-93B9-6BC91088057B"},{"id":"F718A76F-9DCE-4D54-A98A-79168FC0C32A","fromDetail":{"isSFSymbol":true,"output":{"arrow_keys":{"_0":"left_arrow"}},"display":"arrowtriangle.left.fill"},"toDetailCollection":{}},{"fromDetail":{"display":"arrowtriangle.right.fill","isSFSymbol":true,"output":{"arrow_keys":{"_0":"right_arrow"}}},"id":"01F380A5-3CF7-4DF1-84E0-915C25C82E31","toDetailCollection":{}}],"row4":[],"idsInOrderRow6":[{"id":"F718A76F-9DCE-4D54-A98A-79168FC0C32A"},{"id":"C2EF859D-1D02-496F-93B9-6BC91088057B"},{"id":"01F380A5-3CF7-4DF1-84E0-915C25C82E31"}],"row1":[{"fromDetail":{"display":"F14","output":{"function_keys":{"_0":"f14"}}},"toDetailCollection":{},"id":"34A8EE67-DC8C-4358-A4A4-BEBFC24D7AFC"},{"fromDetail":{"display":"F13","output":{"function_keys":{"_0":"f13"}}},"toDetailCollection":{},"id":"610DE2C9-BD87-4891-8F4E-73B7BE9BB3F3"},{"id":"14A1F9A4-348A-4085-A7F5-00A6793758BF","fromDetail":{"output":{"function_keys":{"_0":"f15"}},"display":"F15"},"toDetailCollection":{}}],"idsInOrderRow2":[{"id":"8CAFE74B-0625-4E0F-8DB7-8D6ED1D28B94"},{"id":"D9D1A890-D04B-4381-9D26-E29D1F24A9E7"},{"id":"80DC96DE-5157-4294-9E0B-1375DBF06058"}],"arrow_up":{"keyShape":"arrow_Up","toDetailCollection":{},"id":"D86EB94E-4810-40C5-B085-2774BD71261E","fromDetail":{"output":{"arrow_keys":{"_0":"up_arrow"}},"display":"arrowtriangle.up.fill","isSFSymbol":true}},"arrow_right":{"id":"0FF90E72-645B-4CC3-AF2C-22A907878869","toDetailCollection":{},"fromDetail":{"output":{"arrow_keys":{"_0":"right_arrow"}},"display":"arrowtriangle.right.fill","isSFSymbol":true},"keyShape":"arrow_LR"}},"mainRows":{"row5":[{"id":"017B6639-B3BF-49A1-BD35-A3872ED75050","keyShape":"enter_Tenkey","toDetailCollection":{},"fromDetail":{"output":{"keypad_keys":{"_0":"keypad_enter"}},"display":"projective","isSFSymbol":true}},{"id":"8946A53F-0866-4E62-83CC-4486D431B6E8","toDetailCollection":{},"fromDetail":{"display":"2","output":{"keypad_keys":{"_0":"keypad_2"}}}},{"id":"FCE6852F-B3BC-4F29-A1AE-7DE8BDB21CA8","fromDetail":{"output":{"keypad_keys":{"_0":"keypad_3"}},"display":"3"},"toDetailCollection":{}},{"toDetailCollection":{},"fromDetail":{"display":"1","output":{"keypad_keys":{"_0":"keypad_1"}}},"id":"C59C96F9-36AB-418C-AECD-D584405AC08A"}],"idsInOrderRow5":[{"id":"C59C96F9-36AB-418C-AECD-D584405AC08A"},{"id":"8946A53F-0866-4E62-83CC-4486D431B6E8"},{"id":"FCE6852F-B3BC-4F29-A1AE-7DE8BDB21CA8"},{"id":"017B6639-B3BF-49A1-BD35-A3872ED75050"}],"row4":[{"fromDetail":{"display":"+","output":{"keypad_keys":{"_0":"keypad_plus"}}},"toDetailCollection":{},"id":"4EE136C7-B7A3-4170-B333-17A378A4B2FA"},{"id":"33D1EF1E-2CD8-46DC-8B9F-A0AF632FE874","toDetailCollection":{},"fromDetail":{"output":{"keypad_keys":{"_0":"keypad_6"}},"display":"6"}},{"toDetailCollection":{},"fromDetail":{"display":"5","output":{"keypad_keys":{"_0":"keypad_5"}}},"id":"5567E069-FED8-4C58-8489-CD4201D2F985"},{"fromDetail":{"output":{"keypad_keys":{"_0":"keypad_4"}},"display":"4"},"id":"AF29DE49-EA97-46FB-9AA7-21B3CCF0A3B1","toDetailCollection":{}}],"row3":[{"id":"1B6C9929-7585-443B-BB6F-5CCAFEBE1D9A","toDetailCollection":{},"fromDetail":{"output":{"keypad_keys":{"_0":"keypad_9"}},"display":"9"}},{"fromDetail":{"display":"8","output":{"keypad_keys":{"_0":"keypad_8"}}},"id":"030488D9-B619-4D3F-8D60-134C30922CD2","toDetailCollection":{}},{"toDetailCollection":{},"fromDetail":{"display":"7","output":{"keypad_keys":{"_0":"keypad_7"}}},"id":"AD0E9915-C5EE-4C44-A7FB-752007B92547"},{"fromDetail":{"display":"-","output":{"keypad_keys":{"_0":"keypad_hyphen"}}},"id":"6D1EFC55-0A83-43AA-BB01-9928C5D05FF5","toDetailCollection":{}}],"idsInOrderRow2":[{"id":"5D10DB73-86FE-460B-AE4B-F142B1D3FA97"},{"id":"DACF6A5C-7EDA-4F76-9130-7EBD3CD83586"},{"id":"D014A956-086D-4433-90EF-E92D64076620"},{"id":"618B6927-154C-4422-9DA8-047F9AFC6F92"}],"idsInOrderRow4":[{"id":"AF29DE49-EA97-46FB-9AA7-21B3CCF0A3B1"},{"id":"5567E069-FED8-4C58-8489-CD4201D2F985"},{"id":"33D1EF1E-2CD8-46DC-8B9F-A0AF632FE874"},{"id":"4EE136C7-B7A3-4170-B333-17A378A4B2FA"}],"arrow_left":{"toDetailCollection":{},"id":"06C2845B-2548-4145-A8E2-8BCA3C0334CD","keyShape":"arrow_LR","fromDetail":{"output":{"arrow_keys":{"_0":"left_arrow"}},"display":"arrowtriangle.left.fill","isSFSymbol":true}},"arrow_up":{"fromDetail":{"output":{"arrow_keys":{"_0":"up_arrow"}},"display":"arrowtriangle.up.fill","isSFSymbol":true},"keyShape":"arrow_Up","toDetailCollection":{},"id":"13C64FAB-A862-487D-916D-B8C9BC5D2593"},"arrow_down":{"id":"64C61604-4FC2-495F-B5AB-FAA88E2BDEA0","fromDetail":{"isSFSymbol":true,"display":"arrowtriangle.down.fill","output":{"arrow_keys":{"_0":"down_arrow"}}},"toDetailCollection":{},"keyShape":"arrow_Down"},"row6":[{"toDetailCollection":{},"id":"6B2D4E5A-AF3B-45A4-993F-4E36C1DBC929","fromDetail":{"output":{"keypad_keys":{"_0":"keypad_comma"}},"display":","}},{"fromDetail":{"output":{"keypad_keys":{"_0":"keypad_0"}},"display":"0"},"toDetailCollection":{},"id":"9E69AED6-13EA-4211-9646-96874A98D05F"},{"toDetailCollection":{},"fromDetail":{"output":{"keypad_keys":{"_0":"keypad_period"}},"display":"."},"id":"D6B39374-A638-4230-9F60-53BBBA06303E"}],"idsInOrderRow3":[{"id":"AD0E9915-C5EE-4C44-A7FB-752007B92547"},{"id":"030488D9-B619-4D3F-8D60-134C30922CD2"},{"id":"1B6C9929-7585-443B-BB6F-5CCAFEBE1D9A"},{"id":"6D1EFC55-0A83-43AA-BB01-9928C5D05FF5"}],"idsInOrderRow6":[{"id":"9E69AED6-13EA-4211-9646-96874A98D05F"},{"id":"6B2D4E5A-AF3B-45A4-993F-4E36C1DBC929"},{"id":"D6B39374-A638-4230-9F60-53BBBA06303E"}],"enableArrowKeys":false,"arrow_right":{"fromDetail":{"output":{"arrow_keys":{"_0":"right_arrow"}},"display":"arrowtriangle.right.fill","isSFSymbol":true},"id":"A79D2EB2-3372-42D0-B4A8-BB01F1DFF231","toDetailCollection":{},"keyShape":"arrow_LR"},"rowIndex_arrow":{"row6":{}},"row1":[{"fromDetail":{"output":{"function_keys":{"_0":"f19"}},"display":"F19"},"id":"0DE309C0-F988-4F7A-934C-898A6A32AEA1","toDetailCollection":{}},{"id":"6E8679FF-0A5E-4AC1-A816-25959060AE21","fromDetail":{"display":"F17","output":{"function_keys":{"_0":"f17"}}},"toDetailCollection":{}},{"id":"3EB76DCA-CCCF-4179-896A-8857BF99F746","fromDetail":{"display":"F16","output":{"function_keys":{"_0":"f16"}}},"toDetailCollection":{}},{"id":"2ECC607B-5771-452F-BA19-DCD4CEC1B677","fromDetail":{"display":"F18","output":{"function_keys":{"_0":"f18"}}},"toDetailCollection":{}}],"row2":[{"toDetailCollection":{},"fromDetail":{"output":{"keypad_keys":{"_0":"keypad_asterisk"}},"display":"*"},"id":"618B6927-154C-4422-9DA8-047F9AFC6F92"},{"fromDetail":{"display":"=","output":{"keypad_keys":{"_0":"keypad_equal_sign"}}},"id":"DACF6A5C-7EDA-4F76-9130-7EBD3CD83586","toDetailCollection":{}},{"id":"D014A956-086D-4433-90EF-E92D64076620","toDetailCollection":{},"fromDetail":{"display":"\/","output":{"keypad_keys":{"_0":"keypad_slash"}}}},{"id":"5D10DB73-86FE-460B-AE4B-F142B1D3FA97","toDetailCollection":{},"fromDetail":{"display":"clear","output":{"others":{"_0":"clear"}}}}],"idsInOrderRow1":[{"id":"3EB76DCA-CCCF-4179-896A-8857BF99F746"},{"id":"6E8679FF-0A5E-4AC1-A816-25959060AE21"},{"id":"2ECC607B-5771-452F-BA19-DCD4CEC1B677"},{"id":"0DE309C0-F988-4F7A-934C-898A6A32AEA1"}]},"isEnableSub":false,"isEnableMain":true,"sectionDetail":{"deviceDetail":{"is_location_id_Enabled":false,"product_id":"product_id","location_id":"location_id","is_product_id_Enabled":false,"device_name":"otherDevice","is_vendor_id_Enabled":false,"vendor_id":"vendor_id","is_builtin_keyboard":false},"section":{"other":{}}},"isEnableTenkey":false,"tenkeyRows":{"idsInOrderRow4":[{"id":"3D810F44-B303-402D-B6BA-B343362A15DC"},{"id":"E6309F98-018A-4EE3-BF97-B035947524F6"},{"id":"A8E66FA9-5501-4D90-A921-B7C67438CA66"},{"id":"BE4BF002-74E5-412D-A640-16EF4AB73BBB"}],"idsInOrderRow1":[{"id":"743767F8-320B-4AA6-B0C0-55F097A8C77B"},{"id":"4604ED3E-86ED-4DED-9DF4-402F3322C2CB"},{"id":"0DD588C8-8D29-4B17-8706-8221D84A17B9"},{"id":"358C9577-EDF0-4337-9215-3A2E5DEBB8A2"}],"idsInOrderRow2":[{"id":"FBD4965D-E2B4-47C9-9C80-E422EF46C7FC"},{"id":"4BCE2CB8-8733-4D3D-9FCF-D141D4093475"},{"id":"42024A1B-20DD-4DB1-A336-BAB5093A404B"},{"id":"944333FA-72EC-4839-B318-AD514998EA61"}],"row2":[{"toDetailCollection":{},"id":"42024A1B-20DD-4DB1-A336-BAB5093A404B","fromDetail":{"display":"\/","output":{"keypad_keys":{"_0":"keypad_slash"}}}},{"fromDetail":{"output":{"keypad_keys":{"_0":"keypad_equal_sign"}},"display":"="},"id":"4BCE2CB8-8733-4D3D-9FCF-D141D4093475","toDetailCollection":{}},{"id":"FBD4965D-E2B4-47C9-9C80-E422EF46C7FC","toDetailCollection":{},"fromDetail":{"output":{"others":{"_0":"clear"}},"display":"clear"}},{"id":"944333FA-72EC-4839-B318-AD514998EA61","fromDetail":{"output":{"keypad_keys":{"_0":"keypad_asterisk"}},"display":"*"},"toDetailCollection":{}}],"idsInOrderRow6":[{"id":"AA4BD3D0-C0F9-4121-87A8-AD73C0FEF426"},{"id":"920C9815-9400-4BCB-BE78-0047F56BC8A1"},{"id":"9E2E394B-32D7-4E84-97E7-304402912574"}],"arrow_up":{"id":"AAB58ADA-7797-4678-9C17-244D26C2F2F2","keyShape":"arrow_Up","fromDetail":{"display":"arrowtriangle.up.fill","output":{"arrow_keys":{"_0":"up_arrow"}},"isSFSymbol":true},"toDetailCollection":{}},"idsInOrderRow5":[{"id":"8823C1DC-8187-4475-ABED-4B76A8DDEC1B"},{"id":"4F6DC9BE-7BBA-4C58-93C8-08556BE34EA0"},{"id":"4FFF6767-A814-4399-9F9B-109F79895D65"},{"id":"3704669A-66C0-469E-9D6A-54D7F493D7C4"}],"arrow_right":{"keyShape":"arrow_LR","id":"B8BF7273-EF91-4F90-8EFE-8C3DB65853D1","toDetailCollection":{},"fromDetail":{"isSFSymbol":true,"output":{"arrow_keys":{"_0":"right_arrow"}},"display":"arrowtriangle.right.fill"}},"arrow_left":{"fromDetail":{"isSFSymbol":true,"output":{"arrow_keys":{"_0":"left_arrow"}},"display":"arrowtriangle.left.fill"},"keyShape":"arrow_LR","id":"56F5B35F-F961-47AB-94B5-ECA0C8D99D67","toDetailCollection":{}},"enableArrowKeys":false,"row1":[{"toDetailCollection":{},"fromDetail":{"display":"F16","output":{"function_keys":{"_0":"f16"}}},"id":"743767F8-320B-4AA6-B0C0-55F097A8C77B"},{"id":"0DD588C8-8D29-4B17-8706-8221D84A17B9","toDetailCollection":{},"fromDetail":{"display":"F18","output":{"function_keys":{"_0":"f18"}}}},{"id":"358C9577-EDF0-4337-9215-3A2E5DEBB8A2","fromDetail":{"display":"F19","output":{"function_keys":{"_0":"f19"}}},"toDetailCollection":{}},{"fromDetail":{"output":{"function_keys":{"_0":"f17"}},"display":"F17"},"toDetailCollection":{},"id":"4604ED3E-86ED-4DED-9DF4-402F3322C2CB"}],"rowIndex_arrow":{"row6":{}},"row5":[{"toDetailCollection":{},"id":"8823C1DC-8187-4475-ABED-4B76A8DDEC1B","fromDetail":{"display":"1","output":{"keypad_keys":{"_0":"keypad_1"}}}},{"fromDetail":{"output":{"keypad_keys":{"_0":"keypad_2"}},"display":"2"},"id":"4F6DC9BE-7BBA-4C58-93C8-08556BE34EA0","toDetailCollection":{}},{"id":"3704669A-66C0-469E-9D6A-54D7F493D7C4","keyShape":"enter_Tenkey","toDetailCollection":{},"fromDetail":{"output":{"keypad_keys":{"_0":"keypad_enter"}},"isSFSymbol":true,"display":"projective"}},{"fromDetail":{"output":{"keypad_keys":{"_0":"keypad_3"}},"display":"3"},"id":"4FFF6767-A814-4399-9F9B-109F79895D65","toDetailCollection":{}}],"idsInOrderRow3":[{"id":"BB0CF681-1C52-4835-BFD8-F466DA38463F"},{"id":"CF2A4392-6A3E-4292-A1E8-49F6EE7C36C9"},{"id":"11F8FA14-2286-400E-84DF-07074FE0A7EB"},{"id":"A6E92E3E-BF6C-42C4-A040-D1F4B21F0E97"}],"row4":[{"id":"3D810F44-B303-402D-B6BA-B343362A15DC","toDetailCollection":{},"fromDetail":{"display":"4","output":{"keypad_keys":{"_0":"keypad_4"}}}},{"id":"E6309F98-018A-4EE3-BF97-B035947524F6","fromDetail":{"display":"5","output":{"keypad_keys":{"_0":"keypad_5"}}},"toDetailCollection":{}},{"fromDetail":{"display":"+","output":{"keypad_keys":{"_0":"keypad_plus"}}},"toDetailCollection":{},"id":"BE4BF002-74E5-412D-A640-16EF4AB73BBB"},{"toDetailCollection":{},"id":"A8E66FA9-5501-4D90-A921-B7C67438CA66","fromDetail":{"output":{"keypad_keys":{"_0":"keypad_6"}},"display":"6"}}],"row3":[{"toDetailCollection":{},"id":"CF2A4392-6A3E-4292-A1E8-49F6EE7C36C9","fromDetail":{"output":{"keypad_keys":{"_0":"keypad_8"}},"display":"8"}},{"toDetailCollection":{},"id":"BB0CF681-1C52-4835-BFD8-F466DA38463F","fromDetail":{"display":"7","output":{"keypad_keys":{"_0":"keypad_7"}}}},{"fromDetail":{"display":"9","output":{"keypad_keys":{"_0":"keypad_9"}}},"id":"11F8FA14-2286-400E-84DF-07074FE0A7EB","toDetailCollection":{}},{"id":"A6E92E3E-BF6C-42C4-A040-D1F4B21F0E97","toDetailCollection":{},"fromDetail":{"output":{"keypad_keys":{"_0":"keypad_hyphen"}},"display":"-"}}],"arrow_down":{"keyShape":"arrow_Down","fromDetail":{"display":"arrowtriangle.down.fill","isSFSymbol":true,"output":{"arrow_keys":{"_0":"down_arrow"}}},"id":"83F900D1-71E6-4463-A7A8-2FA56A15828C","toDetailCollection":{}},"row6":[{"fromDetail":{"output":{"keypad_keys":{"_0":"keypad_comma"}},"display":","},"id":"920C9815-9400-4BCB-BE78-0047F56BC8A1","toDetailCollection":{}},{"id":"AA4BD3D0-C0F9-4121-87A8-AD73C0FEF426","fromDetail":{"output":{"keypad_keys":{"_0":"keypad_0"}},"display":"0"},"toDetailCollection":{}},{"id":"9E2E394B-32D7-4E84-97E7-304402912574","fromDetail":{"output":{"keypad_keys":{"_0":"keypad_period"}},"display":"."},"toDetailCollection":{}}]}}},"macroCollection":{"_collection":[],"idsInOrderCollection":[]},"comboCollection":{"condition3":{"layer0":{},"layer8":{},"layer7":{},"layer1":{},"layer4":{},"layer2":{},"layer3":{},"layer6":{},"layer5":{}},"condition4":{"layer0":{},"layer6":{},"layer2":{},"layer5":{},"layer7":{},"layer4":{},"layer8":{},"layer3":{},"layer1":{}},"condition7":{"layer1":{},"layer8":{},"layer0":{},"layer3":{},"layer5":{},"layer7":{},"layer2":{},"layer6":{},"layer4":{}},"condition0":{"layer7":{},"layer0":{},"layer3":{},"layer1":{},"layer2":{},"layer4":{},"layer6":{},"layer8":{},"layer5":{}},"condition2":{"layer6":{},"layer4":{},"layer8":{},"layer0":{},"layer3":{},"layer2":{},"layer1":{},"layer7":{},"layer5":{}},"condition5":{"layer7":{},"layer0":{},"layer6":{},"layer2":{},"layer1":{},"layer4":{},"layer8":{},"layer3":{},"layer5":{}},"condition8":{"layer4":{},"layer2":{},"layer7":{},"layer1":{},"layer3":{},"layer6":{},"layer0":{},"layer5":{},"layer8":{}},"condition1":{"layer7":{},"layer0":{},"layer2":{},"layer6":{},"layer8":{},"layer1":{},"layer4":{},"layer5":{},"layer3":{}},"condition9":{"layer7":{},"layer4":{},"layer2":{},"layer8":{},"layer3":{},"layer5":{},"layer0":{},"layer1":{},"layer6":{}},"condition6":{"layer8":{},"layer4":{},"layer7":{},"layer1":{},"layer3":{},"layer2":{},"layer0":{},"layer5":{},"layer6":{}}},"name":"onik_JIS","displayKeySize":65}