{"macroCollection":{"_collection":[],"idsInOrderCollection":[]},"selections":{"macro":{"id":"D477A08C-AA25-4AFC-93F4-E01891F227DD","toDetailCollection":{"idsInOrderCollection":[],"_collection":[]},"name":"user Macro","dictionary_key":null},"keyboardKey":{"fromDetail":{"display":"A","output":{"letter_keys":{"_0":"a"}}},"id":"C562CCCC-D99D-4CF4-874A-6356D7F0D29B","toDetailCollection":{}},"toDetail_macro":{"indicator":false,"outputAndDisplay":{"output":{"letter_keys":{"_0":"a"}},"layerKey":"layer0","display":"none"},"error":false,"id":"D2AADCA0-DD9D-4E00-8EA0-95A93996B034","withModifier":{}},"toTab":"qwertyKeyboard","macroTab":{"userMacro":{}},"customOrMacroTab":{"customizeKey":{}},"fromTab":{"qwertyKeyboard":{}},"combo":{"toDetail":{},"id":"AE934B3A-8DCA-4ED1-9EDB-2C661D573E37","key_up_order":"insensitive","comboThreshold":50,"key_down_order":"insensitive"},"condition":"condition0","tab":{"remap":{}},"layer":"layer0"},"name":"Onishi_US","displayKeySize":65,"comboCollection":{"condition9":{"layer4":{},"layer0":{},"layer3":{},"layer7":{},"layer2":{},"layer1":{},"layer6":{},"layer5":{},"layer8":{}},"condition1":{"layer4":{},"layer8":{},"layer5":{},"layer1":{},"layer0":{},"layer3":{},"layer2":{},"layer6":{},"layer7":{}},"condition5":{"layer7":{},"layer2":{},"layer3":{},"layer4":{},"layer8":{},"layer1":{},"layer5":{},"layer0":{},"layer6":{}},"condition4":{"layer7":{},"layer1":{},"layer3":{},"layer5":{},"layer2":{},"layer0":{},"layer6":{},"layer8":{},"layer4":{}},"condition6":{"layer6":{},"layer4":{},"layer2":{},"layer1":{},"layer3":{},"layer7":{},"layer0":{},"layer5":{},"layer8":{}},"condition3":{"layer3":{},"layer6":{},"layer2":{},"layer0":{},"layer1":{},"layer5":{},"layer7":{},"layer8":{},"layer4":{}},"condition2":{"layer3":{},"layer7":{},"layer0":{},"layer5":{},"layer8":{},"layer4":{},"layer6":{},"layer1":{},"layer2":{}},"condition7":{"layer1":{},"layer5":{},"layer2":{},"layer4":{},"layer8":{},"layer3":{},"layer0":{},"layer6":{},"layer7":{}},"condition0":{"layer7":{},"layer6":{},"layer3":{},"layer1":{},"layer2":{},"layer4":{},"layer5":{},"layer8":{},"layer0":{}},"condition8":{"layer4":{},"layer6":{},"layer5":{},"layer1":{},"layer0":{},"layer3":{},"layer7":{},"layer2":{},"layer8":{}}},"conditionDetailCollection":{"condition1":{"name":"Condition1","isEnabled":false,"type":"InputSource","value":"ja"},"condition3":{"name":"Condition3","value":"com.vendor.condition3","isEnabled":false,"type":"Application"},"condition8":{"isEnabled":false,"name":"Condition8","type":"Application","value":"com.vendor.condition8"},"condition0":{"type":"Application","name":"Default","value":"com.vendor.condition0","isEnabled":true},"condition5":{"type":"Application","value":"com.vendor.condition5","isEnabled":false,"name":"Condition5"},"condition6":{"name":"Condition6","isEnabled":false,"type":"Application","value":"com.vendor.condition6"},"condition7":{"name":"Condition7","value":"com.vendor.condition7","type":"Application","isEnabled":false},"condition9":{"type":"Application","value":"com.vendor.condition9","name":"Condition9","isEnabled":false},"condition4":{"isEnabled":false,"type":"Application","value":"com.vendor.condition4","name":"Condition4"},"condition2":{"value":"com.vendor.condition2","type":"Application","name":"Condition2","isEnabled":false}},"keymap":{"validSections":{"sections":[{"main":{}}]},"other":{"tenkeyRows":{"arrow_up":{"keyShape":"arrow_Up","fromDetail":{"display":"arrowtriangle.up.fill","isSFSymbol":true,"output":{"arrow_keys":{"_0":"up_arrow"}}},"toDetailCollection":{},"id":"7AC9095B-40D5-4E15-89C4-F7DA512E1069"},"arrow_right":{"toDetailCollection":{},"keyShape":"arrow_LR","fromDetail":{"isSFSymbol":true,"output":{"arrow_keys":{"_0":"right_arrow"}},"display":"arrowtriangle.right.fill"},"id":"3F305B1B-DF97-4CEC-A0C1-D7C555FF47A1"},"enableArrowKeys":false,"idsInOrderRow6":[{"id":"89409E9A-3F25-4A55-A53D-AB4CB32B9A62"},{"id":"5378FE45-3C9A-47C4-850B-016C8B9934FB"}],"row1":[{"toDetailCollection":{},"id":"C96E1218-0E57-4194-91B1-361184D0ADAC","fromDetail":{"output":{"function_keys":{"_0":"f19"}},"display":"F19"}},{"fromDetail":{"output":{"function_keys":{"_0":"f16"}},"display":"F16"},"id":"42B21135-0142-4161-AE6A-E1A81A7BD790","toDetailCollection":{}},{"id":"1AD2BFAE-AF00-41B0-9971-875B07EA46CD","fromDetail":{"display":"F18","output":{"function_keys":{"_0":"f18"}}},"toDetailCollection":{}},{"fromDetail":{"output":{"function_keys":{"_0":"f17"}},"display":"F17"},"id":"1B84DB12-E53C-49C6-8EB2-B118ECBDAFD9","toDetailCollection":{}}],"row5":[{"toDetailCollection":{},"id":"228D4657-DB63-47CE-B1FD-7E9C0F8BC977","fromDetail":{"output":{"keypad_keys":{"_0":"keypad_2"}},"display":"2"}},{"id":"8901F1DD-1956-450D-BEA4-43B605299555","fromDetail":{"output":{"keypad_keys":{"_0":"keypad_1"}},"display":"1"},"toDetailCollection":{}},{"id":"CCB37FEB-94C8-49E4-ABA3-1CAD18FD9BE0","toDetailCollection":{},"fromDetail":{"output":{"keypad_keys":{"_0":"keypad_3"}},"display":"3"}},{"id":"2D3F332A-221B-4B07-A301-FAE962638DCE","fromDetail":{"isSFSymbol":true,"output":{"keypad_keys":{"_0":"keypad_enter"}},"display":"projective"},"toDetailCollection":{},"keyShape":"enter_Tenkey"}],"idsInOrderRow3":[{"id":"69257DF1-C43A-49FC-BBBD-E87268088570"},{"id":"C8F600FA-43C9-4389-B8C7-8F444BE5AA4B"},{"id":"23EDA4DA-6C9C-4346-B002-99D0ADAD5C60"},{"id":"F0CA2CC5-3600-45A9-8D34-08A6543AB029"}],"row3":[{"toDetailCollection":{},"fromDetail":{"output":{"keypad_keys":{"_0":"keypad_7"}},"display":"7"},"id":"69257DF1-C43A-49FC-BBBD-E87268088570"},{"fromDetail":{"display":"8","output":{"keypad_keys":{"_0":"keypad_8"}}},"toDetailCollection":{},"id":"C8F600FA-43C9-4389-B8C7-8F444BE5AA4B"},{"id":"23EDA4DA-6C9C-4346-B002-99D0ADAD5C60","toDetailCollection":{},"fromDetail":{"output":{"keypad_keys":{"_0":"keypad_9"}},"display":"9"}},{"id":"F0CA2CC5-3600-45A9-8D34-08A6543AB029","fromDetail":{"output":{"keypad_keys":{"_0":"keypad_hyphen"}},"display":"-"},"toDetailCollection":{}}],"idsInOrderRow1":[{"id":"42B21135-0142-4161-AE6A-E1A81A7BD790"},{"id":"1B84DB12-E53C-49C6-8EB2-B118ECBDAFD9"},{"id":"1AD2BFAE-AF00-41B0-9971-875B07EA46CD"},{"id":"C96E1218-0E57-4194-91B1-361184D0ADAC"}],"idsInOrderRow2":[{"id":"1E2DCF90-4EC3-4F35-AE30-C2CF43997D57"},{"id":"9F76C232-DCEF-496A-82D7-A9B018721511"},{"id":"116F0D6F-DDEB-4A1F-9656-E6380D159120"},{"id":"D3690AC8-8489-4B4A-8EBC-140245DA6697"}],"arrow_down":{"id":"3924FF3D-6139-439B-BA09-B3D6EC4465CB","toDetailCollection":{},"keyShape":"arrow_Down","fromDetail":{"display":"arrowtriangle.down.fill","isSFSymbol":true,"output":{"arrow_keys":{"_0":"down_arrow"}}}},"row2":[{"id":"1E2DCF90-4EC3-4F35-AE30-C2CF43997D57","fromDetail":{"display":"clear","output":{"others":{"_0":"clear"}}},"toDetailCollection":{}},{"id":"D3690AC8-8489-4B4A-8EBC-140245DA6697","toDetailCollection":{},"fromDetail":{"output":{"keypad_keys":{"_0":"keypad_asterisk"}},"display":"*"}},{"toDetailCollection":{},"fromDetail":{"output":{"keypad_keys":{"_0":"keypad_slash"}},"display":"\/"},"id":"116F0D6F-DDEB-4A1F-9656-E6380D159120"},{"toDetailCollection":{},"fromDetail":{"display":"=","output":{"keypad_keys":{"_0":"keypad_equal_sign"}}},"id":"9F76C232-DCEF-496A-82D7-A9B018721511"}],"row4":[{"fromDetail":{"display":"+","output":{"keypad_keys":{"_0":"keypad_plus"}}},"toDetailCollection":{},"id":"ADC61153-626E-4CED-8C82-E4C7EA29B7B0"},{"fromDetail":{"display":"5","output":{"keypad_keys":{"_0":"keypad_5"}}},"toDetailCollection":{},"id":"3DC8A36C-CC36-408F-AD9F-DDB6F6662F27"},{"fromDetail":{"display":"6","output":{"keypad_keys":{"_0":"keypad_6"}}},"toDetailCollection":{},"id":"A6A4FD4A-D31E-4338-92B9-E3A610BAA092"},{"fromDetail":{"output":{"keypad_keys":{"_0":"keypad_4"}},"display":"4"},"toDetailCollection":{},"id":"8BFFBE67-E07D-42CC-8DA5-5A3B659B2144"}],"arrow_left":{"id":"960AE6AC-DBCF-497E-8E74-310EAC2B5B98","toDetailCollection":{},"fromDetail":{"output":{"arrow_keys":{"_0":"left_arrow"}},"isSFSymbol":true,"display":"arrowtriangle.left.fill"},"keyShape":"arrow_LR"},"row6":[{"fromDetail":{"display":".","output":{"keypad_keys":{"_0":"keypad_period"}}},"id":"5378FE45-3C9A-47C4-850B-016C8B9934FB","toDetailCollection":{}},{"fromDetail":{"output":{"keypad_keys":{"_0":"keypad_0"}},"display":"0"},"toDetailCollection":{},"unitSize":2,"id":"89409E9A-3F25-4A55-A53D-AB4CB32B9A62"}],"rowIndex_arrow":{"row6":{}},"idsInOrderRow4":[{"id":"8BFFBE67-E07D-42CC-8DA5-5A3B659B2144"},{"id":"3DC8A36C-CC36-408F-AD9F-DDB6F6662F27"},{"id":"A6A4FD4A-D31E-4338-92B9-E3A610BAA092"},{"id":"ADC61153-626E-4CED-8C82-E4C7EA29B7B0"}],"idsInOrderRow5":[{"id":"8901F1DD-1956-450D-BEA4-43B605299555"},{"id":"228D4657-DB63-47CE-B1FD-7E9C0F8BC977"},{"id":"CCB37FEB-94C8-49E4-ABA3-1CAD18FD9BE0"},{"id":"2D3F332A-221B-4B07-A301-FAE962638DCE"}]},"isEnableTenkey":false,"subRows":{"idsInOrderRow1":[{"id":"85E5A061-EFCC-4A8E-8573-C1B1F99673CA"},{"id":"C32D736A-CC34-486C-9D56-3C1F3C18FBB3"},{"id":"43235F5D-9390-4386-B3AF-62F73C7FEF7B"}],"rowIndex_arrow":{"row6":{}},"idsInOrderRow6":[{"id":"BF94045B-855B-4621-9CCD-EAACA4FBEBFE"},{"id":"C645806A-E9DE-4E83-8C65-187A13235036"},{"id":"B58B8615-D1A1-4D64-8F5D-D34BA09A9EA2"}],"arrow_up":{"id":"1B6FDA36-945C-47C1-9527-5BC8D0F22B89","keyShape":"arrow_Up","toDetailCollection":{},"fromDetail":{"isSFSymbol":true,"output":{"arrow_keys":{"_0":"up_arrow"}},"display":"arrowtriangle.up.fill"}},"idsInOrderRow4":[],"enableArrowKeys":false,"idsInOrderRow2":[{"id":"C6422254-64E0-442A-8472-8FFA5C9995FD"},{"id":"DB1BA26D-2E56-4582-9C60-5BDCA7F21BEF"},{"id":"6EBD3BBD-E55F-4A35-AFC3-AD69EDC01742"}],"idsInOrderRow5":[{"id":"11D99A13-7B35-4E8D-844C-61112C8A0D3A"},{"id":"E1B0FA3E-2C8D-4B75-96B3-9CC3CD3D2AB8"}],"idsInOrderRow3":[{"id":"CF226C9D-BCAC-47ED-80A8-264FADD50EA6"},{"id":"814BF220-4E92-4F3C-8124-1B76CB24FD8A"},{"id":"7AA1BA0D-4EF7-468B-A9B7-E27F711648ED"}],"row2":[{"id":"C6422254-64E0-442A-8472-8FFA5C9995FD","fromDetail":{"output":{"keys_in_pc_keyboards":{"_0":"insert"}},"display":"text.insert","isSFSymbol":true},"toDetailCollection":{}},{"fromDetail":{"output":{"arrow_keys":{"_0":"page_up"}},"display":"arrow.up","isSFSymbol":true},"toDetailCollection":{},"id":"6EBD3BBD-E55F-4A35-AFC3-AD69EDC01742"},{"id":"DB1BA26D-2E56-4582-9C60-5BDCA7F21BEF","fromDetail":{"display":"arrow.up.to.line","isSFSymbol":true,"output":{"arrow_keys":{"_0":"home"}}},"toDetailCollection":{}}],"row3":[{"toDetailCollection":{},"fromDetail":{"isSFSymbol":true,"output":{"arrow_keys":{"_0":"end"}},"display":"arrow.down.to.line"},"id":"814BF220-4E92-4F3C-8124-1B76CB24FD8A"},{"fromDetail":{"output":{"controls_and_symbols":{"_0":"delete_forward"}},"isSFSymbol":true,"display":"delete.right"},"id":"CF226C9D-BCAC-47ED-80A8-264FADD50EA6","toDetailCollection":{}},{"id":"7AA1BA0D-4EF7-468B-A9B7-E27F711648ED","toDetailCollection":{},"fromDetail":{"isSFSymbol":true,"display":"arrow.down","output":{"arrow_keys":{"_0":"page_down"}}}}],"row4":[],"arrow_down":{"keyShape":"arrow_Down","fromDetail":{"display":"arrowtriangle.down.fill","output":{"arrow_keys":{"_0":"down_arrow"}},"isSFSymbol":true},"toDetailCollection":{},"id":"8E8A8AB5-4845-4DC6-80CF-ACE627AA1F40"},"row6":[{"id":"BF94045B-855B-4621-9CCD-EAACA4FBEBFE","fromDetail":{"display":"arrowtriangle.left.fill","isSFSymbol":true,"output":{"arrow_keys":{"_0":"left_arrow"}}},"toDetailCollection":{}},{"id":"B58B8615-D1A1-4D64-8F5D-D34BA09A9EA2","fromDetail":{"output":{"arrow_keys":{"_0":"right_arrow"}},"isSFSymbol":true,"display":"arrowtriangle.right.fill"},"toDetailCollection":{}},{"id":"C645806A-E9DE-4E83-8C65-187A13235036","fromDetail":{"isSFSymbol":true,"display":"arrowtriangle.down.fill","output":{"arrow_keys":{"_0":"down_arrow"}}},"toDetailCollection":{}}],"arrow_left":{"toDetailCollection":{},"id":"4817C5CC-7CD8-4FDA-BEE7-4C315E373094","fromDetail":{"output":{"arrow_keys":{"_0":"left_arrow"}},"isSFSymbol":true,"display":"arrowtriangle.left.fill"},"keyShape":"arrow_LR"},"arrow_right":{"id":"920AAAF6-0214-45BD-A78B-742518610B76","toDetailCollection":{},"keyShape":"arrow_LR","fromDetail":{"output":{"arrow_keys":{"_0":"right_arrow"}},"isSFSymbol":true,"display":"arrowtriangle.right.fill"}},"row5":[{"id":"E1B0FA3E-2C8D-4B75-96B3-9CC3CD3D2AB8","fromDetail":{"isSFSymbol":true,"display":"arrowtriangle.up.fill","output":{"arrow_keys":{"_0":"up_arrow"}}},"toDetailCollection":{}},{"id":"11D99A13-7B35-4E8D-844C-61112C8A0D3A","isSpacer":true,"toDetailCollection":{},"fromDetail":{"output":{"letter_keys":{"_0":"a"}},"display":"A"}}],"row1":[{"toDetailCollection":{},"id":"C32D736A-CC34-486C-9D56-3C1F3C18FBB3","fromDetail":{"output":{"function_keys":{"_0":"f14"}},"display":"F14"}},{"fromDetail":{"output":{"function_keys":{"_0":"f15"}},"display":"F15"},"toDetailCollection":{},"id":"43235F5D-9390-4386-B3AF-62F73C7FEF7B"},{"id":"85E5A061-EFCC-4A8E-8573-C1B1F99673CA","fromDetail":{"display":"F13","output":{"function_keys":{"_0":"f13"}}},"toDetailCollection":{}}]},"mainRows":{"arrow_up":{"keyShape":"arrow_Up","fromDetail":{"isSFSymbol":true,"output":{"arrow_keys":{"_0":"up_arrow"}},"display":"arrowtriangle.up.fill"},"id":"32C7851A-18C6-4226-B285-C118742D53E5","toDetailCollection":{}},"rowIndex_arrow":{"row6":{}},"arrow_down":{"keyShape":"arrow_Down","fromDetail":{"display":"arrowtriangle.down.fill","output":{"arrow_keys":{"_0":"down_arrow"}},"isSFSymbol":true},"toDetailCollection":{},"id":"D5BDFDFE-6B77-4C5B-9BEA-7843E7085A9A"},"arrow_left":{"id":"148D0A9F-CC7B-4262-824E-07B3032F7841","toDetailCollection":{},"fromDetail":{"isSFSymbol":true,"display":"arrowtriangle.left.fill","output":{"arrow_keys":{"_0":"left_arrow"}}},"keyShape":"arrow_LR"},"idsInOrderRow4":[{"id":"11BD05BE-5B3C-4CD4-A77B-DA989CA5C66E"},{"id":"78A58976-B2A3-429C-A12A-2E40C5645E5A"},{"id":"11CD5491-4548-4C9F-9D77-FE60B232BE62"},{"id":"2B6708E1-C3A4-4AA6-927F-6F1F20F7DD80"}],"row4":[{"fromDetail":{"output":{"keypad_keys":{"_0":"keypad_4"}},"display":"4"},"id":"11BD05BE-5B3C-4CD4-A77B-DA989CA5C66E","toDetailCollection":{}},{"toDetailCollection":{},"fromDetail":{"output":{"keypad_keys":{"_0":"keypad_plus"}},"display":"+"},"id":"2B6708E1-C3A4-4AA6-927F-6F1F20F7DD80"},{"id":"11CD5491-4548-4C9F-9D77-FE60B232BE62","fromDetail":{"display":"6","output":{"keypad_keys":{"_0":"keypad_6"}}},"toDetailCollection":{}},{"fromDetail":{"output":{"keypad_keys":{"_0":"keypad_5"}},"display":"5"},"id":"78A58976-B2A3-429C-A12A-2E40C5645E5A","toDetailCollection":{}}],"row2":[{"toDetailCollection":{},"id":"F3D6EAFA-D533-4CBA-AA5D-F7D57F0B0A13","fromDetail":{"output":{"others":{"_0":"clear"}},"display":"clear"}},{"fromDetail":{"display":"\/","output":{"keypad_keys":{"_0":"keypad_slash"}}},"toDetailCollection":{},"id":"BB934499-D4F6-46D4-A5C2-A177718D4876"},{"toDetailCollection":{},"fromDetail":{"output":{"keypad_keys":{"_0":"keypad_equal_sign"}},"display":"="},"id":"090C4C2F-DA85-4CEC-BD66-3F8CD95B8A96"},{"fromDetail":{"display":"*","output":{"keypad_keys":{"_0":"keypad_asterisk"}}},"toDetailCollection":{},"id":"C26EFA5B-9270-40EF-AFB1-C4D9AD2BFB9D"}],"row3":[{"id":"5F3B1426-C327-46B4-84A2-8AB6CA7B6374","fromDetail":{"output":{"keypad_keys":{"_0":"keypad_7"}},"display":"7"},"toDetailCollection":{}},{"toDetailCollection":{},"id":"D4A62F64-85BF-457C-BA8B-AA7FF66EF980","fromDetail":{"display":"9","output":{"keypad_keys":{"_0":"keypad_9"}}}},{"id":"A4D74219-3AB6-4497-9C8C-347574C89FA6","fromDetail":{"output":{"keypad_keys":{"_0":"keypad_hyphen"}},"display":"-"},"toDetailCollection":{}},{"toDetailCollection":{},"fromDetail":{"output":{"keypad_keys":{"_0":"keypad_8"}},"display":"8"},"id":"E52AEC8E-94EF-4284-909B-153313450E46"}],"idsInOrderRow3":[{"id":"5F3B1426-C327-46B4-84A2-8AB6CA7B6374"},{"id":"E52AEC8E-94EF-4284-909B-153313450E46"},{"id":"D4A62F64-85BF-457C-BA8B-AA7FF66EF980"},{"id":"A4D74219-3AB6-4497-9C8C-347574C89FA6"}],"idsInOrderRow6":[{"id":"ACF99232-656F-471E-B003-BBBA4324B6B5"},{"id":"70F1CD2C-4A64-4310-84BD-FC47B705BAB9"}],"row5":[{"toDetailCollection":{},"id":"40B1A350-5CBC-47B8-8975-B1B3752B0CB4","fromDetail":{"output":{"keypad_keys":{"_0":"keypad_2"}},"display":"2"}},{"keyShape":"enter_Tenkey","fromDetail":{"isSFSymbol":true,"output":{"keypad_keys":{"_0":"keypad_enter"}},"display":"projective"},"toDetailCollection":{},"id":"A0EC302D-352B-4385-BD6A-9488288C887D"},{"fromDetail":{"output":{"keypad_keys":{"_0":"keypad_1"}},"display":"1"},"toDetailCollection":{},"id":"EFF20732-774B-455F-91C4-13FFD5634FED"},{"fromDetail":{"output":{"keypad_keys":{"_0":"keypad_3"}},"display":"3"},"id":"2AB8DCC9-509A-4BF6-93CC-55BEE5470DD1","toDetailCollection":{}}],"idsInOrderRow1":[{"id":"414F027E-81B9-4A8D-85BA-D147D64131F1"},{"id":"7F2601EF-350D-4130-834E-174CC482E6A2"},{"id":"FDD01481-3DF3-4FEF-A576-4F5C3CF46733"},{"id":"BC52BE3C-E06A-4F5A-BF69-375CAF69C396"}],"idsInOrderRow5":[{"id":"EFF20732-774B-455F-91C4-13FFD5634FED"},{"id":"40B1A350-5CBC-47B8-8975-B1B3752B0CB4"},{"id":"2AB8DCC9-509A-4BF6-93CC-55BEE5470DD1"},{"id":"A0EC302D-352B-4385-BD6A-9488288C887D"}],"arrow_right":{"keyShape":"arrow_LR","id":"4998B799-13E0-49E8-9DBE-ACBF77A35515","toDetailCollection":{},"fromDetail":{"display":"arrowtriangle.right.fill","output":{"arrow_keys":{"_0":"right_arrow"}},"isSFSymbol":true}},"row1":[{"fromDetail":{"output":{"function_keys":{"_0":"f17"}},"display":"F17"},"id":"7F2601EF-350D-4130-834E-174CC482E6A2","toDetailCollection":{}},{"id":"FDD01481-3DF3-4FEF-A576-4F5C3CF46733","fromDetail":{"output":{"function_keys":{"_0":"f18"}},"display":"F18"},"toDetailCollection":{}},{"fromDetail":{"output":{"function_keys":{"_0":"f19"}},"display":"F19"},"toDetailCollection":{},"id":"BC52BE3C-E06A-4F5A-BF69-375CAF69C396"},{"toDetailCollection":{},"id":"414F027E-81B9-4A8D-85BA-D147D64131F1","fromDetail":{"display":"F16","output":{"function_keys":{"_0":"f16"}}}}],"idsInOrderRow2":[{"id":"F3D6EAFA-D533-4CBA-AA5D-F7D57F0B0A13"},{"id":"090C4C2F-DA85-4CEC-BD66-3F8CD95B8A96"},{"id":"BB934499-D4F6-46D4-A5C2-A177718D4876"},{"id":"C26EFA5B-9270-40EF-AFB1-C4D9AD2BFB9D"}],"row6":[{"id":"70F1CD2C-4A64-4310-84BD-FC47B705BAB9","fromDetail":{"output":{"keypad_keys":{"_0":"keypad_period"}},"display":"."},"toDetailCollection":{}},{"id":"ACF99232-656F-471E-B003-BBBA4324B6B5","fromDetail":{"output":{"keypad_keys":{"_0":"keypad_0"}},"display":"0"},"toDetailCollection":{},"unitSize":2}],"enableArrowKeys":false},"isEnableSub":false,"isEnableMain":true,"sectionDetail":{"deviceDetail":{"device_name":"otherDevice","location_id":"location_id","vendor_id":"vendor_id","is_product_id_Enabled":false,"product_id":"product_id","is_builtin_keyboard":false,"is_vendor_id_Enabled":false,"is_location_id_Enabled":false},"section":{"other":{}}}},"keycodeRegion":"ANSI","mouse":{"subRows":{"idsInOrderRow1":[{"id":"A528E526-5E1C-454A-B44A-81AA211A04C6"}],"arrow_left":{"id":"C662CD8D-2442-4A21-80F4-B8C7B09CC3F5","keyShape":"arrow_LR","fromDetail":{"display":"arrowtriangle.left.fill","output":{"arrow_keys":{"_0":"left_arrow"}},"isSFSymbol":true},"toDetailCollection":{}},"idsInOrderRow2":[{"id":"919CFD04-0184-4FA6-92E6-65F637516A3C"}],"arrow_right":{"toDetailCollection":{},"fromDetail":{"output":{"arrow_keys":{"_0":"right_arrow"}},"isSFSymbol":true,"display":"arrowtriangle.right.fill"},"keyShape":"arrow_LR","id":"60EC82AD-9384-4E95-8D1D-2020D34A2100"},"idsInOrderRow4":[{"id":"99A73D26-65D7-4436-995F-8FD4350949FE"}],"row6":[{"toDetailCollection":{},"id":"61FC880D-1B93-4AEE-AA69-971C5C1CEA22","fromDetail":{"display":"A","output":{"letter_keys":{"_0":"a"}}}}],"arrow_down":{"id":"3C09E768-3C81-442C-8219-E8B34183FA52","keyShape":"arrow_Down","fromDetail":{"output":{"arrow_keys":{"_0":"down_arrow"}},"display":"arrowtriangle.down.fill","isSFSymbol":true},"toDetailCollection":{}},"row4":[{"fromDetail":{"output":{"letter_keys":{"_0":"a"}},"display":"A"},"toDetailCollection":{},"id":"99A73D26-65D7-4436-995F-8FD4350949FE"}],"row1":[{"fromDetail":{"output":{"letter_keys":{"_0":"a"}},"display":"A"},"id":"A528E526-5E1C-454A-B44A-81AA211A04C6","toDetailCollection":{}}],"row3":[{"fromDetail":{"output":{"letter_keys":{"_0":"a"}},"display":"A"},"id":"AC6645F4-342B-477F-A4E8-A952CAD34F9B","toDetailCollection":{}}],"idsInOrderRow3":[{"id":"AC6645F4-342B-477F-A4E8-A952CAD34F9B"}],"rowIndex_arrow":{"row6":{}},"row2":[{"toDetailCollection":{},"id":"919CFD04-0184-4FA6-92E6-65F637516A3C","fromDetail":{"display":"A","output":{"letter_keys":{"_0":"a"}}}}],"idsInOrderRow5":[{"id":"19CA1A81-C0BD-48A9-B8F2-99C9E6003384"}],"idsInOrderRow6":[{"id":"61FC880D-1B93-4AEE-AA69-971C5C1CEA22"}],"row5":[{"toDetailCollection":{},"fromDetail":{"output":{"letter_keys":{"_0":"a"}},"display":"A"},"id":"19CA1A81-C0BD-48A9-B8F2-99C9E6003384"}],"enableArrowKeys":false,"arrow_up":{"id":"07A30CD4-85A7-4B48-A14E-70B3E2755722","toDetailCollection":{},"keyShape":"arrow_Up","fromDetail":{"isSFSymbol":true,"output":{"arrow_keys":{"_0":"up_arrow"}},"display":"arrowtriangle.up.fill"}}},"sectionDetail":{"deviceDetail":{"is_builtin_keyboard":false,"is_product_id_Enabled":false,"vendor_id":"vendor_id","device_name":"mouse","product_id":"product_id","is_location_id_Enabled":false,"is_vendor_id_Enabled":false,"location_id":"location_id"},"section":{"mouse":{}}},"mainRows":{"idsInOrderRow2":[{"id":"D390050E-8008-4301-828D-932EBCC270F7"},{"id":"F949056F-2758-436F-9C23-DC259F42D4E0"}],"row3":[{"toDetailCollection":{},"fromDetail":{"output":{"letter_keys":{"_0":"a"}},"display":"A"},"isSpacer":true,"id":"CEB983E4-B892-4C14-AF74-F93EFD9ABF4A"}],"idsInOrderRow5":[],"idsInOrderRow3":[{"id":"CEB983E4-B892-4C14-AF74-F93EFD9ABF4A"}],"row4":[{"id":"EC1A8E5B-AD03-43BB-A13B-8A9DA19529FF","toDetailCollection":{},"isSpacer":true,"fromDetail":{"output":{"letter_keys":{"_0":"a"}},"display":"A"}}],"rowIndex_arrow":{"row6":{}},"row1":[{"id":"705B1902-30EF-478E-B75B-17669643EE61","fromDetail":{"display":"L click","output":{"mouse_buttons":{"_0":"button1"}}},"toDetailCollection":{}},{"toDetailCollection":{},"id":"24D8D1F0-55BA-4D8A-A79C-3919249A8D85","fromDetail":{"display":"R click","output":{"mouse_buttons":{"_0":"button2"}}}}],"idsInOrderRow6":[],"idsInOrderRow4":[{"id":"EC1A8E5B-AD03-43BB-A13B-8A9DA19529FF"}],"idsInOrderRow1":[{"id":"705B1902-30EF-478E-B75B-17669643EE61"},{"id":"24D8D1F0-55BA-4D8A-A79C-3919249A8D85"}],"row6":[],"enableArrowKeys":false,"arrow_down":{"keyShape":"arrow_Down","id":"81E10083-07BA-49F5-81F6-E74E7F6E5C3B","fromDetail":{"display":"arrowtriangle.down.fill","output":{"arrow_keys":{"_0":"down_arrow"}},"isSFSymbol":true},"toDetailCollection":{}},"arrow_up":{"keyShape":"arrow_Up","toDetailCollection":{},"id":"7B8DEED3-CD09-47E6-944A-C3AB52F2C224","fromDetail":{"output":{"arrow_keys":{"_0":"up_arrow"}},"display":"arrowtriangle.up.fill","isSFSymbol":true}},"arrow_left":{"id":"E6F10FF8-0943-4A3F-A79B-7DE589115A6A","fromDetail":{"output":{"arrow_keys":{"_0":"left_arrow"}},"display":"arrowtriangle.left.fill","isSFSymbol":true},"keyShape":"arrow_LR","toDetailCollection":{}},"row2":[{"fromDetail":{"output":{"mouse_buttons":{"_0":"button3"}},"display":"M click"},"toDetailCollection":{},"id":"F949056F-2758-436F-9C23-DC259F42D4E0"},{"isSpacer":true,"toDetailCollection":{},"fromDetail":{"display":"A","output":{"letter_keys":{"_0":"a"}}},"id":"D390050E-8008-4301-828D-932EBCC270F7","unitSize":0.5}],"row5":[],"arrow_right":{"id":"1181D403-2E17-4A0B-A80F-2B50FF3D4097","toDetailCollection":{},"keyShape":"arrow_LR","fromDetail":{"output":{"arrow_keys":{"_0":"right_arrow"}},"display":"arrowtriangle.right.fill","isSFSymbol":true}}},"isEnableSub":false,"isEnableTenkey":false,"tenkeyRows":{"enableArrowKeys":false,"idsInOrderRow6":[{"id":"1146E049-13AE-4671-BE34-687565C39196"}],"arrow_up":{"id":"9C08D0C3-2186-49DA-9CD6-1EEF3FD3715C","fromDetail":{"isSFSymbol":true,"output":{"arrow_keys":{"_0":"up_arrow"}},"display":"arrowtriangle.up.fill"},"keyShape":"arrow_Up","toDetailCollection":{}},"idsInOrderRow3":[{"id":"5EAFAAEF-A5CF-4BE2-BCBA-58026981E2DD"}],"row3":[{"id":"5EAFAAEF-A5CF-4BE2-BCBA-58026981E2DD","toDetailCollection":{},"fromDetail":{"output":{"letter_keys":{"_0":"a"}},"display":"A"}}],"row5":[{"fromDetail":{"display":"A","output":{"letter_keys":{"_0":"a"}}},"id":"E0AEE763-C845-45C2-BC16-B3C6A951DEB6","toDetailCollection":{}}],"row2":[{"fromDetail":{"display":"A","output":{"letter_keys":{"_0":"a"}}},"toDetailCollection":{},"id":"CD9028A0-028B-4192-89A1-E3C92B478352"}],"row4":[{"fromDetail":{"output":{"letter_keys":{"_0":"a"}},"display":"A"},"id":"18AA7187-0CF1-4E0C-8BC5-7C50FF96CEDB","toDetailCollection":{}}],"arrow_right":{"id":"8AAB846C-252A-4A6B-BF1A-64408CFC55E1","keyShape":"arrow_LR","fromDetail":{"output":{"arrow_keys":{"_0":"right_arrow"}},"display":"arrowtriangle.right.fill","isSFSymbol":true},"toDetailCollection":{}},"row6":[{"id":"1146E049-13AE-4671-BE34-687565C39196","fromDetail":{"output":{"letter_keys":{"_0":"a"}},"display":"A"},"toDetailCollection":{}}],"rowIndex_arrow":{"row6":{}},"arrow_down":{"keyShape":"arrow_Down","toDetailCollection":{},"fromDetail":{"output":{"arrow_keys":{"_0":"down_arrow"}},"display":"arrowtriangle.down.fill","isSFSymbol":true},"id":"64EB0984-8BF5-4A26-A97C-86BC63D95EC7"},"row1":[{"id":"40AA177B-AFA9-46AE-B8DF-1D6602D814AE","toDetailCollection":{},"fromDetail":{"display":"A","output":{"letter_keys":{"_0":"a"}}}}],"idsInOrderRow2":[{"id":"CD9028A0-028B-4192-89A1-E3C92B478352"}],"idsInOrderRow4":[{"id":"18AA7187-0CF1-4E0C-8BC5-7C50FF96CEDB"}],"idsInOrderRow1":[{"id":"40AA177B-AFA9-46AE-B8DF-1D6602D814AE"}],"idsInOrderRow5":[{"id":"E0AEE763-C845-45C2-BC16-B3C6A951DEB6"}],"arrow_left":{"id":"AE70ACFB-D5DA-4721-A510-CE3BF126752E","keyShape":"arrow_LR","fromDetail":{"display":"arrowtriangle.left.fill","output":{"arrow_keys":{"_0":"left_arrow"}},"isSFSymbol":true},"toDetailCollection":{}}},"isEnableMain":true},"main":{"mainRows":{"arrow_up":{"keyShape":"arrow_Up","id":"3CC9E2C1-D19E-4EC8-8725-87E071A84CD6","fromDetail":{"display":"arrowtriangle.up.fill","output":{"arrow_keys":{"_0":"up_arrow"}},"isSFSymbol":true},"toDetailCollection":{}},"idsInOrderRow2":[{"id":"0CCB6005-A98E-41C6-967D-C052A801757B"},{"id":"9EDFB64B-B4A3-430A-A554-EE1C5ECBDDD6"},{"id":"781B157C-58DD-462C-B3F8-D4EC4BC0CBFF"},{"id":"F0F6B096-D145-4DFE-AF3F-D2EDB221ECC4"},{"id":"E0D26C11-710E-420A-90AE-157AA1B807B3"},{"id":"514ECD44-83FE-465A-8EC1-4CEC06079C6D"},{"id":"D7C74E51-AC3C-482E-AA29-0E14D57544D7"},{"id":"2DFA320D-B16B-432E-A729-A1603ACC2D98"},{"id":"E5F92E48-421A-4796-97CB-DFBD665CDDC8"},{"id":"4A9AD5A0-DD19-4D59-BF97-D7D574AB9E23"},{"id":"4F6AA66F-B325-4074-ACA4-4F85A45FF7D5"},{"id":"D6FE8EA7-7930-41B1-AA82-88628C0F8545"},{"id":"3160E324-20CB-4D07-A80E-D43CB431F12E"},{"id":"FEA1E477-D93B-480C-A2C9-72063811C132"}],"row3":[{"toDetailCollection":{"condition0":{"layer0":{"outputAndDisplay_tap":{"output":{"controls_and_symbols":{"_0":"period"}},"layerKey":"layer0","display":"."},"withModifier_tap":{},"isCustomized_tap":true}}},"id":"5A8CECE6-D7F6-4867-B57F-A44F508ECB77","fromDetail":{"output":{"letter_keys":{"_0":"t"}},"display":"T"}},{"fromDetail":{"display":"U","output":{"letter_keys":{"_0":"u"}}},"toDetailCollection":{"condition0":{"layer0":{"isCustomized_tap":true,"outputAndDisplay_tap":{"output":{"letter_keys":{"_0":"w"}},"layerKey":"layer0","display":"W"},"withModifier_tap":{}}}},"id":"238C00DC-94B6-42CD-9CA2-C2643F04FC53"},{"id":"2D8348A0-C24E-4C70-BF6B-784737229861","fromDetail":{"output":{"letter_keys":{"_0":"e"}},"display":"E"},"toDetailCollection":{"condition0":{"layer0":{"outputAndDisplay_tap":{"output":{"letter_keys":{"_0":"u"}},"display":"U","layerKey":"layer0"},"withModifier_tap":{},"isCustomized_tap":true}}}},{"id":"4665F896-FC55-47AD-A1A2-58639F3D63BD","fromDetail":{"display":"I","output":{"letter_keys":{"_0":"i"}}},"toDetailCollection":{"condition0":{"layer0":{"outputAndDisplay_tap":{"layerKey":"layer0","display":"R","output":{"letter_keys":{"_0":"r"}}},"withModifier_tap":{},"isCustomized_tap":true}}}},{"toDetailCollection":{},"unitSize":1.5,"fromDetail":{"display":"arrow.right.to.line","output":{"controls_and_symbols":{"_0":"tab"}},"isSFSymbol":true},"id":"FC1DB6C1-E704-4D00-ACF6-B2E9E4932DE3"},{"id":"9E9C4965-77C2-447C-ACF0-16BBAC890DED","fromDetail":{"output":{"controls_and_symbols":{"_0":"close_square_bracket"}},"display":"]"},"toDetailCollection":{}},{"fromDetail":{"display":"P","output":{"letter_keys":{"_0":"p"}}},"toDetailCollection":{},"id":"7F130D10-0096-499C-8BB6-C4025439258D"},{"id":"0A4747FC-E233-4F7F-A30A-A90FD18A01E2","fromDetail":{"output":{"letter_keys":{"_0":"y"}},"display":"Y"},"toDetailCollection":{"condition0":{"layer0":{"isCustomized_tap":true,"withModifier_tap":{},"outputAndDisplay_tap":{"layerKey":"layer0","display":"F","output":{"letter_keys":{"_0":"f"}}}}}}},{"toDetailCollection":{},"id":"F793059F-8147-4A4D-9B6A-A99C5C72DE22","fromDetail":{"output":{"letter_keys":{"_0":"q"}},"display":"Q"}},{"id":"2FFE8305-5D01-430B-B3FF-A6F29A515878","toDetailCollection":{},"fromDetail":{"display":"[","output":{"controls_and_symbols":{"_0":"open_square_bracket"}}}},{"id":"BC876AC7-B68D-470C-9FAE-79EF52D55B8F","fromDetail":{"output":{"letter_keys":{"_0":"r"}},"display":"R"},"toDetailCollection":{"condition0":{"layer0":{"isCustomized_tap":true,"outputAndDisplay_tap":{"output":{"controls_and_symbols":{"_0":"comma"}},"display":",","layerKey":"layer0"},"withModifier_tap":{}}}}},{"fromDetail":{"display":"O","output":{"letter_keys":{"_0":"o"}}},"id":"8B7CBCEE-AC3C-4E94-BECF-A3EF84C93AFA","toDetailCollection":{"condition0":{"layer0":{"outputAndDisplay_tap":{"output":{"letter_keys":{"_0":"y"}},"display":"Y","layerKey":"layer0"},"withModifier_tap":{},"isCustomized_tap":true}}}},{"fromDetail":{"display":"W","output":{"letter_keys":{"_0":"w"}}},"toDetailCollection":{"condition0":{"layer0":{"outputAndDisplay_tap":{"display":"L","layerKey":"layer0","output":{"letter_keys":{"_0":"l"}}},"isCustomized_tap":true,"withModifier_tap":{}}}},"id":"58697EB9-363E-4E9D-B8C7-0A89658482C5"},{"fromDetail":{"display":"\\","output":{"controls_and_symbols":{"_0":"backslash_or_yen"}}},"toDetailCollection":{},"id":"92AC2617-2885-4900-8B60-81DD478F5589"}],"idsInOrderRow5":[{"id":"11DCAEAF-DDE5-4C91-AAE6-E3F0566DBBA4"},{"id":"F62BA701-B691-4FC6-8F46-34007D789B55"},{"id":"EE1286E9-7E96-4F95-A049-AB14C0A509ED"},{"id":"BF655995-A39B-4B2B-8523-D17A3C33F4F6"},{"id":"753AEE70-1BE0-45B7-BB05-3ACAB3082B7C"},{"id":"88AE419D-1E0E-4A70-897C-5AB0F716CF9A"},{"id":"C83E2AA6-DA10-4975-954A-A368AD0C2317"},{"id":"AF0F23E0-1F14-4FD2-BB21-76262B704CDE"},{"id":"03989A8F-1D6C-4480-8B0C-324A3A706BB6"},{"id":"E524A1E4-8FA3-4263-A10D-9E8A54431B90"},{"id":"B0658F41-F114-4912-9CB2-FA1F47D0B1C0"},{"id":"E3714BB9-B664-4AA1-8850-D33FA9F833D6"}],"idsInOrderRow1":[{"id":"3E5FCEB5-53BD-4B1C-8A0B-8B61C0B61A01"},{"id":"50BB1987-1460-4F27-AD50-2D60AF1BA12A"},{"id":"80FEB7CB-EB6E-46FD-B5C6-D41501A9EC81"},{"id":"5F12C25B-9579-4C00-85E2-B5F91785E15E"},{"id":"E1E0ECDD-5F70-413E-A699-03325452FFB7"},{"id":"35CE5B02-B150-477D-BDE9-A66D9BC473EE"},{"id":"03BC03D0-9853-4C9A-90A7-68DDEE15589C"},{"id":"D5E12640-E0C9-4E2E-BCAF-FC113388E6F6"},{"id":"77C5D618-6317-4B69-A3F0-6D3E8F1C6F3E"},{"id":"519D18CF-1253-4B85-BE02-B65DA31C307F"},{"id":"A5EACCBA-0F2A-4F0F-A3EE-AB99F131FE83"},{"id":"A725FF72-6DF3-4A67-913C-24FCB8D6D2CE"},{"id":"008BDD96-81B9-4BA7-A696-196E23CD8BEF"}],"arrow_down":{"keyShape":"arrow_Down","toDetailCollection":{},"id":"42F4AA40-C5DE-4994-A351-93C34E297018","fromDetail":{"display":"arrowtriangle.down.fill","isSFSymbol":true,"output":{"arrow_keys":{"_0":"down_arrow"}}}},"row5":[{"id":"753AEE70-1BE0-45B7-BB05-3ACAB3082B7C","fromDetail":{"display":"V","output":{"letter_keys":{"_0":"v"}}},"toDetailCollection":{}},{"toDetailCollection":{"condition0":{"layer0":{"isCustomized_tap":true,"outputAndDisplay_tap":{"output":{"letter_keys":{"_0":"b"}},"display":"B","layerKey":"layer0"},"withModifier_tap":{}}}},"id":"B0658F41-F114-4912-9CB2-FA1F47D0B1C0","fromDetail":{"output":{"controls_and_symbols":{"_0":"slash"}},"display":"\/"}},{"fromDetail":{"output":{"letter_keys":{"_0":"z"}},"display":"Z"},"toDetailCollection":{},"id":"F62BA701-B691-4FC6-8F46-34007D789B55"},{"id":"E3714BB9-B664-4AA1-8850-D33FA9F833D6","unitSize":2.25,"fromDetail":{"output":{"modifier_keys":{"_0":"right_shift"}},"display":"shift","isSFSymbol":true},"toDetailCollection":{}},{"fromDetail":{"display":".","output":{"controls_and_symbols":{"_0":"period"}}},"toDetailCollection":{"condition0":{"layer0":{"withModifier_tap":{},"outputAndDisplay_tap":{"display":"J","layerKey":"layer0","output":{"letter_keys":{"_0":"j"}}},"isCustomized_tap":true}}},"id":"E524A1E4-8FA3-4263-A10D-9E8A54431B90"},{"unitSize":2.25,"fromDetail":{"display":"shift","output":{"modifier_keys":{"_0":"left_shift"}},"isSFSymbol":true},"toDetailCollection":{},"id":"11DCAEAF-DDE5-4C91-AAE6-E3F0566DBBA4"},{"id":"EE1286E9-7E96-4F95-A049-AB14C0A509ED","fromDetail":{"display":"X","output":{"letter_keys":{"_0":"x"}}},"toDetailCollection":{}},{"fromDetail":{"output":{"letter_keys":{"_0":"m"}},"display":"M"},"toDetailCollection":{"condition0":{"layer0":{"outputAndDisplay_tap":{"output":{"letter_keys":{"_0":"d"}},"display":"D","layerKey":"layer0"},"withModifier_tap":{},"isCustomized_tap":true}}},"id":"AF0F23E0-1F14-4FD2-BB21-76262B704CDE"},{"toDetailCollection":{"condition0":{"layer0":{"outputAndDisplay_tap":{"display":";","output":{"controls_and_symbols":{"_0":"semicolon"}},"layerKey":"layer0"},"withModifier_tap":{},"isCustomized_tap":true}}},"fromDetail":{"display":"B","output":{"letter_keys":{"_0":"b"}}},"id":"88AE419D-1E0E-4A70-897C-5AB0F716CF9A"},{"id":"03989A8F-1D6C-4480-8B0C-324A3A706BB6","fromDetail":{"output":{"controls_and_symbols":{"_0":"comma"}},"display":","},"toDetailCollection":{"condition0":{"layer0":{"isCustomized_tap":true,"withModifier_tap":{},"outputAndDisplay_tap":{"display":"M","output":{"letter_keys":{"_0":"m"}},"layerKey":"layer0"}}}}},{"toDetailCollection":{"condition0":{"layer0":{"isCustomized_tap":true,"outputAndDisplay_tap":{"output":{"letter_keys":{"_0":"g"}},"display":"G","layerKey":"layer0"},"withModifier_tap":{}}}},"id":"C83E2AA6-DA10-4975-954A-A368AD0C2317","fromDetail":{"display":"N","output":{"letter_keys":{"_0":"n"}}}},{"id":"BF655995-A39B-4B2B-8523-D17A3C33F4F6","toDetailCollection":{},"fromDetail":{"output":{"letter_keys":{"_0":"c"}},"display":"C"}}],"arrow_left":{"toDetailCollection":{},"keyShape":"arrow_LR","fromDetail":{"output":{"arrow_keys":{"_0":"left_arrow"}},"display":"arrowtriangle.left.fill","isSFSymbol":true},"id":"9503F574-6D01-4401-A3FD-1ABF5F4EE010"},"rowIndex_arrow":{"row6":{}},"idsInOrderRow6":[{"id":"754CFFE6-9743-47D0-A85E-7521B82E28CB"},{"id":"40E16DF8-5F97-47ED-9148-28E07298CEB0"},{"id":"0F6B742C-B851-4583-BF22-7974BAC1FABD"},{"id":"A0AF43C0-B967-4729-9A0C-75F3869FFBF1"},{"id":"CA50DEF8-F75F-42E6-A2DD-C623E66D64E4"},{"id":"BB48349F-CB06-439E-A9B5-09DB3CEDD3C9"},{"id":"CCABED51-F67F-488A-B46D-A9FFC34ED7FB"}],"row1":[{"id":"008BDD96-81B9-4BA7-A696-196E23CD8BEF","fromDetail":{"display":"F12","output":{"function_keys":{"_0":"f12"}}},"toDetailCollection":{}},{"fromDetail":{"output":{"function_keys":{"_0":"f10"}},"display":"F10"},"id":"A5EACCBA-0F2A-4F0F-A3EE-AB99F131FE83","toDetailCollection":{}},{"toDetailCollection":{},"id":"77C5D618-6317-4B69-A3F0-6D3E8F1C6F3E","fromDetail":{"output":{"function_keys":{"_0":"f8"}},"display":"F8"}},{"toDetailCollection":{},"fromDetail":{"display":"F6","output":{"function_keys":{"_0":"f6"}}},"id":"03BC03D0-9853-4C9A-90A7-68DDEE15589C"},{"id":"50BB1987-1460-4F27-AD50-2D60AF1BA12A","fromDetail":{"display":"F1","output":{"function_keys":{"_0":"f1"}}},"toDetailCollection":{}},{"id":"5F12C25B-9579-4C00-85E2-B5F91785E15E","fromDetail":{"output":{"function_keys":{"_0":"f3"}},"display":"F3"},"toDetailCollection":{}},{"id":"3E5FCEB5-53BD-4B1C-8A0B-8B61C0B61A01","toDetailCollection":{},"unitSize":1.5,"fromDetail":{"isSFSymbol":true,"output":{"controls_and_symbols":{"_0":"escape"}},"display":"escape"}},{"toDetailCollection":{},"fromDetail":{"display":"F4","output":{"function_keys":{"_0":"f4"}}},"id":"E1E0ECDD-5F70-413E-A699-03325452FFB7"},{"toDetailCollection":{},"id":"A725FF72-6DF3-4A67-913C-24FCB8D6D2CE","fromDetail":{"output":{"function_keys":{"_0":"f11"}},"display":"F11"}},{"fromDetail":{"display":"F7","output":{"function_keys":{"_0":"f7"}}},"toDetailCollection":{},"id":"D5E12640-E0C9-4E2E-BCAF-FC113388E6F6"},{"id":"35CE5B02-B150-477D-BDE9-A66D9BC473EE","toDetailCollection":{},"fromDetail":{"display":"F5","output":{"function_keys":{"_0":"f5"}}}},{"toDetailCollection":{},"fromDetail":{"display":"F2","output":{"function_keys":{"_0":"f2"}}},"id":"80FEB7CB-EB6E-46FD-B5C6-D41501A9EC81"},{"fromDetail":{"output":{"function_keys":{"_0":"f9"}},"display":"F9"},"toDetailCollection":{},"id":"519D18CF-1253-4B85-BE02-B65DA31C307F"}],"row6":[{"id":"754CFFE6-9743-47D0-A85E-7521B82E28CB","fromDetail":{"output":{"modifier_keys":{"_0":"keyboard_fn"}},"isSFSymbol":true,"display":"globe"},"toDetailCollection":{}},{"toDetailCollection":{},"id":"CA50DEF8-F75F-42E6-A2DD-C623E66D64E4","fromDetail":{"output":{"controls_and_symbols":{"_0":"spacebar"}},"display":"␣"},"unitSize":5},{"unitSize":1.25,"id":"BB48349F-CB06-439E-A9B5-09DB3CEDD3C9","fromDetail":{"isSFSymbol":true,"display":"command","output":{"modifier_keys":{"_0":"right_command"}}},"toDetailCollection":{}},{"fromDetail":{"output":{"modifier_keys":{"_0":"left_command"}},"display":"command","isSFSymbol":true},"toDetailCollection":{},"unitSize":1.25,"id":"A0AF43C0-B967-4729-9A0C-75F3869FFBF1"},{"id":"40E16DF8-5F97-47ED-9148-28E07298CEB0","toDetailCollection":{},"fromDetail":{"display":"control","isSFSymbol":true,"output":{"modifier_keys":{"_0":"left_control"}}}},{"id":"CCABED51-F67F-488A-B46D-A9FFC34ED7FB","toDetailCollection":{},"fromDetail":{"output":{"modifier_keys":{"_0":"right_option"}},"isSFSymbol":true,"display":"option"}},{"fromDetail":{"output":{"modifier_keys":{"_0":"left_option"}},"isSFSymbol":true,"display":"option"},"id":"0F6B742C-B851-4583-BF22-7974BAC1FABD","toDetailCollection":{}}],"row2":[{"toDetailCollection":{},"fromDetail":{"display":"6","output":{"number_keys":{"_0":"six"}}},"id":"D7C74E51-AC3C-482E-AA29-0E14D57544D7"},{"id":"F0F6B096-D145-4DFE-AF3F-D2EDB221ECC4","toDetailCollection":{},"fromDetail":{"display":"3","output":{"number_keys":{"_0":"three"}}}},{"toDetailCollection":{},"id":"9EDFB64B-B4A3-430A-A554-EE1C5ECBDDD6","fromDetail":{"output":{"number_keys":{"_0":"one"}},"display":"1"}},{"unitSize":1.5,"toDetailCollection":{},"id":"FEA1E477-D93B-480C-A2C9-72063811C132","fromDetail":{"isSFSymbol":true,"display":"delete.left","output":{"controls_and_symbols":{"_0":"delete_or_backspace"}}}},{"toDetailCollection":{},"fromDetail":{"display":"7","output":{"number_keys":{"_0":"seven"}}},"id":"2DFA320D-B16B-432E-A729-A1603ACC2D98"},{"toDetailCollection":{},"fromDetail":{"output":{"number_keys":{"_0":"two"}},"display":"2"},"id":"781B157C-58DD-462C-B3F8-D4EC4BC0CBFF"},{"id":"514ECD44-83FE-465A-8EC1-4CEC06079C6D","toDetailCollection":{},"fromDetail":{"display":"5","output":{"number_keys":{"_0":"five"}}}},{"id":"4A9AD5A0-DD19-4D59-BF97-D7D574AB9E23","fromDetail":{"display":"9","output":{"number_keys":{"_0":"nine"}}},"toDetailCollection":{}},{"fromDetail":{"display":"0","output":{"number_keys":{"_0":"zero"}}},"id":"4F6AA66F-B325-4074-ACA4-4F85A45FF7D5","toDetailCollection":{}},{"toDetailCollection":{},"id":"3160E324-20CB-4D07-A80E-D43CB431F12E","fromDetail":{"display":"=","output":{"controls_and_symbols":{"_0":"equal_sign_or_caret"}}}},{"fromDetail":{"output":{"number_keys":{"_0":"eight"}},"display":"8"},"toDetailCollection":{},"id":"E5F92E48-421A-4796-97CB-DFBD665CDDC8"},{"toDetailCollection":{},"fromDetail":{"output":{"number_keys":{"_0":"four"}},"display":"4"},"id":"E0D26C11-710E-420A-90AE-157AA1B807B3"},{"id":"0CCB6005-A98E-41C6-967D-C052A801757B","toDetailCollection":{},"fromDetail":{"output":{"controls_and_symbols":{"_0":"grave_accent"}},"display":"`"}},{"fromDetail":{"display":"-","output":{"controls_and_symbols":{"_0":"hyphen"}}},"id":"D6FE8EA7-7930-41B1-AA82-88628C0F8545","toDetailCollection":{"condition0":{"layer0":{"withModifier_tap":{},"isCustomized_tap":true,"outputAndDisplay_tap":{"display":"\/","layerKey":"layer0","output":{"controls_and_symbols":{"_0":"slash"}}}}}}}],"enableArrowKeys":true,"arrow_right":{"fromDetail":{"output":{"arrow_keys":{"_0":"right_arrow"}},"display":"arrowtriangle.right.fill","isSFSymbol":true},"toDetailCollection":{},"keyShape":"arrow_LR","id":"FBCAFFEE-564C-4738-955B-33C308B54169"},"row4":[{"toDetailCollection":{"condition0":{"layer0":{"withModifier_tap":{},"isCustomized_tap":true,"outputAndDisplay_tap":{"layerKey":"layer0","display":"K","output":{"letter_keys":{"_0":"k"}}}}}},"fromDetail":{"output":{"letter_keys":{"_0":"h"}},"display":"H"},"id":"C82EB5E5-F1FB-4046-AAC4-0FB6382D0D25"},{"id":"B2ECC211-C00A-414B-A76A-5122EB16968B","fromDetail":{"display":"D","output":{"letter_keys":{"_0":"d"}}},"toDetailCollection":{"condition0":{"layer0":{"isCustomized_tap":true,"outputAndDisplay_tap":{"layerKey":"layer0","output":{"letter_keys":{"_0":"a"}},"display":"A"},"withModifier_tap":{}}}}},{"id":"E1954182-F052-453B-92B5-38610EA2CFC9","fromDetail":{"output":{"letter_keys":{"_0":"f"}},"display":"F"},"toDetailCollection":{"condition0":{"layer0":{"outputAndDisplay_tap":{"output":{"letter_keys":{"_0":"o"}},"display":"O","layerKey":"layer0"},"isCustomized_tap":true,"withModifier_tap":{}}}}},{"id":"6A960B3D-87A8-4FA2-A482-97843947F2FE","toDetailCollection":{},"fromDetail":{"display":"'","output":{"controls_and_symbols":{"_0":"single_quotation_or_colon"}}}},{"id":"1F87516D-CEBB-458C-9DE9-0A15C0CE1E20","toDetailCollection":{"condition0":{"layer0":{"outputAndDisplay_tap":{"output":{"letter_keys":{"_0":"n"}},"display":"N","layerKey":"layer0"},"isCustomized_tap":true,"withModifier_tap":{}}}},"fromDetail":{"output":{"letter_keys":{"_0":"k"}},"display":"K"}},{"toDetailCollection":{"condition0":{"layer0":{"withModifier_tap":{},"isCustomized_tap":true,"outputAndDisplay_tap":{"layerKey":"layer0","output":{"letter_keys":{"_0":"s"}},"display":"S"}}}},"fromDetail":{"output":{"letter_keys":{"_0":"l"}},"display":"L"},"id":"D4212C5F-5963-4693-9C73-2825EB2107C8"},{"id":"DCC39E56-6046-43EE-B324-0373B436AB39","toDetailCollection":{"condition0":{"layer0":{"outputAndDisplay_tap":{"display":"-","output":{"controls_and_symbols":{"_0":"hyphen"}},"layerKey":"layer0"},"withModifier_tap":{},"isCustomized_tap":true}}},"fromDetail":{"display":"G","output":{"letter_keys":{"_0":"g"}}}},{"toDetailCollection":{"condition0":{"layer0":{"outputAndDisplay_tap":{"output":{"letter_keys":{"_0":"i"}},"layerKey":"layer0","display":"I"},"withModifier_tap":{},"isCustomized_tap":true}}},"fromDetail":{"display":"S","output":{"letter_keys":{"_0":"s"}}},"id":"F3BFAB18-1AEC-4711-9BA9-EE456C6798B5"},{"toDetailCollection":{},"fromDetail":{"isSFSymbol":true,"output":{"modifier_keys":{"_0":"caps_lock"}},"display":"capslock"},"id":"EE9851A0-B10F-42C2-9FC4-1365213F6A0D","unitSize":1.75},{"toDetailCollection":{"condition0":{"layer0":{"isCustomized_tap":true,"withModifier_tap":{},"outputAndDisplay_tap":{"layerKey":"layer0","output":{"letter_keys":{"_0":"e"}},"display":"E"}}}},"fromDetail":{"display":"A","output":{"letter_keys":{"_0":"a"}}},"id":"F9E7F110-21E5-49E8-A2CB-A53CF8B097D3"},{"fromDetail":{"output":{"controls_and_symbols":{"_0":"semicolon"}},"display":";"},"id":"1AF6A81E-148E-45E4-98EE-F3965BFA5F62","toDetailCollection":{"condition0":{"layer0":{"withModifier_tap":{},"outputAndDisplay_tap":{"display":"H","output":{"letter_keys":{"_0":"h"}},"layerKey":"layer0"},"isCustomized_tap":true}}}},{"id":"0728E49B-6407-4EF6-8331-227B5D1D95F4","fromDetail":{"output":{"controls_and_symbols":{"_0":"return_or_enter"}},"display":"return","isSFSymbol":true},"unitSize":1.75,"toDetailCollection":{}},{"toDetailCollection":{"condition0":{"layer0":{"outputAndDisplay_tap":{"layerKey":"layer0","output":{"letter_keys":{"_0":"t"}},"display":"T"},"withModifier_tap":{},"isCustomized_tap":true}}},"id":"ABE0CD6B-6D88-47C4-8EE1-D2215C64E20C","fromDetail":{"display":"J","output":{"letter_keys":{"_0":"j"}}}}],"idsInOrderRow4":[{"id":"EE9851A0-B10F-42C2-9FC4-1365213F6A0D"},{"id":"F9E7F110-21E5-49E8-A2CB-A53CF8B097D3"},{"id":"F3BFAB18-1AEC-4711-9BA9-EE456C6798B5"},{"id":"B2ECC211-C00A-414B-A76A-5122EB16968B"},{"id":"E1954182-F052-453B-92B5-38610EA2CFC9"},{"id":"DCC39E56-6046-43EE-B324-0373B436AB39"},{"id":"C82EB5E5-F1FB-4046-AAC4-0FB6382D0D25"},{"id":"ABE0CD6B-6D88-47C4-8EE1-D2215C64E20C"},{"id":"1F87516D-CEBB-458C-9DE9-0A15C0CE1E20"},{"id":"D4212C5F-5963-4693-9C73-2825EB2107C8"},{"id":"1AF6A81E-148E-45E4-98EE-F3965BFA5F62"},{"id":"6A960B3D-87A8-4FA2-A482-97843947F2FE"},{"id":"0728E49B-6407-4EF6-8331-227B5D1D95F4"}],"idsInOrderRow3":[{"id":"FC1DB6C1-E704-4D00-ACF6-B2E9E4932DE3"},{"id":"F793059F-8147-4A4D-9B6A-A99C5C72DE22"},{"id":"58697EB9-363E-4E9D-B8C7-0A89658482C5"},{"id":"2D8348A0-C24E-4C70-BF6B-784737229861"},{"id":"BC876AC7-B68D-470C-9FAE-79EF52D55B8F"},{"id":"5A8CECE6-D7F6-4867-B57F-A44F508ECB77"},{"id":"0A4747FC-E233-4F7F-A30A-A90FD18A01E2"},{"id":"238C00DC-94B6-42CD-9CA2-C2643F04FC53"},{"id":"4665F896-FC55-47AD-A1A2-58639F3D63BD"},{"id":"8B7CBCEE-AC3C-4E94-BECF-A3EF84C93AFA"},{"id":"7F130D10-0096-499C-8BB6-C4025439258D"},{"id":"2FFE8305-5D01-430B-B3FF-A6F29A515878"},{"id":"9E9C4965-77C2-447C-ACF0-16BBAC890DED"},{"id":"92AC2617-2885-4900-8B60-81DD478F5589"}]},"isEnableTenkey":false,"isEnableSub":false,"sectionDetail":{"section":{"main":{}},"deviceDetail":{"location_id":"location_id","is_product_id_Enabled":false,"device_name":"mainKeyboard","vendor_id":"vendor_id","is_vendor_id_Enabled":false,"is_builtin_keyboard":false,"is_location_id_Enabled":false,"product_id":"product_id"}},"subRows":{"arrow_up":{"id":"51929E06-2F09-45C1-AEAB-28103060420F","toDetailCollection":{},"fromDetail":{"output":{"arrow_keys":{"_0":"up_arrow"}},"display":"arrowtriangle.up.fill","isSFSymbol":true},"keyShape":"arrow_Up"},"row4":[],"idsInOrderRow5":[{"id":"99CB8994-BA5B-48D9-A4C4-FDFEF0654929"},{"id":"4E275D8B-C21C-49AD-8BBE-6BDA968EB161"}],"enableArrowKeys":false,"row5":[{"id":"4E275D8B-C21C-49AD-8BBE-6BDA968EB161","toDetailCollection":{},"fromDetail":{"isSFSymbol":true,"output":{"arrow_keys":{"_0":"up_arrow"}},"display":"arrowtriangle.up.fill"}},{"id":"99CB8994-BA5B-48D9-A4C4-FDFEF0654929","fromDetail":{"output":{"letter_keys":{"_0":"a"}},"display":"A"},"toDetailCollection":{},"isSpacer":true}],"row1":[{"fromDetail":{"display":"F15","output":{"function_keys":{"_0":"f15"}}},"id":"5E187A43-A633-4CD2-912E-8EE33B6C0013","toDetailCollection":{}},{"fromDetail":{"output":{"function_keys":{"_0":"f14"}},"display":"F14"},"toDetailCollection":{},"id":"289986FD-1BDC-4058-BECD-714C3D4BF2A5"},{"toDetailCollection":{},"id":"34ACD8D2-1D87-4358-ACFC-93ECFA938F51","fromDetail":{"display":"F13","output":{"function_keys":{"_0":"f13"}}}}],"idsInOrderRow2":[{"id":"632A9B5F-9D6A-4A58-8DCF-CA932AF55A48"},{"id":"C2377C76-5169-4C41-BF4C-436E3E8A3F8B"},{"id":"9F8A2C8F-5975-4ED2-87A9-AB7B09EBB9C2"}],"arrow_down":{"fromDetail":{"isSFSymbol":true,"output":{"arrow_keys":{"_0":"down_arrow"}},"display":"arrowtriangle.down.fill"},"keyShape":"arrow_Down","id":"0086791E-A69C-49F6-ACEE-CF7900DD1327","toDetailCollection":{}},"idsInOrderRow1":[{"id":"34ACD8D2-1D87-4358-ACFC-93ECFA938F51"},{"id":"289986FD-1BDC-4058-BECD-714C3D4BF2A5"},{"id":"5E187A43-A633-4CD2-912E-8EE33B6C0013"}],"row2":[{"toDetailCollection":{},"id":"632A9B5F-9D6A-4A58-8DCF-CA932AF55A48","fromDetail":{"isSFSymbol":true,"output":{"keys_in_pc_keyboards":{"_0":"insert"}},"display":"text.insert"}},{"fromDetail":{"isSFSymbol":true,"output":{"arrow_keys":{"_0":"home"}},"display":"arrow.up.to.line"},"id":"C2377C76-5169-4C41-BF4C-436E3E8A3F8B","toDetailCollection":{}},{"id":"9F8A2C8F-5975-4ED2-87A9-AB7B09EBB9C2","toDetailCollection":{},"fromDetail":{"output":{"arrow_keys":{"_0":"page_up"}},"display":"arrow.up","isSFSymbol":true}}],"idsInOrderRow6":[{"id":"A3922836-8EA5-48EC-B267-C598FBF4A9F4"},{"id":"94A382D6-202E-453E-9FA2-82023BBFF78C"},{"id":"9D6DB956-E614-4DC1-9C67-42FA2D9C1B33"}],"row6":[{"fromDetail":{"output":{"arrow_keys":{"_0":"right_arrow"}},"display":"arrowtriangle.right.fill","isSFSymbol":true},"toDetailCollection":{},"id":"9D6DB956-E614-4DC1-9C67-42FA2D9C1B33"},{"toDetailCollection":{},"id":"94A382D6-202E-453E-9FA2-82023BBFF78C","fromDetail":{"output":{"arrow_keys":{"_0":"down_arrow"}},"isSFSymbol":true,"display":"arrowtriangle.down.fill"}},{"toDetailCollection":{},"fromDetail":{"display":"arrowtriangle.left.fill","output":{"arrow_keys":{"_0":"left_arrow"}},"isSFSymbol":true},"id":"A3922836-8EA5-48EC-B267-C598FBF4A9F4"}],"arrow_left":{"keyShape":"arrow_LR","fromDetail":{"output":{"arrow_keys":{"_0":"left_arrow"}},"isSFSymbol":true,"display":"arrowtriangle.left.fill"},"toDetailCollection":{},"id":"2B024E17-D6A2-4375-8E22-720D93BF50AF"},"arrow_right":{"toDetailCollection":{},"keyShape":"arrow_LR","fromDetail":{"output":{"arrow_keys":{"_0":"right_arrow"}},"isSFSymbol":true,"display":"arrowtriangle.right.fill"},"id":"88D1AFFE-19A2-4B35-A02C-5B06B7654838"},"idsInOrderRow4":[],"row3":[{"id":"5A7FFA37-BEC0-4A46-8E37-F7E3E5D7BEE6","fromDetail":{"isSFSymbol":true,"output":{"arrow_keys":{"_0":"page_down"}},"display":"arrow.down"},"toDetailCollection":{}},{"fromDetail":{"output":{"controls_and_symbols":{"_0":"delete_forward"}},"display":"delete.right","isSFSymbol":true},"toDetailCollection":{},"id":"314AB2BC-81F8-42F6-B957-46E61C9F1EDA"},{"toDetailCollection":{},"id":"C3C0B745-2239-47B0-A27B-F4154C54CF14","fromDetail":{"output":{"arrow_keys":{"_0":"end"}},"display":"arrow.down.to.line","isSFSymbol":true}}],"idsInOrderRow3":[{"id":"314AB2BC-81F8-42F6-B957-46E61C9F1EDA"},{"id":"C3C0B745-2239-47B0-A27B-F4154C54CF14"},{"id":"5A7FFA37-BEC0-4A46-8E37-F7E3E5D7BEE6"}],"rowIndex_arrow":{"row6":{}}},"tenkeyRows":{"row4":[{"id":"FE99C8EF-6C08-468F-91F8-69718FCE2485","fromDetail":{"display":"4","output":{"keypad_keys":{"_0":"keypad_4"}}},"toDetailCollection":{}},{"fromDetail":{"output":{"keypad_keys":{"_0":"keypad_plus"}},"display":"+"},"id":"1D0080DB-B15B-47BB-90E6-DB5B972FDAAE","toDetailCollection":{}},{"id":"A16E3AD5-4454-4D19-82DC-6A9714DCC3A5","fromDetail":{"output":{"keypad_keys":{"_0":"keypad_5"}},"display":"5"},"toDetailCollection":{}},{"id":"EC5F54A2-54B4-46B6-80CE-CCCA2F08DC5D","fromDetail":{"display":"6","output":{"keypad_keys":{"_0":"keypad_6"}}},"toDetailCollection":{}}],"idsInOrderRow6":[{"id":"5A1CF0A9-5AB1-4D19-BFF2-7F26C753696E"},{"id":"845AFD99-A377-4E3D-A60A-753873286907"}],"arrow_up":{"id":"47E507EB-3BCC-4CBE-97A4-D641869E058C","fromDetail":{"display":"arrowtriangle.up.fill","output":{"arrow_keys":{"_0":"up_arrow"}},"isSFSymbol":true},"keyShape":"arrow_Up","toDetailCollection":{}},"enableArrowKeys":false,"idsInOrderRow3":[{"id":"E026EF9F-131B-4EB5-8FA9-5AC3F0EFFDC5"},{"id":"620D92A6-B84C-4ED8-BE16-21251B69021B"},{"id":"46E5BF9A-1FC1-4AA7-8760-9435E0F413C7"},{"id":"3090154D-F964-49FD-AE9E-A9506ACEBC36"}],"idsInOrderRow4":[{"id":"FE99C8EF-6C08-468F-91F8-69718FCE2485"},{"id":"A16E3AD5-4454-4D19-82DC-6A9714DCC3A5"},{"id":"EC5F54A2-54B4-46B6-80CE-CCCA2F08DC5D"},{"id":"1D0080DB-B15B-47BB-90E6-DB5B972FDAAE"}],"arrow_left":{"fromDetail":{"display":"arrowtriangle.left.fill","output":{"arrow_keys":{"_0":"left_arrow"}},"isSFSymbol":true},"keyShape":"arrow_LR","id":"F1ED4C9F-A6EF-4BFB-A80A-1FAA6555A24C","toDetailCollection":{}},"row5":[{"id":"6DF4EC14-EA63-4006-96F6-FC8026F68F04","toDetailCollection":{},"fromDetail":{"output":{"keypad_keys":{"_0":"keypad_3"}},"display":"3"}},{"fromDetail":{"output":{"keypad_keys":{"_0":"keypad_1"}},"display":"1"},"id":"EAEC644D-43F8-4F84-A172-75EBE196394F","toDetailCollection":{}},{"toDetailCollection":{},"fromDetail":{"output":{"keypad_keys":{"_0":"keypad_2"}},"display":"2"},"id":"DE317AE2-FCD1-4565-982D-F69EB9CC71C4"},{"fromDetail":{"output":{"keypad_keys":{"_0":"keypad_enter"}},"display":"projective","isSFSymbol":true},"toDetailCollection":{},"id":"5C3D5EEC-392B-4F59-93C8-FFE6129752D6","keyShape":"enter_Tenkey"}],"row1":[{"toDetailCollection":{},"id":"1C318FB5-CACD-4E51-8E63-9291B5C8D09F","fromDetail":{"display":"F16","output":{"function_keys":{"_0":"f16"}}}},{"id":"AD7BBC4B-4EA1-44DA-A4B1-0DE01A708572","toDetailCollection":{},"fromDetail":{"output":{"function_keys":{"_0":"f19"}},"display":"F19"}},{"id":"DBE0F173-51D4-4F53-817C-E6EE17B48D2F","fromDetail":{"output":{"function_keys":{"_0":"f17"}},"display":"F17"},"toDetailCollection":{}},{"id":"27C680F4-C9B6-4FE7-A3D6-C59D1E993E77","toDetailCollection":{},"fromDetail":{"output":{"function_keys":{"_0":"f18"}},"display":"F18"}}],"row2":[{"id":"2B45A915-0D2C-466B-9D19-BD00FE5B05AC","fromDetail":{"display":"\/","output":{"keypad_keys":{"_0":"keypad_slash"}}},"toDetailCollection":{}},{"toDetailCollection":{},"id":"D80B02F6-805A-4D81-853E-05B228EB9BEB","fromDetail":{"display":"=","output":{"keypad_keys":{"_0":"keypad_equal_sign"}}}},{"id":"13532AC4-7C96-4F9D-870E-E0CAB7799D59","fromDetail":{"display":"*","output":{"keypad_keys":{"_0":"keypad_asterisk"}}},"toDetailCollection":{}},{"id":"B0B4F4E5-1621-44BE-9DB1-EFD0215CCAB7","fromDetail":{"display":"clear","output":{"others":{"_0":"clear"}}},"toDetailCollection":{}}],"row6":[{"toDetailCollection":{},"fromDetail":{"display":"0","output":{"keypad_keys":{"_0":"keypad_0"}}},"id":"5A1CF0A9-5AB1-4D19-BFF2-7F26C753696E","unitSize":2},{"fromDetail":{"display":".","output":{"keypad_keys":{"_0":"keypad_period"}}},"toDetailCollection":{},"id":"845AFD99-A377-4E3D-A60A-753873286907"}],"rowIndex_arrow":{"row6":{}},"arrow_right":{"fromDetail":{"isSFSymbol":true,"display":"arrowtriangle.right.fill","output":{"arrow_keys":{"_0":"right_arrow"}}},"toDetailCollection":{},"id":"ADDDA125-5401-4D25-B565-B097B5A6CB2A","keyShape":"arrow_LR"},"arrow_down":{"id":"FE82CD08-7917-4EE1-91BF-34C3682855A3","fromDetail":{"display":"arrowtriangle.down.fill","output":{"arrow_keys":{"_0":"down_arrow"}},"isSFSymbol":true},"toDetailCollection":{},"keyShape":"arrow_Down"},"row3":[{"fromDetail":{"display":"7","output":{"keypad_keys":{"_0":"keypad_7"}}},"toDetailCollection":{},"id":"E026EF9F-131B-4EB5-8FA9-5AC3F0EFFDC5"},{"id":"620D92A6-B84C-4ED8-BE16-21251B69021B","toDetailCollection":{},"fromDetail":{"output":{"keypad_keys":{"_0":"keypad_8"}},"display":"8"}},{"id":"3090154D-F964-49FD-AE9E-A9506ACEBC36","toDetailCollection":{},"fromDetail":{"display":"-","output":{"keypad_keys":{"_0":"keypad_hyphen"}}}},{"id":"46E5BF9A-1FC1-4AA7-8760-9435E0F413C7","fromDetail":{"display":"9","output":{"keypad_keys":{"_0":"keypad_9"}}},"toDetailCollection":{}}],"idsInOrderRow5":[{"id":"EAEC644D-43F8-4F84-A172-75EBE196394F"},{"id":"DE317AE2-FCD1-4565-982D-F69EB9CC71C4"},{"id":"6DF4EC14-EA63-4006-96F6-FC8026F68F04"},{"id":"5C3D5EEC-392B-4F59-93C8-FFE6129752D6"}],"idsInOrderRow2":[{"id":"B0B4F4E5-1621-44BE-9DB1-EFD0215CCAB7"},{"id":"D80B02F6-805A-4D81-853E-05B228EB9BEB"},{"id":"2B45A915-0D2C-466B-9D19-BD00FE5B05AC"},{"id":"13532AC4-7C96-4F9D-870E-E0CAB7799D59"}],"idsInOrderRow1":[{"id":"1C318FB5-CACD-4E51-8E63-9291B5C8D09F"},{"id":"DBE0F173-51D4-4F53-817C-E6EE17B48D2F"},{"id":"27C680F4-C9B6-4FE7-A3D6-C59D1E993E77"},{"id":"AD7BBC4B-4EA1-44DA-A4B1-0DE01A708572"}]},"isEnableMain":true}}}