{"keymap":{"main":{"subRows":{"rowIndex_arrow":{"row6":{}},"idsInOrderRow3":[{"id":"67B2EAC5-709A-442E-A8DB-F5AAB4BDEAD8"},{"id":"7B323044-3D56-4081-AA0D-5A345148CFA8"},{"id":"2DB14E3F-AC22-4CB9-B958-A575C197E094"}],"arrow_left":{"fromDetail":{"output":{"arrow_keys":{"_0":"left_arrow"}},"isSFSymbol":true,"display":"arrowtriangle.left.fill"},"keyShape":"arrow_LR","id":"5C73AC85-3D7F-42E5-A61B-88993FC6B89C","toDetailCollection":{}},"idsInOrderRow1":[{"id":"E1145A32-88FA-4579-A06C-E64EAAAB6160"},{"id":"EBE25161-63B1-473B-9C01-92DB3D2EBEB9"},{"id":"CE931B88-1BD8-4FE7-AB7C-0A0955B7E42A"}],"row1":[{"fromDetail":{"output":{"function_keys":{"_0":"f15"}},"display":"F15"},"toDetailCollection":{},"id":"CE931B88-1BD8-4FE7-AB7C-0A0955B7E42A"},{"toDetailCollection":{},"fromDetail":{"output":{"function_keys":{"_0":"f14"}},"display":"F14"},"id":"EBE25161-63B1-473B-9C01-92DB3D2EBEB9"},{"toDetailCollection":{},"id":"E1145A32-88FA-4579-A06C-E64EAAAB6160","fromDetail":{"output":{"function_keys":{"_0":"f13"}},"display":"F13"}}],"row3":[{"id":"2DB14E3F-AC22-4CB9-B958-A575C197E094","toDetailCollection":{},"fromDetail":{"display":"arrow.down","output":{"arrow_keys":{"_0":"page_down"}},"isSFSymbol":true}},{"id":"7B323044-3D56-4081-AA0D-5A345148CFA8","fromDetail":{"display":"arrow.down.to.line","output":{"arrow_keys":{"_0":"end"}},"isSFSymbol":true},"toDetailCollection":{}},{"fromDetail":{"isSFSymbol":true,"output":{"controls_and_symbols":{"_0":"delete_forward"}},"display":"delete.right"},"toDetailCollection":{},"id":"67B2EAC5-709A-442E-A8DB-F5AAB4BDEAD8"}],"idsInOrderRow6":[{"id":"4D049467-5A29-4BEB-84B5-9BEBC072DAE4"},{"id":"5B523CF8-A07D-43CF-B0AC-CA0E9E11D573"},{"id":"36F08EED-05AD-4831-BF9D-44D293D80378"}],"row2":[{"fromDetail":{"isSFSymbol":true,"output":{"arrow_keys":{"_0":"page_up"}},"display":"arrow.up"},"toDetailCollection":{},"id":"C78B31B8-AC3A-4FE6-B489-141F193C21EB"},{"id":"8B02FFE4-43A9-48A3-A109-03437C651A0C","toDetailCollection":{},"fromDetail":{"isSFSymbol":true,"display":"arrow.up.to.line","output":{"arrow_keys":{"_0":"home"}}}},{"id":"814BCEE7-FF45-4BFB-B08B-88C4EECB84CA","fromDetail":{"isSFSymbol":true,"output":{"keys_in_pc_keyboards":{"_0":"insert"}},"display":"text.insert"},"toDetailCollection":{}}],"idsInOrderRow4":[],"row4":[],"row6":[{"id":"36F08EED-05AD-4831-BF9D-44D293D80378","fromDetail":{"display":"arrowtriangle.right.fill","isSFSymbol":true,"output":{"arrow_keys":{"_0":"right_arrow"}}},"toDetailCollection":{}},{"id":"5B523CF8-A07D-43CF-B0AC-CA0E9E11D573","fromDetail":{"display":"arrowtriangle.down.fill","output":{"arrow_keys":{"_0":"down_arrow"}},"isSFSymbol":true},"toDetailCollection":{}},{"fromDetail":{"isSFSymbol":true,"display":"arrowtriangle.left.fill","output":{"arrow_keys":{"_0":"left_arrow"}}},"id":"4D049467-5A29-4BEB-84B5-9BEBC072DAE4","toDetailCollection":{}}],"enableArrowKeys":false,"arrow_down":{"id":"05F22047-D982-4D59-B803-2DBDF7B38D21","fromDetail":{"display":"arrowtriangle.down.fill","isSFSymbol":true,"output":{"arrow_keys":{"_0":"down_arrow"}}},"keyShape":"arrow_Down","toDetailCollection":{}},"idsInOrderRow2":[{"id":"814BCEE7-FF45-4BFB-B08B-88C4EECB84CA"},{"id":"8B02FFE4-43A9-48A3-A109-03437C651A0C"},{"id":"C78B31B8-AC3A-4FE6-B489-141F193C21EB"}],"arrow_up":{"keyShape":"arrow_Up","id":"C17D0673-6E74-4D9F-983A-FB4967D7E877","fromDetail":{"output":{"arrow_keys":{"_0":"up_arrow"}},"display":"arrowtriangle.up.fill","isSFSymbol":true},"toDetailCollection":{}},"idsInOrderRow5":[{"id":"3C7FF3A5-C80C-47EB-82E9-10D5481DFCDF"},{"id":"3644C4B0-A948-416C-8E2A-B6C8506CBA12"}],"row5":[{"fromDetail":{"output":{"letter_keys":{"_0":"a"}},"display":"A"},"toDetailCollection":{},"id":"3C7FF3A5-C80C-47EB-82E9-10D5481DFCDF","isSpacer":true},{"toDetailCollection":{},"id":"3644C4B0-A948-416C-8E2A-B6C8506CBA12","fromDetail":{"display":"arrowtriangle.up.fill","isSFSymbol":true,"output":{"arrow_keys":{"_0":"up_arrow"}}}}],"arrow_right":{"fromDetail":{"display":"arrowtriangle.right.fill","isSFSymbol":true,"output":{"arrow_keys":{"_0":"right_arrow"}}},"keyShape":"arrow_LR","id":"4A65B6B7-DEF0-483F-9C8A-A24411F8ABF6","toDetailCollection":{}}},"isEnableSub":false,"sectionDetail":{"section":{"main":{}},"deviceDetail":{"is_location_id_Enabled":false,"product_id":"product_id","is_product_id_Enabled":false,"location_id":"location_id","vendor_id":"vendor_id","is_vendor_id_Enabled":false,"device_name":"mainKeyboard","is_builtin_keyboard":false}},"mainRows":{"row4":[{"fromDetail":{"output":{"letter_keys":{"_0":"f"}},"display":"F"},"toDetailCollection":{"condition0":{"layer0":{"isCustomized_tap":true,"outputAndDisplay_tap":{"output":{"letter_keys":{"_0":"n"}},"display":"N","layerKey":"layer0"},"withModifier_tap":{}}}},"id":"DC1BB212-FFF5-4818-896C-453D7F05E7B5"},{"id":"DB5647FF-27E5-416A-ABCC-56718E99E7CE","toDetailCollection":{"condition0":{"layer0":{"outputAndDisplay_tap":{"output":{"letter_keys":{"_0":"r"}},"layerKey":"layer0","display":"R"},"isCustomized_tap":true,"withModifier_tap":{}}}},"fromDetail":{"display":"S","output":{"letter_keys":{"_0":"s"}}}},{"fromDetail":{"output":{"letter_keys":{"_0":"h"}},"display":"H"},"toDetailCollection":{"condition0":{"layer0":{"isCustomized_tap":true,"outputAndDisplay_tap":{"output":{"letter_keys":{"_0":"d"}},"display":"D","layerKey":"layer0"},"withModifier_tap":{}}}},"id":"15B117FD-E8DD-474F-9C80-1E239F16B636"},{"toDetailCollection":{"condition0":{"layer0":{"outputAndDisplay_tap":{"display":"U","layerKey":"layer0","output":{"letter_keys":{"_0":"u"}}},"withModifier_tap":{},"isCustomized_tap":true}}},"id":"F712E04A-FAB3-4968-8E3F-5BC78C3FA010","fromDetail":{"output":{"letter_keys":{"_0":"a"}},"display":"A"}},{"fromDetail":{"output":{"letter_keys":{"_0":"g"}},"display":"G"},"toDetailCollection":{"condition0":{"layer0":{"outputAndDisplay_tap":{"display":"H","layerKey":"layer0","output":{"letter_keys":{"_0":"h"}}},"isCustomized_tap":true,"withModifier_tap":{}}}},"id":"E01E23A6-5D0E-4D39-AC5F-79EF7C075675"},{"fromDetail":{"display":"J","output":{"letter_keys":{"_0":"j"}}},"toDetailCollection":{"condition0":{"layer0":{"outputAndDisplay_tap":{"output":{"letter_keys":{"_0":"t"}},"layerKey":"layer0","display":"T"},"withModifier_tap":{},"isCustomized_tap":true}}},"id":"6456F3AE-E77F-45D9-85F2-158037B836A3"},{"toDetailCollection":{},"id":"A2517BB9-18BA-450D-AD52-F6EFACFA26B1","fromDetail":{"display":":","output":{"controls_and_symbols":{"_0":"single_quotation_or_colon"}}}},{"fromDetail":{"display":"K","output":{"letter_keys":{"_0":"k"}}},"toDetailCollection":{"condition0":{"layer0":{"withModifier_tap":{},"outputAndDisplay_tap":{"output":{"letter_keys":{"_0":"e"}},"layerKey":"layer0","display":"E"},"isCustomized_tap":true}}},"id":"5A8B5E6C-085A-40D4-B67D-43BDB4B2479D"},{"id":"860945D0-C4FB-4631-8CE9-262744274A36","toDetailCollection":{"condition0":{"layer0":{"outputAndDisplay_tap":{"layerKey":"layer0","display":"S","output":{"letter_keys":{"_0":"s"}}},"withModifier_tap":{},"isCustomized_tap":true}}},"fromDetail":{"output":{"letter_keys":{"_0":"d"}},"display":"D"}},{"id":"7CB15BFE-D323-46AD-924F-B9C2A359CF9C","fromDetail":{"output":{"controls_and_symbols":{"_0":"close_square_bracket_jis"}},"display":"]"},"toDetailCollection":{}},{"id":"9961874C-D4A0-4857-9C06-4C6E82B37B26","toDetailCollection":{"condition0":{"layer0":{"withModifier_tap":{},"isCustomized_tap":true,"outputAndDisplay_tap":{"output":{"letter_keys":{"_0":"a"}},"layerKey":"layer0","display":"A"}}}},"fromDetail":{"display":"L","output":{"letter_keys":{"_0":"l"}}}},{"id":"81D5E58F-04C6-4ED9-9B38-E7503D15FE8B","toDetailCollection":{},"fromDetail":{"output":{"modifier_keys":{"_0":"left_control"}},"display":"control","isSFSymbol":true},"unitSize":1.25},{"toDetailCollection":{"condition0":{"layer0":{"withModifier_tap":{},"outputAndDisplay_tap":{"output":{"letter_keys":{"_0":"i"}},"display":"I","layerKey":"layer0"},"isCustomized_tap":true}}},"fromDetail":{"output":{"controls_and_symbols":{"_0":"semicolon"}},"display":";"},"id":"9FF3B8F0-81F5-4905-A3D0-0B012053F6C9"}],"row3":[{"id":"C25CA60F-D7D1-4540-82E4-944A35B30C5E","fromDetail":{"display":"O","output":{"letter_keys":{"_0":"o"}}},"toDetailCollection":{"condition0":{"layer0":{"outputAndDisplay_tap":{"output":{"letter_keys":{"_0":"q"}},"display":"Q","layerKey":"layer0"},"isCustomized_tap":true,"withModifier_tap":{}}}}},{"toDetailCollection":{},"fromDetail":{"display":"arrow.right.to.line","isSFSymbol":true,"output":{"controls_and_symbols":{"_0":"tab"}}},"id":"0C301E63-745E-47B7-AED7-22358F0B0C50"},{"fromDetail":{"output":{"letter_keys":{"_0":"y"}},"display":"Y"},"toDetailCollection":{"condition0":{"layer0":{"withModifier_tap":{},"isCustomized_tap":true,"outputAndDisplay_tap":{"display":"K","output":{"letter_keys":{"_0":"k"}},"layerKey":"layer0"}}}},"id":"371F0A6C-4E5C-463D-B113-EA92F98B7B9C"},{"toDetailCollection":{"condition0":{"layer0":{"isCustomized_tap":true,"withModifier_tap":{},"outputAndDisplay_tap":{"display":"O","layerKey":"layer0","output":{"letter_keys":{"_0":"o"}}}}}},"id":"BDE1662D-570D-4713-8E01-880C90D81A63","fromDetail":{"output":{"letter_keys":{"_0":"i"}},"display":"I"}},{"fromDetail":{"output":{"letter_keys":{"_0":"e"}},"display":"E"},"toDetailCollection":{"condition0":{"layer0":{"isCustomized_tap":true,"outputAndDisplay_tap":{"display":"F","layerKey":"layer0","output":{"letter_keys":{"_0":"f"}}},"withModifier_tap":{}}}},"id":"63FBB35A-71E3-4EB0-A6CA-B470013AD930"},{"id":"9C9E7373-9242-4CE3-95EE-7A0A50C51280","fromDetail":{"output":{"letter_keys":{"_0":"p"}},"display":"P"},"toDetailCollection":{"condition0":{"layer0":{"withModifier_tap":{},"isCustomized_tap":true,"outputAndDisplay_tap":{"display":";","output":{"controls_and_symbols":{"_0":"semicolon"}},"layerKey":"layer0"}}}}},{"toDetailCollection":{},"fromDetail":{"output":{"controls_and_symbols":{"_0":"return_or_enter"}},"display":"return","isSFSymbol":true},"keyShape":"enter_JIS","id":"C3A44809-0E9B-4432-A5D4-A821FB47F18A","unitSize":1.5},{"toDetailCollection":{"condition0":{"layer0":{"outputAndDisplay_tap":{"display":"Y","output":{"letter_keys":{"_0":"y"}},"layerKey":"layer0"},"withModifier_tap":{},"isCustomized_tap":true}}},"id":"9FF0B24C-0E9A-44BF-96DC-A819BF41B0DF","fromDetail":{"output":{"letter_keys":{"_0":"q"}},"display":"Q"}},{"toDetailCollection":{"condition0":{"layer0":{"isCustomized_tap":true,"outputAndDisplay_tap":{"output":{"letter_keys":{"_0":"l"}},"layerKey":"layer0","display":"L"},"withModifier_tap":{}}}},"id":"B6091E71-6D88-4770-9379-3D42EF2B90EE","fromDetail":{"output":{"letter_keys":{"_0":"r"}},"display":"R"}},{"toDetailCollection":{"condition0":{"layer0":{"withModifier_tap":{},"isCustomized_tap":true,"outputAndDisplay_tap":{"layerKey":"layer0","display":"M","output":{"letter_keys":{"_0":"m"}}}}}},"id":"B8ED4B77-75BA-4951-BC38-198A1E0F3C63","fromDetail":{"output":{"letter_keys":{"_0":"t"}},"display":"T"}},{"fromDetail":{"output":{"controls_and_symbols":{"_0":"commercial_at_jis"}},"display":"@"},"id":"821BC2FE-5357-489F-BE25-7A2D8794F451","toDetailCollection":{}},{"fromDetail":{"display":"W","output":{"letter_keys":{"_0":"w"}}},"id":"9DE1FE00-26B3-43A2-9819-9DEC944ED532","toDetailCollection":{}},{"id":"BB61037E-A534-4586-8C37-9B2320FADD62","toDetailCollection":{},"fromDetail":{"output":{"controls_and_symbols":{"_0":"open_square_bracket_jis"}},"display":"["}},{"fromDetail":{"output":{"letter_keys":{"_0":"u"}},"display":"U"},"toDetailCollection":{"condition0":{"layer0":{"isCustomized_tap":true,"outputAndDisplay_tap":{"layerKey":"layer0","display":"P","output":{"letter_keys":{"_0":"p"}}},"withModifier_tap":{}}}},"id":"0F399ED1-F51A-4D13-87C6-288F3033F267"}],"row5":[{"toDetailCollection":{},"fromDetail":{"display":",","output":{"controls_and_symbols":{"_0":"comma"}}},"id":"39D25AF8-C275-4FAF-8001-F3B13D1B27E7"},{"fromDetail":{"display":"C","output":{"letter_keys":{"_0":"c"}}},"toDetailCollection":{},"id":"9FDD8314-17CA-45D8-BDD7-857C9EF701D0"},{"fromDetail":{"output":{"letter_keys":{"_0":"b"}},"display":"B"},"id":"5E620B6F-676A-40F1-AC52-954058030822","toDetailCollection":{"condition0":{"layer0":{"isCustomized_tap":true,"withModifier_tap":{},"outputAndDisplay_tap":{"layerKey":"layer0","output":{"letter_keys":{"_0":"j"}},"display":"J"}}}}},{"toDetailCollection":{"condition0":{"layer0":{"outputAndDisplay_tap":{"output":{"letter_keys":{"_0":"g"}},"display":"G","layerKey":"layer0"},"withModifier_tap":{},"isCustomized_tap":true}}},"id":"C9CABE8B-0492-472F-A7B7-E8678AA66DC8","fromDetail":{"output":{"letter_keys":{"_0":"m"}},"display":"M"}},{"id":"7EE5BA93-2332-48C5-8E50-CE996378B316","toDetailCollection":{},"fromDetail":{"display":"\/","output":{"controls_and_symbols":{"_0":"slash"}}}},{"toDetailCollection":{},"fromDetail":{"output":{"letter_keys":{"_0":"z"}},"display":"Z"},"id":"89D495C8-6F27-4BB6-9F5A-333148779E29"},{"fromDetail":{"isSFSymbol":true,"output":{"modifier_keys":{"_0":"left_shift"}},"display":"shift"},"toDetailCollection":{},"id":"64F7994F-E1F5-46E4-B954-3C110725BC33","unitSize":1.75},{"fromDetail":{"output":{"letter_keys":{"_0":"x"}},"display":"X"},"id":"9F97A671-93B8-429C-98C4-EB5950B480C2","toDetailCollection":{}},{"fromDetail":{"output":{"letter_keys":{"_0":"v"}},"display":"V"},"id":"B5A1F112-3F1D-473D-8711-448FE9E5B70A","toDetailCollection":{}},{"fromDetail":{"display":"N","output":{"letter_keys":{"_0":"n"}}},"toDetailCollection":{"condition0":{"layer0":{"isCustomized_tap":true,"outputAndDisplay_tap":{"layerKey":"layer0","output":{"letter_keys":{"_0":"b"}},"display":"B"},"withModifier_tap":{}}}},"id":"50298768-654B-4DF9-BB00-08EEFC535CBA"},{"toDetailCollection":{},"id":"F2558E21-2B4B-4800-82C4-79087F1CFB33","fromDetail":{"display":".","output":{"controls_and_symbols":{"_0":"period"}}}},{"id":"64C90F1D-C7A8-43F7-A2E7-EF35FD7EA6C0","unitSize":1.75,"toDetailCollection":{},"fromDetail":{"display":"shift","isSFSymbol":true,"output":{"modifier_keys":{"_0":"right_shift"}}}},{"id":"0CB9CF47-25D7-4533-9F18-690A6F68A2AC","toDetailCollection":{},"fromDetail":{"display":"_","output":{"international_keys":{"_0":"international1"}}}}],"idsInOrderRow5":[{"id":"64F7994F-E1F5-46E4-B954-3C110725BC33"},{"id":"89D495C8-6F27-4BB6-9F5A-333148779E29"},{"id":"9F97A671-93B8-429C-98C4-EB5950B480C2"},{"id":"9FDD8314-17CA-45D8-BDD7-857C9EF701D0"},{"id":"B5A1F112-3F1D-473D-8711-448FE9E5B70A"},{"id":"5E620B6F-676A-40F1-AC52-954058030822"},{"id":"50298768-654B-4DF9-BB00-08EEFC535CBA"},{"id":"C9CABE8B-0492-472F-A7B7-E8678AA66DC8"},{"id":"39D25AF8-C275-4FAF-8001-F3B13D1B27E7"},{"id":"F2558E21-2B4B-4800-82C4-79087F1CFB33"},{"id":"7EE5BA93-2332-48C5-8E50-CE996378B316"},{"id":"0CB9CF47-25D7-4533-9F18-690A6F68A2AC"},{"id":"64C90F1D-C7A8-43F7-A2E7-EF35FD7EA6C0"}],"enableArrowKeys":true,"idsInOrderRow1":[{"id":"8F8D148B-A470-47CC-B719-F3BCE4441DF2"},{"id":"55146FF0-F82D-4AC2-8E2A-AD76D50BD88C"},{"id":"F18680E4-A34A-45CC-AE20-FA6F7FF883AD"},{"id":"5168539A-14F2-4FC4-869E-78C8CD784FB3"},{"id":"CF87A82D-19AC-4017-8727-013E7A1A7D73"},{"id":"20652648-97AF-4160-8F22-8560F2C89850"},{"id":"6B6AF85F-A20D-4AA1-846F-1BB26086D97A"},{"id":"16B36A27-25EA-47B7-8873-CAEAFEB201A5"},{"id":"924AE0D2-FBF5-4BEE-A101-6ED80F8DB06A"},{"id":"B9CF9279-7CE6-49C7-980E-DE4D0EA67B63"},{"id":"DF91BDEB-1100-4A0B-9636-7A5613167121"},{"id":"EA5230AB-BE3E-4BDB-9E7F-CE1DC076D2BE"},{"id":"F7E4C79F-6BBE-4454-8396-00C10061AB2A"}],"row2":[{"fromDetail":{"display":"7","output":{"number_keys":{"_0":"seven"}}},"id":"436CF4EA-ED98-47F4-98D8-43B7CE715A62","toDetailCollection":{}},{"fromDetail":{"display":"4","output":{"number_keys":{"_0":"four"}}},"toDetailCollection":{},"id":"D8F94329-4ECE-4DE6-B7F6-962C174B7FCC"},{"id":"93D3F43B-D9E8-4C88-99B3-44799BDB0156","fromDetail":{"display":"8","output":{"number_keys":{"_0":"eight"}}},"toDetailCollection":{}},{"id":"FEF61AEB-1875-4525-9BA6-EC66B0BE1FFB","fromDetail":{"output":{"number_keys":{"_0":"two"}},"display":"2"},"toDetailCollection":{}},{"toDetailCollection":{},"id":"450EFE2C-97AD-44AA-BC6E-44033CC0FCA8","fromDetail":{"output":{"number_keys":{"_0":"six"}},"display":"6"}},{"fromDetail":{"isSFSymbol":true,"output":{"controls_and_symbols":{"_0":"delete_or_backspace"}},"display":"delete.left"},"id":"D4AD89EC-9850-4E58-A5D8-5F76A207C65B","toDetailCollection":{},"unitSize":1.25},{"id":"517D359D-5666-45A8-8D7A-A70E689058BE","fromDetail":{"display":"0","output":{"number_keys":{"_0":"zero"}}},"toDetailCollection":{}},{"fromDetail":{"display":"1","output":{"number_keys":{"_0":"one"}}},"id":"6709A43E-0D7C-4A4F-881D-8529B8316042","toDetailCollection":{},"unitSize":1.25},{"id":"B2414AEA-15E4-4C25-B704-07FAFD77D46B","fromDetail":{"display":"9","output":{"number_keys":{"_0":"nine"}}},"toDetailCollection":{}},{"fromDetail":{"output":{"number_keys":{"_0":"three"}},"display":"3"},"id":"3A0C4996-848F-45DA-9A07-49208E629D52","toDetailCollection":{}},{"toDetailCollection":{},"fromDetail":{"output":{"number_keys":{"_0":"five"}},"display":"5"},"id":"CFA3205E-E2F4-427B-BF7E-C9D08BD49DA9"},{"fromDetail":{"output":{"controls_and_symbols":{"_0":"equal_sign_or_caret"}},"display":"^"},"toDetailCollection":{},"id":"1092C5B0-23DB-43D4-9FC3-AB5FCB6AD266"},{"id":"E01FAD76-8D78-4D98-945C-4C4C6E0AA45D","toDetailCollection":{},"fromDetail":{"output":{"international_keys":{"_0":"international3"}},"display":"\\"}},{"fromDetail":{"display":"-","output":{"controls_and_symbols":{"_0":"hyphen"}}},"toDetailCollection":{},"id":"21A78506-7C30-4C9E-954F-1CAABB553A24"}],"arrow_down":{"keyShape":"arrow_Down","id":"0553B410-737A-4592-A68C-9722B763E5A2","fromDetail":{"display":"arrowtriangle.down.fill","isSFSymbol":true,"output":{"arrow_keys":{"_0":"down_arrow"}}},"toDetailCollection":{}},"idsInOrderRow2":[{"id":"6709A43E-0D7C-4A4F-881D-8529B8316042"},{"id":"FEF61AEB-1875-4525-9BA6-EC66B0BE1FFB"},{"id":"3A0C4996-848F-45DA-9A07-49208E629D52"},{"id":"D8F94329-4ECE-4DE6-B7F6-962C174B7FCC"},{"id":"CFA3205E-E2F4-427B-BF7E-C9D08BD49DA9"},{"id":"450EFE2C-97AD-44AA-BC6E-44033CC0FCA8"},{"id":"436CF4EA-ED98-47F4-98D8-43B7CE715A62"},{"id":"93D3F43B-D9E8-4C88-99B3-44799BDB0156"},{"id":"B2414AEA-15E4-4C25-B704-07FAFD77D46B"},{"id":"517D359D-5666-45A8-8D7A-A70E689058BE"},{"id":"21A78506-7C30-4C9E-954F-1CAABB553A24"},{"id":"1092C5B0-23DB-43D4-9FC3-AB5FCB6AD266"},{"id":"E01FAD76-8D78-4D98-945C-4C4C6E0AA45D"},{"id":"D4AD89EC-9850-4E58-A5D8-5F76A207C65B"}],"idsInOrderRow3":[{"id":"0C301E63-745E-47B7-AED7-22358F0B0C50"},{"id":"9FF0B24C-0E9A-44BF-96DC-A819BF41B0DF"},{"id":"9DE1FE00-26B3-43A2-9819-9DEC944ED532"},{"id":"63FBB35A-71E3-4EB0-A6CA-B470013AD930"},{"id":"B6091E71-6D88-4770-9379-3D42EF2B90EE"},{"id":"B8ED4B77-75BA-4951-BC38-198A1E0F3C63"},{"id":"371F0A6C-4E5C-463D-B113-EA92F98B7B9C"},{"id":"0F399ED1-F51A-4D13-87C6-288F3033F267"},{"id":"BDE1662D-570D-4713-8E01-880C90D81A63"},{"id":"C25CA60F-D7D1-4540-82E4-944A35B30C5E"},{"id":"9C9E7373-9242-4CE3-95EE-7A0A50C51280"},{"id":"821BC2FE-5357-489F-BE25-7A2D8794F451"},{"id":"BB61037E-A534-4586-8C37-9B2320FADD62"},{"id":"C3A44809-0E9B-4432-A5D4-A821FB47F18A"}],"arrow_left":{"id":"416A4367-0FF9-410A-A42A-F7DA5F935C64","toDetailCollection":{},"keyShape":"arrow_LR","fromDetail":{"output":{"arrow_keys":{"_0":"left_arrow"}},"display":"arrowtriangle.left.fill","isSFSymbol":true}},"idsInOrderRow6":[{"id":"03B6CDCF-0BDF-4365-8620-CCC3E5297616"},{"id":"DB6CAE60-7CB1-48F0-B737-755577724373"},{"id":"815FC325-F20B-4D98-BB8B-B6CCCEC7A673"},{"id":"2214E5B3-12C7-4B0C-9DD1-EEF9D0CA5309"},{"id":"B77A8D57-1340-4CBB-9D02-81EB02D482F5"},{"id":"27E701D0-DD9C-41FB-A49C-18D5BE954A36"},{"id":"7D84379C-A0ED-4BC0-A124-02CE11B5A674"},{"id":"3A38FF25-E539-4498-9031-57C83E945B45"}],"idsInOrderRow4":[{"id":"81D5E58F-04C6-4ED9-9B38-E7503D15FE8B"},{"id":"F712E04A-FAB3-4968-8E3F-5BC78C3FA010"},{"id":"DB5647FF-27E5-416A-ABCC-56718E99E7CE"},{"id":"860945D0-C4FB-4631-8CE9-262744274A36"},{"id":"DC1BB212-FFF5-4818-896C-453D7F05E7B5"},{"id":"E01E23A6-5D0E-4D39-AC5F-79EF7C075675"},{"id":"15B117FD-E8DD-474F-9C80-1E239F16B636"},{"id":"6456F3AE-E77F-45D9-85F2-158037B836A3"},{"id":"5A8B5E6C-085A-40D4-B67D-43BDB4B2479D"},{"id":"9961874C-D4A0-4857-9C06-4C6E82B37B26"},{"id":"9FF3B8F0-81F5-4905-A3D0-0B012053F6C9"},{"id":"A2517BB9-18BA-450D-AD52-F6EFACFA26B1"},{"id":"7CB15BFE-D323-46AD-924F-B9C2A359CF9C"}],"arrow_right":{"fromDetail":{"display":"arrowtriangle.right.fill","isSFSymbol":true,"output":{"arrow_keys":{"_0":"right_arrow"}}},"toDetailCollection":{},"keyShape":"arrow_LR","id":"AA0E7746-6A26-4007-976A-65BDBE308CB4"},"rowIndex_arrow":{"row6":{}},"arrow_up":{"toDetailCollection":{},"fromDetail":{"isSFSymbol":true,"display":"arrowtriangle.up.fill","output":{"arrow_keys":{"_0":"up_arrow"}}},"id":"1B21C668-E4D3-4254-910A-C3F0C2B84C83","keyShape":"arrow_Up"},"row6":[{"fromDetail":{"output":{"modifier_keys":{"_0":"keyboard_fn"}},"isSFSymbol":true,"display":"globe"},"toDetailCollection":{},"id":"3A38FF25-E539-4498-9031-57C83E945B45"},{"id":"7D84379C-A0ED-4BC0-A124-02CE11B5A674","fromDetail":{"output":{"modifier_keys":{"_0":"right_command"}},"isSFSymbol":true,"display":"command"},"unitSize":1.25,"toDetailCollection":{}},{"toDetailCollection":{},"id":"27E701D0-DD9C-41FB-A49C-18D5BE954A36","fromDetail":{"output":{"japanese":{"_0":"kana"}},"display":"かな"},"unitSize":1.25},{"fromDetail":{"output":{"controls_and_symbols":{"_0":"spacebar"}},"display":"␣"},"id":"B77A8D57-1340-4CBB-9D02-81EB02D482F5","toDetailCollection":{},"unitSize":3.5},{"fromDetail":{"display":"英数","output":{"japanese":{"_0":"eisuu"}}},"unitSize":1.25,"toDetailCollection":{},"id":"2214E5B3-12C7-4B0C-9DD1-EEF9D0CA5309"},{"toDetailCollection":{},"id":"03B6CDCF-0BDF-4365-8620-CCC3E5297616","fromDetail":{"isSFSymbol":true,"output":{"modifier_keys":{"_0":"caps_lock"}},"display":"capslock"}},{"toDetailCollection":{},"id":"DB6CAE60-7CB1-48F0-B737-755577724373","fromDetail":{"display":"option","isSFSymbol":true,"output":{"modifier_keys":{"_0":"left_option"}}}},{"unitSize":1.25,"id":"815FC325-F20B-4D98-BB8B-B6CCCEC7A673","toDetailCollection":{},"fromDetail":{"isSFSymbol":true,"output":{"modifier_keys":{"_0":"left_command"}},"display":"command"}}],"row1":[{"id":"F7E4C79F-6BBE-4454-8396-00C10061AB2A","fromDetail":{"output":{"function_keys":{"_0":"f12"}},"display":"F12"},"toDetailCollection":{}},{"fromDetail":{"output":{"function_keys":{"_0":"f10"}},"display":"F10"},"id":"DF91BDEB-1100-4A0B-9636-7A5613167121","toDetailCollection":{}},{"fromDetail":{"output":{"function_keys":{"_0":"f8"}},"display":"F8"},"toDetailCollection":{},"id":"924AE0D2-FBF5-4BEE-A101-6ED80F8DB06A"},{"id":"6B6AF85F-A20D-4AA1-846F-1BB26086D97A","fromDetail":{"display":"F6","output":{"function_keys":{"_0":"f6"}}},"toDetailCollection":{}},{"id":"CF87A82D-19AC-4017-8727-013E7A1A7D73","toDetailCollection":{},"fromDetail":{"display":"F4","output":{"function_keys":{"_0":"f4"}}}},{"id":"F18680E4-A34A-45CC-AE20-FA6F7FF883AD","toDetailCollection":{},"fromDetail":{"display":"F2","output":{"function_keys":{"_0":"f2"}}}},{"fromDetail":{"display":"escape","isSFSymbol":true,"output":{"controls_and_symbols":{"_0":"escape"}}},"unitSize":1.5,"toDetailCollection":{},"id":"8F8D148B-A470-47CC-B719-F3BCE4441DF2"},{"id":"EA5230AB-BE3E-4BDB-9E7F-CE1DC076D2BE","toDetailCollection":{},"fromDetail":{"output":{"function_keys":{"_0":"f11"}},"display":"F11"}},{"toDetailCollection":{},"id":"B9CF9279-7CE6-49C7-980E-DE4D0EA67B63","fromDetail":{"display":"F9","output":{"function_keys":{"_0":"f9"}}}},{"fromDetail":{"output":{"function_keys":{"_0":"f7"}},"display":"F7"},"toDetailCollection":{},"id":"16B36A27-25EA-47B7-8873-CAEAFEB201A5"},{"id":"20652648-97AF-4160-8F22-8560F2C89850","toDetailCollection":{},"fromDetail":{"display":"F5","output":{"function_keys":{"_0":"f5"}}}},{"toDetailCollection":{},"fromDetail":{"output":{"function_keys":{"_0":"f3"}},"display":"F3"},"id":"5168539A-14F2-4FC4-869E-78C8CD784FB3"},{"id":"55146FF0-F82D-4AC2-8E2A-AD76D50BD88C","toDetailCollection":{},"fromDetail":{"output":{"function_keys":{"_0":"f1"}},"display":"F1"}}]},"tenkeyRows":{"rowIndex_arrow":{"row6":{}},"idsInOrderRow5":[{"id":"8E61F87F-71C8-4029-BB3C-16A6D33513E2"},{"id":"FE2A977A-3389-43FC-B9B5-7E804EABE8A4"},{"id":"299D808A-BE9A-4068-A1B1-9E582CDCD7BB"},{"id":"EB9EFBFC-97FB-4DAB-860E-78C8E6914430"}],"idsInOrderRow4":[{"id":"56508BB3-D602-4336-968C-83E08D5B469A"},{"id":"7DD4D6A2-B777-4661-890D-895D22238008"},{"id":"5BEEEC0E-DBD3-47A6-B814-658F42A507C7"},{"id":"C391F00B-CC80-42A8-A223-298B4B4BF1E3"}],"idsInOrderRow3":[{"id":"3961631D-E399-4D3E-84D8-EE96FA17FF44"},{"id":"76D04EF4-E245-437B-AF07-C03CE6E3CBAE"},{"id":"8E18E148-E7C7-458A-9255-340C1A11D94B"},{"id":"131AD0EE-2AEF-4EB0-8438-4219641F9581"}],"row5":[{"toDetailCollection":{},"id":"FE2A977A-3389-43FC-B9B5-7E804EABE8A4","fromDetail":{"output":{"keypad_keys":{"_0":"keypad_2"}},"display":"2"}},{"fromDetail":{"display":"projective","output":{"keypad_keys":{"_0":"keypad_enter"}},"isSFSymbol":true},"id":"EB9EFBFC-97FB-4DAB-860E-78C8E6914430","toDetailCollection":{},"keyShape":"enter_Tenkey"},{"fromDetail":{"output":{"keypad_keys":{"_0":"keypad_1"}},"display":"1"},"id":"8E61F87F-71C8-4029-BB3C-16A6D33513E2","toDetailCollection":{}},{"id":"299D808A-BE9A-4068-A1B1-9E582CDCD7BB","fromDetail":{"output":{"keypad_keys":{"_0":"keypad_3"}},"display":"3"},"toDetailCollection":{}}],"row1":[{"toDetailCollection":{},"fromDetail":{"display":"F19","output":{"function_keys":{"_0":"f19"}}},"id":"E1767C21-4B6F-455B-89F4-2562838C4753"},{"id":"0043470D-4A93-47E0-9C26-7CE2FC8EF39B","toDetailCollection":{},"fromDetail":{"output":{"function_keys":{"_0":"f18"}},"display":"F18"}},{"id":"4BD18E37-74DE-45E3-99F0-2EBC95D10B87","fromDetail":{"display":"F16","output":{"function_keys":{"_0":"f16"}}},"toDetailCollection":{}},{"fromDetail":{"output":{"function_keys":{"_0":"f17"}},"display":"F17"},"id":"F57C45C5-0BB0-4C18-AE54-CB8AB932A270","toDetailCollection":{}}],"row6":[{"id":"B7118C21-7144-4E3C-ADC0-86E67A85F052","fromDetail":{"output":{"keypad_keys":{"_0":"keypad_0"}},"display":"0"},"toDetailCollection":{}},{"fromDetail":{"display":".","output":{"keypad_keys":{"_0":"keypad_period"}}},"toDetailCollection":{},"id":"710E1680-3C55-402E-8B67-158E0FBAB653"},{"toDetailCollection":{},"fromDetail":{"display":",","output":{"keypad_keys":{"_0":"keypad_comma"}}},"id":"FDC0A175-29C3-4B42-82A6-D15563B82DDD"}],"row3":[{"fromDetail":{"output":{"keypad_keys":{"_0":"keypad_9"}},"display":"9"},"toDetailCollection":{},"id":"8E18E148-E7C7-458A-9255-340C1A11D94B"},{"toDetailCollection":{},"id":"3961631D-E399-4D3E-84D8-EE96FA17FF44","fromDetail":{"display":"7","output":{"keypad_keys":{"_0":"keypad_7"}}}},{"id":"76D04EF4-E245-437B-AF07-C03CE6E3CBAE","fromDetail":{"display":"8","output":{"keypad_keys":{"_0":"keypad_8"}}},"toDetailCollection":{}},{"id":"131AD0EE-2AEF-4EB0-8438-4219641F9581","fromDetail":{"output":{"keypad_keys":{"_0":"keypad_hyphen"}},"display":"-"},"toDetailCollection":{}}],"idsInOrderRow1":[{"id":"4BD18E37-74DE-45E3-99F0-2EBC95D10B87"},{"id":"F57C45C5-0BB0-4C18-AE54-CB8AB932A270"},{"id":"0043470D-4A93-47E0-9C26-7CE2FC8EF39B"},{"id":"E1767C21-4B6F-455B-89F4-2562838C4753"}],"row2":[{"toDetailCollection":{},"id":"A8D67D5E-393F-462A-9E03-C965C4EF2A51","fromDetail":{"display":"clear","output":{"others":{"_0":"clear"}}}},{"toDetailCollection":{},"id":"BE2932AA-3E1A-46A4-8DC8-BD33839DBAAC","fromDetail":{"output":{"keypad_keys":{"_0":"keypad_equal_sign"}},"display":"="}},{"id":"048F3C97-50F6-4312-A6D5-4F43FEC46C73","fromDetail":{"display":"*","output":{"keypad_keys":{"_0":"keypad_asterisk"}}},"toDetailCollection":{}},{"fromDetail":{"output":{"keypad_keys":{"_0":"keypad_slash"}},"display":"\/"},"id":"FFE3FD00-5A35-419E-BC9B-8DBB65C42C57","toDetailCollection":{}}],"idsInOrderRow2":[{"id":"A8D67D5E-393F-462A-9E03-C965C4EF2A51"},{"id":"BE2932AA-3E1A-46A4-8DC8-BD33839DBAAC"},{"id":"FFE3FD00-5A35-419E-BC9B-8DBB65C42C57"},{"id":"048F3C97-50F6-4312-A6D5-4F43FEC46C73"}],"idsInOrderRow6":[{"id":"B7118C21-7144-4E3C-ADC0-86E67A85F052"},{"id":"FDC0A175-29C3-4B42-82A6-D15563B82DDD"},{"id":"710E1680-3C55-402E-8B67-158E0FBAB653"}],"arrow_up":{"id":"C351DBBC-2989-440C-8D56-63324937E1BB","toDetailCollection":{},"fromDetail":{"display":"arrowtriangle.up.fill","isSFSymbol":true,"output":{"arrow_keys":{"_0":"up_arrow"}}},"keyShape":"arrow_Up"},"arrow_right":{"fromDetail":{"isSFSymbol":true,"output":{"arrow_keys":{"_0":"right_arrow"}},"display":"arrowtriangle.right.fill"},"keyShape":"arrow_LR","id":"BAD61AB0-3915-46F1-97FD-3D61ED6BD274","toDetailCollection":{}},"arrow_left":{"id":"88A4A0E0-2223-4CB1-B206-906BADC18E8D","toDetailCollection":{},"keyShape":"arrow_LR","fromDetail":{"output":{"arrow_keys":{"_0":"left_arrow"}},"display":"arrowtriangle.left.fill","isSFSymbol":true}},"enableArrowKeys":false,"arrow_down":{"fromDetail":{"output":{"arrow_keys":{"_0":"down_arrow"}},"isSFSymbol":true,"display":"arrowtriangle.down.fill"},"keyShape":"arrow_Down","id":"43A352B8-07D4-4CE9-9F7A-8A4262B24D01","toDetailCollection":{}},"row4":[{"id":"C391F00B-CC80-42A8-A223-298B4B4BF1E3","fromDetail":{"display":"+","output":{"keypad_keys":{"_0":"keypad_plus"}}},"toDetailCollection":{}},{"toDetailCollection":{},"id":"5BEEEC0E-DBD3-47A6-B814-658F42A507C7","fromDetail":{"display":"6","output":{"keypad_keys":{"_0":"keypad_6"}}}},{"fromDetail":{"display":"4","output":{"keypad_keys":{"_0":"keypad_4"}}},"toDetailCollection":{},"id":"56508BB3-D602-4336-968C-83E08D5B469A"},{"id":"7DD4D6A2-B777-4661-890D-895D22238008","toDetailCollection":{},"fromDetail":{"display":"5","output":{"keypad_keys":{"_0":"keypad_5"}}}}]},"isEnableTenkey":false,"isEnableMain":true},"validSections":{"sections":[{"main":{}}]},"other":{"isEnableMain":true,"tenkeyRows":{"row1":[{"id":"528338F0-2483-4E24-99E7-B7EBC2800168","fromDetail":{"output":{"function_keys":{"_0":"f19"}},"display":"F19"},"toDetailCollection":{}},{"toDetailCollection":{},"id":"F20B0E2C-10BE-4732-AEE0-D4A9862C5E60","fromDetail":{"display":"F18","output":{"function_keys":{"_0":"f18"}}}},{"toDetailCollection":{},"id":"F7FFF84D-3DEA-4AA0-82C9-B5E19ABF7A02","fromDetail":{"display":"F17","output":{"function_keys":{"_0":"f17"}}}},{"fromDetail":{"display":"F16","output":{"function_keys":{"_0":"f16"}}},"toDetailCollection":{},"id":"E8B62185-D4C4-427B-A417-CEE54C517B3E"}],"row5":[{"fromDetail":{"output":{"keypad_keys":{"_0":"keypad_enter"}},"display":"projective","isSFSymbol":true},"id":"B8CE79D3-334B-4039-87EC-41D181F29BE0","keyShape":"enter_Tenkey","toDetailCollection":{}},{"id":"0E09A1E1-7A0C-41AA-A7C3-2A1AE1ADE883","fromDetail":{"output":{"keypad_keys":{"_0":"keypad_2"}},"display":"2"},"toDetailCollection":{}},{"id":"2CBC0476-3490-414D-A1E0-3235DCB879F4","fromDetail":{"output":{"keypad_keys":{"_0":"keypad_1"}},"display":"1"},"toDetailCollection":{}},{"toDetailCollection":{},"id":"B34EB3B9-81D2-4F21-AA8E-9990E2E7F6D7","fromDetail":{"output":{"keypad_keys":{"_0":"keypad_3"}},"display":"3"}}],"idsInOrderRow3":[{"id":"4486A857-D075-4C1A-A5F1-211A3AE7AFDD"},{"id":"292DEDE3-DAAC-48A4-BFE0-662F2BDCF10C"},{"id":"DDC140E3-72BF-41DD-B748-450C3257433B"},{"id":"F4BA9989-5574-4DBA-B7C4-12720F8E5B5D"}],"enableArrowKeys":false,"arrow_down":{"fromDetail":{"display":"arrowtriangle.down.fill","isSFSymbol":true,"output":{"arrow_keys":{"_0":"down_arrow"}}},"keyShape":"arrow_Down","id":"F2B821E6-73ED-4A07-8DB5-3B114E27B779","toDetailCollection":{}},"row3":[{"toDetailCollection":{},"fromDetail":{"output":{"keypad_keys":{"_0":"keypad_8"}},"display":"8"},"id":"292DEDE3-DAAC-48A4-BFE0-662F2BDCF10C"},{"id":"F4BA9989-5574-4DBA-B7C4-12720F8E5B5D","toDetailCollection":{},"fromDetail":{"output":{"keypad_keys":{"_0":"keypad_hyphen"}},"display":"-"}},{"id":"DDC140E3-72BF-41DD-B748-450C3257433B","fromDetail":{"output":{"keypad_keys":{"_0":"keypad_9"}},"display":"9"},"toDetailCollection":{}},{"id":"4486A857-D075-4C1A-A5F1-211A3AE7AFDD","fromDetail":{"output":{"keypad_keys":{"_0":"keypad_7"}},"display":"7"},"toDetailCollection":{}}],"arrow_left":{"id":"A0A1AF43-E4A4-4B8F-8562-5F073C3F82CE","keyShape":"arrow_LR","toDetailCollection":{},"fromDetail":{"isSFSymbol":true,"output":{"arrow_keys":{"_0":"left_arrow"}},"display":"arrowtriangle.left.fill"}},"row2":[{"id":"CD27B52F-7461-488E-ADD4-01C3D95C66A2","fromDetail":{"display":"*","output":{"keypad_keys":{"_0":"keypad_asterisk"}}},"toDetailCollection":{}},{"toDetailCollection":{},"id":"2A0E25AA-6D62-4D4A-9DC1-9B82EE3AB1D4","fromDetail":{"output":{"keypad_keys":{"_0":"keypad_slash"}},"display":"\/"}},{"id":"5FBB0B34-B0D8-4598-A5A0-12CD40E5A5D9","fromDetail":{"output":{"keypad_keys":{"_0":"keypad_equal_sign"}},"display":"="},"toDetailCollection":{}},{"fromDetail":{"output":{"others":{"_0":"clear"}},"display":"clear"},"id":"75B57F1D-0845-4240-958E-DF88DA9A0E1D","toDetailCollection":{}}],"idsInOrderRow2":[{"id":"75B57F1D-0845-4240-958E-DF88DA9A0E1D"},{"id":"5FBB0B34-B0D8-4598-A5A0-12CD40E5A5D9"},{"id":"2A0E25AA-6D62-4D4A-9DC1-9B82EE3AB1D4"},{"id":"CD27B52F-7461-488E-ADD4-01C3D95C66A2"}],"row4":[{"id":"E08F3E1A-F374-4B27-AF0D-E20AB38A13D6","fromDetail":{"display":"+","output":{"keypad_keys":{"_0":"keypad_plus"}}},"toDetailCollection":{}},{"fromDetail":{"output":{"keypad_keys":{"_0":"keypad_6"}},"display":"6"},"id":"CA15FCFE-7F42-4564-B6B1-8A9832964471","toDetailCollection":{}},{"toDetailCollection":{},"fromDetail":{"display":"5","output":{"keypad_keys":{"_0":"keypad_5"}}},"id":"E3B091C3-1A8E-4536-8085-7FF35BF97B04"},{"id":"31DFB7E6-05E8-494E-B986-4350873040D6","toDetailCollection":{},"fromDetail":{"output":{"keypad_keys":{"_0":"keypad_4"}},"display":"4"}}],"idsInOrderRow6":[{"id":"E12F04C7-65E2-4515-8DCC-19AEBB381154"},{"id":"4F4F7CAA-BF08-4D22-8E60-3F9DF3D1F6B7"},{"id":"DD77C87C-D6AC-4D50-9A49-D53D0E90B73A"}],"row6":[{"fromDetail":{"display":",","output":{"keypad_keys":{"_0":"keypad_comma"}}},"id":"4F4F7CAA-BF08-4D22-8E60-3F9DF3D1F6B7","toDetailCollection":{}},{"id":"E12F04C7-65E2-4515-8DCC-19AEBB381154","fromDetail":{"display":"0","output":{"keypad_keys":{"_0":"keypad_0"}}},"toDetailCollection":{}},{"fromDetail":{"output":{"keypad_keys":{"_0":"keypad_period"}},"display":"."},"id":"DD77C87C-D6AC-4D50-9A49-D53D0E90B73A","toDetailCollection":{}}],"arrow_up":{"keyShape":"arrow_Up","fromDetail":{"display":"arrowtriangle.up.fill","output":{"arrow_keys":{"_0":"up_arrow"}},"isSFSymbol":true},"id":"A0C8B0E4-E369-4D44-8597-654293C86D27","toDetailCollection":{}},"arrow_right":{"toDetailCollection":{},"id":"1B8223F2-A36C-4495-8637-1A72533BB906","keyShape":"arrow_LR","fromDetail":{"isSFSymbol":true,"display":"arrowtriangle.right.fill","output":{"arrow_keys":{"_0":"right_arrow"}}}},"idsInOrderRow5":[{"id":"2CBC0476-3490-414D-A1E0-3235DCB879F4"},{"id":"0E09A1E1-7A0C-41AA-A7C3-2A1AE1ADE883"},{"id":"B34EB3B9-81D2-4F21-AA8E-9990E2E7F6D7"},{"id":"B8CE79D3-334B-4039-87EC-41D181F29BE0"}],"rowIndex_arrow":{"row6":{}},"idsInOrderRow4":[{"id":"31DFB7E6-05E8-494E-B986-4350873040D6"},{"id":"E3B091C3-1A8E-4536-8085-7FF35BF97B04"},{"id":"CA15FCFE-7F42-4564-B6B1-8A9832964471"},{"id":"E08F3E1A-F374-4B27-AF0D-E20AB38A13D6"}],"idsInOrderRow1":[{"id":"E8B62185-D4C4-427B-A417-CEE54C517B3E"},{"id":"F7FFF84D-3DEA-4AA0-82C9-B5E19ABF7A02"},{"id":"F20B0E2C-10BE-4732-AEE0-D4A9862C5E60"},{"id":"528338F0-2483-4E24-99E7-B7EBC2800168"}]},"isEnableTenkey":false,"sectionDetail":{"deviceDetail":{"is_vendor_id_Enabled":false,"is_product_id_Enabled":false,"product_id":"product_id","vendor_id":"vendor_id","location_id":"location_id","is_location_id_Enabled":false,"device_name":"otherDevice","is_builtin_keyboard":false},"section":{"other":{}}},"isEnableSub":false,"subRows":{"idsInOrderRow4":[],"idsInOrderRow6":[{"id":"5A328B9E-780B-4D35-88AE-101A57561559"},{"id":"7BF69403-3301-4101-A505-4B1D768C09D8"},{"id":"79E52FDE-4893-4D1C-9DB6-72AC72CBE3E6"}],"arrow_right":{"fromDetail":{"display":"arrowtriangle.right.fill","output":{"arrow_keys":{"_0":"right_arrow"}},"isSFSymbol":true},"keyShape":"arrow_LR","toDetailCollection":{},"id":"71BB9E0B-845A-4DA8-9212-0DF95BD49FC9"},"enableArrowKeys":false,"row5":[{"id":"14A78B5E-ABF2-4157-AC96-73E0601BCB9D","fromDetail":{"isSFSymbol":true,"output":{"arrow_keys":{"_0":"up_arrow"}},"display":"arrowtriangle.up.fill"},"toDetailCollection":{}},{"isSpacer":true,"fromDetail":{"output":{"letter_keys":{"_0":"a"}},"display":"A"},"id":"D5621CC0-BABF-49AB-BB2C-51B365862F2F","toDetailCollection":{}}],"row6":[{"fromDetail":{"output":{"arrow_keys":{"_0":"down_arrow"}},"display":"arrowtriangle.down.fill","isSFSymbol":true},"id":"7BF69403-3301-4101-A505-4B1D768C09D8","toDetailCollection":{}},{"toDetailCollection":{},"id":"79E52FDE-4893-4D1C-9DB6-72AC72CBE3E6","fromDetail":{"output":{"arrow_keys":{"_0":"right_arrow"}},"display":"arrowtriangle.right.fill","isSFSymbol":true}},{"id":"5A328B9E-780B-4D35-88AE-101A57561559","fromDetail":{"display":"arrowtriangle.left.fill","output":{"arrow_keys":{"_0":"left_arrow"}},"isSFSymbol":true},"toDetailCollection":{}}],"row3":[{"toDetailCollection":{},"id":"9D953034-93EA-4EAB-B612-8ADA837D72DB","fromDetail":{"display":"arrow.down","output":{"arrow_keys":{"_0":"page_down"}},"isSFSymbol":true}},{"id":"5B97B0DA-BA17-46B7-8E67-80903B408B8E","fromDetail":{"display":"arrow.down.to.line","isSFSymbol":true,"output":{"arrow_keys":{"_0":"end"}}},"toDetailCollection":{}},{"id":"50682332-7B25-4290-B3A1-FD81580225B4","toDetailCollection":{},"fromDetail":{"isSFSymbol":true,"display":"delete.right","output":{"controls_and_symbols":{"_0":"delete_forward"}}}}],"idsInOrderRow3":[{"id":"50682332-7B25-4290-B3A1-FD81580225B4"},{"id":"5B97B0DA-BA17-46B7-8E67-80903B408B8E"},{"id":"9D953034-93EA-4EAB-B612-8ADA837D72DB"}],"rowIndex_arrow":{"row6":{}},"row2":[{"id":"9A4AB06D-4CE6-49A3-87CA-4A5809E56F91","toDetailCollection":{},"fromDetail":{"display":"text.insert","output":{"keys_in_pc_keyboards":{"_0":"insert"}},"isSFSymbol":true}},{"toDetailCollection":{},"id":"D41BD268-625F-4283-AA92-E2A4A97F6A5F","fromDetail":{"display":"arrow.up","isSFSymbol":true,"output":{"arrow_keys":{"_0":"page_up"}}}},{"toDetailCollection":{},"id":"DE4B093F-8B67-4463-ADEB-D509A202E5C8","fromDetail":{"display":"arrow.up.to.line","isSFSymbol":true,"output":{"arrow_keys":{"_0":"home"}}}}],"row4":[],"idsInOrderRow5":[{"id":"D5621CC0-BABF-49AB-BB2C-51B365862F2F"},{"id":"14A78B5E-ABF2-4157-AC96-73E0601BCB9D"}],"arrow_down":{"toDetailCollection":{},"id":"8EF0F10E-E2CA-4D14-8065-70661AD1E01F","fromDetail":{"display":"arrowtriangle.down.fill","output":{"arrow_keys":{"_0":"down_arrow"}},"isSFSymbol":true},"keyShape":"arrow_Down"},"arrow_up":{"toDetailCollection":{},"fromDetail":{"display":"arrowtriangle.up.fill","isSFSymbol":true,"output":{"arrow_keys":{"_0":"up_arrow"}}},"id":"FFFF9147-CCB7-4A59-A51E-0C249A03D511","keyShape":"arrow_Up"},"idsInOrderRow2":[{"id":"9A4AB06D-4CE6-49A3-87CA-4A5809E56F91"},{"id":"DE4B093F-8B67-4463-ADEB-D509A202E5C8"},{"id":"D41BD268-625F-4283-AA92-E2A4A97F6A5F"}],"arrow_left":{"keyShape":"arrow_LR","id":"2F9062FF-33AF-4D1C-8346-D60612F0D04E","fromDetail":{"output":{"arrow_keys":{"_0":"left_arrow"}},"display":"arrowtriangle.left.fill","isSFSymbol":true},"toDetailCollection":{}},"idsInOrderRow1":[{"id":"88B17E82-DAD7-4B16-96DC-189651914417"},{"id":"1BF8AB67-BF8B-404D-B865-42C2F3CCACA6"},{"id":"E912B0AA-553E-44D9-A774-2175206623ED"}],"row1":[{"fromDetail":{"output":{"function_keys":{"_0":"f15"}},"display":"F15"},"toDetailCollection":{},"id":"E912B0AA-553E-44D9-A774-2175206623ED"},{"fromDetail":{"display":"F14","output":{"function_keys":{"_0":"f14"}}},"id":"1BF8AB67-BF8B-404D-B865-42C2F3CCACA6","toDetailCollection":{}},{"toDetailCollection":{},"id":"88B17E82-DAD7-4B16-96DC-189651914417","fromDetail":{"output":{"function_keys":{"_0":"f13"}},"display":"F13"}}]},"mainRows":{"row4":[{"id":"D1103463-E03D-4EEF-979D-3316FD363D79","fromDetail":{"output":{"keypad_keys":{"_0":"keypad_plus"}},"display":"+"},"toDetailCollection":{}},{"fromDetail":{"display":"6","output":{"keypad_keys":{"_0":"keypad_6"}}},"id":"0135BA4E-9854-45D9-94ED-76A9ADC22192","toDetailCollection":{}},{"id":"54897DA1-1DB2-4B02-9388-BBDA26BCDFA3","toDetailCollection":{},"fromDetail":{"output":{"keypad_keys":{"_0":"keypad_5"}},"display":"5"}},{"id":"214181D5-4957-4356-97BB-0C09E40E89C1","fromDetail":{"display":"4","output":{"keypad_keys":{"_0":"keypad_4"}}},"toDetailCollection":{}}],"enableArrowKeys":false,"idsInOrderRow1":[{"id":"F49AAE16-B1D9-41EE-AA68-475442AFB7D6"},{"id":"00E0F1A5-0ECE-4B13-BEC5-9A8A13E51429"},{"id":"89712646-A99C-4037-A0B0-B38BCD911D49"},{"id":"FF48CB0E-B733-41B2-9175-5C85E3C95C28"}],"row3":[{"toDetailCollection":{},"fromDetail":{"output":{"keypad_keys":{"_0":"keypad_hyphen"}},"display":"-"},"id":"3395B299-43CA-491C-91CA-7C5573BE5242"},{"fromDetail":{"display":"9","output":{"keypad_keys":{"_0":"keypad_9"}}},"id":"8D868C46-3649-426D-A461-96AA5D8ABC7E","toDetailCollection":{}},{"id":"E5356EE6-01E6-4D66-9653-85EEBF33CB0C","toDetailCollection":{},"fromDetail":{"output":{"keypad_keys":{"_0":"keypad_8"}},"display":"8"}},{"fromDetail":{"output":{"keypad_keys":{"_0":"keypad_7"}},"display":"7"},"toDetailCollection":{},"id":"AB4F7B45-B51F-479C-9F13-698CF60B8805"}],"idsInOrderRow3":[{"id":"AB4F7B45-B51F-479C-9F13-698CF60B8805"},{"id":"E5356EE6-01E6-4D66-9653-85EEBF33CB0C"},{"id":"8D868C46-3649-426D-A461-96AA5D8ABC7E"},{"id":"3395B299-43CA-491C-91CA-7C5573BE5242"}],"row6":[{"fromDetail":{"output":{"keypad_keys":{"_0":"keypad_comma"}},"display":","},"id":"DF978C0E-8984-4FFB-84AB-EC93E0C28CA2","toDetailCollection":{}},{"id":"65E26EC7-5DF6-439F-9D68-12251D87E960","fromDetail":{"output":{"keypad_keys":{"_0":"keypad_0"}},"display":"0"},"toDetailCollection":{}},{"fromDetail":{"display":".","output":{"keypad_keys":{"_0":"keypad_period"}}},"toDetailCollection":{},"id":"4BA8E359-D960-4D9F-ADCB-5C6F15E25D32"}],"arrow_up":{"toDetailCollection":{},"id":"269EDBD4-0F79-4190-A995-4F9D6FFFBF31","keyShape":"arrow_Up","fromDetail":{"display":"arrowtriangle.up.fill","isSFSymbol":true,"output":{"arrow_keys":{"_0":"up_arrow"}}}},"idsInOrderRow4":[{"id":"214181D5-4957-4356-97BB-0C09E40E89C1"},{"id":"54897DA1-1DB2-4B02-9388-BBDA26BCDFA3"},{"id":"0135BA4E-9854-45D9-94ED-76A9ADC22192"},{"id":"D1103463-E03D-4EEF-979D-3316FD363D79"}],"arrow_down":{"toDetailCollection":{},"id":"55C6B287-CA5C-49AF-B21D-E897D30DCA04","fromDetail":{"isSFSymbol":true,"output":{"arrow_keys":{"_0":"down_arrow"}},"display":"arrowtriangle.down.fill"},"keyShape":"arrow_Down"},"row5":[{"id":"39B30F53-A1A0-45BB-9D5E-F533F29EB0F2","fromDetail":{"display":"1","output":{"keypad_keys":{"_0":"keypad_1"}}},"toDetailCollection":{}},{"id":"1022B3E6-3FBB-4768-A455-80FA18B9D097","fromDetail":{"display":"3","output":{"keypad_keys":{"_0":"keypad_3"}}},"toDetailCollection":{}},{"toDetailCollection":{},"fromDetail":{"display":"2","output":{"keypad_keys":{"_0":"keypad_2"}}},"id":"06964C47-8976-4068-B709-25A3A2D6026A"},{"toDetailCollection":{},"fromDetail":{"output":{"keypad_keys":{"_0":"keypad_enter"}},"display":"projective","isSFSymbol":true},"keyShape":"enter_Tenkey","id":"F8AF3BB6-8D3E-4E99-8E30-A862B8A1FFB9"}],"idsInOrderRow5":[{"id":"39B30F53-A1A0-45BB-9D5E-F533F29EB0F2"},{"id":"06964C47-8976-4068-B709-25A3A2D6026A"},{"id":"1022B3E6-3FBB-4768-A455-80FA18B9D097"},{"id":"F8AF3BB6-8D3E-4E99-8E30-A862B8A1FFB9"}],"rowIndex_arrow":{"row6":{}},"arrow_right":{"id":"0CC069DD-52C8-44FF-989F-7920DC6C5397","keyShape":"arrow_LR","fromDetail":{"output":{"arrow_keys":{"_0":"right_arrow"}},"display":"arrowtriangle.right.fill","isSFSymbol":true},"toDetailCollection":{}},"idsInOrderRow6":[{"id":"65E26EC7-5DF6-439F-9D68-12251D87E960"},{"id":"DF978C0E-8984-4FFB-84AB-EC93E0C28CA2"},{"id":"4BA8E359-D960-4D9F-ADCB-5C6F15E25D32"}],"row1":[{"id":"FF48CB0E-B733-41B2-9175-5C85E3C95C28","fromDetail":{"output":{"function_keys":{"_0":"f19"}},"display":"F19"},"toDetailCollection":{}},{"id":"00E0F1A5-0ECE-4B13-BEC5-9A8A13E51429","fromDetail":{"output":{"function_keys":{"_0":"f17"}},"display":"F17"},"toDetailCollection":{}},{"fromDetail":{"display":"F16","output":{"function_keys":{"_0":"f16"}}},"toDetailCollection":{},"id":"F49AAE16-B1D9-41EE-AA68-475442AFB7D6"},{"id":"89712646-A99C-4037-A0B0-B38BCD911D49","toDetailCollection":{},"fromDetail":{"output":{"function_keys":{"_0":"f18"}},"display":"F18"}}],"idsInOrderRow2":[{"id":"BD0290FB-FCA9-4D89-BB03-8469A601D438"},{"id":"708CD337-586D-403B-A70A-D16BF14D1B1A"},{"id":"C6143B0B-497F-4136-91A9-B7AD8844FE7E"},{"id":"B66C9359-1344-489A-ADD2-2CC5E6F4C400"}],"row2":[{"toDetailCollection":{},"fromDetail":{"display":"\/","output":{"keypad_keys":{"_0":"keypad_slash"}}},"id":"C6143B0B-497F-4136-91A9-B7AD8844FE7E"},{"id":"708CD337-586D-403B-A70A-D16BF14D1B1A","fromDetail":{"display":"=","output":{"keypad_keys":{"_0":"keypad_equal_sign"}}},"toDetailCollection":{}},{"id":"BD0290FB-FCA9-4D89-BB03-8469A601D438","fromDetail":{"display":"clear","output":{"others":{"_0":"clear"}}},"toDetailCollection":{}},{"id":"B66C9359-1344-489A-ADD2-2CC5E6F4C400","fromDetail":{"output":{"keypad_keys":{"_0":"keypad_asterisk"}},"display":"*"},"toDetailCollection":{}}],"arrow_left":{"id":"C4190074-0EEB-4713-9258-B3E6913B6F71","keyShape":"arrow_LR","toDetailCollection":{},"fromDetail":{"display":"arrowtriangle.left.fill","isSFSymbol":true,"output":{"arrow_keys":{"_0":"left_arrow"}}}}}},"keycodeRegion":"JIS","mouse":{"subRows":{"row4":[{"toDetailCollection":{},"fromDetail":{"display":"A","output":{"letter_keys":{"_0":"a"}}},"id":"003BF8FB-65A6-4084-B1FB-99B568133365"}],"row5":[{"fromDetail":{"output":{"letter_keys":{"_0":"a"}},"display":"A"},"toDetailCollection":{},"id":"1E639A71-C751-4F94-B693-F82AB60C3C80"}],"row6":[{"id":"FD1DCE07-620C-492C-A963-3E11F98D5E6D","toDetailCollection":{},"fromDetail":{"output":{"letter_keys":{"_0":"a"}},"display":"A"}}],"idsInOrderRow3":[{"id":"FE7820F3-4A45-4CBB-99C8-3FCF1CD1C0A4"}],"enableArrowKeys":false,"idsInOrderRow1":[{"id":"F08F9EC6-824A-45FD-95AD-ED23BA9747D2"}],"row1":[{"toDetailCollection":{},"id":"F08F9EC6-824A-45FD-95AD-ED23BA9747D2","fromDetail":{"output":{"letter_keys":{"_0":"a"}},"display":"A"}}],"row3":[{"id":"FE7820F3-4A45-4CBB-99C8-3FCF1CD1C0A4","toDetailCollection":{},"fromDetail":{"output":{"letter_keys":{"_0":"a"}},"display":"A"}}],"idsInOrderRow2":[{"id":"1636B7EF-26E7-46DD-AFDA-E05B74D53CCC"}],"arrow_right":{"fromDetail":{"isSFSymbol":true,"output":{"arrow_keys":{"_0":"right_arrow"}},"display":"arrowtriangle.right.fill"},"id":"BAC4A3AC-2DF6-4BA5-B653-26DA19550BB8","toDetailCollection":{},"keyShape":"arrow_LR"},"idsInOrderRow5":[{"id":"1E639A71-C751-4F94-B693-F82AB60C3C80"}],"idsInOrderRow4":[{"id":"003BF8FB-65A6-4084-B1FB-99B568133365"}],"idsInOrderRow6":[{"id":"FD1DCE07-620C-492C-A963-3E11F98D5E6D"}],"row2":[{"fromDetail":{"output":{"letter_keys":{"_0":"a"}},"display":"A"},"toDetailCollection":{},"id":"1636B7EF-26E7-46DD-AFDA-E05B74D53CCC"}],"arrow_left":{"toDetailCollection":{},"keyShape":"arrow_LR","fromDetail":{"output":{"arrow_keys":{"_0":"left_arrow"}},"display":"arrowtriangle.left.fill","isSFSymbol":true},"id":"BE5CE596-C956-4F1F-8657-C323E38D289A"},"arrow_down":{"fromDetail":{"display":"arrowtriangle.down.fill","isSFSymbol":true,"output":{"arrow_keys":{"_0":"down_arrow"}}},"toDetailCollection":{},"keyShape":"arrow_Down","id":"1FFA060D-5A12-440A-A2A3-9F379015D626"},"arrow_up":{"keyShape":"arrow_Up","fromDetail":{"isSFSymbol":true,"display":"arrowtriangle.up.fill","output":{"arrow_keys":{"_0":"up_arrow"}}},"toDetailCollection":{},"id":"1414CB66-A2AC-43BD-A817-607A01B210B6"},"rowIndex_arrow":{"row6":{}}},"isEnableTenkey":false,"sectionDetail":{"deviceDetail":{"vendor_id":"vendor_id","is_product_id_Enabled":false,"device_name":"mouse","is_builtin_keyboard":false,"is_location_id_Enabled":false,"is_vendor_id_Enabled":false,"product_id":"product_id","location_id":"location_id"},"section":{"mouse":{}}},"isEnableMain":true,"tenkeyRows":{"row2":[{"toDetailCollection":{},"id":"B19B65CF-424E-4CE8-A789-A28EF0B5E839","fromDetail":{"display":"A","output":{"letter_keys":{"_0":"a"}}}}],"row6":[{"fromDetail":{"output":{"letter_keys":{"_0":"a"}},"display":"A"},"toDetailCollection":{},"id":"ED2E7710-C19E-4880-BEF7-7FF3CE3CB7A9"}],"row5":[{"fromDetail":{"output":{"letter_keys":{"_0":"a"}},"display":"A"},"toDetailCollection":{},"id":"54032FC6-B644-4D64-8D8D-5B1264CA6BDD"}],"idsInOrderRow3":[{"id":"109936AA-1FFD-4F8C-95D7-19FDE56285C2"}],"idsInOrderRow2":[{"id":"B19B65CF-424E-4CE8-A789-A28EF0B5E839"}],"row1":[{"id":"E828F2CA-4E72-444B-B2FE-1767A6D5C159","fromDetail":{"output":{"letter_keys":{"_0":"a"}},"display":"A"},"toDetailCollection":{}}],"idsInOrderRow5":[{"id":"54032FC6-B644-4D64-8D8D-5B1264CA6BDD"}],"enableArrowKeys":false,"arrow_up":{"toDetailCollection":{},"keyShape":"arrow_Up","id":"AD6E84B6-A04C-436F-9448-51CDC027A501","fromDetail":{"display":"arrowtriangle.up.fill","output":{"arrow_keys":{"_0":"up_arrow"}},"isSFSymbol":true}},"idsInOrderRow1":[{"id":"E828F2CA-4E72-444B-B2FE-1767A6D5C159"}],"row3":[{"id":"109936AA-1FFD-4F8C-95D7-19FDE56285C2","fromDetail":{"output":{"letter_keys":{"_0":"a"}},"display":"A"},"toDetailCollection":{}}],"rowIndex_arrow":{"row6":{}},"arrow_down":{"toDetailCollection":{},"fromDetail":{"display":"arrowtriangle.down.fill","isSFSymbol":true,"output":{"arrow_keys":{"_0":"down_arrow"}}},"keyShape":"arrow_Down","id":"7E9723CF-8C1A-4201-BE86-52025EE7D6C0"},"row4":[{"id":"90B4F718-5816-4212-99BB-3F975EEEEF40","toDetailCollection":{},"fromDetail":{"display":"A","output":{"letter_keys":{"_0":"a"}}}}],"arrow_right":{"fromDetail":{"isSFSymbol":true,"output":{"arrow_keys":{"_0":"right_arrow"}},"display":"arrowtriangle.right.fill"},"keyShape":"arrow_LR","id":"FDE26223-D32A-496D-B39C-6A058B6E079B","toDetailCollection":{}},"idsInOrderRow4":[{"id":"90B4F718-5816-4212-99BB-3F975EEEEF40"}],"arrow_left":{"toDetailCollection":{},"fromDetail":{"output":{"arrow_keys":{"_0":"left_arrow"}},"isSFSymbol":true,"display":"arrowtriangle.left.fill"},"id":"0134445E-45B8-4155-AB7D-D00BF9273E85","keyShape":"arrow_LR"},"idsInOrderRow6":[{"id":"ED2E7710-C19E-4880-BEF7-7FF3CE3CB7A9"}]},"isEnableSub":false,"mainRows":{"row4":[{"toDetailCollection":{},"id":"8864DE71-DD91-495F-B5DF-B9BF19659594","fromDetail":{"output":{"letter_keys":{"_0":"a"}},"display":"A"},"isSpacer":true}],"arrow_down":{"toDetailCollection":{},"id":"E4FA0938-DAA0-4BC8-B5EE-2AD68EC75DF4","keyShape":"arrow_Down","fromDetail":{"isSFSymbol":true,"output":{"arrow_keys":{"_0":"down_arrow"}},"display":"arrowtriangle.down.fill"}},"row3":[{"id":"293ECAF7-BEBD-4843-84F5-A7906B3BFB89","isSpacer":true,"toDetailCollection":{},"fromDetail":{"display":"A","output":{"letter_keys":{"_0":"a"}}}}],"rowIndex_arrow":{"row6":{}},"arrow_right":{"toDetailCollection":{},"id":"2819A5F6-A66A-4A73-9353-2EC181885026","keyShape":"arrow_LR","fromDetail":{"isSFSymbol":true,"output":{"arrow_keys":{"_0":"right_arrow"}},"display":"arrowtriangle.right.fill"}},"row6":[],"idsInOrderRow4":[{"id":"8864DE71-DD91-495F-B5DF-B9BF19659594"}],"row1":[{"toDetailCollection":{},"id":"C5E0FA0D-A54D-4799-91A4-A6F3594F72E5","fromDetail":{"display":"L click","output":{"mouse_buttons":{"_0":"button1"}}}},{"toDetailCollection":{},"id":"2E28DC65-055F-407E-9D0A-BD6812E60FCA","fromDetail":{"display":"R click","output":{"mouse_buttons":{"_0":"button2"}}}}],"arrow_up":{"keyShape":"arrow_Up","id":"8FE8BB1F-F84C-41DC-A70D-2309B9E310E4","fromDetail":{"isSFSymbol":true,"display":"arrowtriangle.up.fill","output":{"arrow_keys":{"_0":"up_arrow"}}},"toDetailCollection":{}},"enableArrowKeys":false,"idsInOrderRow2":[{"id":"E17E61EC-497D-4406-880A-36F03AE1F280"},{"id":"DD504116-FE34-48EA-BBBE-7D1E789309DE"}],"idsInOrderRow6":[],"row2":[{"toDetailCollection":{},"id":"DD504116-FE34-48EA-BBBE-7D1E789309DE","fromDetail":{"display":"M click","output":{"mouse_buttons":{"_0":"button3"}}}},{"isSpacer":true,"toDetailCollection":{},"fromDetail":{"output":{"letter_keys":{"_0":"a"}},"display":"A"},"unitSize":0.5,"id":"E17E61EC-497D-4406-880A-36F03AE1F280"}],"idsInOrderRow1":[{"id":"C5E0FA0D-A54D-4799-91A4-A6F3594F72E5"},{"id":"2E28DC65-055F-407E-9D0A-BD6812E60FCA"}],"row5":[],"idsInOrderRow3":[{"id":"293ECAF7-BEBD-4843-84F5-A7906B3BFB89"}],"idsInOrderRow5":[],"arrow_left":{"toDetailCollection":{},"id":"6C11C271-C869-44E3-A0E5-7DE2843B6340","keyShape":"arrow_LR","fromDetail":{"isSFSymbol":true,"display":"arrowtriangle.left.fill","output":{"arrow_keys":{"_0":"left_arrow"}}}}}}},"comboCollection":{"condition3":{"layer2":{},"layer5":{},"layer8":{},"layer1":{},"layer3":{},"layer6":{},"layer4":{},"layer0":{},"layer7":{}},"condition4":{"layer2":{},"layer8":{},"layer5":{},"layer3":{},"layer0":{},"layer1":{},"layer4":{},"layer6":{},"layer7":{}},"condition2":{"layer4":{},"layer1":{},"layer6":{},"layer3":{},"layer7":{},"layer8":{},"layer0":{},"layer5":{},"layer2":{}},"condition1":{"layer4":{},"layer0":{},"layer3":{},"layer6":{},"layer8":{},"layer5":{},"layer2":{},"layer7":{},"layer1":{}},"condition5":{"layer3":{},"layer1":{},"layer6":{},"layer8":{},"layer4":{},"layer2":{},"layer0":{},"layer5":{},"layer7":{}},"condition9":{"layer7":{},"layer8":{},"layer5":{},"layer3":{},"layer0":{},"layer4":{},"layer1":{},"layer2":{},"layer6":{}},"condition8":{"layer3":{},"layer4":{},"layer5":{},"layer8":{},"layer2":{},"layer0":{},"layer1":{},"layer6":{},"layer7":{}},"condition6":{"layer1":{},"layer5":{},"layer0":{},"layer8":{},"layer6":{},"layer4":{},"layer3":{},"layer7":{},"layer2":{}},"condition0":{"layer5":{},"layer3":{},"layer6":{},"layer2":{},"layer8":{},"layer1":{},"layer0":{},"layer7":{},"layer4":{}},"condition7":{"layer1":{},"layer0":{},"layer5":{},"layer6":{},"layer8":{},"layer3":{},"layer2":{},"layer7":{},"layer4":{}}},"displayKeySize":65,"macroCollection":{"idsInOrderCollection":[],"_collection":[]},"selections":{"toTab":"qwertyKeyboard","fromTab":{"qwertyKeyboard":{}},"macro":{"name":"user Macro","dictionary_key":null,"toDetailCollection":{"_collection":[],"idsInOrderCollection":[]},"id":"D477A08C-AA25-4AFC-93F4-E01891F227DD"},"keyboardKey":{"fromDetail":{"display":"A","output":{"letter_keys":{"_0":"a"}}},"toDetailCollection":{},"id":"C562CCCC-D99D-4CF4-874A-6356D7F0D29B"},"customOrMacroTab":{"customizeKey":{}},"condition":"condition0","layer":"layer0","tab":{"remap":{}},"toDetail_macro":{"outputAndDisplay":{"display":"none","output":{"letter_keys":{"_0":"a"}},"layerKey":"layer0"},"withModifier":{},"error":false,"id":"D2AADCA0-DD9D-4E00-8EA0-95A93996B034","indicator":false},"macroTab":{"userMacro":{}},"combo":{"toDetail":{},"comboThreshold":50,"key_down_order":"insensitive","id":"AE934B3A-8DCA-4ED1-9EDB-2C661D573E37","key_up_order":"insensitive"}},"conditionDetailCollection":{"condition5":{"value":"com.vendor.condition5","isEnabled":false,"type":"Application","name":"Condition5"},"condition1":{"isEnabled":false,"value":"ja","name":"Condition1","type":"InputSource"},"condition6":{"type":"Application","value":"com.vendor.condition6","name":"Condition6","isEnabled":false},"condition8":{"name":"Condition8","isEnabled":false,"value":"com.vendor.condition8","type":"Application"},"condition2":{"isEnabled":false,"type":"Application","value":"com.vendor.condition2","name":"Condition2"},"condition0":{"type":"Application","value":"com.vendor.condition0","name":"Default","isEnabled":true},"condition7":{"name":"Condition7","value":"com.vendor.condition7","type":"Application","isEnabled":false},"condition9":{"value":"com.vendor.condition9","type":"Application","isEnabled":false,"name":"Condition9"},"condition4":{"name":"Condition4","type":"Application","isEnabled":false,"value":"com.vendor.condition4"},"condition3":{"name":"Condition3","value":"com.vendor.condition3","isEnabled":false,"type":"Application"}},"name":"poqtea_qp_JIS"}