{"comboCollection":{"condition1":{"layer3":{},"layer2":{},"layer6":{},"layer8":{},"layer0":{},"layer7":{},"layer1":{},"layer5":{},"layer4":{}},"condition6":{"layer5":{},"layer2":{},"layer7":{},"layer8":{},"layer4":{},"layer0":{},"layer3":{},"layer6":{},"layer1":{}},"condition8":{"layer6":{},"layer3":{},"layer4":{},"layer7":{},"layer0":{},"layer5":{},"layer8":{},"layer2":{},"layer1":{}},"condition3":{"layer3":{},"layer5":{},"layer4":{},"layer0":{},"layer7":{},"layer1":{},"layer2":{},"layer6":{},"layer8":{}},"condition0":{"layer7":{},"layer4":{},"layer2":{},"layer5":{},"layer1":{},"layer6":{},"layer3":{},"layer8":{},"layer0":{}},"condition4":{"layer5":{},"layer0":{},"layer3":{},"layer6":{},"layer7":{},"layer8":{},"layer2":{},"layer4":{},"layer1":{}},"condition7":{"layer3":{},"layer8":{},"layer4":{},"layer2":{},"layer7":{},"layer5":{},"layer6":{},"layer1":{},"layer0":{}},"condition5":{"layer3":{},"layer7":{},"layer4":{},"layer8":{},"layer5":{},"layer0":{},"layer2":{},"layer1":{},"layer6":{}},"condition9":{"layer8":{},"layer3":{},"layer5":{},"layer2":{},"layer0":{},"layer1":{},"layer4":{},"layer6":{},"layer7":{}},"condition2":{"layer6":{},"layer0":{},"layer5":{},"layer7":{},"layer1":{},"layer2":{},"layer4":{},"layer3":{},"layer8":{}}},"macroCollection":{"idsInOrderCollection":[],"_collection":[]},"conditionDetailCollection":{"condition7":{"name":"Condition7","isEnabled":false,"type":"Application","value":"com.vendor.condition7"},"condition8":{"isEnabled":false,"type":"Application","value":"com.vendor.condition8","name":"Condition8"},"condition9":{"type":"Application","isEnabled":false,"value":"com.vendor.condition9","name":"Condition9"},"condition4":{"isEnabled":false,"type":"Application","value":"com.vendor.condition4","name":"Condition4"},"condition0":{"name":"Default","type":"Application","value":"com.vendor.condition0","isEnabled":true},"condition2":{"value":"com.vendor.condition2","name":"Condition2","isEnabled":false,"type":"Application"},"condition3":{"isEnabled":false,"type":"Application","name":"Condition3","value":"com.vendor.condition3"},"condition1":{"name":"Condition1","value":"ja","type":"InputSource","isEnabled":false},"condition6":{"name":"Condition6","type":"Application","isEnabled":false,"value":"com.vendor.condition6"},"condition5":{"name":"Condition5","value":"com.vendor.condition5","type":"Application","isEnabled":false}},"keymap":{"keycodeRegion":"ANSI","mouse":{"isEnableSub":false,"mainRows":{"row3":[{"id":"CA4507D8-68AB-46C2-A540-DCF1CC35F491","fromDetail":{"display":"A","output":{"letter_keys":{"_0":"a"}}},"isSpacer":true,"toDetailCollection":{}}],"row1":[{"id":"A6B9422F-4A96-4874-8964-117F03C7D7A2","toDetailCollection":{},"fromDetail":{"output":{"mouse_buttons":{"_0":"button2"}},"display":"R click"}},{"fromDetail":{"output":{"mouse_buttons":{"_0":"button1"}},"display":"L click"},"toDetailCollection":{},"id":"229EF49C-A4CC-490A-B444-E0C223D1659B"}],"enableArrowKeys":false,"arrow_down":{"keyShape":"arrow_Down","id":"5E2D6759-2E07-451E-B3A5-E5F88ADAAD4D","fromDetail":{"isSFSymbol":true,"output":{"arrow_keys":{"_0":"down_arrow"}},"display":"arrowtriangle.down.fill"},"toDetailCollection":{}},"idsInOrderRow2":[{"id":"11B2D90E-612F-4378-A45E-8767A929BDA2"},{"id":"4303FFF3-37BE-4392-A0DB-BFB7928CB007"}],"row2":[{"fromDetail":{"display":"M click","output":{"mouse_buttons":{"_0":"button3"}}},"id":"4303FFF3-37BE-4392-A0DB-BFB7928CB007","toDetailCollection":{}},{"isSpacer":true,"id":"11B2D90E-612F-4378-A45E-8767A929BDA2","unitSize":0.5,"fromDetail":{"output":{"letter_keys":{"_0":"a"}},"display":"A"},"toDetailCollection":{}}],"idsInOrderRow5":[],"idsInOrderRow6":[],"row6":[],"row4":[{"id":"2DEC2062-5E0F-439F-8B00-B10C2A7C2577","fromDetail":{"output":{"letter_keys":{"_0":"a"}},"display":"A"},"isSpacer":true,"toDetailCollection":{}}],"row5":[],"idsInOrderRow4":[{"id":"2DEC2062-5E0F-439F-8B00-B10C2A7C2577"}],"idsInOrderRow1":[{"id":"229EF49C-A4CC-490A-B444-E0C223D1659B"},{"id":"A6B9422F-4A96-4874-8964-117F03C7D7A2"}],"rowIndex_arrow":{"row6":{}},"arrow_left":{"toDetailCollection":{},"keyShape":"arrow_LR","fromDetail":{"output":{"arrow_keys":{"_0":"left_arrow"}},"isSFSymbol":true,"display":"arrowtriangle.left.fill"},"id":"F31720D6-9EE8-49A3-8970-657D5D373FC8"},"idsInOrderRow3":[{"id":"CA4507D8-68AB-46C2-A540-DCF1CC35F491"}],"arrow_up":{"id":"37A9C4ED-60F8-4C26-8182-34ECC60FB933","toDetailCollection":{},"fromDetail":{"output":{"arrow_keys":{"_0":"up_arrow"}},"isSFSymbol":true,"display":"arrowtriangle.up.fill"},"keyShape":"arrow_Up"},"arrow_right":{"toDetailCollection":{},"keyShape":"arrow_LR","fromDetail":{"isSFSymbol":true,"output":{"arrow_keys":{"_0":"right_arrow"}},"display":"arrowtriangle.right.fill"},"id":"C3783253-277B-4094-B55A-12EA1317B021"}},"isEnableMain":true,"isEnableTenkey":false,"sectionDetail":{"deviceDetail":{"vendor_id":"vendor_id","is_product_id_Enabled":false,"device_name":"mouse","location_id":"location_id","is_vendor_id_Enabled":false,"is_builtin_keyboard":false,"product_id":"product_id","is_location_id_Enabled":false},"section":{"mouse":{}}},"tenkeyRows":{"idsInOrderRow2":[{"id":"173431B5-9B5B-4CB0-B95D-008094DB1837"}],"row1":[{"toDetailCollection":{},"id":"E132A22F-F72D-4ADA-AB71-A5E142C3D892","fromDetail":{"display":"A","output":{"letter_keys":{"_0":"a"}}}}],"arrow_right":{"toDetailCollection":{},"keyShape":"arrow_LR","fromDetail":{"output":{"arrow_keys":{"_0":"right_arrow"}},"display":"arrowtriangle.right.fill","isSFSymbol":true},"id":"CBF6C0E0-2B5F-4A4C-BBEB-8E0B95B1437E"},"row4":[{"fromDetail":{"display":"A","output":{"letter_keys":{"_0":"a"}}},"toDetailCollection":{},"id":"FE8474A3-79D5-4181-8FFC-30C06B0F5BE0"}],"idsInOrderRow3":[{"id":"DAC0C730-F1AD-4396-BA7D-A238129EE3E0"}],"idsInOrderRow5":[{"id":"F6D83758-E5DB-41B5-95F9-874E5153E36B"}],"row3":[{"fromDetail":{"output":{"letter_keys":{"_0":"a"}},"display":"A"},"id":"DAC0C730-F1AD-4396-BA7D-A238129EE3E0","toDetailCollection":{}}],"arrow_down":{"toDetailCollection":{},"id":"40BE0365-D491-4BC8-AE27-A954A2155E63","keyShape":"arrow_Down","fromDetail":{"output":{"arrow_keys":{"_0":"down_arrow"}},"isSFSymbol":true,"display":"arrowtriangle.down.fill"}},"row2":[{"toDetailCollection":{},"id":"173431B5-9B5B-4CB0-B95D-008094DB1837","fromDetail":{"display":"A","output":{"letter_keys":{"_0":"a"}}}}],"idsInOrderRow6":[{"id":"A9BBD244-2405-4703-9959-50A04B4C199A"}],"arrow_up":{"toDetailCollection":{},"keyShape":"arrow_Up","id":"BE526DA6-73FE-40F1-B1AB-F24D1E5A47F5","fromDetail":{"display":"arrowtriangle.up.fill","output":{"arrow_keys":{"_0":"up_arrow"}},"isSFSymbol":true}},"idsInOrderRow1":[{"id":"E132A22F-F72D-4ADA-AB71-A5E142C3D892"}],"enableArrowKeys":false,"row6":[{"toDetailCollection":{},"fromDetail":{"output":{"letter_keys":{"_0":"a"}},"display":"A"},"id":"A9BBD244-2405-4703-9959-50A04B4C199A"}],"row5":[{"toDetailCollection":{},"fromDetail":{"output":{"letter_keys":{"_0":"a"}},"display":"A"},"id":"F6D83758-E5DB-41B5-95F9-874E5153E36B"}],"idsInOrderRow4":[{"id":"FE8474A3-79D5-4181-8FFC-30C06B0F5BE0"}],"rowIndex_arrow":{"row6":{}},"arrow_left":{"toDetailCollection":{},"fromDetail":{"display":"arrowtriangle.left.fill","isSFSymbol":true,"output":{"arrow_keys":{"_0":"left_arrow"}}},"id":"78717D0B-F048-4305-A9F2-F546C6B5F0B1","keyShape":"arrow_LR"}},"subRows":{"idsInOrderRow2":[{"id":"594351CA-8BCA-4930-B4FA-A4845973FF15"}],"idsInOrderRow5":[{"id":"196E44DE-1E03-475A-9762-790E97CA5C1F"}],"row3":[{"fromDetail":{"display":"A","output":{"letter_keys":{"_0":"a"}}},"toDetailCollection":{},"id":"2AB73A37-9D50-42D9-85F5-D8795F92CEEC"}],"arrow_up":{"id":"D3942984-F70A-49E8-BD9E-D1857555BA1D","toDetailCollection":{},"fromDetail":{"display":"arrowtriangle.up.fill","isSFSymbol":true,"output":{"arrow_keys":{"_0":"up_arrow"}}},"keyShape":"arrow_Up"},"arrow_right":{"toDetailCollection":{},"id":"8E38F8BE-3B34-46FB-89E2-DD2BDB978367","fromDetail":{"isSFSymbol":true,"output":{"arrow_keys":{"_0":"right_arrow"}},"display":"arrowtriangle.right.fill"},"keyShape":"arrow_LR"},"enableArrowKeys":false,"row1":[{"toDetailCollection":{},"fromDetail":{"display":"A","output":{"letter_keys":{"_0":"a"}}},"id":"3B8E61A4-1C84-4E98-9D28-97B4D03D0495"}],"rowIndex_arrow":{"row6":{}},"arrow_left":{"keyShape":"arrow_LR","toDetailCollection":{},"fromDetail":{"output":{"arrow_keys":{"_0":"left_arrow"}},"display":"arrowtriangle.left.fill","isSFSymbol":true},"id":"3B7D8696-A16B-42E7-875F-0C877C538229"},"idsInOrderRow6":[{"id":"01D20020-7A38-4F7F-A80C-030E61EE415E"}],"idsInOrderRow3":[{"id":"2AB73A37-9D50-42D9-85F5-D8795F92CEEC"}],"idsInOrderRow1":[{"id":"3B8E61A4-1C84-4E98-9D28-97B4D03D0495"}],"row6":[{"toDetailCollection":{},"id":"01D20020-7A38-4F7F-A80C-030E61EE415E","fromDetail":{"output":{"letter_keys":{"_0":"a"}},"display":"A"}}],"row5":[{"fromDetail":{"display":"A","output":{"letter_keys":{"_0":"a"}}},"id":"196E44DE-1E03-475A-9762-790E97CA5C1F","toDetailCollection":{}}],"row2":[{"toDetailCollection":{},"id":"594351CA-8BCA-4930-B4FA-A4845973FF15","fromDetail":{"output":{"letter_keys":{"_0":"a"}},"display":"A"}}],"row4":[{"id":"57CF25E3-4AEE-4DDA-99BE-928EB0217B21","toDetailCollection":{},"fromDetail":{"output":{"letter_keys":{"_0":"a"}},"display":"A"}}],"idsInOrderRow4":[{"id":"57CF25E3-4AEE-4DDA-99BE-928EB0217B21"}],"arrow_down":{"id":"1003A30E-A9BB-4391-867F-7BEDBEA18DF1","keyShape":"arrow_Down","fromDetail":{"isSFSymbol":true,"output":{"arrow_keys":{"_0":"down_arrow"}},"display":"arrowtriangle.down.fill"},"toDetailCollection":{}}}},"other":{"isEnableTenkey":false,"mainRows":{"row2":[{"id":"FBA74CD2-083E-47F4-BAEC-63E6335424B7","fromDetail":{"display":"*","output":{"keypad_keys":{"_0":"keypad_asterisk"}}},"toDetailCollection":{}},{"fromDetail":{"output":{"keypad_keys":{"_0":"keypad_slash"}},"display":"\/"},"id":"59DE75D1-5343-4A14-9311-669B1C3A1CF0","toDetailCollection":{}},{"id":"02A16888-F0E2-4C3B-B680-D64E64B32AB4","fromDetail":{"output":{"keypad_keys":{"_0":"keypad_equal_sign"}},"display":"="},"toDetailCollection":{}},{"fromDetail":{"output":{"others":{"_0":"clear"}},"display":"clear"},"id":"3D178611-9225-44D3-830D-3AF88F4E53CA","toDetailCollection":{}}],"row6":[{"toDetailCollection":{},"id":"5402D92C-B389-4F4C-8691-043FB9396072","fromDetail":{"display":".","output":{"keypad_keys":{"_0":"keypad_period"}}}},{"toDetailCollection":{},"unitSize":2,"id":"1AAF072B-F0C4-49C0-91E6-0220A439AD30","fromDetail":{"display":"0","output":{"keypad_keys":{"_0":"keypad_0"}}}}],"idsInOrderRow6":[{"id":"1AAF072B-F0C4-49C0-91E6-0220A439AD30"},{"id":"5402D92C-B389-4F4C-8691-043FB9396072"}],"row1":[{"toDetailCollection":{},"fromDetail":{"output":{"function_keys":{"_0":"f19"}},"display":"F19"},"id":"B83082E8-D7E8-4067-A8E8-1CB1F7F8C907"},{"fromDetail":{"display":"F18","output":{"function_keys":{"_0":"f18"}}},"toDetailCollection":{},"id":"718431DD-92D3-4A2F-AA00-2A3F65CEAC34"},{"id":"E76E9909-B822-4015-AAC2-9D3B5A7CD428","fromDetail":{"display":"F17","output":{"function_keys":{"_0":"f17"}}},"toDetailCollection":{}},{"fromDetail":{"output":{"function_keys":{"_0":"f16"}},"display":"F16"},"toDetailCollection":{},"id":"AB3A2EF7-9BAC-4700-AEED-BDA01041D114"}],"arrow_left":{"keyShape":"arrow_LR","fromDetail":{"output":{"arrow_keys":{"_0":"left_arrow"}},"display":"arrowtriangle.left.fill","isSFSymbol":true},"id":"061B8874-7257-4FD7-B7A2-9E8646E6ABA3","toDetailCollection":{}},"idsInOrderRow5":[{"id":"6892663A-6EF5-47CE-81EB-D651737D3D91"},{"id":"7DA932DE-E1A9-4956-BC08-75F5599E281F"},{"id":"356E9244-CC9F-4C58-BA25-EEF9264A7D48"},{"id":"EA384CCD-012C-4596-B05B-89DC212DEA6E"}],"arrow_down":{"toDetailCollection":{},"fromDetail":{"display":"arrowtriangle.down.fill","output":{"arrow_keys":{"_0":"down_arrow"}},"isSFSymbol":true},"id":"FDB49DEC-D31B-4BCB-A1F6-5ED98CE06664","keyShape":"arrow_Down"},"idsInOrderRow1":[{"id":"AB3A2EF7-9BAC-4700-AEED-BDA01041D114"},{"id":"E76E9909-B822-4015-AAC2-9D3B5A7CD428"},{"id":"718431DD-92D3-4A2F-AA00-2A3F65CEAC34"},{"id":"B83082E8-D7E8-4067-A8E8-1CB1F7F8C907"}],"row5":[{"id":"EA384CCD-012C-4596-B05B-89DC212DEA6E","keyShape":"enter_Tenkey","fromDetail":{"display":"projective","output":{"keypad_keys":{"_0":"keypad_enter"}},"isSFSymbol":true},"toDetailCollection":{}},{"id":"356E9244-CC9F-4C58-BA25-EEF9264A7D48","toDetailCollection":{},"fromDetail":{"display":"3","output":{"keypad_keys":{"_0":"keypad_3"}}}},{"fromDetail":{"display":"2","output":{"keypad_keys":{"_0":"keypad_2"}}},"id":"7DA932DE-E1A9-4956-BC08-75F5599E281F","toDetailCollection":{}},{"id":"6892663A-6EF5-47CE-81EB-D651737D3D91","fromDetail":{"output":{"keypad_keys":{"_0":"keypad_1"}},"display":"1"},"toDetailCollection":{}}],"row3":[{"fromDetail":{"display":"-","output":{"keypad_keys":{"_0":"keypad_hyphen"}}},"toDetailCollection":{},"id":"47C28A33-A329-4E9A-B909-EF9F10505CBF"},{"fromDetail":{"display":"8","output":{"keypad_keys":{"_0":"keypad_8"}}},"id":"D1B5F74D-28F6-4169-9FD8-9A5AEDCC7309","toDetailCollection":{}},{"fromDetail":{"output":{"keypad_keys":{"_0":"keypad_7"}},"display":"7"},"toDetailCollection":{},"id":"78AD4AD2-0575-4590-AAB6-690B604894BD"},{"toDetailCollection":{},"id":"E54AF510-7FAF-4E14-B3BE-D9AFF7AC43FF","fromDetail":{"display":"9","output":{"keypad_keys":{"_0":"keypad_9"}}}}],"arrow_up":{"id":"34A7AAAF-42E9-4C88-BEB4-8E428016BC9C","keyShape":"arrow_Up","fromDetail":{"display":"arrowtriangle.up.fill","output":{"arrow_keys":{"_0":"up_arrow"}},"isSFSymbol":true},"toDetailCollection":{}},"row4":[{"toDetailCollection":{},"id":"F068DDD7-57A6-4F25-9476-5F523C5E8860","fromDetail":{"display":"+","output":{"keypad_keys":{"_0":"keypad_plus"}}}},{"toDetailCollection":{},"fromDetail":{"output":{"keypad_keys":{"_0":"keypad_6"}},"display":"6"},"id":"A18ECAF7-C0A7-4733-9B2E-39282BCE5852"},{"id":"CEDFF42F-E769-4EEF-B041-DC8E682A633C","toDetailCollection":{},"fromDetail":{"output":{"keypad_keys":{"_0":"keypad_5"}},"display":"5"}},{"fromDetail":{"display":"4","output":{"keypad_keys":{"_0":"keypad_4"}}},"toDetailCollection":{},"id":"D47236E9-6672-4587-BD33-E5280966CE7E"}],"idsInOrderRow3":[{"id":"78AD4AD2-0575-4590-AAB6-690B604894BD"},{"id":"D1B5F74D-28F6-4169-9FD8-9A5AEDCC7309"},{"id":"E54AF510-7FAF-4E14-B3BE-D9AFF7AC43FF"},{"id":"47C28A33-A329-4E9A-B909-EF9F10505CBF"}],"arrow_right":{"id":"056146A2-E789-40E1-80D2-82989BED7F21","fromDetail":{"output":{"arrow_keys":{"_0":"right_arrow"}},"display":"arrowtriangle.right.fill","isSFSymbol":true},"toDetailCollection":{},"keyShape":"arrow_LR"},"idsInOrderRow4":[{"id":"D47236E9-6672-4587-BD33-E5280966CE7E"},{"id":"CEDFF42F-E769-4EEF-B041-DC8E682A633C"},{"id":"A18ECAF7-C0A7-4733-9B2E-39282BCE5852"},{"id":"F068DDD7-57A6-4F25-9476-5F523C5E8860"}],"idsInOrderRow2":[{"id":"3D178611-9225-44D3-830D-3AF88F4E53CA"},{"id":"02A16888-F0E2-4C3B-B680-D64E64B32AB4"},{"id":"59DE75D1-5343-4A14-9311-669B1C3A1CF0"},{"id":"FBA74CD2-083E-47F4-BAEC-63E6335424B7"}],"rowIndex_arrow":{"row6":{}},"enableArrowKeys":false},"tenkeyRows":{"idsInOrderRow1":[{"id":"EFBA8203-49AB-451A-92A9-BFB252998942"},{"id":"3BC6BAB2-9F63-47B1-BDBD-EA1158CDE46C"},{"id":"3F8EE02F-4D49-4ABA-8F2E-9BD8725AED0A"},{"id":"EFF5D911-7F59-4844-9D4E-1C8E0EBCBF50"}],"idsInOrderRow2":[{"id":"B5DE4393-B655-49CC-ACE6-AF5057E40CDE"},{"id":"8A507213-9261-4301-88D1-CC99FC9EC057"},{"id":"D1D35FEA-8080-4ACF-AD9B-2234331ABF4A"},{"id":"94668C94-74D5-48CA-A3C0-0491DF84D0E0"}],"arrow_right":{"id":"7DBD68A0-8948-4D0C-8DDA-5FA94FF1DBEA","keyShape":"arrow_LR","fromDetail":{"isSFSymbol":true,"display":"arrowtriangle.right.fill","output":{"arrow_keys":{"_0":"right_arrow"}}},"toDetailCollection":{}},"arrow_down":{"keyShape":"arrow_Down","toDetailCollection":{},"id":"17A43919-0649-444A-A4ED-698AC6558B1D","fromDetail":{"output":{"arrow_keys":{"_0":"down_arrow"}},"isSFSymbol":true,"display":"arrowtriangle.down.fill"}},"row6":[{"fromDetail":{"display":"0","output":{"keypad_keys":{"_0":"keypad_0"}}},"id":"CA551622-5D62-4F89-A5CE-D4BBD02F5269","toDetailCollection":{},"unitSize":2},{"fromDetail":{"display":".","output":{"keypad_keys":{"_0":"keypad_period"}}},"toDetailCollection":{},"id":"EE45F48B-C73A-4149-979A-2A7044ED92E7"}],"rowIndex_arrow":{"row6":{}},"idsInOrderRow6":[{"id":"CA551622-5D62-4F89-A5CE-D4BBD02F5269"},{"id":"EE45F48B-C73A-4149-979A-2A7044ED92E7"}],"row3":[{"id":"633EBB2C-9A9A-4711-BE45-763956C22CDA","fromDetail":{"output":{"keypad_keys":{"_0":"keypad_hyphen"}},"display":"-"},"toDetailCollection":{}},{"id":"3D2E3905-D7EA-4ED4-AE4F-3B757BFB3201","fromDetail":{"display":"9","output":{"keypad_keys":{"_0":"keypad_9"}}},"toDetailCollection":{}},{"id":"44065364-2C12-445F-8B35-6B6CDE863436","toDetailCollection":{},"fromDetail":{"output":{"keypad_keys":{"_0":"keypad_8"}},"display":"8"}},{"toDetailCollection":{},"fromDetail":{"display":"7","output":{"keypad_keys":{"_0":"keypad_7"}}},"id":"98F54DB2-CC6B-480B-8462-073C29126530"}],"idsInOrderRow3":[{"id":"98F54DB2-CC6B-480B-8462-073C29126530"},{"id":"44065364-2C12-445F-8B35-6B6CDE863436"},{"id":"3D2E3905-D7EA-4ED4-AE4F-3B757BFB3201"},{"id":"633EBB2C-9A9A-4711-BE45-763956C22CDA"}],"row4":[{"fromDetail":{"display":"+","output":{"keypad_keys":{"_0":"keypad_plus"}}},"toDetailCollection":{},"id":"29D36302-6A8E-469E-909E-26836ADB925E"},{"id":"B3BBC1F5-1C00-4976-A6BF-B7CE9D72B0D2","fromDetail":{"output":{"keypad_keys":{"_0":"keypad_6"}},"display":"6"},"toDetailCollection":{}},{"id":"A560EB64-6F6B-40A7-9119-FC98FEEFCE50","fromDetail":{"output":{"keypad_keys":{"_0":"keypad_5"}},"display":"5"},"toDetailCollection":{}},{"fromDetail":{"display":"4","output":{"keypad_keys":{"_0":"keypad_4"}}},"toDetailCollection":{},"id":"A21DA972-6A46-4B60-8935-87BE2849866D"}],"enableArrowKeys":false,"arrow_left":{"fromDetail":{"display":"arrowtriangle.left.fill","isSFSymbol":true,"output":{"arrow_keys":{"_0":"left_arrow"}}},"keyShape":"arrow_LR","toDetailCollection":{},"id":"77A65939-36AF-49A9-95E6-FD00EF9A528D"},"idsInOrderRow5":[{"id":"8B71FCF6-CE26-4F52-9191-EC34F4087E96"},{"id":"174FF5A9-9C6D-4A4A-8954-0FC2A2B74A7E"},{"id":"5635FEA5-375E-4694-A581-B8183DABC84C"},{"id":"E097218B-15EA-4FDD-8D09-941B862D4242"}],"row1":[{"id":"EFF5D911-7F59-4844-9D4E-1C8E0EBCBF50","fromDetail":{"output":{"function_keys":{"_0":"f19"}},"display":"F19"},"toDetailCollection":{}},{"toDetailCollection":{},"fromDetail":{"display":"F18","output":{"function_keys":{"_0":"f18"}}},"id":"3F8EE02F-4D49-4ABA-8F2E-9BD8725AED0A"},{"fromDetail":{"display":"F17","output":{"function_keys":{"_0":"f17"}}},"id":"3BC6BAB2-9F63-47B1-BDBD-EA1158CDE46C","toDetailCollection":{}},{"toDetailCollection":{},"id":"EFBA8203-49AB-451A-92A9-BFB252998942","fromDetail":{"output":{"function_keys":{"_0":"f16"}},"display":"F16"}}],"row5":[{"id":"5635FEA5-375E-4694-A581-B8183DABC84C","fromDetail":{"output":{"keypad_keys":{"_0":"keypad_3"}},"display":"3"},"toDetailCollection":{}},{"fromDetail":{"output":{"keypad_keys":{"_0":"keypad_1"}},"display":"1"},"id":"8B71FCF6-CE26-4F52-9191-EC34F4087E96","toDetailCollection":{}},{"fromDetail":{"display":"projective","isSFSymbol":true,"output":{"keypad_keys":{"_0":"keypad_enter"}}},"toDetailCollection":{},"keyShape":"enter_Tenkey","id":"E097218B-15EA-4FDD-8D09-941B862D4242"},{"fromDetail":{"display":"2","output":{"keypad_keys":{"_0":"keypad_2"}}},"id":"174FF5A9-9C6D-4A4A-8954-0FC2A2B74A7E","toDetailCollection":{}}],"row2":[{"fromDetail":{"output":{"others":{"_0":"clear"}},"display":"clear"},"toDetailCollection":{},"id":"B5DE4393-B655-49CC-ACE6-AF5057E40CDE"},{"id":"94668C94-74D5-48CA-A3C0-0491DF84D0E0","fromDetail":{"display":"*","output":{"keypad_keys":{"_0":"keypad_asterisk"}}},"toDetailCollection":{}},{"id":"D1D35FEA-8080-4ACF-AD9B-2234331ABF4A","toDetailCollection":{},"fromDetail":{"display":"\/","output":{"keypad_keys":{"_0":"keypad_slash"}}}},{"id":"8A507213-9261-4301-88D1-CC99FC9EC057","fromDetail":{"display":"=","output":{"keypad_keys":{"_0":"keypad_equal_sign"}}},"toDetailCollection":{}}],"arrow_up":{"id":"222138F3-9FF5-40B4-AC54-974108DC2ADE","fromDetail":{"display":"arrowtriangle.up.fill","isSFSymbol":true,"output":{"arrow_keys":{"_0":"up_arrow"}}},"keyShape":"arrow_Up","toDetailCollection":{}},"idsInOrderRow4":[{"id":"A21DA972-6A46-4B60-8935-87BE2849866D"},{"id":"A560EB64-6F6B-40A7-9119-FC98FEEFCE50"},{"id":"B3BBC1F5-1C00-4976-A6BF-B7CE9D72B0D2"},{"id":"29D36302-6A8E-469E-909E-26836ADB925E"}]},"sectionDetail":{"deviceDetail":{"location_id":"location_id","is_vendor_id_Enabled":false,"is_builtin_keyboard":false,"is_product_id_Enabled":false,"device_name":"otherDevice","is_location_id_Enabled":false,"vendor_id":"vendor_id","product_id":"product_id"},"section":{"other":{}}},"isEnableSub":false,"isEnableMain":true,"subRows":{"row3":[{"id":"436F7602-2B57-426D-A899-6E0548DB6708","fromDetail":{"display":"arrow.down","output":{"arrow_keys":{"_0":"page_down"}},"isSFSymbol":true},"toDetailCollection":{}},{"id":"302A8AC7-193E-44FF-864D-23FA90FEC9D2","toDetailCollection":{},"fromDetail":{"output":{"controls_and_symbols":{"_0":"delete_forward"}},"isSFSymbol":true,"display":"delete.right"}},{"id":"81F407F0-C55D-472E-80A6-6D1B6E4FA594","toDetailCollection":{},"fromDetail":{"isSFSymbol":true,"display":"arrow.down.to.line","output":{"arrow_keys":{"_0":"end"}}}}],"arrow_left":{"fromDetail":{"output":{"arrow_keys":{"_0":"left_arrow"}},"display":"arrowtriangle.left.fill","isSFSymbol":true},"toDetailCollection":{},"keyShape":"arrow_LR","id":"3E9B58CD-A5C8-4A3F-B1C4-52DECE4431D4"},"row6":[{"id":"F6AEB1E4-9AE6-455C-AB16-CE355162FA48","fromDetail":{"output":{"arrow_keys":{"_0":"right_arrow"}},"isSFSymbol":true,"display":"arrowtriangle.right.fill"},"toDetailCollection":{}},{"id":"6C87C95F-133D-41CC-8869-C0ED4E5DF304","fromDetail":{"display":"arrowtriangle.down.fill","output":{"arrow_keys":{"_0":"down_arrow"}},"isSFSymbol":true},"toDetailCollection":{}},{"toDetailCollection":{},"id":"C0DCC37A-5743-4989-9146-C688CBFB51E8","fromDetail":{"display":"arrowtriangle.left.fill","output":{"arrow_keys":{"_0":"left_arrow"}},"isSFSymbol":true}}],"arrow_up":{"keyShape":"arrow_Up","fromDetail":{"output":{"arrow_keys":{"_0":"up_arrow"}},"display":"arrowtriangle.up.fill","isSFSymbol":true},"id":"AC832E19-093D-4350-8738-DF7454B9E688","toDetailCollection":{}},"arrow_right":{"id":"9F2C4533-12A8-4836-B92A-5E3BA7A2CA0F","keyShape":"arrow_LR","fromDetail":{"output":{"arrow_keys":{"_0":"right_arrow"}},"isSFSymbol":true,"display":"arrowtriangle.right.fill"},"toDetailCollection":{}},"idsInOrderRow2":[{"id":"48A2FF35-662A-4BC0-AAB3-3391089C005E"},{"id":"56AE5804-83B1-4F80-90A2-884D4E5AFDE6"},{"id":"C1D652DA-8B65-4BA8-96E0-727D9047B4AE"}],"arrow_down":{"keyShape":"arrow_Down","toDetailCollection":{},"fromDetail":{"isSFSymbol":true,"display":"arrowtriangle.down.fill","output":{"arrow_keys":{"_0":"down_arrow"}}},"id":"706CBC68-50BA-48DE-8A99-20DA7604DE81"},"row2":[{"id":"C1D652DA-8B65-4BA8-96E0-727D9047B4AE","fromDetail":{"output":{"arrow_keys":{"_0":"page_up"}},"isSFSymbol":true,"display":"arrow.up"},"toDetailCollection":{}},{"fromDetail":{"output":{"keys_in_pc_keyboards":{"_0":"insert"}},"isSFSymbol":true,"display":"text.insert"},"toDetailCollection":{},"id":"48A2FF35-662A-4BC0-AAB3-3391089C005E"},{"id":"56AE5804-83B1-4F80-90A2-884D4E5AFDE6","fromDetail":{"display":"arrow.up.to.line","output":{"arrow_keys":{"_0":"home"}},"isSFSymbol":true},"toDetailCollection":{}}],"enableArrowKeys":false,"idsInOrderRow5":[{"id":"B9A43BC6-B00A-47B0-9F0D-BC39856563CD"},{"id":"27153C53-59DD-46CF-AF23-5C120BBC2488"}],"rowIndex_arrow":{"row6":{}},"idsInOrderRow3":[{"id":"302A8AC7-193E-44FF-864D-23FA90FEC9D2"},{"id":"81F407F0-C55D-472E-80A6-6D1B6E4FA594"},{"id":"436F7602-2B57-426D-A899-6E0548DB6708"}],"row5":[{"toDetailCollection":{},"isSpacer":true,"id":"B9A43BC6-B00A-47B0-9F0D-BC39856563CD","fromDetail":{"output":{"letter_keys":{"_0":"a"}},"display":"A"}},{"fromDetail":{"isSFSymbol":true,"output":{"arrow_keys":{"_0":"up_arrow"}},"display":"arrowtriangle.up.fill"},"id":"27153C53-59DD-46CF-AF23-5C120BBC2488","toDetailCollection":{}}],"row4":[],"row1":[{"toDetailCollection":{},"fromDetail":{"output":{"function_keys":{"_0":"f15"}},"display":"F15"},"id":"09D8C894-D1F7-4542-8E38-A5A309D3C155"},{"id":"B1F97DB3-4A32-44D0-B7BE-CCE6ADB88ED7","fromDetail":{"output":{"function_keys":{"_0":"f14"}},"display":"F14"},"toDetailCollection":{}},{"id":"71E4015B-3839-4298-890A-98BB80F693BC","fromDetail":{"display":"F13","output":{"function_keys":{"_0":"f13"}}},"toDetailCollection":{}}],"idsInOrderRow6":[{"id":"C0DCC37A-5743-4989-9146-C688CBFB51E8"},{"id":"6C87C95F-133D-41CC-8869-C0ED4E5DF304"},{"id":"F6AEB1E4-9AE6-455C-AB16-CE355162FA48"}],"idsInOrderRow4":[],"idsInOrderRow1":[{"id":"71E4015B-3839-4298-890A-98BB80F693BC"},{"id":"B1F97DB3-4A32-44D0-B7BE-CCE6ADB88ED7"},{"id":"09D8C894-D1F7-4542-8E38-A5A309D3C155"}]}},"main":{"subRows":{"idsInOrderRow6":[{"id":"7F6797F5-BC4D-49E5-9CEC-39FA83AECE00"},{"id":"F1EAB08E-2688-4410-9CA4-162130F5B4F3"},{"id":"6657C4AC-7E49-4D78-8609-2042DFA8DC58"}],"row2":[{"toDetailCollection":{},"fromDetail":{"display":"text.insert","isSFSymbol":true,"output":{"keys_in_pc_keyboards":{"_0":"insert"}}},"id":"5B5D366B-2643-4894-B418-FB1FD643DED5"},{"id":"1AC5433B-3554-457D-9580-9534C1B73862","fromDetail":{"display":"arrow.up","isSFSymbol":true,"output":{"arrow_keys":{"_0":"page_up"}}},"toDetailCollection":{}},{"id":"F2968F7B-F640-45DC-803C-410A60548848","fromDetail":{"output":{"arrow_keys":{"_0":"home"}},"display":"arrow.up.to.line","isSFSymbol":true},"toDetailCollection":{}}],"idsInOrderRow3":[{"id":"BD80F65C-5C85-465A-BB99-205E9383B1DB"},{"id":"3F66DB17-CE2D-44C5-96BE-E5A9FA1F0E7F"},{"id":"959B2632-21D1-457C-B31B-58FE9B4C6576"}],"arrow_right":{"id":"D460E6B0-B948-4F93-AFBF-4DCF07393602","fromDetail":{"isSFSymbol":true,"output":{"arrow_keys":{"_0":"right_arrow"}},"display":"arrowtriangle.right.fill"},"toDetailCollection":{},"keyShape":"arrow_LR"},"enableArrowKeys":false,"row3":[{"fromDetail":{"output":{"arrow_keys":{"_0":"page_down"}},"display":"arrow.down","isSFSymbol":true},"id":"959B2632-21D1-457C-B31B-58FE9B4C6576","toDetailCollection":{}},{"fromDetail":{"output":{"controls_and_symbols":{"_0":"delete_forward"}},"display":"delete.right","isSFSymbol":true},"toDetailCollection":{},"id":"BD80F65C-5C85-465A-BB99-205E9383B1DB"},{"toDetailCollection":{},"fromDetail":{"output":{"arrow_keys":{"_0":"end"}},"display":"arrow.down.to.line","isSFSymbol":true},"id":"3F66DB17-CE2D-44C5-96BE-E5A9FA1F0E7F"}],"row4":[],"row5":[{"fromDetail":{"output":{"letter_keys":{"_0":"a"}},"display":"A"},"isSpacer":true,"id":"95FD017F-0FB4-4150-9D39-3FDDA3D8C07E","toDetailCollection":{}},{"fromDetail":{"display":"arrowtriangle.up.fill","isSFSymbol":true,"output":{"arrow_keys":{"_0":"up_arrow"}}},"toDetailCollection":{},"id":"D2E8C526-553A-4C93-A1D2-5F824A605BB9"}],"arrow_left":{"toDetailCollection":{},"keyShape":"arrow_LR","fromDetail":{"output":{"arrow_keys":{"_0":"left_arrow"}},"display":"arrowtriangle.left.fill","isSFSymbol":true},"id":"B99EF2EB-3993-4FD7-988D-4D1EF100873C"},"idsInOrderRow1":[{"id":"622162DA-D27C-4B89-9CAC-4A2A3F91D608"},{"id":"FC500A55-014E-4043-8313-82C3054090AE"},{"id":"9FEE9BF7-63C2-482E-AB48-F8357D5CA743"}],"rowIndex_arrow":{"row6":{}},"row1":[{"id":"9FEE9BF7-63C2-482E-AB48-F8357D5CA743","fromDetail":{"display":"F15","output":{"function_keys":{"_0":"f15"}}},"toDetailCollection":{}},{"fromDetail":{"output":{"function_keys":{"_0":"f14"}},"display":"F14"},"id":"FC500A55-014E-4043-8313-82C3054090AE","toDetailCollection":{}},{"toDetailCollection":{},"id":"622162DA-D27C-4B89-9CAC-4A2A3F91D608","fromDetail":{"display":"F13","output":{"function_keys":{"_0":"f13"}}}}],"arrow_down":{"keyShape":"arrow_Down","fromDetail":{"isSFSymbol":true,"output":{"arrow_keys":{"_0":"down_arrow"}},"display":"arrowtriangle.down.fill"},"toDetailCollection":{},"id":"82A0819B-E56C-46D9-A5C0-2E00F5433291"},"arrow_up":{"toDetailCollection":{},"fromDetail":{"output":{"arrow_keys":{"_0":"up_arrow"}},"isSFSymbol":true,"display":"arrowtriangle.up.fill"},"keyShape":"arrow_Up","id":"7B0C1257-46C1-4B69-90E3-7712FAB33EE0"},"row6":[{"toDetailCollection":{},"id":"6657C4AC-7E49-4D78-8609-2042DFA8DC58","fromDetail":{"isSFSymbol":true,"display":"arrowtriangle.right.fill","output":{"arrow_keys":{"_0":"right_arrow"}}}},{"toDetailCollection":{},"id":"7F6797F5-BC4D-49E5-9CEC-39FA83AECE00","fromDetail":{"isSFSymbol":true,"output":{"arrow_keys":{"_0":"left_arrow"}},"display":"arrowtriangle.left.fill"}},{"fromDetail":{"output":{"arrow_keys":{"_0":"down_arrow"}},"display":"arrowtriangle.down.fill","isSFSymbol":true},"id":"F1EAB08E-2688-4410-9CA4-162130F5B4F3","toDetailCollection":{}}],"idsInOrderRow4":[],"idsInOrderRow2":[{"id":"5B5D366B-2643-4894-B418-FB1FD643DED5"},{"id":"F2968F7B-F640-45DC-803C-410A60548848"},{"id":"1AC5433B-3554-457D-9580-9534C1B73862"}],"idsInOrderRow5":[{"id":"95FD017F-0FB4-4150-9D39-3FDDA3D8C07E"},{"id":"D2E8C526-553A-4C93-A1D2-5F824A605BB9"}]},"sectionDetail":{"deviceDetail":{"is_location_id_Enabled":false,"device_name":"mainKeyboard","is_builtin_keyboard":false,"vendor_id":"vendor_id","is_vendor_id_Enabled":false,"is_product_id_Enabled":false,"product_id":"product_id","location_id":"location_id"},"section":{"main":{}}},"isEnableMain":true,"tenkeyRows":{"idsInOrderRow4":[{"id":"CE2E4DAB-3D8A-4E42-A3D2-E91FE98ECEA7"},{"id":"345875EB-9663-42F3-8505-85265132C56B"},{"id":"A98710E6-8FEA-468B-8772-11859320900C"},{"id":"BB6C4570-52D2-4474-949D-FAB5766AFFDE"}],"row1":[{"id":"3C0142E2-CA7F-44D1-B644-563D3EDEA259","toDetailCollection":{},"fromDetail":{"display":"F19","output":{"function_keys":{"_0":"f19"}}}},{"fromDetail":{"display":"F18","output":{"function_keys":{"_0":"f18"}}},"toDetailCollection":{},"id":"480A2BA3-1ACC-4C44-8EA5-69E0467517AC"},{"toDetailCollection":{},"id":"B1181558-8A0C-447E-86E4-26872E789961","fromDetail":{"output":{"function_keys":{"_0":"f17"}},"display":"F17"}},{"fromDetail":{"display":"F16","output":{"function_keys":{"_0":"f16"}}},"id":"0667E359-76ED-4FCF-8D3F-CD90B63B2D30","toDetailCollection":{}}],"arrow_up":{"toDetailCollection":{},"fromDetail":{"isSFSymbol":true,"output":{"arrow_keys":{"_0":"up_arrow"}},"display":"arrowtriangle.up.fill"},"keyShape":"arrow_Up","id":"56538982-8D72-424F-AC46-CEAFE5ABF337"},"arrow_left":{"fromDetail":{"display":"arrowtriangle.left.fill","isSFSymbol":true,"output":{"arrow_keys":{"_0":"left_arrow"}}},"toDetailCollection":{},"id":"661DCFEC-CFCA-48AA-B145-0FE2EBB25598","keyShape":"arrow_LR"},"arrow_down":{"toDetailCollection":{},"keyShape":"arrow_Down","id":"86E8D666-D7D7-46BA-BC5E-4234D9EA9433","fromDetail":{"isSFSymbol":true,"output":{"arrow_keys":{"_0":"down_arrow"}},"display":"arrowtriangle.down.fill"}},"rowIndex_arrow":{"row6":{}},"row6":[{"fromDetail":{"display":".","output":{"keypad_keys":{"_0":"keypad_period"}}},"toDetailCollection":{},"id":"AE07E4A5-F20C-468F-9F28-5C3880983C6C"},{"fromDetail":{"output":{"keypad_keys":{"_0":"keypad_0"}},"display":"0"},"id":"C5D748EA-BB46-4E14-BE3F-85608F512D73","toDetailCollection":{},"unitSize":2}],"row4":[{"id":"A98710E6-8FEA-468B-8772-11859320900C","toDetailCollection":{},"fromDetail":{"display":"6","output":{"keypad_keys":{"_0":"keypad_6"}}}},{"id":"345875EB-9663-42F3-8505-85265132C56B","fromDetail":{"display":"5","output":{"keypad_keys":{"_0":"keypad_5"}}},"toDetailCollection":{}},{"id":"CE2E4DAB-3D8A-4E42-A3D2-E91FE98ECEA7","toDetailCollection":{},"fromDetail":{"display":"4","output":{"keypad_keys":{"_0":"keypad_4"}}}},{"fromDetail":{"output":{"keypad_keys":{"_0":"keypad_plus"}},"display":"+"},"toDetailCollection":{},"id":"BB6C4570-52D2-4474-949D-FAB5766AFFDE"}],"idsInOrderRow1":[{"id":"0667E359-76ED-4FCF-8D3F-CD90B63B2D30"},{"id":"B1181558-8A0C-447E-86E4-26872E789961"},{"id":"480A2BA3-1ACC-4C44-8EA5-69E0467517AC"},{"id":"3C0142E2-CA7F-44D1-B644-563D3EDEA259"}],"row5":[{"fromDetail":{"display":"projective","output":{"keypad_keys":{"_0":"keypad_enter"}},"isSFSymbol":true},"toDetailCollection":{},"keyShape":"enter_Tenkey","id":"D0819304-EBD9-4A10-9347-B7E113C418C5"},{"id":"F3D74F9C-E49A-4E30-A7E5-0F2864129E18","fromDetail":{"display":"3","output":{"keypad_keys":{"_0":"keypad_3"}}},"toDetailCollection":{}},{"id":"2CA1610B-0690-4819-A9E0-3CB4FD99B269","fromDetail":{"output":{"keypad_keys":{"_0":"keypad_1"}},"display":"1"},"toDetailCollection":{}},{"id":"0EFF40CC-7345-4923-A382-D1B9B6E088FA","toDetailCollection":{},"fromDetail":{"display":"2","output":{"keypad_keys":{"_0":"keypad_2"}}}}],"idsInOrderRow2":[{"id":"36FE0E57-92BD-4D1A-8F14-44A864C74CF1"},{"id":"51D6D077-E39D-486D-B054-9B633BCB7EA9"},{"id":"5448D65E-6C31-4837-9830-69C80CC06985"},{"id":"B650D80E-1E86-48D7-B245-0BB8769C7D67"}],"row2":[{"toDetailCollection":{},"id":"B650D80E-1E86-48D7-B245-0BB8769C7D67","fromDetail":{"output":{"keypad_keys":{"_0":"keypad_asterisk"}},"display":"*"}},{"fromDetail":{"output":{"keypad_keys":{"_0":"keypad_slash"}},"display":"\/"},"toDetailCollection":{},"id":"5448D65E-6C31-4837-9830-69C80CC06985"},{"toDetailCollection":{},"id":"51D6D077-E39D-486D-B054-9B633BCB7EA9","fromDetail":{"display":"=","output":{"keypad_keys":{"_0":"keypad_equal_sign"}}}},{"toDetailCollection":{},"fromDetail":{"display":"clear","output":{"others":{"_0":"clear"}}},"id":"36FE0E57-92BD-4D1A-8F14-44A864C74CF1"}],"idsInOrderRow5":[{"id":"2CA1610B-0690-4819-A9E0-3CB4FD99B269"},{"id":"0EFF40CC-7345-4923-A382-D1B9B6E088FA"},{"id":"F3D74F9C-E49A-4E30-A7E5-0F2864129E18"},{"id":"D0819304-EBD9-4A10-9347-B7E113C418C5"}],"idsInOrderRow6":[{"id":"C5D748EA-BB46-4E14-BE3F-85608F512D73"},{"id":"AE07E4A5-F20C-468F-9F28-5C3880983C6C"}],"row3":[{"toDetailCollection":{},"id":"12AA7272-96B4-4E3A-9671-33E46559B58F","fromDetail":{"output":{"keypad_keys":{"_0":"keypad_8"}},"display":"8"}},{"fromDetail":{"output":{"keypad_keys":{"_0":"keypad_7"}},"display":"7"},"id":"90BC779E-6276-4186-BFF1-9B0770F7439B","toDetailCollection":{}},{"id":"EACDC27D-CB39-4714-BE4D-B98B288930BB","fromDetail":{"display":"-","output":{"keypad_keys":{"_0":"keypad_hyphen"}}},"toDetailCollection":{}},{"fromDetail":{"display":"9","output":{"keypad_keys":{"_0":"keypad_9"}}},"id":"EDD8BD17-CAD1-44EB-8463-18C6BDCBCEB0","toDetailCollection":{}}],"enableArrowKeys":false,"arrow_right":{"fromDetail":{"isSFSymbol":true,"output":{"arrow_keys":{"_0":"right_arrow"}},"display":"arrowtriangle.right.fill"},"id":"EAF15B9E-3FED-47E4-AFA9-D655E8C9F029","toDetailCollection":{},"keyShape":"arrow_LR"},"idsInOrderRow3":[{"id":"90BC779E-6276-4186-BFF1-9B0770F7439B"},{"id":"12AA7272-96B4-4E3A-9671-33E46559B58F"},{"id":"EDD8BD17-CAD1-44EB-8463-18C6BDCBCEB0"},{"id":"EACDC27D-CB39-4714-BE4D-B98B288930BB"}]},"mainRows":{"idsInOrderRow3":[{"id":"8C088987-6CC4-4D79-A38E-799B16E86F0C"},{"id":"63D461C8-A5E2-4355-932A-23115D3F6FC1"},{"id":"B291EBBC-77D8-481E-AB72-DFE1E5CEE577"},{"id":"22679CEC-F972-4B80-8D2A-0E2097BAF104"},{"id":"A87585F0-65B7-4321-9EAC-17368D676C70"},{"id":"B6E2649B-03B7-413F-A340-2371BF5E9B65"},{"id":"415E7B9F-5487-41DB-B1AF-D1020CCD019E"},{"id":"A61F5C0C-7F56-47D6-B3FA-CC79F1D42BAB"},{"id":"F4DB6822-73AA-4489-B0EE-596B98353E46"},{"id":"64405D96-17EA-4EBD-BC07-CE074268612D"},{"id":"C3D87704-96C7-4BD4-BC3B-708824EA8961"},{"id":"AE797497-F088-43BA-ACE0-AAB9A81C6EB8"},{"id":"EEA2B38C-3975-459B-BFB8-C2C3E13200DA"},{"id":"5663317D-12AD-43F5-88C0-F7F8C26C95BE"}],"arrow_up":{"fromDetail":{"isSFSymbol":true,"display":"arrowtriangle.up.fill","output":{"arrow_keys":{"_0":"up_arrow"}}},"keyShape":"arrow_Up","toDetailCollection":{},"id":"55CCEB1F-E2AD-4F24-AFFA-A30DEB0E8A77"},"row5":[{"fromDetail":{"display":"Z","output":{"letter_keys":{"_0":"z"}}},"toDetailCollection":{},"id":"C2CD267E-0EFA-4174-BB93-C6E81A6693F4"},{"id":"F1A669E9-2B37-4349-861E-B71C2319A35F","toDetailCollection":{},"fromDetail":{"display":",","output":{"controls_and_symbols":{"_0":"comma"}}}},{"toDetailCollection":{},"fromDetail":{"display":"\/","output":{"controls_and_symbols":{"_0":"slash"}}},"id":"48D52C42-D16A-4FAF-9138-B6269582F6B5"},{"id":"D1A413E2-4778-4343-9C52-232194FC99EC","fromDetail":{"output":{"letter_keys":{"_0":"b"}},"display":"B"},"toDetailCollection":{"condition0":{"layer0":{"isCustomized_tap":true,"outputAndDisplay_tap":{"display":"J","layerKey":"layer0","output":{"letter_keys":{"_0":"j"}}},"withModifier_tap":{}}}}},{"toDetailCollection":{},"id":"2A5E73D7-728F-4641-AEA1-2FCA5F93730E","unitSize":2.25,"fromDetail":{"isSFSymbol":true,"output":{"modifier_keys":{"_0":"left_shift"}},"display":"shift"}},{"id":"D0B0FE3E-9044-446A-A050-51AD453B548B","fromDetail":{"display":"V","output":{"letter_keys":{"_0":"v"}}},"toDetailCollection":{}},{"id":"2AF132C6-A451-4906-848F-3A3A6DDAA9B5","fromDetail":{"display":"C","output":{"letter_keys":{"_0":"c"}}},"toDetailCollection":{}},{"fromDetail":{"output":{"letter_keys":{"_0":"x"}},"display":"X"},"id":"65FD55BE-3C60-4FE3-B960-7B26654D315F","toDetailCollection":{}},{"toDetailCollection":{"condition0":{"layer0":{"isCustomized_tap":true,"outputAndDisplay_tap":{"display":"G","output":{"letter_keys":{"_0":"g"}},"layerKey":"layer0"},"withModifier_tap":{}}}},"id":"221B7A39-3D7D-4819-B530-ED5A911D55CE","fromDetail":{"display":"M","output":{"letter_keys":{"_0":"m"}}}},{"fromDetail":{"output":{"controls_and_symbols":{"_0":"period"}},"display":"."},"id":"BA87D36D-1BE1-4AD6-812D-05816430397D","toDetailCollection":{}},{"fromDetail":{"output":{"letter_keys":{"_0":"n"}},"display":"N"},"toDetailCollection":{"condition0":{"layer0":{"isCustomized_tap":true,"outputAndDisplay_tap":{"display":"B","layerKey":"layer0","output":{"letter_keys":{"_0":"b"}}},"withModifier_tap":{}}}},"id":"E6AD8877-92E3-491D-B890-709738F27F7B"},{"fromDetail":{"display":"shift","isSFSymbol":true,"output":{"modifier_keys":{"_0":"right_shift"}}},"unitSize":2.25,"toDetailCollection":{},"id":"C870576C-76B4-443C-BA15-8C9E6CE8BE87"}],"row1":[{"fromDetail":{"output":{"controls_and_symbols":{"_0":"escape"}},"display":"escape","isSFSymbol":true},"toDetailCollection":{},"unitSize":1.5,"id":"A96E3271-1A8A-4FCD-AFDA-BAD2A3E2C4CB"},{"toDetailCollection":{},"fromDetail":{"display":"F11","output":{"function_keys":{"_0":"f11"}}},"id":"F01E43DC-B4FA-4703-A05B-BE02CC732133"},{"id":"F4C73012-D838-452E-A0BC-87BB9D962168","fromDetail":{"output":{"function_keys":{"_0":"f9"}},"display":"F9"},"toDetailCollection":{}},{"fromDetail":{"output":{"function_keys":{"_0":"f7"}},"display":"F7"},"toDetailCollection":{},"id":"C3CFDC61-7901-4D80-8683-77A06915289A"},{"id":"BEAC299E-0146-44B8-87AA-34C5A46D00ED","fromDetail":{"output":{"function_keys":{"_0":"f5"}},"display":"F5"},"toDetailCollection":{}},{"fromDetail":{"output":{"function_keys":{"_0":"f3"}},"display":"F3"},"toDetailCollection":{},"id":"73D68AE8-838A-4450-93BE-E5284B2351B6"},{"fromDetail":{"display":"F1","output":{"function_keys":{"_0":"f1"}}},"id":"34D911B6-B5DD-4861-ABC6-F05D7A326D6F","toDetailCollection":{}},{"toDetailCollection":{},"fromDetail":{"output":{"function_keys":{"_0":"f12"}},"display":"F12"},"id":"C00E2695-2019-4BE9-BF9E-FC5B5ED8A0A0"},{"id":"00F4BD9B-F9DD-4CFA-98CA-95E756A68763","toDetailCollection":{},"fromDetail":{"output":{"function_keys":{"_0":"f10"}},"display":"F10"}},{"fromDetail":{"output":{"function_keys":{"_0":"f8"}},"display":"F8"},"id":"9E5C9CA5-94E6-4C9D-A4F5-A38C811DD582","toDetailCollection":{}},{"fromDetail":{"output":{"function_keys":{"_0":"f6"}},"display":"F6"},"toDetailCollection":{},"id":"BE541034-06FC-47D1-A9B2-B3D0FD1CD1B7"},{"id":"3CF5087C-56E6-482F-89D5-AEE3D84C64A3","toDetailCollection":{},"fromDetail":{"output":{"function_keys":{"_0":"f4"}},"display":"F4"}},{"id":"9CF641A0-637C-425A-BC9E-B31866C3545B","fromDetail":{"output":{"function_keys":{"_0":"f2"}},"display":"F2"},"toDetailCollection":{}}],"arrow_right":{"fromDetail":{"isSFSymbol":true,"output":{"arrow_keys":{"_0":"right_arrow"}},"display":"arrowtriangle.right.fill"},"keyShape":"arrow_LR","toDetailCollection":{},"id":"8B526105-106C-4FC3-986F-9FC2028B8CC1"},"row3":[{"id":"EEA2B38C-3975-459B-BFB8-C2C3E13200DA","toDetailCollection":{},"fromDetail":{"display":"]","output":{"controls_and_symbols":{"_0":"close_square_bracket"}}}},{"id":"B291EBBC-77D8-481E-AB72-DFE1E5CEE577","toDetailCollection":{},"fromDetail":{"output":{"letter_keys":{"_0":"w"}},"display":"W"}},{"id":"B6E2649B-03B7-413F-A340-2371BF5E9B65","fromDetail":{"display":"T","output":{"letter_keys":{"_0":"t"}}},"toDetailCollection":{"condition0":{"layer0":{"isCustomized_tap":true,"outputAndDisplay_tap":{"display":"M","output":{"letter_keys":{"_0":"m"}},"layerKey":"layer0"},"withModifier_tap":{}}}}},{"toDetailCollection":{"condition0":{"layer0":{"outputAndDisplay_tap":{"display":"F","layerKey":"layer0","output":{"letter_keys":{"_0":"f"}}},"isCustomized_tap":true,"withModifier_tap":{}}}},"id":"22679CEC-F972-4B80-8D2A-0E2097BAF104","fromDetail":{"output":{"letter_keys":{"_0":"e"}},"display":"E"}},{"toDetailCollection":{"condition0":{"layer0":{"outputAndDisplay_tap":{"display":"Q","layerKey":"layer0","output":{"letter_keys":{"_0":"q"}}},"withModifier_tap":{},"isCustomized_tap":true}}},"id":"64405D96-17EA-4EBD-BC07-CE074268612D","fromDetail":{"output":{"letter_keys":{"_0":"o"}},"display":"O"}},{"toDetailCollection":{"condition0":{"layer0":{"isCustomized_tap":true,"outputAndDisplay_tap":{"display":"L","layerKey":"layer0","output":{"letter_keys":{"_0":"l"}}},"withModifier_tap":{}}}},"id":"A87585F0-65B7-4321-9EAC-17368D676C70","fromDetail":{"display":"R","output":{"letter_keys":{"_0":"r"}}}},{"id":"C3D87704-96C7-4BD4-BC3B-708824EA8961","toDetailCollection":{"condition0":{"layer0":{"outputAndDisplay_tap":{"output":{"controls_and_symbols":{"_0":"semicolon"}},"display":";","layerKey":"layer0"},"withModifier_tap":{},"isCustomized_tap":true}}},"fromDetail":{"display":"P","output":{"letter_keys":{"_0":"p"}}}},{"toDetailCollection":{},"fromDetail":{"output":{"controls_and_symbols":{"_0":"open_square_bracket"}},"display":"["},"id":"AE797497-F088-43BA-ACE0-AAB9A81C6EB8"},{"id":"5663317D-12AD-43F5-88C0-F7F8C26C95BE","fromDetail":{"display":"\\","output":{"controls_and_symbols":{"_0":"backslash_or_yen"}}},"toDetailCollection":{}},{"id":"415E7B9F-5487-41DB-B1AF-D1020CCD019E","fromDetail":{"output":{"letter_keys":{"_0":"y"}},"display":"Y"},"toDetailCollection":{"condition0":{"layer0":{"outputAndDisplay_tap":{"layerKey":"layer0","output":{"letter_keys":{"_0":"k"}},"display":"K"},"withModifier_tap":{},"isCustomized_tap":true}}}},{"id":"A61F5C0C-7F56-47D6-B3FA-CC79F1D42BAB","fromDetail":{"display":"U","output":{"letter_keys":{"_0":"u"}}},"toDetailCollection":{"condition0":{"layer0":{"withModifier_tap":{},"isCustomized_tap":true,"outputAndDisplay_tap":{"output":{"letter_keys":{"_0":"p"}},"display":"P","layerKey":"layer0"}}}}},{"id":"F4DB6822-73AA-4489-B0EE-596B98353E46","fromDetail":{"display":"I","output":{"letter_keys":{"_0":"i"}}},"toDetailCollection":{"condition0":{"layer0":{"withModifier_tap":{},"isCustomized_tap":true,"outputAndDisplay_tap":{"output":{"letter_keys":{"_0":"o"}},"display":"O","layerKey":"layer0"}}}}},{"toDetailCollection":{},"unitSize":1.5,"fromDetail":{"output":{"controls_and_symbols":{"_0":"tab"}},"display":"arrow.right.to.line","isSFSymbol":true},"id":"8C088987-6CC4-4D79-A38E-799B16E86F0C"},{"fromDetail":{"output":{"letter_keys":{"_0":"q"}},"display":"Q"},"id":"63D461C8-A5E2-4355-932A-23115D3F6FC1","toDetailCollection":{"condition0":{"layer0":{"isCustomized_tap":true,"withModifier_tap":{},"outputAndDisplay_tap":{"display":"Y","layerKey":"layer0","output":{"letter_keys":{"_0":"y"}}}}}}}],"idsInOrderRow1":[{"id":"A96E3271-1A8A-4FCD-AFDA-BAD2A3E2C4CB"},{"id":"34D911B6-B5DD-4861-ABC6-F05D7A326D6F"},{"id":"9CF641A0-637C-425A-BC9E-B31866C3545B"},{"id":"73D68AE8-838A-4450-93BE-E5284B2351B6"},{"id":"3CF5087C-56E6-482F-89D5-AEE3D84C64A3"},{"id":"BEAC299E-0146-44B8-87AA-34C5A46D00ED"},{"id":"BE541034-06FC-47D1-A9B2-B3D0FD1CD1B7"},{"id":"C3CFDC61-7901-4D80-8683-77A06915289A"},{"id":"9E5C9CA5-94E6-4C9D-A4F5-A38C811DD582"},{"id":"F4C73012-D838-452E-A0BC-87BB9D962168"},{"id":"00F4BD9B-F9DD-4CFA-98CA-95E756A68763"},{"id":"F01E43DC-B4FA-4703-A05B-BE02CC732133"},{"id":"C00E2695-2019-4BE9-BF9E-FC5B5ED8A0A0"}],"idsInOrderRow6":[{"id":"F9597C0A-B29A-475A-8F0A-B8AD087D2B9B"},{"id":"908D3115-F270-45B0-BF62-9C82748BB0F8"},{"id":"E31052FF-6649-445E-A99B-141E737177B1"},{"id":"4D55BF54-5095-4ADA-9BF4-6575FF7BA975"},{"id":"82942197-528A-4189-8BF2-96FABD9C6406"},{"id":"8C5A3FCE-F085-41EF-A72F-9317B65A8DB1"},{"id":"DD871494-FC65-45DC-B2CB-62802D6CC06C"}],"row2":[{"id":"F42648C2-021D-465F-ABDB-E1A165E25032","toDetailCollection":{},"fromDetail":{"output":{"number_keys":{"_0":"two"}},"display":"2"}},{"id":"1611C634-32B9-405F-B5D7-97A66097EC32","toDetailCollection":{},"fromDetail":{"output":{"number_keys":{"_0":"three"}},"display":"3"}},{"fromDetail":{"output":{"number_keys":{"_0":"five"}},"display":"5"},"toDetailCollection":{},"id":"1C99ACEE-35BB-4C47-A608-96E2C078420D"},{"id":"B04C0F37-1A75-48EA-A4D8-DCBBE20FA98F","fromDetail":{"output":{"number_keys":{"_0":"four"}},"display":"4"},"toDetailCollection":{}},{"fromDetail":{"output":{"number_keys":{"_0":"zero"}},"display":"0"},"id":"A94C20A8-63E4-474E-A67C-C22D47E69808","toDetailCollection":{}},{"id":"4BA466C2-D70E-474B-8366-D7D7007D1C9C","fromDetail":{"output":{"number_keys":{"_0":"six"}},"display":"6"},"toDetailCollection":{}},{"fromDetail":{"display":"7","output":{"number_keys":{"_0":"seven"}}},"toDetailCollection":{},"id":"8F2FBF5E-3C1D-4F8B-BA3F-09BFCEA4170B"},{"unitSize":1.5,"id":"DB69A950-238B-484A-80D4-69ECBE2E9BA4","fromDetail":{"output":{"controls_and_symbols":{"_0":"delete_or_backspace"}},"display":"delete.left","isSFSymbol":true},"toDetailCollection":{}},{"id":"8C3E5B9F-988E-484A-99EF-778DF8E1C8BE","toDetailCollection":{},"fromDetail":{"display":"-","output":{"controls_and_symbols":{"_0":"hyphen"}}}},{"id":"F9A805D1-9D37-4B5D-85F8-49414E9CAAED","fromDetail":{"display":"1","output":{"number_keys":{"_0":"one"}}},"toDetailCollection":{}},{"fromDetail":{"output":{"controls_and_symbols":{"_0":"equal_sign_or_caret"}},"display":"="},"toDetailCollection":{},"id":"D405095D-A157-4A3A-984A-BC3A57B91542"},{"id":"35B29D06-3B89-48D1-9164-F18CBA56241B","toDetailCollection":{},"fromDetail":{"display":"9","output":{"number_keys":{"_0":"nine"}}}},{"id":"33888D85-478A-4C33-A0E5-D27936F0BC38","fromDetail":{"output":{"controls_and_symbols":{"_0":"grave_accent"}},"display":"`"},"toDetailCollection":{}},{"toDetailCollection":{},"id":"E0DD8E2C-AB33-4198-A4A1-29CF61F5E97C","fromDetail":{"display":"8","output":{"number_keys":{"_0":"eight"}}}}],"idsInOrderRow4":[{"id":"72790429-D34D-4FE4-BB1D-BF12636BBCD7"},{"id":"E7917A1B-A108-40A0-889B-16B4E5865ED5"},{"id":"521B79D4-6993-4D5B-A3BB-A58A8FC26AE9"},{"id":"F9C78A44-B469-4A7C-BD99-A723F8AEC021"},{"id":"882CB19F-FC7C-42FD-AC08-F15077817595"},{"id":"F84AB901-F171-4443-BA8B-2A06579ECB71"},{"id":"D97242D9-E9BC-4D92-91ED-3F55E2E72D04"},{"id":"25DCCE74-FAE2-4695-B0FE-C09F81A83413"},{"id":"98C13C9A-544F-4E0A-B0E9-A18BC4E3B0CC"},{"id":"F5154979-6341-45B3-8B62-B103A8D31946"},{"id":"F0F02133-C047-4F55-998F-96FABE4E5FB9"},{"id":"3D417C71-6732-480B-B479-0D25197D5441"},{"id":"0623357D-7D6B-41BF-8D11-9F03B2B8608B"}],"idsInOrderRow5":[{"id":"2A5E73D7-728F-4641-AEA1-2FCA5F93730E"},{"id":"C2CD267E-0EFA-4174-BB93-C6E81A6693F4"},{"id":"65FD55BE-3C60-4FE3-B960-7B26654D315F"},{"id":"2AF132C6-A451-4906-848F-3A3A6DDAA9B5"},{"id":"D0B0FE3E-9044-446A-A050-51AD453B548B"},{"id":"D1A413E2-4778-4343-9C52-232194FC99EC"},{"id":"E6AD8877-92E3-491D-B890-709738F27F7B"},{"id":"221B7A39-3D7D-4819-B530-ED5A911D55CE"},{"id":"F1A669E9-2B37-4349-861E-B71C2319A35F"},{"id":"BA87D36D-1BE1-4AD6-812D-05816430397D"},{"id":"48D52C42-D16A-4FAF-9138-B6269582F6B5"},{"id":"C870576C-76B4-443C-BA15-8C9E6CE8BE87"}],"rowIndex_arrow":{"row6":{}},"arrow_left":{"keyShape":"arrow_LR","toDetailCollection":{},"id":"E56329CB-EE5D-4C8A-B2A5-8283C0C2B187","fromDetail":{"display":"arrowtriangle.left.fill","output":{"arrow_keys":{"_0":"left_arrow"}},"isSFSymbol":true}},"row6":[{"toDetailCollection":{},"unitSize":1.25,"id":"4D55BF54-5095-4ADA-9BF4-6575FF7BA975","fromDetail":{"isSFSymbol":true,"output":{"modifier_keys":{"_0":"left_command"}},"display":"command"}},{"toDetailCollection":{},"fromDetail":{"display":"globe","isSFSymbol":true,"output":{"modifier_keys":{"_0":"keyboard_fn"}}},"id":"F9597C0A-B29A-475A-8F0A-B8AD087D2B9B"},{"toDetailCollection":{},"unitSize":5,"fromDetail":{"output":{"controls_and_symbols":{"_0":"spacebar"}},"display":"␣"},"id":"82942197-528A-4189-8BF2-96FABD9C6406"},{"fromDetail":{"isSFSymbol":true,"display":"option","output":{"modifier_keys":{"_0":"right_option"}}},"toDetailCollection":{},"id":"DD871494-FC65-45DC-B2CB-62802D6CC06C"},{"fromDetail":{"isSFSymbol":true,"output":{"modifier_keys":{"_0":"left_option"}},"display":"option"},"id":"E31052FF-6649-445E-A99B-141E737177B1","toDetailCollection":{}},{"id":"8C5A3FCE-F085-41EF-A72F-9317B65A8DB1","toDetailCollection":{},"fromDetail":{"display":"command","isSFSymbol":true,"output":{"modifier_keys":{"_0":"right_command"}}},"unitSize":1.25},{"id":"908D3115-F270-45B0-BF62-9C82748BB0F8","fromDetail":{"isSFSymbol":true,"output":{"modifier_keys":{"_0":"left_control"}},"display":"control"},"toDetailCollection":{}}],"idsInOrderRow2":[{"id":"33888D85-478A-4C33-A0E5-D27936F0BC38"},{"id":"F9A805D1-9D37-4B5D-85F8-49414E9CAAED"},{"id":"F42648C2-021D-465F-ABDB-E1A165E25032"},{"id":"1611C634-32B9-405F-B5D7-97A66097EC32"},{"id":"B04C0F37-1A75-48EA-A4D8-DCBBE20FA98F"},{"id":"1C99ACEE-35BB-4C47-A608-96E2C078420D"},{"id":"4BA466C2-D70E-474B-8366-D7D7007D1C9C"},{"id":"8F2FBF5E-3C1D-4F8B-BA3F-09BFCEA4170B"},{"id":"E0DD8E2C-AB33-4198-A4A1-29CF61F5E97C"},{"id":"35B29D06-3B89-48D1-9164-F18CBA56241B"},{"id":"A94C20A8-63E4-474E-A67C-C22D47E69808"},{"id":"8C3E5B9F-988E-484A-99EF-778DF8E1C8BE"},{"id":"D405095D-A157-4A3A-984A-BC3A57B91542"},{"id":"DB69A950-238B-484A-80D4-69ECBE2E9BA4"}],"enableArrowKeys":true,"arrow_down":{"id":"8E2FD2F2-DBB3-4C75-927C-875357A92FE0","fromDetail":{"display":"arrowtriangle.down.fill","isSFSymbol":true,"output":{"arrow_keys":{"_0":"down_arrow"}}},"keyShape":"arrow_Down","toDetailCollection":{}},"row4":[{"toDetailCollection":{"condition0":{"layer0":{"withModifier_tap":{},"isCustomized_tap":true,"outputAndDisplay_tap":{"display":"E","layerKey":"layer0","output":{"letter_keys":{"_0":"e"}}}}}},"id":"98C13C9A-544F-4E0A-B0E9-A18BC4E3B0CC","fromDetail":{"output":{"letter_keys":{"_0":"k"}},"display":"K"}},{"toDetailCollection":{"condition0":{"layer0":{"withModifier_tap":{},"isCustomized_tap":true,"outputAndDisplay_tap":{"output":{"letter_keys":{"_0":"u"}},"display":"U","layerKey":"layer0"}}}},"fromDetail":{"display":"A","output":{"letter_keys":{"_0":"a"}}},"id":"E7917A1B-A108-40A0-889B-16B4E5865ED5"},{"fromDetail":{"output":{"letter_keys":{"_0":"l"}},"display":"L"},"toDetailCollection":{"condition0":{"layer0":{"isCustomized_tap":true,"outputAndDisplay_tap":{"display":"A","output":{"letter_keys":{"_0":"a"}},"layerKey":"layer0"},"withModifier_tap":{}}}},"id":"F5154979-6341-45B3-8B62-B103A8D31946"},{"fromDetail":{"display":"D","output":{"letter_keys":{"_0":"d"}}},"toDetailCollection":{"condition0":{"layer0":{"withModifier_tap":{},"outputAndDisplay_tap":{"output":{"letter_keys":{"_0":"s"}},"layerKey":"layer0","display":"S"},"isCustomized_tap":true}}},"id":"F9C78A44-B469-4A7C-BD99-A723F8AEC021"},{"toDetailCollection":{"condition0":{"layer0":{"withModifier_tap":{},"isCustomized_tap":true,"outputAndDisplay_tap":{"output":{"letter_keys":{"_0":"n"}},"layerKey":"layer0","display":"N"}}}},"id":"882CB19F-FC7C-42FD-AC08-F15077817595","fromDetail":{"output":{"letter_keys":{"_0":"f"}},"display":"F"}},{"unitSize":1.75,"id":"0623357D-7D6B-41BF-8D11-9F03B2B8608B","toDetailCollection":{},"fromDetail":{"output":{"controls_and_symbols":{"_0":"return_or_enter"}},"display":"return","isSFSymbol":true}},{"fromDetail":{"output":{"modifier_keys":{"_0":"caps_lock"}},"display":"capslock","isSFSymbol":true},"id":"72790429-D34D-4FE4-BB1D-BF12636BBCD7","toDetailCollection":{},"unitSize":1.75},{"toDetailCollection":{"condition0":{"layer0":{"isCustomized_tap":true,"withModifier_tap":{},"outputAndDisplay_tap":{"output":{"letter_keys":{"_0":"d"}},"display":"D","layerKey":"layer0"}}}},"id":"D97242D9-E9BC-4D92-91ED-3F55E2E72D04","fromDetail":{"display":"H","output":{"letter_keys":{"_0":"h"}}}},{"fromDetail":{"display":"'","output":{"controls_and_symbols":{"_0":"single_quotation_or_colon"}}},"toDetailCollection":{},"id":"3D417C71-6732-480B-B479-0D25197D5441"},{"fromDetail":{"output":{"letter_keys":{"_0":"s"}},"display":"S"},"toDetailCollection":{"condition0":{"layer0":{"outputAndDisplay_tap":{"output":{"letter_keys":{"_0":"r"}},"layerKey":"layer0","display":"R"},"withModifier_tap":{},"isCustomized_tap":true}}},"id":"521B79D4-6993-4D5B-A3BB-A58A8FC26AE9"},{"id":"F0F02133-C047-4F55-998F-96FABE4E5FB9","toDetailCollection":{"condition0":{"layer0":{"isCustomized_tap":true,"withModifier_tap":{},"outputAndDisplay_tap":{"display":"I","output":{"letter_keys":{"_0":"i"}},"layerKey":"layer0"}}}},"fromDetail":{"output":{"controls_and_symbols":{"_0":"semicolon"}},"display":";"}},{"id":"F84AB901-F171-4443-BA8B-2A06579ECB71","fromDetail":{"output":{"letter_keys":{"_0":"g"}},"display":"G"},"toDetailCollection":{"condition0":{"layer0":{"isCustomized_tap":true,"outputAndDisplay_tap":{"display":"H","layerKey":"layer0","output":{"letter_keys":{"_0":"h"}}},"withModifier_tap":{}}}}},{"id":"25DCCE74-FAE2-4695-B0FE-C09F81A83413","fromDetail":{"display":"J","output":{"letter_keys":{"_0":"j"}}},"toDetailCollection":{"condition0":{"layer0":{"withModifier_tap":{},"isCustomized_tap":true,"outputAndDisplay_tap":{"display":"T","layerKey":"layer0","output":{"letter_keys":{"_0":"t"}}}}}}}]},"isEnableTenkey":false,"isEnableSub":false},"validSections":{"sections":[{"main":{}}]}},"selections":{"keyboardKey":{"fromDetail":{"output":{"letter_keys":{"_0":"a"}},"display":"A"},"toDetailCollection":{},"id":"C562CCCC-D99D-4CF4-874A-6356D7F0D29B"},"macroTab":{"userMacro":{}},"toTab":"qwertyKeyboard","tab":{"remap":{}},"toDetail_macro":{"indicator":false,"outputAndDisplay":{"layerKey":"layer0","output":{"letter_keys":{"_0":"a"}},"display":"none"},"withModifier":{},"error":false,"id":"D2AADCA0-DD9D-4E00-8EA0-95A93996B034"},"layer":"layer0","combo":{"key_down_order":"insensitive","id":"AE934B3A-8DCA-4ED1-9EDB-2C661D573E37","comboThreshold":50,"key_up_order":"insensitive","toDetail":{}},"customOrMacroTab":{"customizeKey":{}},"macro":{"id":"D477A08C-AA25-4AFC-93F4-E01891F227DD","dictionary_key":null,"toDetailCollection":{"idsInOrderCollection":[],"_collection":[]},"name":"user Macro"},"fromTab":{"qwertyKeyboard":{}},"condition":"condition0"},"displayKeySize":65,"name":"poqtea_qp_US"}