{"keymap":{"other":{"tenkeyRows":{"idsInOrderRow1":[{"id":"1F481A79-49BA-471D-9505-E6E82EC2E31A"},{"id":"FB1A28C2-1EEE-4A01-BCE9-DF59E0D2EDD8"},{"id":"72D8EA8D-15D5-47E2-91CD-C877C1486923"},{"id":"51B423CD-41C9-4A4A-904B-1B377E651359"}],"idsInOrderRow3":[{"id":"745D2737-E7A4-4569-A63B-505D1CBFCD61"},{"id":"1421A96A-99DE-49BC-B6A7-8A6237F86F53"},{"id":"F21D7FE2-9562-4AA2-BAF9-46B1714DF85D"},{"id":"42FBF464-F546-4325-A60D-3097BFBADF1E"}],"row6":[{"id":"655E94D6-95DD-4FF2-80EC-2A804E1DF811","toDetailCollection":{},"fromDetail":{"output":{"keypad_keys":{"_0":"keypad_0"}},"display":"0"},"unitSize":2},{"id":"2942F90E-E528-4CCA-98A1-80CA3F3CE394","toDetailCollection":{},"fromDetail":{"output":{"keypad_keys":{"_0":"keypad_period"}},"display":"."}}],"row5":[{"id":"FE8FEA53-FF64-4C3E-B20E-7CCC44C19F9A","toDetailCollection":{},"fromDetail":{"output":{"keypad_keys":{"_0":"keypad_1"}},"display":"1"}},{"id":"DC596B2B-54A8-417C-9F1A-88CEFE8F004F","fromDetail":{"output":{"keypad_keys":{"_0":"keypad_2"}},"display":"2"},"toDetailCollection":{}},{"fromDetail":{"display":"3","output":{"keypad_keys":{"_0":"keypad_3"}}},"id":"4684C5EA-B5FF-4395-A0BD-B85A50E485C8","toDetailCollection":{}},{"keyShape":"enter_Tenkey","fromDetail":{"output":{"keypad_keys":{"_0":"keypad_enter"}},"display":"projective","isSFSymbol":true},"id":"FF11C7D0-2D9E-4CA0-AB80-956BB91C0023","toDetailCollection":{}}],"idsInOrderRow5":[{"id":"FE8FEA53-FF64-4C3E-B20E-7CCC44C19F9A"},{"id":"DC596B2B-54A8-417C-9F1A-88CEFE8F004F"},{"id":"4684C5EA-B5FF-4395-A0BD-B85A50E485C8"},{"id":"FF11C7D0-2D9E-4CA0-AB80-956BB91C0023"}],"row4":[{"id":"4090EC7A-C7A1-4E62-A8E7-6C314F9E8720","toDetailCollection":{},"fromDetail":{"output":{"keypad_keys":{"_0":"keypad_5"}},"display":"5"}},{"toDetailCollection":{},"id":"E1202D4C-A78D-450F-BF7B-423092A76115","fromDetail":{"output":{"keypad_keys":{"_0":"keypad_4"}},"display":"4"}},{"id":"DC77EE8B-EB23-4C98-84F3-824A85A78A7F","fromDetail":{"display":"+","output":{"keypad_keys":{"_0":"keypad_plus"}}},"toDetailCollection":{}},{"fromDetail":{"output":{"keypad_keys":{"_0":"keypad_6"}},"display":"6"},"id":"07091AE6-8433-42FF-A427-9A01797D0523","toDetailCollection":{}}],"rowIndex_arrow":{"row6":{}},"arrow_left":{"id":"71267DF0-A2BB-4F7E-B1A6-0B835E2D7D39","toDetailCollection":{},"keyShape":"arrow_LR","fromDetail":{"output":{"arrow_keys":{"_0":"left_arrow"}},"isSFSymbol":true,"display":"arrowtriangle.left.fill"}},"row1":[{"id":"72D8EA8D-15D5-47E2-91CD-C877C1486923","fromDetail":{"display":"F18","output":{"function_keys":{"_0":"f18"}}},"toDetailCollection":{}},{"id":"1F481A79-49BA-471D-9505-E6E82EC2E31A","fromDetail":{"display":"F16","output":{"function_keys":{"_0":"f16"}}},"toDetailCollection":{}},{"id":"FB1A28C2-1EEE-4A01-BCE9-DF59E0D2EDD8","fromDetail":{"display":"F17","output":{"function_keys":{"_0":"f17"}}},"toDetailCollection":{}},{"toDetailCollection":{},"id":"51B423CD-41C9-4A4A-904B-1B377E651359","fromDetail":{"display":"F19","output":{"function_keys":{"_0":"f19"}}}}],"row2":[{"toDetailCollection":{},"id":"F1FE441D-31E3-4392-AF5B-7D7C1A24ED7F","fromDetail":{"display":"clear","output":{"others":{"_0":"clear"}}}},{"toDetailCollection":{},"id":"6BE15375-FB8B-4830-8E09-504BC618A4BD","fromDetail":{"display":"*","output":{"keypad_keys":{"_0":"keypad_asterisk"}}}},{"id":"FF92FC6F-BBBE-4C5C-8553-B1963877066C","toDetailCollection":{},"fromDetail":{"output":{"keypad_keys":{"_0":"keypad_equal_sign"}},"display":"="}},{"fromDetail":{"output":{"keypad_keys":{"_0":"keypad_slash"}},"display":"\/"},"id":"04146D71-7C54-42DF-B590-AA4009D9E80F","toDetailCollection":{}}],"arrow_up":{"fromDetail":{"display":"arrowtriangle.up.fill","isSFSymbol":true,"output":{"arrow_keys":{"_0":"up_arrow"}}},"keyShape":"arrow_Up","id":"0472DD00-C30E-4C2C-A86B-D9207FBBA579","toDetailCollection":{}},"arrow_down":{"id":"7536F9F5-568C-4882-B793-86AFDE261B25","toDetailCollection":{},"fromDetail":{"display":"arrowtriangle.down.fill","output":{"arrow_keys":{"_0":"down_arrow"}},"isSFSymbol":true},"keyShape":"arrow_Down"},"idsInOrderRow2":[{"id":"F1FE441D-31E3-4392-AF5B-7D7C1A24ED7F"},{"id":"FF92FC6F-BBBE-4C5C-8553-B1963877066C"},{"id":"04146D71-7C54-42DF-B590-AA4009D9E80F"},{"id":"6BE15375-FB8B-4830-8E09-504BC618A4BD"}],"row3":[{"fromDetail":{"output":{"keypad_keys":{"_0":"keypad_hyphen"}},"display":"-"},"id":"42FBF464-F546-4325-A60D-3097BFBADF1E","toDetailCollection":{}},{"fromDetail":{"output":{"keypad_keys":{"_0":"keypad_8"}},"display":"8"},"toDetailCollection":{},"id":"1421A96A-99DE-49BC-B6A7-8A6237F86F53"},{"id":"F21D7FE2-9562-4AA2-BAF9-46B1714DF85D","fromDetail":{"output":{"keypad_keys":{"_0":"keypad_9"}},"display":"9"},"toDetailCollection":{}},{"fromDetail":{"display":"7","output":{"keypad_keys":{"_0":"keypad_7"}}},"id":"745D2737-E7A4-4569-A63B-505D1CBFCD61","toDetailCollection":{}}],"idsInOrderRow4":[{"id":"E1202D4C-A78D-450F-BF7B-423092A76115"},{"id":"4090EC7A-C7A1-4E62-A8E7-6C314F9E8720"},{"id":"07091AE6-8433-42FF-A427-9A01797D0523"},{"id":"DC77EE8B-EB23-4C98-84F3-824A85A78A7F"}],"arrow_right":{"id":"EBCC30B0-5D70-49B9-BC3D-C7391249CE32","toDetailCollection":{},"keyShape":"arrow_LR","fromDetail":{"isSFSymbol":true,"output":{"arrow_keys":{"_0":"right_arrow"}},"display":"arrowtriangle.right.fill"}},"enableArrowKeys":false,"idsInOrderRow6":[{"id":"655E94D6-95DD-4FF2-80EC-2A804E1DF811"},{"id":"2942F90E-E528-4CCA-98A1-80CA3F3CE394"}]},"isEnableMain":true,"isEnableSub":false,"mainRows":{"arrow_left":{"fromDetail":{"output":{"arrow_keys":{"_0":"left_arrow"}},"display":"arrowtriangle.left.fill","isSFSymbol":true},"toDetailCollection":{},"keyShape":"arrow_LR","id":"0667EDAD-5CD4-40C4-AE1F-D4CE79CB9714"},"idsInOrderRow2":[{"id":"33F7830F-9697-47EF-83CD-C3FB46767F31"},{"id":"63015831-53B7-48CA-A385-E3A1A6A9103A"},{"id":"10FC59E4-0470-4BA8-903B-EACC807E461B"},{"id":"57F54832-86ED-4567-9E22-A081DE2A9D65"}],"idsInOrderRow5":[{"id":"68EBEF06-43D4-426E-9A7B-1AE0D2E78C22"},{"id":"AF41D438-58DA-449B-9955-41E88DACD7A3"},{"id":"17F2F0D4-BF82-4FA8-948B-03B1960F71C8"},{"id":"1D71D72D-B3F5-49B1-AB92-1603E9E0FABC"}],"row4":[{"id":"45ACCD3B-096F-4617-A372-76E5BF1CBF0E","toDetailCollection":{},"fromDetail":{"output":{"keypad_keys":{"_0":"keypad_6"}},"display":"6"}},{"id":"64CB1DF3-522A-421D-B781-21EC429099A5","toDetailCollection":{},"fromDetail":{"display":"4","output":{"keypad_keys":{"_0":"keypad_4"}}}},{"toDetailCollection":{},"id":"A5D6ECBB-73AB-48FF-A67C-968CCA304031","fromDetail":{"output":{"keypad_keys":{"_0":"keypad_5"}},"display":"5"}},{"id":"1D428599-93C1-465C-89C4-29E4E8E93792","fromDetail":{"display":"+","output":{"keypad_keys":{"_0":"keypad_plus"}}},"toDetailCollection":{}}],"row2":[{"toDetailCollection":{},"fromDetail":{"display":"clear","output":{"others":{"_0":"clear"}}},"id":"33F7830F-9697-47EF-83CD-C3FB46767F31"},{"toDetailCollection":{},"id":"10FC59E4-0470-4BA8-903B-EACC807E461B","fromDetail":{"display":"\/","output":{"keypad_keys":{"_0":"keypad_slash"}}}},{"id":"63015831-53B7-48CA-A385-E3A1A6A9103A","toDetailCollection":{},"fromDetail":{"output":{"keypad_keys":{"_0":"keypad_equal_sign"}},"display":"="}},{"toDetailCollection":{},"id":"57F54832-86ED-4567-9E22-A081DE2A9D65","fromDetail":{"display":"*","output":{"keypad_keys":{"_0":"keypad_asterisk"}}}}],"idsInOrderRow6":[{"id":"72E6A2DB-697C-46E9-BDC8-776CF7E25DB1"},{"id":"CAC57ACA-A7AF-47E7-862A-23546E0308A0"}],"row3":[{"id":"35DAF8A8-A851-4F41-9700-F22A36C026CA","toDetailCollection":{},"fromDetail":{"output":{"keypad_keys":{"_0":"keypad_8"}},"display":"8"}},{"id":"920C484A-7419-4EA9-A64B-277B5B21F7E8","toDetailCollection":{},"fromDetail":{"display":"-","output":{"keypad_keys":{"_0":"keypad_hyphen"}}}},{"id":"2E7280D0-903B-43E3-898E-7C7977D7E7FC","fromDetail":{"output":{"keypad_keys":{"_0":"keypad_9"}},"display":"9"},"toDetailCollection":{}},{"id":"3B9B6449-FBF5-4F7C-83A5-89BCFAB4D6C5","toDetailCollection":{},"fromDetail":{"output":{"keypad_keys":{"_0":"keypad_7"}},"display":"7"}}],"arrow_up":{"fromDetail":{"isSFSymbol":true,"display":"arrowtriangle.up.fill","output":{"arrow_keys":{"_0":"up_arrow"}}},"toDetailCollection":{},"keyShape":"arrow_Up","id":"E5686C78-EBB8-4388-86DF-029469D183C9"},"arrow_down":{"keyShape":"arrow_Down","id":"A5C83DBF-B8C2-4536-AB3B-0905AC8D8462","fromDetail":{"output":{"arrow_keys":{"_0":"down_arrow"}},"display":"arrowtriangle.down.fill","isSFSymbol":true},"toDetailCollection":{}},"idsInOrderRow4":[{"id":"64CB1DF3-522A-421D-B781-21EC429099A5"},{"id":"A5D6ECBB-73AB-48FF-A67C-968CCA304031"},{"id":"45ACCD3B-096F-4617-A372-76E5BF1CBF0E"},{"id":"1D428599-93C1-465C-89C4-29E4E8E93792"}],"idsInOrderRow3":[{"id":"3B9B6449-FBF5-4F7C-83A5-89BCFAB4D6C5"},{"id":"35DAF8A8-A851-4F41-9700-F22A36C026CA"},{"id":"2E7280D0-903B-43E3-898E-7C7977D7E7FC"},{"id":"920C484A-7419-4EA9-A64B-277B5B21F7E8"}],"row1":[{"id":"BE9C6259-73D2-4C37-B562-0DF9AE4999CD","toDetailCollection":{},"fromDetail":{"output":{"function_keys":{"_0":"f19"}},"display":"F19"}},{"fromDetail":{"display":"F17","output":{"function_keys":{"_0":"f17"}}},"toDetailCollection":{},"id":"F146E24F-01CD-4054-A917-4B8C375CBDAE"},{"toDetailCollection":{},"fromDetail":{"display":"F18","output":{"function_keys":{"_0":"f18"}}},"id":"60638513-9B84-4982-A16D-E9455B2631A4"},{"toDetailCollection":{},"id":"10D83828-6866-4791-8CF0-A1B5C9B8A5BF","fromDetail":{"output":{"function_keys":{"_0":"f16"}},"display":"F16"}}],"enableArrowKeys":false,"row5":[{"toDetailCollection":{},"id":"17F2F0D4-BF82-4FA8-948B-03B1960F71C8","fromDetail":{"display":"3","output":{"keypad_keys":{"_0":"keypad_3"}}}},{"id":"68EBEF06-43D4-426E-9A7B-1AE0D2E78C22","fromDetail":{"output":{"keypad_keys":{"_0":"keypad_1"}},"display":"1"},"toDetailCollection":{}},{"id":"1D71D72D-B3F5-49B1-AB92-1603E9E0FABC","keyShape":"enter_Tenkey","fromDetail":{"isSFSymbol":true,"output":{"keypad_keys":{"_0":"keypad_enter"}},"display":"projective"},"toDetailCollection":{}},{"fromDetail":{"display":"2","output":{"keypad_keys":{"_0":"keypad_2"}}},"toDetailCollection":{},"id":"AF41D438-58DA-449B-9955-41E88DACD7A3"}],"arrow_right":{"fromDetail":{"display":"arrowtriangle.right.fill","output":{"arrow_keys":{"_0":"right_arrow"}},"isSFSymbol":true},"keyShape":"arrow_LR","id":"541A78A3-FCB6-4A46-A1FA-666FD9FB9889","toDetailCollection":{}},"idsInOrderRow1":[{"id":"10D83828-6866-4791-8CF0-A1B5C9B8A5BF"},{"id":"F146E24F-01CD-4054-A917-4B8C375CBDAE"},{"id":"60638513-9B84-4982-A16D-E9455B2631A4"},{"id":"BE9C6259-73D2-4C37-B562-0DF9AE4999CD"}],"rowIndex_arrow":{"row6":{}},"row6":[{"toDetailCollection":{},"unitSize":2,"fromDetail":{"display":"0","output":{"keypad_keys":{"_0":"keypad_0"}}},"id":"72E6A2DB-697C-46E9-BDC8-776CF7E25DB1"},{"toDetailCollection":{},"id":"CAC57ACA-A7AF-47E7-862A-23546E0308A0","fromDetail":{"display":".","output":{"keypad_keys":{"_0":"keypad_period"}}}}]},"isEnableTenkey":false,"subRows":{"row3":[{"fromDetail":{"output":{"arrow_keys":{"_0":"page_down"}},"display":"arrow.down","isSFSymbol":true},"id":"D6B855F5-4555-4235-B2C1-C0EE90A16BDC","toDetailCollection":{}},{"fromDetail":{"output":{"arrow_keys":{"_0":"end"}},"display":"arrow.down.to.line","isSFSymbol":true},"toDetailCollection":{},"id":"154B4D59-B55B-4058-B3B0-5DE205DCBF2E"},{"toDetailCollection":{},"id":"E2FDC539-A9A4-44CE-A096-638C0ABB1606","fromDetail":{"isSFSymbol":true,"output":{"controls_and_symbols":{"_0":"delete_forward"}},"display":"delete.right"}}],"rowIndex_arrow":{"row6":{}},"idsInOrderRow5":[{"id":"CD90B130-FA7A-4F0F-90BF-638341C92325"},{"id":"3EB723DF-89CA-4F11-AEA3-6E6F3A7E531F"}],"idsInOrderRow4":[],"arrow_up":{"toDetailCollection":{},"fromDetail":{"isSFSymbol":true,"display":"arrowtriangle.up.fill","output":{"arrow_keys":{"_0":"up_arrow"}}},"keyShape":"arrow_Up","id":"EB67BD0D-1CCC-49EB-A3C9-35B4F5F0FE1C"},"arrow_down":{"keyShape":"arrow_Down","id":"54B10848-977E-482C-B9F8-A205E5FED171","toDetailCollection":{},"fromDetail":{"isSFSymbol":true,"display":"arrowtriangle.down.fill","output":{"arrow_keys":{"_0":"down_arrow"}}}},"idsInOrderRow6":[{"id":"68C3FA2A-9737-48A7-8CAC-49CB5FA3909F"},{"id":"40252413-1C09-4E79-9DE8-5332A9670040"},{"id":"10259D02-EBC8-4A79-AC45-003ABEB75751"}],"row4":[],"idsInOrderRow1":[{"id":"B56833ED-01DB-46AD-B5AF-C0F49D5BC580"},{"id":"AAB6F3D3-AAA1-4660-AEB9-BC18C492F435"},{"id":"D4402A39-914E-47A6-8393-BE7A8AB238E0"}],"row6":[{"id":"68C3FA2A-9737-48A7-8CAC-49CB5FA3909F","fromDetail":{"output":{"arrow_keys":{"_0":"left_arrow"}},"display":"arrowtriangle.left.fill","isSFSymbol":true},"toDetailCollection":{}},{"id":"10259D02-EBC8-4A79-AC45-003ABEB75751","toDetailCollection":{},"fromDetail":{"display":"arrowtriangle.right.fill","isSFSymbol":true,"output":{"arrow_keys":{"_0":"right_arrow"}}}},{"fromDetail":{"output":{"arrow_keys":{"_0":"down_arrow"}},"isSFSymbol":true,"display":"arrowtriangle.down.fill"},"toDetailCollection":{},"id":"40252413-1C09-4E79-9DE8-5332A9670040"}],"row1":[{"fromDetail":{"output":{"function_keys":{"_0":"f15"}},"display":"F15"},"toDetailCollection":{},"id":"D4402A39-914E-47A6-8393-BE7A8AB238E0"},{"id":"AAB6F3D3-AAA1-4660-AEB9-BC18C492F435","toDetailCollection":{},"fromDetail":{"output":{"function_keys":{"_0":"f14"}},"display":"F14"}},{"fromDetail":{"output":{"function_keys":{"_0":"f13"}},"display":"F13"},"toDetailCollection":{},"id":"B56833ED-01DB-46AD-B5AF-C0F49D5BC580"}],"idsInOrderRow2":[{"id":"BC897CDE-29C2-42F2-8417-393EAA9AFAAD"},{"id":"54321B0F-BECA-4A34-B9B9-5E759250F4BB"},{"id":"53529E69-DE15-4757-AD9B-CE4ED69B8E13"}],"row5":[{"fromDetail":{"isSFSymbol":true,"output":{"arrow_keys":{"_0":"up_arrow"}},"display":"arrowtriangle.up.fill"},"toDetailCollection":{},"id":"3EB723DF-89CA-4F11-AEA3-6E6F3A7E531F"},{"id":"CD90B130-FA7A-4F0F-90BF-638341C92325","isSpacer":true,"toDetailCollection":{},"fromDetail":{"output":{"letter_keys":{"_0":"a"}},"display":"A"}}],"enableArrowKeys":false,"arrow_left":{"toDetailCollection":{},"id":"BE984F1B-ABCB-4E71-AED0-767F696C517C","fromDetail":{"output":{"arrow_keys":{"_0":"left_arrow"}},"display":"arrowtriangle.left.fill","isSFSymbol":true},"keyShape":"arrow_LR"},"row2":[{"toDetailCollection":{},"id":"53529E69-DE15-4757-AD9B-CE4ED69B8E13","fromDetail":{"display":"arrow.up","isSFSymbol":true,"output":{"arrow_keys":{"_0":"page_up"}}}},{"fromDetail":{"display":"arrow.up.to.line","isSFSymbol":true,"output":{"arrow_keys":{"_0":"home"}}},"id":"54321B0F-BECA-4A34-B9B9-5E759250F4BB","toDetailCollection":{}},{"id":"BC897CDE-29C2-42F2-8417-393EAA9AFAAD","fromDetail":{"output":{"keys_in_pc_keyboards":{"_0":"insert"}},"display":"text.insert","isSFSymbol":true},"toDetailCollection":{}}],"idsInOrderRow3":[{"id":"E2FDC539-A9A4-44CE-A096-638C0ABB1606"},{"id":"154B4D59-B55B-4058-B3B0-5DE205DCBF2E"},{"id":"D6B855F5-4555-4235-B2C1-C0EE90A16BDC"}],"arrow_right":{"toDetailCollection":{},"id":"7AE48155-5B7A-42E8-AF9C-62D9A0EEBEC5","fromDetail":{"output":{"arrow_keys":{"_0":"right_arrow"}},"isSFSymbol":true,"display":"arrowtriangle.right.fill"},"keyShape":"arrow_LR"}},"sectionDetail":{"section":{"other":{}},"deviceDetail":{"is_builtin_keyboard":false,"vendor_id":"vendor_id","is_product_id_Enabled":false,"location_id":"location_id","device_name":"otherDevice","is_vendor_id_Enabled":false,"product_id":"product_id","is_location_id_Enabled":false}}},"mouse":{"isEnableSub":false,"mainRows":{"idsInOrderRow1":[{"id":"1862F025-E953-4078-B35B-A37647C0BB61"},{"id":"3895E3DF-B5B2-41C0-99D8-8FB5280CDACE"}],"row2":[{"toDetailCollection":{},"id":"E5A5477E-CE5B-4B00-8CD9-89999CA999C1","fromDetail":{"display":"M click","output":{"mouse_buttons":{"_0":"button3"}}}},{"fromDetail":{"output":{"letter_keys":{"_0":"a"}},"display":"A"},"unitSize":0.5,"toDetailCollection":{},"isSpacer":true,"id":"B6E4E9E8-54BC-42CB-AEF5-37EC0E992A48"}],"row6":[],"idsInOrderRow6":[],"row4":[{"toDetailCollection":{},"id":"64AC2DEB-BF29-4A76-8E03-57E9C3825DD3","isSpacer":true,"fromDetail":{"display":"A","output":{"letter_keys":{"_0":"a"}}}}],"arrow_down":{"fromDetail":{"output":{"arrow_keys":{"_0":"down_arrow"}},"display":"arrowtriangle.down.fill","isSFSymbol":true},"id":"2EB78D01-603D-4AB0-B82D-30127AD9E61E","keyShape":"arrow_Down","toDetailCollection":{}},"idsInOrderRow5":[],"arrow_up":{"fromDetail":{"isSFSymbol":true,"output":{"arrow_keys":{"_0":"up_arrow"}},"display":"arrowtriangle.up.fill"},"toDetailCollection":{},"id":"C56DCB4E-E912-450D-8768-9F3B77A39FC3","keyShape":"arrow_Up"},"idsInOrderRow2":[{"id":"B6E4E9E8-54BC-42CB-AEF5-37EC0E992A48"},{"id":"E5A5477E-CE5B-4B00-8CD9-89999CA999C1"}],"idsInOrderRow4":[{"id":"64AC2DEB-BF29-4A76-8E03-57E9C3825DD3"}],"rowIndex_arrow":{"row6":{}},"row3":[{"isSpacer":true,"toDetailCollection":{},"id":"8BAA91DA-83CE-4DF9-A559-CF9C664B3F6F","fromDetail":{"display":"A","output":{"letter_keys":{"_0":"a"}}}}],"enableArrowKeys":false,"idsInOrderRow3":[{"id":"8BAA91DA-83CE-4DF9-A559-CF9C664B3F6F"}],"row1":[{"toDetailCollection":{},"fromDetail":{"display":"R click","output":{"mouse_buttons":{"_0":"button2"}}},"id":"3895E3DF-B5B2-41C0-99D8-8FB5280CDACE"},{"fromDetail":{"output":{"mouse_buttons":{"_0":"button1"}},"display":"L click"},"id":"1862F025-E953-4078-B35B-A37647C0BB61","toDetailCollection":{}}],"row5":[],"arrow_left":{"toDetailCollection":{},"fromDetail":{"output":{"arrow_keys":{"_0":"left_arrow"}},"isSFSymbol":true,"display":"arrowtriangle.left.fill"},"id":"FBFE8AF1-1336-43E2-ACAF-5C3E30D74F9D","keyShape":"arrow_LR"},"arrow_right":{"fromDetail":{"output":{"arrow_keys":{"_0":"right_arrow"}},"display":"arrowtriangle.right.fill","isSFSymbol":true},"id":"685BD45A-AB09-4F65-8C3F-745C048F7FBB","toDetailCollection":{},"keyShape":"arrow_LR"}},"subRows":{"row4":[{"fromDetail":{"display":"A","output":{"letter_keys":{"_0":"a"}}},"toDetailCollection":{},"id":"DB7A88E1-7F6B-4169-BF63-053E98F0399A"}],"rowIndex_arrow":{"row6":{}},"idsInOrderRow5":[{"id":"E4AB2DD1-8992-413E-A803-8D539BA35071"}],"row2":[{"toDetailCollection":{},"fromDetail":{"output":{"letter_keys":{"_0":"a"}},"display":"A"},"id":"AC7FA356-466C-43EF-8801-877016A686C4"}],"idsInOrderRow1":[{"id":"34F1FD06-A21E-411F-B1A6-0EE152885CB4"}],"idsInOrderRow6":[{"id":"EAB0F2C2-9462-4A6E-A786-B6A822A3C4F8"}],"row1":[{"id":"34F1FD06-A21E-411F-B1A6-0EE152885CB4","fromDetail":{"display":"A","output":{"letter_keys":{"_0":"a"}}},"toDetailCollection":{}}],"idsInOrderRow4":[{"id":"DB7A88E1-7F6B-4169-BF63-053E98F0399A"}],"enableArrowKeys":false,"arrow_up":{"keyShape":"arrow_Up","fromDetail":{"display":"arrowtriangle.up.fill","isSFSymbol":true,"output":{"arrow_keys":{"_0":"up_arrow"}}},"toDetailCollection":{},"id":"485237AE-A3FA-4BC2-BE54-02457FF59004"},"arrow_down":{"fromDetail":{"display":"arrowtriangle.down.fill","isSFSymbol":true,"output":{"arrow_keys":{"_0":"down_arrow"}}},"keyShape":"arrow_Down","id":"C237B1C3-B194-4D3B-810B-1862811F7A5F","toDetailCollection":{}},"row3":[{"fromDetail":{"display":"A","output":{"letter_keys":{"_0":"a"}}},"toDetailCollection":{},"id":"76D44FE1-4109-4627-9E3D-88D40C05685C"}],"row6":[{"fromDetail":{"display":"A","output":{"letter_keys":{"_0":"a"}}},"toDetailCollection":{},"id":"EAB0F2C2-9462-4A6E-A786-B6A822A3C4F8"}],"arrow_right":{"id":"6D9E4A33-3302-42B5-9897-33CEFA38502D","fromDetail":{"isSFSymbol":true,"display":"arrowtriangle.right.fill","output":{"arrow_keys":{"_0":"right_arrow"}}},"toDetailCollection":{},"keyShape":"arrow_LR"},"idsInOrderRow2":[{"id":"AC7FA356-466C-43EF-8801-877016A686C4"}],"row5":[{"toDetailCollection":{},"fromDetail":{"display":"A","output":{"letter_keys":{"_0":"a"}}},"id":"E4AB2DD1-8992-413E-A803-8D539BA35071"}],"idsInOrderRow3":[{"id":"76D44FE1-4109-4627-9E3D-88D40C05685C"}],"arrow_left":{"keyShape":"arrow_LR","fromDetail":{"output":{"arrow_keys":{"_0":"left_arrow"}},"display":"arrowtriangle.left.fill","isSFSymbol":true},"id":"ACE7DCA0-D6F2-4289-A343-749E65A2C8BF","toDetailCollection":{}}},"isEnableTenkey":false,"sectionDetail":{"section":{"mouse":{}},"deviceDetail":{"vendor_id":"vendor_id","is_product_id_Enabled":false,"product_id":"product_id","is_builtin_keyboard":false,"location_id":"location_id","device_name":"mouse","is_location_id_Enabled":false,"is_vendor_id_Enabled":false}},"isEnableMain":true,"tenkeyRows":{"row3":[{"id":"FB375175-1586-4081-A429-12E020E73995","fromDetail":{"display":"A","output":{"letter_keys":{"_0":"a"}}},"toDetailCollection":{}}],"idsInOrderRow4":[{"id":"B10772C3-9D2D-4F3E-83A1-4A7E35BC06EB"}],"idsInOrderRow2":[{"id":"B34D7780-6583-4FAB-9F33-1D2E3F991C20"}],"rowIndex_arrow":{"row6":{}},"arrow_right":{"toDetailCollection":{},"keyShape":"arrow_LR","fromDetail":{"display":"arrowtriangle.right.fill","output":{"arrow_keys":{"_0":"right_arrow"}},"isSFSymbol":true},"id":"DC2E8FF1-B400-4C37-AE91-003CE1F4D032"},"row4":[{"id":"B10772C3-9D2D-4F3E-83A1-4A7E35BC06EB","fromDetail":{"display":"A","output":{"letter_keys":{"_0":"a"}}},"toDetailCollection":{}}],"idsInOrderRow1":[{"id":"DDBBD6A8-47A6-4305-81CE-BEC82F15F8BF"}],"idsInOrderRow3":[{"id":"FB375175-1586-4081-A429-12E020E73995"}],"row2":[{"id":"B34D7780-6583-4FAB-9F33-1D2E3F991C20","fromDetail":{"display":"A","output":{"letter_keys":{"_0":"a"}}},"toDetailCollection":{}}],"row5":[{"fromDetail":{"display":"A","output":{"letter_keys":{"_0":"a"}}},"id":"B216AA9C-9E33-4F13-8F16-4EDA864B8343","toDetailCollection":{}}],"enableArrowKeys":false,"arrow_up":{"fromDetail":{"output":{"arrow_keys":{"_0":"up_arrow"}},"isSFSymbol":true,"display":"arrowtriangle.up.fill"},"keyShape":"arrow_Up","id":"306DDE6C-E19B-4360-8DB0-DDB0DF71E917","toDetailCollection":{}},"idsInOrderRow5":[{"id":"B216AA9C-9E33-4F13-8F16-4EDA864B8343"}],"idsInOrderRow6":[{"id":"E1CE281F-1C48-4934-895A-BD5B27FFAC9F"}],"row1":[{"id":"DDBBD6A8-47A6-4305-81CE-BEC82F15F8BF","fromDetail":{"display":"A","output":{"letter_keys":{"_0":"a"}}},"toDetailCollection":{}}],"row6":[{"id":"E1CE281F-1C48-4934-895A-BD5B27FFAC9F","toDetailCollection":{},"fromDetail":{"output":{"letter_keys":{"_0":"a"}},"display":"A"}}],"arrow_down":{"fromDetail":{"display":"arrowtriangle.down.fill","output":{"arrow_keys":{"_0":"down_arrow"}},"isSFSymbol":true},"toDetailCollection":{},"keyShape":"arrow_Down","id":"36FA6894-D585-4135-BA0E-FB944491AAC8"},"arrow_left":{"keyShape":"arrow_LR","toDetailCollection":{},"fromDetail":{"output":{"arrow_keys":{"_0":"left_arrow"}},"display":"arrowtriangle.left.fill","isSFSymbol":true},"id":"32A6505B-7CA5-441E-893E-87BB34EF1D04"}}},"validSections":{"sections":[{"main":{}}]},"main":{"mainRows":{"row2":[{"fromDetail":{"output":{"number_keys":{"_0":"zero"}},"display":"0"},"id":"AB994960-5084-4967-9412-377D038E7026","toDetailCollection":{}},{"toDetailCollection":{},"id":"3DB0D4EE-ADEF-48C9-9DDF-FCDB59758CC8","fromDetail":{"display":"7","output":{"number_keys":{"_0":"seven"}}}},{"fromDetail":{"output":{"number_keys":{"_0":"nine"}},"display":"9"},"toDetailCollection":{},"id":"DE1D0721-0AA7-462E-8A02-024BFFD6B81F"},{"toDetailCollection":{},"id":"1FA6E20A-DAC8-4A75-9D30-2D3CC0F5256F","fromDetail":{"display":"2","output":{"number_keys":{"_0":"two"}}}},{"fromDetail":{"display":"8","output":{"number_keys":{"_0":"eight"}}},"id":"74F43097-C5AA-49AA-A06A-FDF9D8C9D2A1","toDetailCollection":{}},{"toDetailCollection":{},"id":"EDBC9291-6094-49FF-831C-E3B920ED376B","fromDetail":{"output":{"number_keys":{"_0":"three"}},"display":"3"}},{"toDetailCollection":{},"fromDetail":{"display":"4","output":{"number_keys":{"_0":"four"}}},"id":"D036FCFF-D313-4BBA-B60F-BE0D097377A8"},{"toDetailCollection":{},"fromDetail":{"display":"=","output":{"controls_and_symbols":{"_0":"equal_sign_or_caret"}}},"id":"010AF72C-1364-4ACE-8000-86C885366D64"},{"fromDetail":{"display":"§","output":{"controls_and_symbols":{"_0":"section"}}},"id":"D42899EC-A0B0-4D04-9680-035177A54926","toDetailCollection":{}},{"id":"2AA6287E-4650-498A-93D2-945F9F14532A","fromDetail":{"display":"-","output":{"controls_and_symbols":{"_0":"hyphen"}}},"toDetailCollection":{}},{"id":"24ABABBA-DC60-4C8A-A920-2D3CC66AD760","toDetailCollection":{},"fromDetail":{"display":"6","output":{"number_keys":{"_0":"six"}}}},{"fromDetail":{"output":{"number_keys":{"_0":"five"}},"display":"5"},"toDetailCollection":{},"id":"EE94CF6D-AE27-4B10-AE02-DF9982DFF32E"},{"id":"EF2C35FD-954D-43B2-9CD2-53185F2FDD8D","fromDetail":{"output":{"number_keys":{"_0":"one"}},"display":"1"},"toDetailCollection":{}},{"unitSize":1.5,"toDetailCollection":{},"id":"C69D04A0-7397-4103-9769-5D5D399EE804","fromDetail":{"isSFSymbol":true,"display":"delete.left","output":{"controls_and_symbols":{"_0":"delete_or_backspace"}}}}],"idsInOrderRow6":[{"id":"9FA2FA2D-78C5-49B2-9435-5BCCD668A9CF"},{"id":"C1CAC0F4-A0C4-4A8D-934D-753365B14AB8"},{"id":"74576DC1-0489-4770-86AB-F3EA915DF857"},{"id":"AE7137A0-67BD-4278-9E83-6CE1BFC79E9D"},{"id":"90AFDFB9-4E0A-4040-8D52-F1AAA4F5EA7D"},{"id":"21DB7315-F614-45C3-917B-F2D1CF4C22EC"},{"id":"18E0CF67-DA8E-40EB-BA76-64D385FB4071"}],"row1":[{"id":"DC4556AF-F8AA-4736-A11D-C9FF699DEB03","fromDetail":{"output":{"function_keys":{"_0":"f10"}},"display":"F10"},"toDetailCollection":{}},{"id":"2ED17CE6-68FB-4692-8C8A-32C9FC2133FE","toDetailCollection":{},"fromDetail":{"display":"F9","output":{"function_keys":{"_0":"f9"}}}},{"toDetailCollection":{},"fromDetail":{"output":{"function_keys":{"_0":"f4"}},"display":"F4"},"id":"150509EE-8EB1-45F3-BFD8-11730490151C"},{"fromDetail":{"output":{"function_keys":{"_0":"f7"}},"display":"F7"},"id":"6BCCDCD0-3177-4F0D-A3A2-84BE7FF8D51E","toDetailCollection":{}},{"id":"7F75CA80-EEED-4631-B8E4-00A04F683080","fromDetail":{"output":{"function_keys":{"_0":"f5"}},"display":"F5"},"toDetailCollection":{}},{"id":"96155841-1943-48FB-8B31-E35C21B6DC86","toDetailCollection":{},"fromDetail":{"output":{"function_keys":{"_0":"f2"}},"display":"F2"}},{"id":"9F0A3013-0086-432B-A461-20D20FC40253","fromDetail":{"display":"F1","output":{"function_keys":{"_0":"f1"}}},"toDetailCollection":{}},{"fromDetail":{"output":{"function_keys":{"_0":"f12"}},"display":"F12"},"toDetailCollection":{},"id":"C830D6E6-8965-4F7C-BBF1-26063518CEE1"},{"toDetailCollection":{},"id":"2F9A35EF-92D3-4813-9DC3-641B15E0554C","fromDetail":{"output":{"controls_and_symbols":{"_0":"escape"}},"display":"escape","isSFSymbol":true},"unitSize":1.5},{"fromDetail":{"output":{"function_keys":{"_0":"f8"}},"display":"F8"},"toDetailCollection":{},"id":"E5643380-2CB4-484D-A871-3EAC45DAA7F6"},{"fromDetail":{"output":{"function_keys":{"_0":"f3"}},"display":"F3"},"id":"1AF341DA-DBEE-46F0-911C-1B65CECD2559","toDetailCollection":{}},{"id":"3C04D5BE-FBE8-436D-81B4-E50059C4FDB6","toDetailCollection":{},"fromDetail":{"output":{"function_keys":{"_0":"f11"}},"display":"F11"}},{"toDetailCollection":{},"id":"210C4439-08FF-4AA8-AC01-2E1DAD90D98C","fromDetail":{"output":{"function_keys":{"_0":"f6"}},"display":"F6"}}],"enableArrowKeys":true,"arrow_up":{"id":"F2590D13-9E0C-4FAC-9F4B-99AB1E7F5438","keyShape":"arrow_Up","toDetailCollection":{},"fromDetail":{"isSFSymbol":true,"display":"arrowtriangle.up.fill","output":{"arrow_keys":{"_0":"up_arrow"}}}},"idsInOrderRow5":[{"id":"0144D2FA-7959-407D-8113-DB95B20EE965"},{"id":"398C9085-AD04-4266-86D4-14A7BCF531CC"},{"id":"2C24464A-E993-4D25-A1CF-2FA1510406EC"},{"id":"9A82630F-8CEB-46A5-9A43-A1DD301D5E2E"},{"id":"876E32F7-2998-4896-913C-F3211B29F333"},{"id":"42C3B4F9-8BFC-4888-9490-8A33FDD0FB99"},{"id":"6355369D-BF93-4E57-B93B-0AF1F0A4B1F9"},{"id":"2CFA7882-64B8-42C6-A623-5F815B7FBBD1"},{"id":"2D3098CF-0CA9-48CE-BEB8-EB3CFBE69AED"},{"id":"258DAE10-24D2-4014-9C64-1C1B096AA67A"},{"id":"3C4C678C-9192-4969-8DB8-D1D9D30C9FDF"},{"id":"DB2E5756-758B-4E10-B830-6CF5A7711926"},{"id":"1DB6084B-27C4-4FA7-A131-890E2C5BA096"}],"row3":[{"id":"69972B23-E417-437E-9682-81ADFF33D5E1","fromDetail":{"display":"I","output":{"letter_keys":{"_0":"i"}}},"toDetailCollection":{"condition0":{"layer0":{"outputAndDisplay_tap":{"layerKey":"layer0","output":{"letter_keys":{"_0":"o"}},"display":"O"},"withModifier_tap":{},"isCustomized_tap":true}}}},{"toDetailCollection":{"condition0":{"layer0":{"outputAndDisplay_tap":{"display":"K","output":{"letter_keys":{"_0":"k"}},"layerKey":"layer0"},"withModifier_tap":{},"isCustomized_tap":true}}},"id":"14D681C0-8EC9-4513-A7DF-6D01D91FAF00","fromDetail":{"display":"Y","output":{"letter_keys":{"_0":"y"}}}},{"toDetailCollection":{"condition0":{"layer0":{"isCustomized_tap":true,"outputAndDisplay_tap":{"display":"P","output":{"letter_keys":{"_0":"p"}},"layerKey":"layer0"},"withModifier_tap":{}}}},"id":"5A4E7CC6-E26A-449F-9C95-1BBCB5BE6141","fromDetail":{"display":"U","output":{"letter_keys":{"_0":"u"}}}},{"keyShape":"enter_UK","fromDetail":{"isSFSymbol":true,"output":{"controls_and_symbols":{"_0":"return_or_enter"}},"display":"return"},"toDetailCollection":{},"id":"29C5985E-9B41-4981-8612-9AD9E85EA4B3"},{"fromDetail":{"display":"P","output":{"letter_keys":{"_0":"p"}}},"id":"6B615E85-A86F-4E9F-B380-79D013FCC8A4","toDetailCollection":{"condition0":{"layer0":{"isCustomized_tap":true,"withModifier_tap":{},"outputAndDisplay_tap":{"display":";","layerKey":"layer0","output":{"controls_and_symbols":{"_0":"semicolon"}}}}}}},{"fromDetail":{"display":"Q","output":{"letter_keys":{"_0":"q"}}},"id":"163E1253-EFC7-4217-AEE0-F51D5EAA026F","toDetailCollection":{"condition0":{"layer0":{"withModifier_tap":{},"outputAndDisplay_tap":{"layerKey":"layer0","output":{"letter_keys":{"_0":"y"}},"display":"Y"},"isCustomized_tap":true}}}},{"fromDetail":{"output":{"controls_and_symbols":{"_0":"close_square_bracket"}},"display":"]"},"toDetailCollection":{},"id":"E5B157CB-E52A-49DB-94DE-BCD651FD5AA4"},{"toDetailCollection":{},"unitSize":1.5,"id":"8E3C9737-88E5-4C8E-B3B6-16938A7458EC","fromDetail":{"output":{"controls_and_symbols":{"_0":"tab"}},"isSFSymbol":true,"display":"arrow.right.to.line"}},{"id":"4E75FBD7-6385-4250-8616-7F055CE98E20","fromDetail":{"output":{"controls_and_symbols":{"_0":"open_square_bracket"}},"display":"["},"toDetailCollection":{}},{"id":"FD4303F8-E7EE-4058-AEC2-6B4E54DAEEC8","fromDetail":{"display":"W","output":{"letter_keys":{"_0":"w"}}},"toDetailCollection":{}},{"fromDetail":{"display":"R","output":{"letter_keys":{"_0":"r"}}},"toDetailCollection":{"condition0":{"layer0":{"isCustomized_tap":true,"withModifier_tap":{},"outputAndDisplay_tap":{"display":"L","layerKey":"layer0","output":{"letter_keys":{"_0":"l"}}}}}},"id":"D1BF4827-7B86-49A5-A155-127D2E702001"},{"id":"7ED3F6D1-DCB2-4695-A9CA-6A992B712325","fromDetail":{"display":"O","output":{"letter_keys":{"_0":"o"}}},"toDetailCollection":{"condition0":{"layer0":{"withModifier_tap":{},"isCustomized_tap":true,"outputAndDisplay_tap":{"display":"Q","output":{"letter_keys":{"_0":"q"}},"layerKey":"layer0"}}}}},{"fromDetail":{"display":"E","output":{"letter_keys":{"_0":"e"}}},"toDetailCollection":{"condition0":{"layer0":{"withModifier_tap":{},"isCustomized_tap":true,"outputAndDisplay_tap":{"display":"F","output":{"letter_keys":{"_0":"f"}},"layerKey":"layer0"}}}},"id":"E0311692-F5FD-4092-BAB3-7A6373A0847F"},{"toDetailCollection":{"condition0":{"layer0":{"outputAndDisplay_tap":{"display":"M","output":{"letter_keys":{"_0":"m"}},"layerKey":"layer0"},"isCustomized_tap":true,"withModifier_tap":{}}}},"id":"DAE675FE-85A2-46C9-BBFB-45B9652A8A9E","fromDetail":{"display":"T","output":{"letter_keys":{"_0":"t"}}}}],"rowIndex_arrow":{"row6":{}},"arrow_down":{"keyShape":"arrow_Down","id":"377518B3-6F7A-4E93-BB68-C7DAAEB77C2D","fromDetail":{"display":"arrowtriangle.down.fill","isSFSymbol":true,"output":{"arrow_keys":{"_0":"down_arrow"}}},"toDetailCollection":{}},"idsInOrderRow1":[{"id":"2F9A35EF-92D3-4813-9DC3-641B15E0554C"},{"id":"9F0A3013-0086-432B-A461-20D20FC40253"},{"id":"96155841-1943-48FB-8B31-E35C21B6DC86"},{"id":"1AF341DA-DBEE-46F0-911C-1B65CECD2559"},{"id":"150509EE-8EB1-45F3-BFD8-11730490151C"},{"id":"7F75CA80-EEED-4631-B8E4-00A04F683080"},{"id":"210C4439-08FF-4AA8-AC01-2E1DAD90D98C"},{"id":"6BCCDCD0-3177-4F0D-A3A2-84BE7FF8D51E"},{"id":"E5643380-2CB4-484D-A871-3EAC45DAA7F6"},{"id":"2ED17CE6-68FB-4692-8C8A-32C9FC2133FE"},{"id":"DC4556AF-F8AA-4736-A11D-C9FF699DEB03"},{"id":"3C04D5BE-FBE8-436D-81B4-E50059C4FDB6"},{"id":"C830D6E6-8965-4F7C-BBF1-26063518CEE1"}],"row6":[{"id":"18E0CF67-DA8E-40EB-BA76-64D385FB4071","fromDetail":{"isSFSymbol":true,"output":{"modifier_keys":{"_0":"right_option"}},"display":"option"},"toDetailCollection":{}},{"unitSize":5,"fromDetail":{"display":"␣","output":{"controls_and_symbols":{"_0":"spacebar"}}},"id":"90AFDFB9-4E0A-4040-8D52-F1AAA4F5EA7D","toDetailCollection":{}},{"fromDetail":{"output":{"modifier_keys":{"_0":"keyboard_fn"}},"display":"globe","isSFSymbol":true},"id":"9FA2FA2D-78C5-49B2-9435-5BCCD668A9CF","toDetailCollection":{}},{"toDetailCollection":{},"unitSize":1.25,"id":"AE7137A0-67BD-4278-9E83-6CE1BFC79E9D","fromDetail":{"isSFSymbol":true,"display":"command","output":{"modifier_keys":{"_0":"left_command"}}}},{"unitSize":1.25,"fromDetail":{"output":{"modifier_keys":{"_0":"right_command"}},"display":"command","isSFSymbol":true},"id":"21DB7315-F614-45C3-917B-F2D1CF4C22EC","toDetailCollection":{}},{"id":"C1CAC0F4-A0C4-4A8D-934D-753365B14AB8","fromDetail":{"isSFSymbol":true,"display":"control","output":{"modifier_keys":{"_0":"left_control"}}},"toDetailCollection":{}},{"id":"74576DC1-0489-4770-86AB-F3EA915DF857","toDetailCollection":{},"fromDetail":{"output":{"modifier_keys":{"_0":"left_option"}},"isSFSymbol":true,"display":"option"}}],"arrow_left":{"id":"D2FFBFE3-4102-44CD-B0B0-68C4C32476B5","keyShape":"arrow_LR","toDetailCollection":{},"fromDetail":{"display":"arrowtriangle.left.fill","isSFSymbol":true,"output":{"arrow_keys":{"_0":"left_arrow"}}}},"idsInOrderRow2":[{"id":"D42899EC-A0B0-4D04-9680-035177A54926"},{"id":"EF2C35FD-954D-43B2-9CD2-53185F2FDD8D"},{"id":"1FA6E20A-DAC8-4A75-9D30-2D3CC0F5256F"},{"id":"EDBC9291-6094-49FF-831C-E3B920ED376B"},{"id":"D036FCFF-D313-4BBA-B60F-BE0D097377A8"},{"id":"EE94CF6D-AE27-4B10-AE02-DF9982DFF32E"},{"id":"24ABABBA-DC60-4C8A-A920-2D3CC66AD760"},{"id":"3DB0D4EE-ADEF-48C9-9DDF-FCDB59758CC8"},{"id":"74F43097-C5AA-49AA-A06A-FDF9D8C9D2A1"},{"id":"DE1D0721-0AA7-462E-8A02-024BFFD6B81F"},{"id":"AB994960-5084-4967-9412-377D038E7026"},{"id":"2AA6287E-4650-498A-93D2-945F9F14532A"},{"id":"010AF72C-1364-4ACE-8000-86C885366D64"},{"id":"C69D04A0-7397-4103-9769-5D5D399EE804"}],"idsInOrderRow3":[{"id":"8E3C9737-88E5-4C8E-B3B6-16938A7458EC"},{"id":"163E1253-EFC7-4217-AEE0-F51D5EAA026F"},{"id":"FD4303F8-E7EE-4058-AEC2-6B4E54DAEEC8"},{"id":"E0311692-F5FD-4092-BAB3-7A6373A0847F"},{"id":"D1BF4827-7B86-49A5-A155-127D2E702001"},{"id":"DAE675FE-85A2-46C9-BBFB-45B9652A8A9E"},{"id":"14D681C0-8EC9-4513-A7DF-6D01D91FAF00"},{"id":"5A4E7CC6-E26A-449F-9C95-1BBCB5BE6141"},{"id":"69972B23-E417-437E-9682-81ADFF33D5E1"},{"id":"7ED3F6D1-DCB2-4695-A9CA-6A992B712325"},{"id":"6B615E85-A86F-4E9F-B380-79D013FCC8A4"},{"id":"4E75FBD7-6385-4250-8616-7F055CE98E20"},{"id":"E5B157CB-E52A-49DB-94DE-BCD651FD5AA4"},{"id":"29C5985E-9B41-4981-8612-9AD9E85EA4B3"}],"arrow_right":{"keyShape":"arrow_LR","toDetailCollection":{},"fromDetail":{"isSFSymbol":true,"display":"arrowtriangle.right.fill","output":{"arrow_keys":{"_0":"right_arrow"}}},"id":"87D4FD10-2526-4D4F-A921-6BED33860BBC"},"row5":[{"toDetailCollection":{},"fromDetail":{"display":",","output":{"controls_and_symbols":{"_0":"comma"}}},"id":"258DAE10-24D2-4014-9C64-1C1B096AA67A"},{"fromDetail":{"output":{"letter_keys":{"_0":"n"}},"display":"N"},"id":"2CFA7882-64B8-42C6-A623-5F815B7FBBD1","toDetailCollection":{"condition0":{"layer0":{"isCustomized_tap":true,"withModifier_tap":{},"outputAndDisplay_tap":{"layerKey":"layer0","output":{"letter_keys":{"_0":"b"}},"display":"B"}}}}},{"id":"0144D2FA-7959-407D-8113-DB95B20EE965","unitSize":1.25,"toDetailCollection":{},"fromDetail":{"display":"shift","isSFSymbol":true,"output":{"modifier_keys":{"_0":"left_shift"}}}},{"toDetailCollection":{},"id":"2C24464A-E993-4D25-A1CF-2FA1510406EC","fromDetail":{"output":{"letter_keys":{"_0":"z"}},"display":"Z"}},{"fromDetail":{"display":"`","output":{"controls_and_symbols":{"_0":"grave_accent"}}},"toDetailCollection":{},"id":"398C9085-AD04-4266-86D4-14A7BCF531CC"},{"fromDetail":{"display":"M","output":{"letter_keys":{"_0":"m"}}},"toDetailCollection":{"condition0":{"layer0":{"outputAndDisplay_tap":{"output":{"letter_keys":{"_0":"g"}},"layerKey":"layer0","display":"G"},"withModifier_tap":{},"isCustomized_tap":true}}},"id":"2D3098CF-0CA9-48CE-BEB8-EB3CFBE69AED"},{"id":"42C3B4F9-8BFC-4888-9490-8A33FDD0FB99","fromDetail":{"output":{"letter_keys":{"_0":"v"}},"display":"V"},"toDetailCollection":{}},{"toDetailCollection":{},"fromDetail":{"display":".","output":{"controls_and_symbols":{"_0":"period"}}},"id":"3C4C678C-9192-4969-8DB8-D1D9D30C9FDF"},{"id":"DB2E5756-758B-4E10-B830-6CF5A7711926","toDetailCollection":{},"fromDetail":{"output":{"controls_and_symbols":{"_0":"slash"}},"display":"\/"}},{"id":"9A82630F-8CEB-46A5-9A43-A1DD301D5E2E","fromDetail":{"output":{"letter_keys":{"_0":"x"}},"display":"X"},"toDetailCollection":{}},{"id":"876E32F7-2998-4896-913C-F3211B29F333","fromDetail":{"display":"C","output":{"letter_keys":{"_0":"c"}}},"toDetailCollection":{}},{"fromDetail":{"output":{"letter_keys":{"_0":"b"}},"display":"B"},"toDetailCollection":{"condition0":{"layer0":{"isCustomized_tap":true,"withModifier_tap":{},"outputAndDisplay_tap":{"output":{"letter_keys":{"_0":"j"}},"layerKey":"layer0","display":"J"}}}},"id":"6355369D-BF93-4E57-B93B-0AF1F0A4B1F9"},{"unitSize":2.25,"id":"1DB6084B-27C4-4FA7-A131-890E2C5BA096","fromDetail":{"output":{"modifier_keys":{"_0":"right_shift"}},"display":"shift","isSFSymbol":true},"toDetailCollection":{}}],"row4":[{"toDetailCollection":{"condition0":{"layer0":{"isCustomized_tap":true,"withModifier_tap":{},"outputAndDisplay_tap":{"layerKey":"layer0","display":"T","output":{"letter_keys":{"_0":"t"}}}}}},"fromDetail":{"output":{"letter_keys":{"_0":"j"}},"display":"J"},"id":"EF503E1B-D9AD-4A6D-8306-76A17BC67B98"},{"fromDetail":{"display":"H","output":{"letter_keys":{"_0":"h"}}},"toDetailCollection":{"condition0":{"layer0":{"withModifier_tap":{},"isCustomized_tap":true,"outputAndDisplay_tap":{"layerKey":"layer0","output":{"letter_keys":{"_0":"d"}},"display":"D"}}}},"id":"1B090523-DEE6-425D-A338-CBA5A4493DFE"},{"toDetailCollection":{},"id":"F58A5B7F-8921-45A3-AD5E-E56B1B4A84AA","fromDetail":{"display":"'","output":{"controls_and_symbols":{"_0":"single_quotation_or_colon"}}}},{"fromDetail":{"output":{"letter_keys":{"_0":"s"}},"display":"S"},"toDetailCollection":{"condition0":{"layer0":{"withModifier_tap":{},"outputAndDisplay_tap":{"display":"R","layerKey":"layer0","output":{"letter_keys":{"_0":"r"}}},"isCustomized_tap":true}}},"id":"2FB5EE56-90A3-4977-9D5C-B48F0855A824"},{"fromDetail":{"display":"F","output":{"letter_keys":{"_0":"f"}}},"toDetailCollection":{"condition0":{"layer0":{"withModifier_tap":{},"isCustomized_tap":true,"outputAndDisplay_tap":{"display":"N","output":{"letter_keys":{"_0":"n"}},"layerKey":"layer0"}}}},"id":"BA1180D2-7B45-461C-9DB0-4A84345A7263"},{"toDetailCollection":{"condition0":{"layer0":{"outputAndDisplay_tap":{"output":{"letter_keys":{"_0":"a"}},"layerKey":"layer0","display":"A"},"isCustomized_tap":true,"withModifier_tap":{}}}},"id":"DEDEB875-BBA3-4BE6-8C43-E5575B8F899F","fromDetail":{"output":{"letter_keys":{"_0":"l"}},"display":"L"}},{"id":"BB4C9B1F-1983-4FDA-8C58-79EE8CF167CC","fromDetail":{"output":{"letter_keys":{"_0":"a"}},"display":"A"},"toDetailCollection":{"condition0":{"layer0":{"outputAndDisplay_tap":{"output":{"letter_keys":{"_0":"u"}},"display":"U","layerKey":"layer0"},"isCustomized_tap":true,"withModifier_tap":{}}}}},{"toDetailCollection":{"condition0":{"layer0":{"withModifier_tap":{},"isCustomized_tap":true,"outputAndDisplay_tap":{"display":"I","output":{"letter_keys":{"_0":"i"}},"layerKey":"layer0"}}}},"fromDetail":{"display":";","output":{"controls_and_symbols":{"_0":"semicolon"}}},"id":"9A824BB1-6230-4103-9B5F-1D6D32753A8F"},{"fromDetail":{"output":{"letter_keys":{"_0":"k"}},"display":"K"},"id":"C8C5C881-4A67-474E-809A-5223E90EF1FB","toDetailCollection":{"condition0":{"layer0":{"isCustomized_tap":true,"withModifier_tap":{},"outputAndDisplay_tap":{"output":{"letter_keys":{"_0":"e"}},"display":"E","layerKey":"layer0"}}}}},{"fromDetail":{"output":{"letter_keys":{"_0":"g"}},"display":"G"},"id":"E10F5EE2-130F-4426-8886-C7ABE451162C","toDetailCollection":{"condition0":{"layer0":{"isCustomized_tap":true,"outputAndDisplay_tap":{"display":"H","layerKey":"layer0","output":{"letter_keys":{"_0":"h"}}},"withModifier_tap":{}}}}},{"fromDetail":{"output":{"letter_keys":{"_0":"d"}},"display":"D"},"toDetailCollection":{"condition0":{"layer0":{"withModifier_tap":{},"isCustomized_tap":true,"outputAndDisplay_tap":{"layerKey":"layer0","output":{"letter_keys":{"_0":"s"}},"display":"S"}}}},"id":"88C9F0DC-523B-4FA1-92B0-DF371D5B7B0B"},{"id":"A9945001-9F34-4903-85BB-9350C2E14822","toDetailCollection":{},"unitSize":1.75,"fromDetail":{"display":"capslock","isSFSymbol":true,"output":{"modifier_keys":{"_0":"caps_lock"}}}},{"id":"EACF882B-7AC7-40B1-85E7-4056FEE0DE99","fromDetail":{"output":{"controls_and_symbols":{"_0":"backslash_or_yen"}},"display":"\\"},"toDetailCollection":{}}],"idsInOrderRow4":[{"id":"A9945001-9F34-4903-85BB-9350C2E14822"},{"id":"BB4C9B1F-1983-4FDA-8C58-79EE8CF167CC"},{"id":"2FB5EE56-90A3-4977-9D5C-B48F0855A824"},{"id":"88C9F0DC-523B-4FA1-92B0-DF371D5B7B0B"},{"id":"BA1180D2-7B45-461C-9DB0-4A84345A7263"},{"id":"E10F5EE2-130F-4426-8886-C7ABE451162C"},{"id":"1B090523-DEE6-425D-A338-CBA5A4493DFE"},{"id":"EF503E1B-D9AD-4A6D-8306-76A17BC67B98"},{"id":"C8C5C881-4A67-474E-809A-5223E90EF1FB"},{"id":"DEDEB875-BBA3-4BE6-8C43-E5575B8F899F"},{"id":"9A824BB1-6230-4103-9B5F-1D6D32753A8F"},{"id":"F58A5B7F-8921-45A3-AD5E-E56B1B4A84AA"},{"id":"EACF882B-7AC7-40B1-85E7-4056FEE0DE99"}]},"tenkeyRows":{"row4":[{"id":"7161E316-2F94-4DB4-8507-A1353F4BA810","fromDetail":{"display":"4","output":{"keypad_keys":{"_0":"keypad_4"}}},"toDetailCollection":{}},{"id":"81A62D2B-C363-4FB3-87AA-5F2004B87020","toDetailCollection":{},"fromDetail":{"output":{"keypad_keys":{"_0":"keypad_plus"}},"display":"+"}},{"id":"5598A407-658D-4491-8C0D-B5EEA33D479C","fromDetail":{"output":{"keypad_keys":{"_0":"keypad_6"}},"display":"6"},"toDetailCollection":{}},{"toDetailCollection":{},"fromDetail":{"display":"5","output":{"keypad_keys":{"_0":"keypad_5"}}},"id":"99003F61-DC13-4010-AF00-3F429A9DF505"}],"enableArrowKeys":false,"idsInOrderRow6":[{"id":"FCDE6DD7-EAD9-449D-9237-7E911752E27E"},{"id":"8B6899B1-F4CE-4E23-98CE-E91F7B20E3DC"}],"idsInOrderRow4":[{"id":"7161E316-2F94-4DB4-8507-A1353F4BA810"},{"id":"99003F61-DC13-4010-AF00-3F429A9DF505"},{"id":"5598A407-658D-4491-8C0D-B5EEA33D479C"},{"id":"81A62D2B-C363-4FB3-87AA-5F2004B87020"}],"idsInOrderRow2":[{"id":"F9AE37CC-F0D3-4AB5-9825-15522BD9210A"},{"id":"D6C0D9A3-74F1-452F-B246-22DE1660086F"},{"id":"522E3BF8-A757-4595-B529-EB7B4CC3D949"},{"id":"F0D9EDF8-831E-4B4F-B851-8B0350A9DCA3"}],"arrow_right":{"fromDetail":{"output":{"arrow_keys":{"_0":"right_arrow"}},"isSFSymbol":true,"display":"arrowtriangle.right.fill"},"keyShape":"arrow_LR","id":"D684ABC3-9931-4999-A505-E14DDA1AB002","toDetailCollection":{}},"row6":[{"id":"8B6899B1-F4CE-4E23-98CE-E91F7B20E3DC","fromDetail":{"output":{"keypad_keys":{"_0":"keypad_period"}},"display":"."},"toDetailCollection":{}},{"unitSize":2,"fromDetail":{"display":"0","output":{"keypad_keys":{"_0":"keypad_0"}}},"toDetailCollection":{},"id":"FCDE6DD7-EAD9-449D-9237-7E911752E27E"}],"row2":[{"id":"F0D9EDF8-831E-4B4F-B851-8B0350A9DCA3","fromDetail":{"display":"*","output":{"keypad_keys":{"_0":"keypad_asterisk"}}},"toDetailCollection":{}},{"toDetailCollection":{},"id":"522E3BF8-A757-4595-B529-EB7B4CC3D949","fromDetail":{"display":"\/","output":{"keypad_keys":{"_0":"keypad_slash"}}}},{"fromDetail":{"display":"=","output":{"keypad_keys":{"_0":"keypad_equal_sign"}}},"toDetailCollection":{},"id":"D6C0D9A3-74F1-452F-B246-22DE1660086F"},{"toDetailCollection":{},"id":"F9AE37CC-F0D3-4AB5-9825-15522BD9210A","fromDetail":{"display":"clear","output":{"others":{"_0":"clear"}}}}],"row1":[{"toDetailCollection":{},"fromDetail":{"output":{"function_keys":{"_0":"f16"}},"display":"F16"},"id":"25487825-F572-4D67-B778-7F93059C2421"},{"fromDetail":{"output":{"function_keys":{"_0":"f19"}},"display":"F19"},"toDetailCollection":{},"id":"2E3428EB-281F-4424-9BA6-722CA5C9D8F2"},{"fromDetail":{"output":{"function_keys":{"_0":"f18"}},"display":"F18"},"toDetailCollection":{},"id":"E2C9997D-A2DE-4AB5-9C5B-3ECEC764E429"},{"id":"383C6541-2ACB-4D61-A3A6-83F9F0678AD1","fromDetail":{"display":"F17","output":{"function_keys":{"_0":"f17"}}},"toDetailCollection":{}}],"rowIndex_arrow":{"row6":{}},"idsInOrderRow5":[{"id":"9C571B8D-349E-48EC-AA4E-B3FFD35D794A"},{"id":"DAFE165E-3307-4A0F-AC33-47C2B0A54E05"},{"id":"00118B96-B2BB-4701-9632-886CC259C0A5"},{"id":"79FF67A9-5702-472D-8998-F86A3BD7D6DD"}],"arrow_up":{"fromDetail":{"display":"arrowtriangle.up.fill","isSFSymbol":true,"output":{"arrow_keys":{"_0":"up_arrow"}}},"id":"0446C135-D0E7-458E-9E45-5B336E21A1F2","toDetailCollection":{},"keyShape":"arrow_Up"},"arrow_down":{"fromDetail":{"isSFSymbol":true,"output":{"arrow_keys":{"_0":"down_arrow"}},"display":"arrowtriangle.down.fill"},"toDetailCollection":{},"id":"CB861F59-B1F2-4145-A73A-2E3FD7EFFFCC","keyShape":"arrow_Down"},"arrow_left":{"fromDetail":{"display":"arrowtriangle.left.fill","output":{"arrow_keys":{"_0":"left_arrow"}},"isSFSymbol":true},"toDetailCollection":{},"keyShape":"arrow_LR","id":"0FAC3FC9-69E3-49A3-95B9-B7209AD37408"},"idsInOrderRow1":[{"id":"25487825-F572-4D67-B778-7F93059C2421"},{"id":"383C6541-2ACB-4D61-A3A6-83F9F0678AD1"},{"id":"E2C9997D-A2DE-4AB5-9C5B-3ECEC764E429"},{"id":"2E3428EB-281F-4424-9BA6-722CA5C9D8F2"}],"row3":[{"fromDetail":{"display":"-","output":{"keypad_keys":{"_0":"keypad_hyphen"}}},"toDetailCollection":{},"id":"F9C9BE5D-7B7F-4FAD-8F79-69BA0463ED58"},{"fromDetail":{"output":{"keypad_keys":{"_0":"keypad_9"}},"display":"9"},"id":"6A517FE7-0067-48F9-9D66-B992E804C12F","toDetailCollection":{}},{"fromDetail":{"output":{"keypad_keys":{"_0":"keypad_8"}},"display":"8"},"toDetailCollection":{},"id":"84C273A7-2C00-4211-9D61-A1A6279A6917"},{"fromDetail":{"display":"7","output":{"keypad_keys":{"_0":"keypad_7"}}},"toDetailCollection":{},"id":"C16629D5-E55F-49CC-82AF-F5E99E813ACC"}],"row5":[{"fromDetail":{"display":"projective","output":{"keypad_keys":{"_0":"keypad_enter"}},"isSFSymbol":true},"toDetailCollection":{},"id":"79FF67A9-5702-472D-8998-F86A3BD7D6DD","keyShape":"enter_Tenkey"},{"id":"DAFE165E-3307-4A0F-AC33-47C2B0A54E05","toDetailCollection":{},"fromDetail":{"output":{"keypad_keys":{"_0":"keypad_2"}},"display":"2"}},{"toDetailCollection":{},"id":"9C571B8D-349E-48EC-AA4E-B3FFD35D794A","fromDetail":{"display":"1","output":{"keypad_keys":{"_0":"keypad_1"}}}},{"id":"00118B96-B2BB-4701-9632-886CC259C0A5","toDetailCollection":{},"fromDetail":{"output":{"keypad_keys":{"_0":"keypad_3"}},"display":"3"}}],"idsInOrderRow3":[{"id":"C16629D5-E55F-49CC-82AF-F5E99E813ACC"},{"id":"84C273A7-2C00-4211-9D61-A1A6279A6917"},{"id":"6A517FE7-0067-48F9-9D66-B992E804C12F"},{"id":"F9C9BE5D-7B7F-4FAD-8F79-69BA0463ED58"}]},"isEnableSub":false,"subRows":{"idsInOrderRow6":[{"id":"FC90ACA3-077B-46A7-8DA1-477C199C65F2"},{"id":"261AE37A-071A-4EDE-A33A-AE48DC13980C"},{"id":"14ADBA9C-B0E7-455E-AB42-E5FB6B8A8503"}],"row4":[],"row6":[{"fromDetail":{"output":{"arrow_keys":{"_0":"right_arrow"}},"isSFSymbol":true,"display":"arrowtriangle.right.fill"},"toDetailCollection":{},"id":"14ADBA9C-B0E7-455E-AB42-E5FB6B8A8503"},{"fromDetail":{"output":{"arrow_keys":{"_0":"down_arrow"}},"display":"arrowtriangle.down.fill","isSFSymbol":true},"toDetailCollection":{},"id":"261AE37A-071A-4EDE-A33A-AE48DC13980C"},{"fromDetail":{"isSFSymbol":true,"output":{"arrow_keys":{"_0":"left_arrow"}},"display":"arrowtriangle.left.fill"},"toDetailCollection":{},"id":"FC90ACA3-077B-46A7-8DA1-477C199C65F2"}],"idsInOrderRow3":[{"id":"3D2E6402-4203-47C0-B89E-FAE69390AAAB"},{"id":"96B39C46-0DF5-41E0-B38A-02E077574254"},{"id":"0F50AF39-4AF5-4474-8D24-9E1116E168EF"}],"idsInOrderRow1":[{"id":"AD224A44-01F9-49C9-B449-772B04CCE4ED"},{"id":"4D3441D3-D119-4880-BAFF-A19AC92A3FEF"},{"id":"5BD98766-ED4C-4375-BAA7-1C70638A7728"}],"idsInOrderRow2":[{"id":"FBF94C78-6A72-44CB-96C4-91C2ECC21319"},{"id":"FF69949D-9FA4-44D7-9B14-C0B5612E0B9B"},{"id":"C6BC98CC-7A76-45AD-9FA0-DD8008672783"}],"row2":[{"toDetailCollection":{},"fromDetail":{"output":{"arrow_keys":{"_0":"page_up"}},"display":"arrow.up","isSFSymbol":true},"id":"C6BC98CC-7A76-45AD-9FA0-DD8008672783"},{"toDetailCollection":{},"id":"FBF94C78-6A72-44CB-96C4-91C2ECC21319","fromDetail":{"display":"text.insert","output":{"keys_in_pc_keyboards":{"_0":"insert"}},"isSFSymbol":true}},{"toDetailCollection":{},"id":"FF69949D-9FA4-44D7-9B14-C0B5612E0B9B","fromDetail":{"display":"arrow.up.to.line","isSFSymbol":true,"output":{"arrow_keys":{"_0":"home"}}}}],"row1":[{"toDetailCollection":{},"fromDetail":{"output":{"function_keys":{"_0":"f14"}},"display":"F14"},"id":"4D3441D3-D119-4880-BAFF-A19AC92A3FEF"},{"toDetailCollection":{},"id":"5BD98766-ED4C-4375-BAA7-1C70638A7728","fromDetail":{"output":{"function_keys":{"_0":"f15"}},"display":"F15"}},{"id":"AD224A44-01F9-49C9-B449-772B04CCE4ED","toDetailCollection":{},"fromDetail":{"output":{"function_keys":{"_0":"f13"}},"display":"F13"}}],"rowIndex_arrow":{"row6":{}},"arrow_left":{"id":"409B4C8A-1067-4E6E-B916-BFA4881F5C41","toDetailCollection":{},"keyShape":"arrow_LR","fromDetail":{"output":{"arrow_keys":{"_0":"left_arrow"}},"isSFSymbol":true,"display":"arrowtriangle.left.fill"}},"arrow_down":{"toDetailCollection":{},"fromDetail":{"output":{"arrow_keys":{"_0":"down_arrow"}},"isSFSymbol":true,"display":"arrowtriangle.down.fill"},"id":"A6099BD1-7169-4F73-BC96-4EC4422D55AF","keyShape":"arrow_Down"},"idsInOrderRow5":[{"id":"C6848E16-CD77-469B-BC2B-F62B160CAE9D"},{"id":"732A9ABC-2A59-4039-B06B-57944CBF1979"}],"row3":[{"toDetailCollection":{},"id":"96B39C46-0DF5-41E0-B38A-02E077574254","fromDetail":{"display":"arrow.down.to.line","output":{"arrow_keys":{"_0":"end"}},"isSFSymbol":true}},{"id":"3D2E6402-4203-47C0-B89E-FAE69390AAAB","toDetailCollection":{},"fromDetail":{"isSFSymbol":true,"display":"delete.right","output":{"controls_and_symbols":{"_0":"delete_forward"}}}},{"id":"0F50AF39-4AF5-4474-8D24-9E1116E168EF","toDetailCollection":{},"fromDetail":{"output":{"arrow_keys":{"_0":"page_down"}},"display":"arrow.down","isSFSymbol":true}}],"enableArrowKeys":false,"idsInOrderRow4":[],"row5":[{"toDetailCollection":{},"fromDetail":{"output":{"letter_keys":{"_0":"a"}},"display":"A"},"isSpacer":true,"id":"C6848E16-CD77-469B-BC2B-F62B160CAE9D"},{"toDetailCollection":{},"id":"732A9ABC-2A59-4039-B06B-57944CBF1979","fromDetail":{"display":"arrowtriangle.up.fill","isSFSymbol":true,"output":{"arrow_keys":{"_0":"up_arrow"}}}}],"arrow_up":{"keyShape":"arrow_Up","toDetailCollection":{},"fromDetail":{"output":{"arrow_keys":{"_0":"up_arrow"}},"isSFSymbol":true,"display":"arrowtriangle.up.fill"},"id":"27484920-4F52-405F-BEC8-017395A830E1"},"arrow_right":{"fromDetail":{"display":"arrowtriangle.right.fill","isSFSymbol":true,"output":{"arrow_keys":{"_0":"right_arrow"}}},"toDetailCollection":{},"keyShape":"arrow_LR","id":"0320F873-E179-4D97-87A4-C355F9DE1D1E"}},"isEnableTenkey":false,"sectionDetail":{"section":{"main":{}},"deviceDetail":{"location_id":"location_id","vendor_id":"vendor_id","device_name":"mainKeyboard","is_product_id_Enabled":false,"product_id":"product_id","is_builtin_keyboard":false,"is_vendor_id_Enabled":false,"is_location_id_Enabled":false}},"isEnableMain":true},"keycodeRegion":"ISO"},"selections":{"macro":{"toDetailCollection":{"_collection":[],"idsInOrderCollection":[]},"id":"D477A08C-AA25-4AFC-93F4-E01891F227DD","name":"user Macro","dictionary_key":null},"keyboardKey":{"id":"C562CCCC-D99D-4CF4-874A-6356D7F0D29B","fromDetail":{"display":"A","output":{"letter_keys":{"_0":"a"}}},"toDetailCollection":{}},"toDetail_macro":{"withModifier":{},"indicator":false,"outputAndDisplay":{"layerKey":"layer0","output":{"letter_keys":{"_0":"a"}},"display":"none"},"id":"D2AADCA0-DD9D-4E00-8EA0-95A93996B034","error":false},"macroTab":{"userMacro":{}},"fromTab":{"qwertyKeyboard":{}},"layer":"layer0","customOrMacroTab":{"customizeKey":{}},"condition":"condition0","tab":{"remap":{}},"combo":{"comboThreshold":50,"id":"AE934B3A-8DCA-4ED1-9EDB-2C661D573E37","key_up_order":"insensitive","key_down_order":"insensitive","toDetail":{}},"toTab":"qwertyKeyboard"},"comboCollection":{"condition8":{"layer7":{},"layer4":{},"layer3":{},"layer5":{},"layer8":{},"layer2":{},"layer0":{},"layer6":{},"layer1":{}},"condition0":{"layer5":{},"layer6":{},"layer2":{},"layer0":{},"layer4":{},"layer8":{},"layer3":{},"layer1":{},"layer7":{}},"condition9":{"layer5":{},"layer1":{},"layer6":{},"layer0":{},"layer7":{},"layer8":{},"layer2":{},"layer3":{},"layer4":{}},"condition2":{"layer3":{},"layer5":{},"layer8":{},"layer1":{},"layer2":{},"layer0":{},"layer6":{},"layer7":{},"layer4":{}},"condition3":{"layer2":{},"layer6":{},"layer4":{},"layer0":{},"layer3":{},"layer1":{},"layer8":{},"layer7":{},"layer5":{}},"condition5":{"layer6":{},"layer0":{},"layer7":{},"layer5":{},"layer3":{},"layer2":{},"layer1":{},"layer8":{},"layer4":{}},"condition1":{"layer5":{},"layer1":{},"layer0":{},"layer7":{},"layer3":{},"layer8":{},"layer4":{},"layer6":{},"layer2":{}},"condition7":{"layer3":{},"layer4":{},"layer6":{},"layer1":{},"layer7":{},"layer0":{},"layer5":{},"layer8":{},"layer2":{}},"condition4":{"layer2":{},"layer5":{},"layer1":{},"layer7":{},"layer8":{},"layer0":{},"layer6":{},"layer3":{},"layer4":{}},"condition6":{"layer6":{},"layer2":{},"layer1":{},"layer5":{},"layer7":{},"layer0":{},"layer8":{},"layer4":{},"layer3":{}}},"displayKeySize":65,"name":"poqtea_qp_UK","conditionDetailCollection":{"condition1":{"name":"Condition1","value":"ja","isEnabled":false,"type":"InputSource"},"condition0":{"isEnabled":true,"name":"Default","type":"Application","value":"com.vendor.condition0"},"condition7":{"value":"com.vendor.condition7","type":"Application","name":"Condition7","isEnabled":false},"condition2":{"type":"Application","isEnabled":false,"value":"com.vendor.condition2","name":"Condition2"},"condition9":{"isEnabled":false,"value":"com.vendor.condition9","name":"Condition9","type":"Application"},"condition4":{"isEnabled":false,"name":"Condition4","type":"Application","value":"com.vendor.condition4"},"condition6":{"isEnabled":false,"name":"Condition6","type":"Application","value":"com.vendor.condition6"},"condition5":{"isEnabled":false,"type":"Application","value":"com.vendor.condition5","name":"Condition5"},"condition3":{"name":"Condition3","type":"Application","value":"com.vendor.condition3","isEnabled":false},"condition8":{"name":"Condition8","value":"com.vendor.condition8","isEnabled":false,"type":"Application"}},"macroCollection":{"idsInOrderCollection":[],"_collection":[]}}