{"keymap":{"mouse":{"isEnableMain":true,"subRows":{"arrow_down":{"keyShape":"arrow_Down","toDetailCollection":{},"id":"13F08DB2-8AA8-45FF-B999-8235F5FFCD11","fromDetail":{"isSFSymbol":true,"display":"arrowtriangle.down.fill","output":{"arrow_keys":{"_0":"down_arrow"}}}},"idsInOrderRow4":[{"id":"F0593C8E-D3C5-4C10-8C45-DDCF9E4A4E08"}],"idsInOrderRow2":[{"id":"6FB5940C-9AB5-4B4B-A93F-8A4BA07C6142"}],"arrow_left":{"fromDetail":{"isSFSymbol":true,"output":{"arrow_keys":{"_0":"left_arrow"}},"display":"arrowtriangle.left.fill"},"toDetailCollection":{},"keyShape":"arrow_LR","id":"3DA9373F-1F8A-488A-8E14-8330A0DA2790"},"idsInOrderRow3":[{"id":"4B3329B3-6534-4199-AF6B-FC8543CB390E"}],"row2":[{"toDetailCollection":{},"fromDetail":{"output":{"letter_keys":{"_0":"a"}},"display":"A"},"id":"6FB5940C-9AB5-4B4B-A93F-8A4BA07C6142"}],"arrow_right":{"keyShape":"arrow_LR","id":"BDADFEEB-5E07-476E-B9E4-6670976E69D4","fromDetail":{"isSFSymbol":true,"display":"arrowtriangle.right.fill","output":{"arrow_keys":{"_0":"right_arrow"}}},"toDetailCollection":{}},"row3":[{"id":"4B3329B3-6534-4199-AF6B-FC8543CB390E","toDetailCollection":{},"fromDetail":{"output":{"letter_keys":{"_0":"a"}},"display":"A"}}],"idsInOrderRow6":[{"id":"2EC96531-36A7-417F-8045-A0AF95933096"}],"row4":[{"id":"F0593C8E-D3C5-4C10-8C45-DDCF9E4A4E08","fromDetail":{"output":{"letter_keys":{"_0":"a"}},"display":"A"},"toDetailCollection":{}}],"idsInOrderRow5":[{"id":"2E8D290C-4118-4E7E-AFC8-FEF91CD7722C"}],"enableArrowKeys":false,"rowIndex_arrow":{"row6":{}},"row6":[{"toDetailCollection":{},"id":"2EC96531-36A7-417F-8045-A0AF95933096","fromDetail":{"display":"A","output":{"letter_keys":{"_0":"a"}}}}],"row5":[{"fromDetail":{"output":{"letter_keys":{"_0":"a"}},"display":"A"},"toDetailCollection":{},"id":"2E8D290C-4118-4E7E-AFC8-FEF91CD7722C"}],"row1":[{"toDetailCollection":{},"id":"B586ADC5-500E-46E9-8E28-1E64FC7F60FB","fromDetail":{"display":"A","output":{"letter_keys":{"_0":"a"}}}}],"idsInOrderRow1":[{"id":"B586ADC5-500E-46E9-8E28-1E64FC7F60FB"}],"arrow_up":{"id":"26E72152-4288-4C67-B1B5-C0D12C8BD429","keyShape":"arrow_Up","fromDetail":{"isSFSymbol":true,"display":"arrowtriangle.up.fill","output":{"arrow_keys":{"_0":"up_arrow"}}},"toDetailCollection":{}}},"tenkeyRows":{"arrow_up":{"toDetailCollection":{},"keyShape":"arrow_Up","fromDetail":{"isSFSymbol":true,"output":{"arrow_keys":{"_0":"up_arrow"}},"display":"arrowtriangle.up.fill"},"id":"DE727D0F-D5AE-440C-B044-A1B246D36F88"},"arrow_left":{"fromDetail":{"isSFSymbol":true,"output":{"arrow_keys":{"_0":"left_arrow"}},"display":"arrowtriangle.left.fill"},"toDetailCollection":{},"id":"543D19C3-77E9-4A3D-961E-EE94FE8517F2","keyShape":"arrow_LR"},"idsInOrderRow5":[{"id":"843681E7-1B33-43B9-96E8-A31ABE4100B3"}],"rowIndex_arrow":{"row6":{}},"arrow_down":{"id":"D3A19803-5E15-4FE0-989A-F20D44407ED9","toDetailCollection":{},"fromDetail":{"display":"arrowtriangle.down.fill","output":{"arrow_keys":{"_0":"down_arrow"}},"isSFSymbol":true},"keyShape":"arrow_Down"},"arrow_right":{"fromDetail":{"isSFSymbol":true,"display":"arrowtriangle.right.fill","output":{"arrow_keys":{"_0":"right_arrow"}}},"toDetailCollection":{},"keyShape":"arrow_LR","id":"F23E9388-24DA-4E63-B350-7EF642BC1401"},"idsInOrderRow3":[{"id":"C26194DB-F58A-43E2-98D5-CB5B63ACAD1C"}],"row6":[{"fromDetail":{"display":"A","output":{"letter_keys":{"_0":"a"}}},"toDetailCollection":{},"id":"6EDDA51C-BBE9-4F6E-937A-B613343DAFE2"}],"idsInOrderRow6":[{"id":"6EDDA51C-BBE9-4F6E-937A-B613343DAFE2"}],"idsInOrderRow1":[{"id":"C2D07674-62F5-4F3A-9630-6BF1608E6E0C"}],"row5":[{"id":"843681E7-1B33-43B9-96E8-A31ABE4100B3","toDetailCollection":{},"fromDetail":{"display":"A","output":{"letter_keys":{"_0":"a"}}}}],"row4":[{"fromDetail":{"display":"A","output":{"letter_keys":{"_0":"a"}}},"toDetailCollection":{},"id":"566A7E5A-1067-42AE-BBC9-BF9841ECE019"}],"idsInOrderRow2":[{"id":"C4FD93E7-925D-4AB3-9FC6-94581FB930B7"}],"row3":[{"toDetailCollection":{},"id":"C26194DB-F58A-43E2-98D5-CB5B63ACAD1C","fromDetail":{"output":{"letter_keys":{"_0":"a"}},"display":"A"}}],"row2":[{"toDetailCollection":{},"id":"C4FD93E7-925D-4AB3-9FC6-94581FB930B7","fromDetail":{"output":{"letter_keys":{"_0":"a"}},"display":"A"}}],"enableArrowKeys":false,"row1":[{"id":"C2D07674-62F5-4F3A-9630-6BF1608E6E0C","toDetailCollection":{},"fromDetail":{"output":{"letter_keys":{"_0":"a"}},"display":"A"}}],"idsInOrderRow4":[{"id":"566A7E5A-1067-42AE-BBC9-BF9841ECE019"}]},"sectionDetail":{"section":{"mouse":{}},"deviceDetail":{"is_location_id_Enabled":false,"vendor_id":"vendor_id","product_id":"product_id","is_vendor_id_Enabled":false,"location_id":"location_id","is_product_id_Enabled":false,"device_name":"mouse","is_builtin_keyboard":false}},"isEnableTenkey":false,"mainRows":{"enableArrowKeys":false,"arrow_up":{"toDetailCollection":{},"id":"DB355DF6-932F-4A0A-9CC4-C5F1091AA13F","fromDetail":{"isSFSymbol":true,"output":{"arrow_keys":{"_0":"up_arrow"}},"display":"arrowtriangle.up.fill"},"keyShape":"arrow_Up"},"idsInOrderRow5":[],"row6":[],"idsInOrderRow3":[{"id":"FD6F026A-AB07-43DD-9BA8-B482A195E793"}],"row3":[{"id":"FD6F026A-AB07-43DD-9BA8-B482A195E793","isSpacer":true,"toDetailCollection":{},"fromDetail":{"display":"A","output":{"letter_keys":{"_0":"a"}}}}],"arrow_down":{"fromDetail":{"output":{"arrow_keys":{"_0":"down_arrow"}},"display":"arrowtriangle.down.fill","isSFSymbol":true},"toDetailCollection":{},"id":"F9F6FF78-FEBE-4372-AC48-7AB842EF4913","keyShape":"arrow_Down"},"idsInOrderRow4":[{"id":"226EC8CE-2944-4BF9-AB91-D5C9861AE585"}],"row1":[{"fromDetail":{"display":"R click","output":{"mouse_buttons":{"_0":"button2"}}},"id":"C95D1B03-EFB6-498E-9EC5-2B3BD0F4F392","toDetailCollection":{}},{"id":"8B4C4B93-372B-463D-A727-1EB59F676396","fromDetail":{"output":{"mouse_buttons":{"_0":"button1"}},"display":"L click"},"toDetailCollection":{}}],"row2":[{"id":"889AA5C4-FEB0-417D-A2CA-759BC8A8AAD1","toDetailCollection":{},"fromDetail":{"display":"M click","output":{"mouse_buttons":{"_0":"button3"}}}},{"toDetailCollection":{},"unitSize":0.5,"id":"123B60A0-D713-47F7-ABA4-D184EE339A15","fromDetail":{"output":{"letter_keys":{"_0":"a"}},"display":"A"},"isSpacer":true}],"idsInOrderRow2":[{"id":"123B60A0-D713-47F7-ABA4-D184EE339A15"},{"id":"889AA5C4-FEB0-417D-A2CA-759BC8A8AAD1"}],"row4":[{"fromDetail":{"display":"A","output":{"letter_keys":{"_0":"a"}}},"id":"226EC8CE-2944-4BF9-AB91-D5C9861AE585","isSpacer":true,"toDetailCollection":{}}],"idsInOrderRow6":[],"arrow_right":{"fromDetail":{"isSFSymbol":true,"output":{"arrow_keys":{"_0":"right_arrow"}},"display":"arrowtriangle.right.fill"},"toDetailCollection":{},"id":"28EE108F-404E-4D61-8A05-8D718DC2BF49","keyShape":"arrow_LR"},"idsInOrderRow1":[{"id":"8B4C4B93-372B-463D-A727-1EB59F676396"},{"id":"C95D1B03-EFB6-498E-9EC5-2B3BD0F4F392"}],"arrow_left":{"id":"38769478-4C58-43A5-9C2F-219AA24C5511","fromDetail":{"display":"arrowtriangle.left.fill","isSFSymbol":true,"output":{"arrow_keys":{"_0":"left_arrow"}}},"toDetailCollection":{},"keyShape":"arrow_LR"},"row5":[],"rowIndex_arrow":{"row6":{}}},"isEnableSub":false},"keycodeRegion":"ISO","other":{"subRows":{"arrow_up":{"toDetailCollection":{},"keyShape":"arrow_Up","fromDetail":{"output":{"arrow_keys":{"_0":"up_arrow"}},"display":"arrowtriangle.up.fill","isSFSymbol":true},"id":"8D38111C-A077-4895-AC78-80EF96B7AD6C"},"row3":[{"id":"4D836029-2146-4F60-9AB9-68D33251AE3F","fromDetail":{"output":{"arrow_keys":{"_0":"page_down"}},"isSFSymbol":true,"display":"arrow.down"},"toDetailCollection":{}},{"fromDetail":{"output":{"arrow_keys":{"_0":"end"}},"display":"arrow.down.to.line","isSFSymbol":true},"id":"777DC5CC-D68C-4CF1-8E91-ED55339EB435","toDetailCollection":{}},{"fromDetail":{"isSFSymbol":true,"output":{"controls_and_symbols":{"_0":"delete_forward"}},"display":"delete.right"},"toDetailCollection":{},"id":"89CD554F-197B-4C55-8B85-F5DE77FC06B3"}],"arrow_left":{"fromDetail":{"output":{"arrow_keys":{"_0":"left_arrow"}},"isSFSymbol":true,"display":"arrowtriangle.left.fill"},"keyShape":"arrow_LR","id":"62A7FD61-7366-409D-8675-65ABAE9BF537","toDetailCollection":{}},"row6":[{"id":"59F2CA04-A128-4D1B-AF5B-56EB88135AF2","toDetailCollection":{},"fromDetail":{"display":"arrowtriangle.right.fill","isSFSymbol":true,"output":{"arrow_keys":{"_0":"right_arrow"}}}},{"id":"9883C9D8-2128-4027-87C8-69C7AC36EE91","fromDetail":{"isSFSymbol":true,"output":{"arrow_keys":{"_0":"down_arrow"}},"display":"arrowtriangle.down.fill"},"toDetailCollection":{}},{"toDetailCollection":{},"id":"DCDC87AF-33E2-4FB1-99DE-63DDFDC039B9","fromDetail":{"output":{"arrow_keys":{"_0":"left_arrow"}},"isSFSymbol":true,"display":"arrowtriangle.left.fill"}}],"row4":[],"row2":[{"id":"AC002912-61B3-46FD-90CD-811933B05882","toDetailCollection":{},"fromDetail":{"isSFSymbol":true,"display":"arrow.up.to.line","output":{"arrow_keys":{"_0":"home"}}}},{"fromDetail":{"display":"text.insert","isSFSymbol":true,"output":{"keys_in_pc_keyboards":{"_0":"insert"}}},"toDetailCollection":{},"id":"1E25EEB4-FB8A-47A8-A1EA-AE228CC77399"},{"id":"C46C9402-6D98-40F0-ABFD-797B02A0D32C","fromDetail":{"output":{"arrow_keys":{"_0":"page_up"}},"display":"arrow.up","isSFSymbol":true},"toDetailCollection":{}}],"row1":[{"fromDetail":{"output":{"function_keys":{"_0":"f15"}},"display":"F15"},"id":"14C1E161-DC38-4DF4-8598-57527975A146","toDetailCollection":{}},{"id":"0CCF8AA2-7E78-4805-BEF2-46FD2D9B1795","fromDetail":{"output":{"function_keys":{"_0":"f14"}},"display":"F14"},"toDetailCollection":{}},{"id":"3FB18E7F-8F0C-46DB-82B6-96CE3B648866","fromDetail":{"output":{"function_keys":{"_0":"f13"}},"display":"F13"},"toDetailCollection":{}}],"row5":[{"fromDetail":{"isSFSymbol":true,"output":{"arrow_keys":{"_0":"up_arrow"}},"display":"arrowtriangle.up.fill"},"id":"D44629BE-4274-4E86-A7B6-A1FD7EAB4811","toDetailCollection":{}},{"isSpacer":true,"toDetailCollection":{},"fromDetail":{"output":{"letter_keys":{"_0":"a"}},"display":"A"},"id":"958F7D2E-8C25-4606-8B94-685967C214FA"}],"arrow_down":{"fromDetail":{"output":{"arrow_keys":{"_0":"down_arrow"}},"display":"arrowtriangle.down.fill","isSFSymbol":true},"keyShape":"arrow_Down","id":"1564F5D2-C620-4FFA-8436-43098DADE2EE","toDetailCollection":{}},"idsInOrderRow5":[{"id":"958F7D2E-8C25-4606-8B94-685967C214FA"},{"id":"D44629BE-4274-4E86-A7B6-A1FD7EAB4811"}],"rowIndex_arrow":{"row6":{}},"idsInOrderRow3":[{"id":"89CD554F-197B-4C55-8B85-F5DE77FC06B3"},{"id":"777DC5CC-D68C-4CF1-8E91-ED55339EB435"},{"id":"4D836029-2146-4F60-9AB9-68D33251AE3F"}],"idsInOrderRow2":[{"id":"1E25EEB4-FB8A-47A8-A1EA-AE228CC77399"},{"id":"AC002912-61B3-46FD-90CD-811933B05882"},{"id":"C46C9402-6D98-40F0-ABFD-797B02A0D32C"}],"idsInOrderRow4":[],"enableArrowKeys":false,"idsInOrderRow1":[{"id":"3FB18E7F-8F0C-46DB-82B6-96CE3B648866"},{"id":"0CCF8AA2-7E78-4805-BEF2-46FD2D9B1795"},{"id":"14C1E161-DC38-4DF4-8598-57527975A146"}],"idsInOrderRow6":[{"id":"DCDC87AF-33E2-4FB1-99DE-63DDFDC039B9"},{"id":"9883C9D8-2128-4027-87C8-69C7AC36EE91"},{"id":"59F2CA04-A128-4D1B-AF5B-56EB88135AF2"}],"arrow_right":{"id":"2C5ECE23-6F5D-4FE0-8E7D-AA26C7B9AAC1","fromDetail":{"output":{"arrow_keys":{"_0":"right_arrow"}},"display":"arrowtriangle.right.fill","isSFSymbol":true},"toDetailCollection":{},"keyShape":"arrow_LR"}},"sectionDetail":{"section":{"other":{}},"deviceDetail":{"is_location_id_Enabled":false,"is_builtin_keyboard":false,"device_name":"otherDevice","location_id":"location_id","product_id":"product_id","is_product_id_Enabled":false,"is_vendor_id_Enabled":false,"vendor_id":"vendor_id"}},"isEnableMain":true,"mainRows":{"idsInOrderRow3":[{"id":"49A54F9A-AB33-4F29-8D55-BF3F2EB58FCE"},{"id":"0CF9E21B-6529-4981-8E76-5C88DEBBD7C1"},{"id":"23A96BD8-CECE-4E19-AE18-9CAA085C33E1"},{"id":"AB330B1B-B279-4C0B-879A-BA80AB3E014F"}],"arrow_right":{"fromDetail":{"output":{"arrow_keys":{"_0":"right_arrow"}},"display":"arrowtriangle.right.fill","isSFSymbol":true},"id":"03A89BED-CB38-41E9-BBB5-4BF7B57DA82A","keyShape":"arrow_LR","toDetailCollection":{}},"idsInOrderRow4":[{"id":"B625B728-B9CB-44B7-9D9C-9B7906409555"},{"id":"0996AA07-E58D-48A2-AD3D-BEC857EF7C9E"},{"id":"6492E292-2AF9-460D-970A-2BAFCEB12398"},{"id":"014D610B-644F-4B3D-A0DD-93595AA0CB38"}],"idsInOrderRow6":[{"id":"97EFEA9E-6B16-4AB6-8E3E-FD626797CD17"},{"id":"0E33FC5A-86BA-4D05-889F-5C470EE5B03D"}],"row3":[{"fromDetail":{"output":{"keypad_keys":{"_0":"keypad_7"}},"display":"7"},"toDetailCollection":{},"id":"49A54F9A-AB33-4F29-8D55-BF3F2EB58FCE"},{"id":"AB330B1B-B279-4C0B-879A-BA80AB3E014F","fromDetail":{"output":{"keypad_keys":{"_0":"keypad_hyphen"}},"display":"-"},"toDetailCollection":{}},{"fromDetail":{"output":{"keypad_keys":{"_0":"keypad_9"}},"display":"9"},"id":"23A96BD8-CECE-4E19-AE18-9CAA085C33E1","toDetailCollection":{}},{"toDetailCollection":{},"id":"0CF9E21B-6529-4981-8E76-5C88DEBBD7C1","fromDetail":{"output":{"keypad_keys":{"_0":"keypad_8"}},"display":"8"}}],"row6":[{"toDetailCollection":{},"id":"0E33FC5A-86BA-4D05-889F-5C470EE5B03D","fromDetail":{"display":".","output":{"keypad_keys":{"_0":"keypad_period"}}}},{"unitSize":2,"toDetailCollection":{},"fromDetail":{"output":{"keypad_keys":{"_0":"keypad_0"}},"display":"0"},"id":"97EFEA9E-6B16-4AB6-8E3E-FD626797CD17"}],"enableArrowKeys":false,"idsInOrderRow1":[{"id":"84A69907-BC25-4370-9E4B-492894CD5DDF"},{"id":"A85BECC4-26CE-422D-BA61-18D3AA946CAF"},{"id":"7E3A0704-FB96-47A7-8C27-1C5E87792DDD"},{"id":"56075B7C-0E1E-46B3-BE0C-6034785908C3"}],"idsInOrderRow2":[{"id":"9E4120DD-89EB-43A4-A50E-01AB100A0201"},{"id":"FBF77E5F-F597-4A2E-8507-1FAD1EE6C2A8"},{"id":"461BDF6E-CFE2-4042-B8C3-02B88D83F933"},{"id":"39E6CE1E-D100-4467-AC2F-7FF29A0BF6DE"}],"row5":[{"id":"32CA7E51-B3B0-46C1-A8F2-FA0A2BF7FD50","toDetailCollection":{},"fromDetail":{"output":{"keypad_keys":{"_0":"keypad_1"}},"display":"1"}},{"fromDetail":{"display":"projective","isSFSymbol":true,"output":{"keypad_keys":{"_0":"keypad_enter"}}},"id":"BF35EBA5-63D9-4096-8AE1-A8E2B6492603","keyShape":"enter_Tenkey","toDetailCollection":{}},{"fromDetail":{"display":"3","output":{"keypad_keys":{"_0":"keypad_3"}}},"toDetailCollection":{},"id":"F94BB29E-10A6-4CDE-8BDB-42CEEB5D7EBD"},{"id":"9D157B98-B927-4C7C-9FF1-D20325F509CB","fromDetail":{"display":"2","output":{"keypad_keys":{"_0":"keypad_2"}}},"toDetailCollection":{}}],"row2":[{"toDetailCollection":{},"fromDetail":{"output":{"keypad_keys":{"_0":"keypad_slash"}},"display":"\/"},"id":"461BDF6E-CFE2-4042-B8C3-02B88D83F933"},{"id":"FBF77E5F-F597-4A2E-8507-1FAD1EE6C2A8","toDetailCollection":{},"fromDetail":{"output":{"keypad_keys":{"_0":"keypad_equal_sign"}},"display":"="}},{"fromDetail":{"display":"clear","output":{"others":{"_0":"clear"}}},"id":"9E4120DD-89EB-43A4-A50E-01AB100A0201","toDetailCollection":{}},{"id":"39E6CE1E-D100-4467-AC2F-7FF29A0BF6DE","toDetailCollection":{},"fromDetail":{"display":"*","output":{"keypad_keys":{"_0":"keypad_asterisk"}}}}],"idsInOrderRow5":[{"id":"32CA7E51-B3B0-46C1-A8F2-FA0A2BF7FD50"},{"id":"9D157B98-B927-4C7C-9FF1-D20325F509CB"},{"id":"F94BB29E-10A6-4CDE-8BDB-42CEEB5D7EBD"},{"id":"BF35EBA5-63D9-4096-8AE1-A8E2B6492603"}],"rowIndex_arrow":{"row6":{}},"arrow_left":{"fromDetail":{"output":{"arrow_keys":{"_0":"left_arrow"}},"display":"arrowtriangle.left.fill","isSFSymbol":true},"toDetailCollection":{},"id":"CACF632B-6096-47AB-B2F2-BBECEBA14C89","keyShape":"arrow_LR"},"row4":[{"id":"014D610B-644F-4B3D-A0DD-93595AA0CB38","toDetailCollection":{},"fromDetail":{"display":"+","output":{"keypad_keys":{"_0":"keypad_plus"}}}},{"toDetailCollection":{},"fromDetail":{"output":{"keypad_keys":{"_0":"keypad_4"}},"display":"4"},"id":"B625B728-B9CB-44B7-9D9C-9B7906409555"},{"fromDetail":{"output":{"keypad_keys":{"_0":"keypad_6"}},"display":"6"},"toDetailCollection":{},"id":"6492E292-2AF9-460D-970A-2BAFCEB12398"},{"fromDetail":{"output":{"keypad_keys":{"_0":"keypad_5"}},"display":"5"},"toDetailCollection":{},"id":"0996AA07-E58D-48A2-AD3D-BEC857EF7C9E"}],"arrow_up":{"keyShape":"arrow_Up","toDetailCollection":{},"id":"A6F7CCC8-B33B-46FD-800A-F5271488619B","fromDetail":{"display":"arrowtriangle.up.fill","output":{"arrow_keys":{"_0":"up_arrow"}},"isSFSymbol":true}},"arrow_down":{"keyShape":"arrow_Down","id":"01F8AD9B-26B8-4162-BC88-A203369839B2","fromDetail":{"isSFSymbol":true,"output":{"arrow_keys":{"_0":"down_arrow"}},"display":"arrowtriangle.down.fill"},"toDetailCollection":{}},"row1":[{"toDetailCollection":{},"id":"84A69907-BC25-4370-9E4B-492894CD5DDF","fromDetail":{"display":"F16","output":{"function_keys":{"_0":"f16"}}}},{"fromDetail":{"output":{"function_keys":{"_0":"f19"}},"display":"F19"},"toDetailCollection":{},"id":"56075B7C-0E1E-46B3-BE0C-6034785908C3"},{"fromDetail":{"display":"F18","output":{"function_keys":{"_0":"f18"}}},"id":"7E3A0704-FB96-47A7-8C27-1C5E87792DDD","toDetailCollection":{}},{"id":"A85BECC4-26CE-422D-BA61-18D3AA946CAF","toDetailCollection":{},"fromDetail":{"output":{"function_keys":{"_0":"f17"}},"display":"F17"}}]},"isEnableSub":false,"tenkeyRows":{"row6":[{"toDetailCollection":{},"id":"AA6802D4-F4B6-40B5-BB17-2EDE1752AB76","unitSize":2,"fromDetail":{"display":"0","output":{"keypad_keys":{"_0":"keypad_0"}}}},{"id":"9FAFF01F-E384-4F74-BBFF-1A6C90E5A64E","toDetailCollection":{},"fromDetail":{"display":".","output":{"keypad_keys":{"_0":"keypad_period"}}}}],"idsInOrderRow4":[{"id":"B6D8EBE6-804D-4163-904B-25DC7D8C9A95"},{"id":"6CC99166-4C3E-4DAB-B1C9-15C6F16D5E1B"},{"id":"55A919CC-057F-4E6E-8DA4-049A9DF01594"},{"id":"88B1484A-D62E-4F25-8265-F57F6818880C"}],"idsInOrderRow2":[{"id":"BC0DA9E8-37C3-4A79-86C3-E6BA4CC704BE"},{"id":"1C5EA1D0-A8AD-4B9A-8C1F-73252608AFD8"},{"id":"05EA1A9A-FA2F-4779-9D88-1D073F832852"},{"id":"35651BFA-C94C-43CC-B60E-88B6A0F66E8D"}],"arrow_right":{"id":"FF565BAA-D0AF-4780-A075-C6BB05702096","fromDetail":{"display":"arrowtriangle.right.fill","isSFSymbol":true,"output":{"arrow_keys":{"_0":"right_arrow"}}},"keyShape":"arrow_LR","toDetailCollection":{}},"row4":[{"id":"55A919CC-057F-4E6E-8DA4-049A9DF01594","fromDetail":{"display":"6","output":{"keypad_keys":{"_0":"keypad_6"}}},"toDetailCollection":{}},{"toDetailCollection":{},"fromDetail":{"display":"5","output":{"keypad_keys":{"_0":"keypad_5"}}},"id":"6CC99166-4C3E-4DAB-B1C9-15C6F16D5E1B"},{"fromDetail":{"display":"4","output":{"keypad_keys":{"_0":"keypad_4"}}},"id":"B6D8EBE6-804D-4163-904B-25DC7D8C9A95","toDetailCollection":{}},{"fromDetail":{"display":"+","output":{"keypad_keys":{"_0":"keypad_plus"}}},"id":"88B1484A-D62E-4F25-8265-F57F6818880C","toDetailCollection":{}}],"arrow_up":{"id":"55CB72FC-927D-408F-9B97-90A3F38C424A","fromDetail":{"display":"arrowtriangle.up.fill","output":{"arrow_keys":{"_0":"up_arrow"}},"isSFSymbol":true},"keyShape":"arrow_Up","toDetailCollection":{}},"row2":[{"toDetailCollection":{},"id":"05EA1A9A-FA2F-4779-9D88-1D073F832852","fromDetail":{"display":"\/","output":{"keypad_keys":{"_0":"keypad_slash"}}}},{"toDetailCollection":{},"id":"1C5EA1D0-A8AD-4B9A-8C1F-73252608AFD8","fromDetail":{"output":{"keypad_keys":{"_0":"keypad_equal_sign"}},"display":"="}},{"id":"35651BFA-C94C-43CC-B60E-88B6A0F66E8D","fromDetail":{"output":{"keypad_keys":{"_0":"keypad_asterisk"}},"display":"*"},"toDetailCollection":{}},{"toDetailCollection":{},"id":"BC0DA9E8-37C3-4A79-86C3-E6BA4CC704BE","fromDetail":{"output":{"others":{"_0":"clear"}},"display":"clear"}}],"idsInOrderRow6":[{"id":"AA6802D4-F4B6-40B5-BB17-2EDE1752AB76"},{"id":"9FAFF01F-E384-4F74-BBFF-1A6C90E5A64E"}],"enableArrowKeys":false,"row3":[{"fromDetail":{"output":{"keypad_keys":{"_0":"keypad_8"}},"display":"8"},"id":"C795739E-ACC4-46C1-ABD8-4E5B4D7CC121","toDetailCollection":{}},{"toDetailCollection":{},"id":"8BEF7ADF-4D40-4731-815A-22907A719D0B","fromDetail":{"output":{"keypad_keys":{"_0":"keypad_7"}},"display":"7"}},{"fromDetail":{"display":"-","output":{"keypad_keys":{"_0":"keypad_hyphen"}}},"toDetailCollection":{},"id":"BB98C58A-D1C6-40D2-AEEB-1F23ED6E6553"},{"id":"1CC80568-3AED-4892-97E2-EDCF7E394DEB","fromDetail":{"output":{"keypad_keys":{"_0":"keypad_9"}},"display":"9"},"toDetailCollection":{}}],"row5":[{"fromDetail":{"output":{"keypad_keys":{"_0":"keypad_2"}},"display":"2"},"id":"A3B081E0-E163-423C-951F-2C458231A24D","toDetailCollection":{}},{"fromDetail":{"output":{"keypad_keys":{"_0":"keypad_1"}},"display":"1"},"toDetailCollection":{},"id":"5CD97002-8353-46CE-A337-FCF0F008D8D8"},{"keyShape":"enter_Tenkey","toDetailCollection":{},"id":"28C3591F-CF8D-4958-A52B-36947340A1BC","fromDetail":{"display":"projective","isSFSymbol":true,"output":{"keypad_keys":{"_0":"keypad_enter"}}}},{"fromDetail":{"output":{"keypad_keys":{"_0":"keypad_3"}},"display":"3"},"toDetailCollection":{},"id":"7481CA52-F6B5-4EF8-A178-25A2643597DF"}],"rowIndex_arrow":{"row6":{}},"arrow_left":{"keyShape":"arrow_LR","toDetailCollection":{},"fromDetail":{"display":"arrowtriangle.left.fill","isSFSymbol":true,"output":{"arrow_keys":{"_0":"left_arrow"}}},"id":"DAC34D9C-2693-47C0-8E0A-5F31974A95EE"},"arrow_down":{"fromDetail":{"output":{"arrow_keys":{"_0":"down_arrow"}},"display":"arrowtriangle.down.fill","isSFSymbol":true},"id":"6067A621-21DE-493C-9C3B-E1480453DD02","keyShape":"arrow_Down","toDetailCollection":{}},"idsInOrderRow3":[{"id":"8BEF7ADF-4D40-4731-815A-22907A719D0B"},{"id":"C795739E-ACC4-46C1-ABD8-4E5B4D7CC121"},{"id":"1CC80568-3AED-4892-97E2-EDCF7E394DEB"},{"id":"BB98C58A-D1C6-40D2-AEEB-1F23ED6E6553"}],"idsInOrderRow1":[{"id":"701DC8A7-D3CE-4A08-B0AB-1F08A18B3AA6"},{"id":"D782E364-54D9-4BA7-85DF-36A40E53C093"},{"id":"FC4BB606-AFB3-420A-B824-C24B29D17731"},{"id":"B861D1E3-996B-453C-84CE-EB70DF426EBD"}],"row1":[{"fromDetail":{"display":"F17","output":{"function_keys":{"_0":"f17"}}},"id":"D782E364-54D9-4BA7-85DF-36A40E53C093","toDetailCollection":{}},{"id":"701DC8A7-D3CE-4A08-B0AB-1F08A18B3AA6","fromDetail":{"display":"F16","output":{"function_keys":{"_0":"f16"}}},"toDetailCollection":{}},{"toDetailCollection":{},"fromDetail":{"display":"F18","output":{"function_keys":{"_0":"f18"}}},"id":"FC4BB606-AFB3-420A-B824-C24B29D17731"},{"toDetailCollection":{},"fromDetail":{"display":"F19","output":{"function_keys":{"_0":"f19"}}},"id":"B861D1E3-996B-453C-84CE-EB70DF426EBD"}],"idsInOrderRow5":[{"id":"5CD97002-8353-46CE-A337-FCF0F008D8D8"},{"id":"A3B081E0-E163-423C-951F-2C458231A24D"},{"id":"7481CA52-F6B5-4EF8-A178-25A2643597DF"},{"id":"28C3591F-CF8D-4958-A52B-36947340A1BC"}]},"isEnableTenkey":false},"main":{"isEnableSub":false,"subRows":{"row5":[{"fromDetail":{"display":"A","output":{"letter_keys":{"_0":"a"}}},"toDetailCollection":{},"isSpacer":true,"id":"A6DEF13A-13CE-463B-8FA2-75214A4AF671"},{"toDetailCollection":{},"fromDetail":{"isSFSymbol":true,"display":"arrowtriangle.up.fill","output":{"arrow_keys":{"_0":"up_arrow"}}},"id":"802B7511-240E-4FBD-916F-5A953C307D18"}],"row3":[{"toDetailCollection":{},"id":"364E278D-25CC-42CD-ACBA-7446636B197A","fromDetail":{"isSFSymbol":true,"output":{"arrow_keys":{"_0":"page_down"}},"display":"arrow.down"}},{"toDetailCollection":{},"fromDetail":{"isSFSymbol":true,"display":"delete.right","output":{"controls_and_symbols":{"_0":"delete_forward"}}},"id":"D31F1DDD-2F61-42E7-AFB8-81DA848480B2"},{"fromDetail":{"display":"arrow.down.to.line","output":{"arrow_keys":{"_0":"end"}},"isSFSymbol":true},"toDetailCollection":{},"id":"FBF8A702-ECA2-44D0-B8DF-F15A3E365A04"}],"row2":[{"fromDetail":{"display":"text.insert","output":{"keys_in_pc_keyboards":{"_0":"insert"}},"isSFSymbol":true},"toDetailCollection":{},"id":"DAA1FD5C-C550-4EAA-AF91-AD3E8DDEEEE5"},{"id":"542EE86F-B7A4-451F-9E0F-AB239C5F010A","fromDetail":{"output":{"arrow_keys":{"_0":"home"}},"display":"arrow.up.to.line","isSFSymbol":true},"toDetailCollection":{}},{"toDetailCollection":{},"fromDetail":{"isSFSymbol":true,"output":{"arrow_keys":{"_0":"page_up"}},"display":"arrow.up"},"id":"CF9247E5-DB0D-4577-B373-8CBD72F57BF2"}],"idsInOrderRow3":[{"id":"D31F1DDD-2F61-42E7-AFB8-81DA848480B2"},{"id":"FBF8A702-ECA2-44D0-B8DF-F15A3E365A04"},{"id":"364E278D-25CC-42CD-ACBA-7446636B197A"}],"arrow_up":{"keyShape":"arrow_Up","toDetailCollection":{},"id":"57C14BB5-740D-47CB-B218-B669B58B0D63","fromDetail":{"output":{"arrow_keys":{"_0":"up_arrow"}},"isSFSymbol":true,"display":"arrowtriangle.up.fill"}},"idsInOrderRow4":[],"idsInOrderRow1":[{"id":"A29FC441-9EC6-4429-B0F5-0CBFC99BD7ED"},{"id":"656B4391-7897-45F7-9087-6F142410DF11"},{"id":"67BBA557-52F0-4D43-91FA-6331FA0A2669"}],"idsInOrderRow5":[{"id":"A6DEF13A-13CE-463B-8FA2-75214A4AF671"},{"id":"802B7511-240E-4FBD-916F-5A953C307D18"}],"enableArrowKeys":false,"row1":[{"fromDetail":{"output":{"function_keys":{"_0":"f15"}},"display":"F15"},"toDetailCollection":{},"id":"67BBA557-52F0-4D43-91FA-6331FA0A2669"},{"toDetailCollection":{},"fromDetail":{"output":{"function_keys":{"_0":"f14"}},"display":"F14"},"id":"656B4391-7897-45F7-9087-6F142410DF11"},{"toDetailCollection":{},"id":"A29FC441-9EC6-4429-B0F5-0CBFC99BD7ED","fromDetail":{"output":{"function_keys":{"_0":"f13"}},"display":"F13"}}],"row4":[],"rowIndex_arrow":{"row6":{}},"arrow_right":{"id":"0BC5D1FE-41AE-4C13-954F-507854C7E00F","fromDetail":{"isSFSymbol":true,"output":{"arrow_keys":{"_0":"right_arrow"}},"display":"arrowtriangle.right.fill"},"keyShape":"arrow_LR","toDetailCollection":{}},"row6":[{"id":"6CE6637D-0A96-45B3-B1D8-55D10A9450E2","fromDetail":{"output":{"arrow_keys":{"_0":"right_arrow"}},"display":"arrowtriangle.right.fill","isSFSymbol":true},"toDetailCollection":{}},{"toDetailCollection":{},"id":"9FF966D3-4A92-42D7-B199-228EE89A4FBA","fromDetail":{"display":"arrowtriangle.left.fill","isSFSymbol":true,"output":{"arrow_keys":{"_0":"left_arrow"}}}},{"toDetailCollection":{},"fromDetail":{"isSFSymbol":true,"display":"arrowtriangle.down.fill","output":{"arrow_keys":{"_0":"down_arrow"}}},"id":"51DF3F86-54D6-4489-884A-D75C9FD89E20"}],"idsInOrderRow6":[{"id":"9FF966D3-4A92-42D7-B199-228EE89A4FBA"},{"id":"51DF3F86-54D6-4489-884A-D75C9FD89E20"},{"id":"6CE6637D-0A96-45B3-B1D8-55D10A9450E2"}],"arrow_left":{"toDetailCollection":{},"keyShape":"arrow_LR","fromDetail":{"display":"arrowtriangle.left.fill","output":{"arrow_keys":{"_0":"left_arrow"}},"isSFSymbol":true},"id":"9D6BF955-101F-4C0C-AB59-C4BD566A5A62"},"arrow_down":{"keyShape":"arrow_Down","toDetailCollection":{},"fromDetail":{"display":"arrowtriangle.down.fill","output":{"arrow_keys":{"_0":"down_arrow"}},"isSFSymbol":true},"id":"7DAC7DAC-E86B-47DF-913A-3CF3A8E37DE1"},"idsInOrderRow2":[{"id":"DAA1FD5C-C550-4EAA-AF91-AD3E8DDEEEE5"},{"id":"542EE86F-B7A4-451F-9E0F-AB239C5F010A"},{"id":"CF9247E5-DB0D-4577-B373-8CBD72F57BF2"}]},"mainRows":{"row2":[{"fromDetail":{"display":"4","output":{"number_keys":{"_0":"four"}}},"toDetailCollection":{},"id":"BB9FD627-EA88-4110-9364-789DE946335E"},{"toDetailCollection":{},"id":"4FE085D8-E242-4F39-98A1-6B42FBD82936","fromDetail":{"output":{"number_keys":{"_0":"eight"}},"display":"8"}},{"id":"5BD045B2-5429-42C1-878C-735A4842CAA4","fromDetail":{"output":{"number_keys":{"_0":"seven"}},"display":"7"},"toDetailCollection":{}},{"toDetailCollection":{},"fromDetail":{"display":"0","output":{"number_keys":{"_0":"zero"}}},"id":"1A777B8E-AFDD-476E-8CD8-4C7DC7BF6738"},{"toDetailCollection":{},"id":"F6CDEEC9-370C-435F-9C48-338DA292DE3B","fromDetail":{"display":"2","output":{"number_keys":{"_0":"two"}}}},{"id":"9C8D1AF1-7173-42F1-91EA-BC7B7C4581F6","fromDetail":{"output":{"controls_and_symbols":{"_0":"delete_or_backspace"}},"display":"delete.left","isSFSymbol":true},"toDetailCollection":{},"unitSize":1.5},{"toDetailCollection":{"condition0":{"layer0":{"isCustomized_tap":true,"outputAndDisplay_tap":{"output":{"controls_and_symbols":{"_0":"close_square_bracket"}},"layerKey":"layer0","display":"]"},"withModifier_tap":{}}}},"id":"6B7CD349-D17B-49EF-A23D-8A078AE616DE","fromDetail":{"display":"=","output":{"controls_and_symbols":{"_0":"equal_sign_or_caret"}}}},{"toDetailCollection":{},"id":"E40B7CC7-BD65-4529-B853-C7A8006A35AC","fromDetail":{"output":{"number_keys":{"_0":"nine"}},"display":"9"}},{"id":"7892119E-98CC-4AC1-B349-2D940776CD01","fromDetail":{"output":{"controls_and_symbols":{"_0":"section"}},"display":"§"},"toDetailCollection":{}},{"id":"D8345980-2805-4318-B3A8-091F0044A670","fromDetail":{"output":{"number_keys":{"_0":"three"}},"display":"3"},"toDetailCollection":{}},{"toDetailCollection":{},"fromDetail":{"display":"5","output":{"number_keys":{"_0":"five"}}},"id":"16ECAA5A-4E83-47D2-A46D-09EAD8BF4939"},{"id":"E7B54E00-F548-4540-895D-0555046D6AEF","fromDetail":{"output":{"number_keys":{"_0":"one"}},"display":"1"},"toDetailCollection":{}},{"id":"44F9E0C6-A133-4E6E-8B69-191F5B500EE8","fromDetail":{"display":"-","output":{"controls_and_symbols":{"_0":"hyphen"}}},"toDetailCollection":{"condition0":{"layer0":{"isCustomized_tap":true,"withModifier_tap":{},"outputAndDisplay_tap":{"output":{"controls_and_symbols":{"_0":"open_square_bracket"}},"display":"[","layerKey":"layer0"}}}}},{"toDetailCollection":{},"id":"40DA73BE-B259-4157-B222-8EB790C367AC","fromDetail":{"output":{"number_keys":{"_0":"six"}},"display":"6"}}],"idsInOrderRow4":[{"id":"700F94E6-F6CA-4467-90E0-5503EA923ED5"},{"id":"FAB0A315-E54D-4403-83E6-942C3C177ABD"},{"id":"36D2DABE-7A6F-4A95-A919-B0BA05DCCCEC"},{"id":"E18B0816-0A26-4CE6-9585-AD06E648C790"},{"id":"0256B8D6-F7AC-4800-B8B6-5D7FCAC9E6EA"},{"id":"AAC52810-45F7-4F73-944A-6B8C4EC3EE3B"},{"id":"8E040B5B-6E27-4A5A-9F1C-214E194F3511"},{"id":"BA2FB398-D324-4A64-88E1-EFFB53493C06"},{"id":"8231E744-F95A-4845-AF9B-1BB644CB4E2B"},{"id":"3341D480-342F-481E-9AA8-67A71357BDCB"},{"id":"0005E0F9-6ED2-45D0-8054-5568AB8AA96D"},{"id":"E8ADB060-78FC-466F-B222-EE41FE37D5B4"},{"id":"AA6A11AF-2823-4D93-A684-DA2B763F4F8D"}],"row6":[{"id":"82B9A58C-F31C-4464-9264-40DFEB2815EE","fromDetail":{"display":"globe","isSFSymbol":true,"output":{"modifier_keys":{"_0":"keyboard_fn"}}},"toDetailCollection":{}},{"id":"44AD5029-7673-4288-9360-B18BA829156F","toDetailCollection":{},"fromDetail":{"display":"option","output":{"modifier_keys":{"_0":"right_option"}},"isSFSymbol":true}},{"fromDetail":{"display":"option","isSFSymbol":true,"output":{"modifier_keys":{"_0":"left_option"}}},"toDetailCollection":{},"id":"180DCF46-748B-40C3-938D-9656026A82FD"},{"fromDetail":{"display":"command","output":{"modifier_keys":{"_0":"left_command"}},"isSFSymbol":true},"unitSize":1.25,"toDetailCollection":{},"id":"7A823587-2960-41F5-B888-376B97D2E5A4"},{"toDetailCollection":{},"unitSize":5,"fromDetail":{"display":"␣","output":{"controls_and_symbols":{"_0":"spacebar"}}},"id":"E7782DA2-C21A-43C0-8C9C-B683450683EE"},{"toDetailCollection":{},"fromDetail":{"output":{"modifier_keys":{"_0":"left_control"}},"display":"control","isSFSymbol":true},"id":"01E874BA-0FAD-4A5A-9C85-84B67E8774FC"},{"toDetailCollection":{},"fromDetail":{"output":{"modifier_keys":{"_0":"right_command"}},"display":"command","isSFSymbol":true},"id":"96900926-7BE0-4199-865E-21DEE518D6FA","unitSize":1.25}],"arrow_right":{"id":"3F7B9005-8E5F-49B5-A380-386DA5994E7B","toDetailCollection":{},"fromDetail":{"display":"arrowtriangle.right.fill","output":{"arrow_keys":{"_0":"right_arrow"}},"isSFSymbol":true},"keyShape":"arrow_LR"},"arrow_down":{"fromDetail":{"display":"arrowtriangle.down.fill","output":{"arrow_keys":{"_0":"down_arrow"}},"isSFSymbol":true},"keyShape":"arrow_Down","id":"2E0475D0-51CE-4A42-88F9-CAA77087BA18","toDetailCollection":{}},"row5":[{"toDetailCollection":{},"id":"91A82096-22DE-4479-99E3-06B2713CAB03","unitSize":1.25,"fromDetail":{"display":"shift","output":{"modifier_keys":{"_0":"left_shift"}},"isSFSymbol":true}},{"fromDetail":{"output":{"controls_and_symbols":{"_0":"slash"}},"display":"\/"},"toDetailCollection":{"condition0":{"layer0":{"withModifier_tap":{},"isCustomized_tap":true,"outputAndDisplay_tap":{"layerKey":"layer0","output":{"letter_keys":{"_0":"j"}},"display":"J"}}}},"id":"89709BC2-0168-4015-81B7-2ED87BBB1D67"},{"fromDetail":{"display":"shift","isSFSymbol":true,"output":{"modifier_keys":{"_0":"right_shift"}}},"unitSize":2.25,"toDetailCollection":{},"id":"3FB2BD36-7787-45CD-BDC8-28E1B9972B10"},{"toDetailCollection":{"condition0":{"layer0":{"isCustomized_tap":true,"outputAndDisplay_tap":{"output":{"letter_keys":{"_0":"l"}},"display":"L","layerKey":"layer0"},"withModifier_tap":{}}}},"id":"750569B5-4A6E-4A0F-B380-E9768B116D23","fromDetail":{"display":",","output":{"controls_and_symbols":{"_0":"comma"}}}},{"toDetailCollection":{"condition0":{"layer0":{"withModifier_tap":{},"isCustomized_tap":true,"outputAndDisplay_tap":{"output":{"letter_keys":{"_0":"w"}},"display":"W","layerKey":"layer0"}}}},"fromDetail":{"output":{"letter_keys":{"_0":"n"}},"display":"N"},"id":"C8215B71-390B-4AEB-920A-5594E5201EC6"},{"fromDetail":{"output":{"letter_keys":{"_0":"v"}},"display":"V"},"toDetailCollection":{"condition0":{"layer0":{"outputAndDisplay_tap":{"layerKey":"layer0","output":{"controls_and_symbols":{"_0":"period"}},"display":"."},"withModifier_tap":{},"isCustomized_tap":true}}},"id":"EEFFED60-9006-459A-B22C-5693318EF3C6"},{"fromDetail":{"output":{"letter_keys":{"_0":"x"}},"display":"X"},"toDetailCollection":{"condition0":{"layer0":{"isCustomized_tap":true,"outputAndDisplay_tap":{"display":"\/","layerKey":"layer0","output":{"controls_and_symbols":{"_0":"slash"}}},"withModifier_tap":{}}}},"id":"EAC6A52D-C00E-4654-A4B3-B7EEDA627550"},{"id":"B574606D-2812-4F1B-A2C9-79DBA4388E6B","fromDetail":{"output":{"controls_and_symbols":{"_0":"grave_accent"}},"display":"`"},"toDetailCollection":{}},{"id":"17EAEE71-066A-4935-B87C-31FF90847231","fromDetail":{"output":{"controls_and_symbols":{"_0":"period"}},"display":"."},"toDetailCollection":{"condition0":{"layer0":{"withModifier_tap":{},"isCustomized_tap":true,"outputAndDisplay_tap":{"layerKey":"layer0","output":{"letter_keys":{"_0":"b"}},"display":"B"}}}}},{"toDetailCollection":{"condition0":{"layer0":{"isCustomized_tap":true,"outputAndDisplay_tap":{"display":"M","layerKey":"layer0","output":{"letter_keys":{"_0":"m"}}},"withModifier_tap":{}}}},"id":"2FBE485C-8A91-4896-AB7A-3A66260E5EE4","fromDetail":{"display":"M","output":{"letter_keys":{"_0":"m"}}}},{"id":"D7329F9F-9F1A-4260-A033-C3FB2B8F507A","fromDetail":{"display":"B","output":{"letter_keys":{"_0":"b"}}},"toDetailCollection":{"condition0":{"layer0":{"outputAndDisplay_tap":{"output":{"controls_and_symbols":{"_0":"semicolon"}},"layerKey":"layer0","display":";"},"isCustomized_tap":true,"withModifier_tap":{}}}}},{"id":"4B4179D8-DFC4-4578-8513-434E8A12FFF6","fromDetail":{"output":{"letter_keys":{"_0":"c"}},"display":"C"},"toDetailCollection":{"condition0":{"layer0":{"withModifier_tap":{},"isCustomized_tap":true,"outputAndDisplay_tap":{"layerKey":"layer0","output":{"controls_and_symbols":{"_0":"comma"}},"display":","}}}}},{"fromDetail":{"output":{"letter_keys":{"_0":"z"}},"display":"Z"},"toDetailCollection":{},"id":"069A0A7F-3E2B-47FF-B651-046FD808D83C"}],"row1":[{"id":"7E746915-AD4D-463B-B500-A0C16E9760E6","fromDetail":{"output":{"function_keys":{"_0":"f4"}},"display":"F4"},"toDetailCollection":{}},{"toDetailCollection":{},"id":"F4D2DF3A-496C-4FC9-839A-BA996454FD6F","fromDetail":{"output":{"function_keys":{"_0":"f2"}},"display":"F2"}},{"toDetailCollection":{},"id":"BF2EAA06-C394-4B4D-AB45-1558955F0A34","fromDetail":{"output":{"function_keys":{"_0":"f7"}},"display":"F7"}},{"toDetailCollection":{},"id":"6A78DF36-80A6-435B-9098-881613EB9854","fromDetail":{"output":{"function_keys":{"_0":"f3"}},"display":"F3"}},{"id":"6EC884A2-7AB4-4AAD-A718-EE6E004D05E5","fromDetail":{"output":{"function_keys":{"_0":"f10"}},"display":"F10"},"toDetailCollection":{}},{"id":"DF40BB71-7DE6-443E-B901-9D22F4AAC791","fromDetail":{"display":"F1","output":{"function_keys":{"_0":"f1"}}},"toDetailCollection":{}},{"id":"9D6A09F2-1FEC-4E31-A4B7-1D1B0ACFB91F","toDetailCollection":{},"fromDetail":{"display":"F8","output":{"function_keys":{"_0":"f8"}}}},{"fromDetail":{"display":"F6","output":{"function_keys":{"_0":"f6"}}},"id":"95132195-1501-4727-93EC-CA983DD1D15C","toDetailCollection":{}},{"id":"44BCE66C-A072-4E7B-8745-A7E53F3A34E3","toDetailCollection":{},"fromDetail":{"output":{"function_keys":{"_0":"f12"}},"display":"F12"}},{"id":"2C7946CF-B5EA-438C-B200-350D84687C93","toDetailCollection":{},"fromDetail":{"output":{"function_keys":{"_0":"f9"}},"display":"F9"}},{"fromDetail":{"display":"escape","output":{"controls_and_symbols":{"_0":"escape"}},"isSFSymbol":true},"id":"A77F286F-CCD2-4260-BC0C-0F9D06832AF8","toDetailCollection":{},"unitSize":1.5},{"id":"AF439B64-87B6-45A6-B9BC-B5C054C7F59C","toDetailCollection":{},"fromDetail":{"display":"F11","output":{"function_keys":{"_0":"f11"}}}},{"id":"AA0D9550-CBFF-4E5F-AFAD-4D8FFA869493","fromDetail":{"output":{"function_keys":{"_0":"f5"}},"display":"F5"},"toDetailCollection":{}}],"idsInOrderRow3":[{"id":"73910387-6A1C-46E5-A620-E929C8108E80"},{"id":"549294B7-8F6F-4795-AB8F-A75D462F162C"},{"id":"AEE9BB82-5E76-4B14-829F-52702CF370DB"},{"id":"E3384129-987B-4A8C-8A09-6378153CDEC5"},{"id":"E54D0CF1-DCD6-4284-A20D-7D28BBD8C3AA"},{"id":"7C4F3E55-EAF6-4015-BB22-9EFF8DF2C14A"},{"id":"0B59A2C5-87FA-4BE5-9081-6E9B1C6A9971"},{"id":"214D522B-C677-4FD2-9CA1-A57101883CF0"},{"id":"9FC4E9CE-DCF6-4F3D-A2D2-A812A40CF282"},{"id":"B566F94E-83B3-4874-9811-0F58534BB392"},{"id":"91F0BE90-408E-41D4-AE26-F6A9BA524BE2"},{"id":"966188AA-A23E-431D-81D9-FB5E27D0E906"},{"id":"68366A9C-2758-4AED-800E-C77EBB0CB7B6"},{"id":"8C50E332-21B7-4E84-916B-4755AEC29DB5"}],"row4":[{"id":"700F94E6-F6CA-4467-90E0-5503EA923ED5","fromDetail":{"output":{"modifier_keys":{"_0":"caps_lock"}},"display":"capslock","isSFSymbol":true},"unitSize":1.75,"toDetailCollection":{}},{"id":"FAB0A315-E54D-4403-83E6-942C3C177ABD","fromDetail":{"output":{"letter_keys":{"_0":"a"}},"display":"A"},"toDetailCollection":{"condition0":{"layer0":{"outputAndDisplay_tap":{"output":{"letter_keys":{"_0":"c"}},"display":"C","layerKey":"layer0"},"withModifier_tap":{},"isCustomized_tap":true}}}},{"toDetailCollection":{"condition0":{"layer0":{"withModifier_tap":{},"outputAndDisplay_tap":{"layerKey":"layer0","output":{"letter_keys":{"_0":"r"}},"display":"R"},"isCustomized_tap":true}}},"fromDetail":{"display":";","output":{"controls_and_symbols":{"_0":"semicolon"}}},"id":"0005E0F9-6ED2-45D0-8054-5568AB8AA96D"},{"toDetailCollection":{"condition0":{"layer0":{"isCustomized_tap":true,"outputAndDisplay_tap":{"display":"I","output":{"letter_keys":{"_0":"i"}},"layerKey":"layer0"},"withModifier_tap":{}}}},"id":"36D2DABE-7A6F-4A95-A919-B0BA05DCCCEC","fromDetail":{"display":"S","output":{"letter_keys":{"_0":"s"}}}},{"toDetailCollection":{"condition0":{"layer0":{"withModifier_tap":{},"outputAndDisplay_tap":{"display":"V","output":{"letter_keys":{"_0":"v"}},"layerKey":"layer0"},"isCustomized_tap":true}}},"fromDetail":{"output":{"controls_and_symbols":{"_0":"single_quotation_or_colon"}},"display":"'"},"id":"E8ADB060-78FC-466F-B222-EE41FE37D5B4"},{"toDetailCollection":{"condition0":{"layer0":{"outputAndDisplay_tap":{"layerKey":"layer0","output":{"controls_and_symbols":{"_0":"single_quotation"}},"display":"'"},"withModifier_tap":{},"isCustomized_tap":true}}},"id":"AAC52810-45F7-4F73-944A-6B8C4EC3EE3B","fromDetail":{"output":{"letter_keys":{"_0":"g"}},"display":"G"}},{"fromDetail":{"display":"K","output":{"letter_keys":{"_0":"k"}}},"toDetailCollection":{"condition0":{"layer0":{"outputAndDisplay_tap":{"output":{"letter_keys":{"_0":"n"}},"display":"N","layerKey":"layer0"},"withModifier_tap":{},"isCustomized_tap":true}}},"id":"8231E744-F95A-4845-AF9B-1BB644CB4E2B"},{"id":"3341D480-342F-481E-9AA8-67A71357BDCB","fromDetail":{"output":{"letter_keys":{"_0":"l"}},"display":"L"},"toDetailCollection":{"condition0":{"layer0":{"outputAndDisplay_tap":{"output":{"letter_keys":{"_0":"s"}},"layerKey":"layer0","display":"S"},"withModifier_tap":{},"isCustomized_tap":true}}}},{"id":"AA6A11AF-2823-4D93-A684-DA2B763F4F8D","fromDetail":{"display":"\\","output":{"controls_and_symbols":{"_0":"backslash_or_yen"}}},"toDetailCollection":{}},{"fromDetail":{"display":"D","output":{"letter_keys":{"_0":"d"}}},"id":"E18B0816-0A26-4CE6-9585-AD06E648C790","toDetailCollection":{"condition0":{"layer0":{"outputAndDisplay_tap":{"display":"E","layerKey":"layer0","output":{"letter_keys":{"_0":"e"}}},"withModifier_tap":{},"isCustomized_tap":true}}}},{"toDetailCollection":{"condition0":{"layer0":{"isCustomized_tap":true,"outputAndDisplay_tap":{"layerKey":"layer0","output":{"letter_keys":{"_0":"g"}},"display":"G"},"withModifier_tap":{}}}},"id":"8E040B5B-6E27-4A5A-9F1C-214E194F3511","fromDetail":{"output":{"letter_keys":{"_0":"h"}},"display":"H"}},{"id":"BA2FB398-D324-4A64-88E1-EFFB53493C06","fromDetail":{"display":"J","output":{"letter_keys":{"_0":"j"}}},"toDetailCollection":{"condition0":{"layer0":{"isCustomized_tap":true,"outputAndDisplay_tap":{"output":{"letter_keys":{"_0":"t"}},"display":"T","layerKey":"layer0"},"withModifier_tap":{}}}}},{"toDetailCollection":{"condition0":{"layer0":{"withModifier_tap":{},"isCustomized_tap":true,"outputAndDisplay_tap":{"display":"A","layerKey":"layer0","output":{"letter_keys":{"_0":"a"}}}}}},"id":"0256B8D6-F7AC-4800-B8B6-5D7FCAC9E6EA","fromDetail":{"display":"F","output":{"letter_keys":{"_0":"f"}}}}],"idsInOrderRow6":[{"id":"82B9A58C-F31C-4464-9264-40DFEB2815EE"},{"id":"01E874BA-0FAD-4A5A-9C85-84B67E8774FC"},{"id":"180DCF46-748B-40C3-938D-9656026A82FD"},{"id":"7A823587-2960-41F5-B888-376B97D2E5A4"},{"id":"E7782DA2-C21A-43C0-8C9C-B683450683EE"},{"id":"96900926-7BE0-4199-865E-21DEE518D6FA"},{"id":"44AD5029-7673-4288-9360-B18BA829156F"}],"idsInOrderRow2":[{"id":"7892119E-98CC-4AC1-B349-2D940776CD01"},{"id":"E7B54E00-F548-4540-895D-0555046D6AEF"},{"id":"F6CDEEC9-370C-435F-9C48-338DA292DE3B"},{"id":"D8345980-2805-4318-B3A8-091F0044A670"},{"id":"BB9FD627-EA88-4110-9364-789DE946335E"},{"id":"16ECAA5A-4E83-47D2-A46D-09EAD8BF4939"},{"id":"40DA73BE-B259-4157-B222-8EB790C367AC"},{"id":"5BD045B2-5429-42C1-878C-735A4842CAA4"},{"id":"4FE085D8-E242-4F39-98A1-6B42FBD82936"},{"id":"E40B7CC7-BD65-4529-B853-C7A8006A35AC"},{"id":"1A777B8E-AFDD-476E-8CD8-4C7DC7BF6738"},{"id":"44F9E0C6-A133-4E6E-8B69-191F5B500EE8"},{"id":"6B7CD349-D17B-49EF-A23D-8A078AE616DE"},{"id":"9C8D1AF1-7173-42F1-91EA-BC7B7C4581F6"}],"row3":[{"toDetailCollection":{"condition0":{"layer0":{"outputAndDisplay_tap":{"display":"D","layerKey":"layer0","output":{"letter_keys":{"_0":"d"}}},"withModifier_tap":{},"isCustomized_tap":true}}},"id":"214D522B-C677-4FD2-9CA1-A57101883CF0","fromDetail":{"display":"U","output":{"letter_keys":{"_0":"u"}}}},{"id":"0B59A2C5-87FA-4BE5-9081-6E9B1C6A9971","fromDetail":{"output":{"letter_keys":{"_0":"y"}},"display":"Y"},"toDetailCollection":{"condition0":{"layer0":{"isCustomized_tap":true,"outputAndDisplay_tap":{"layerKey":"layer0","output":{"letter_keys":{"_0":"k"}},"display":"K"},"withModifier_tap":{}}}}},{"fromDetail":{"output":{"letter_keys":{"_0":"p"}},"display":"P"},"id":"91F0BE90-408E-41D4-AE26-F6A9BA524BE2","toDetailCollection":{"condition0":{"layer0":{"withModifier_tap":{},"outputAndDisplay_tap":{"display":"X","layerKey":"layer0","output":{"letter_keys":{"_0":"x"}}},"isCustomized_tap":true}}}},{"id":"E3384129-987B-4A8C-8A09-6378153CDEC5","fromDetail":{"display":"E","output":{"letter_keys":{"_0":"e"}}},"toDetailCollection":{"condition0":{"layer0":{"isCustomized_tap":true,"outputAndDisplay_tap":{"display":"U","layerKey":"layer0","output":{"letter_keys":{"_0":"u"}}},"withModifier_tap":{}}}}},{"fromDetail":{"output":{"letter_keys":{"_0":"t"}},"display":"T"},"id":"7C4F3E55-EAF6-4015-BB22-9EFF8DF2C14A","toDetailCollection":{"condition0":{"layer0":{"outputAndDisplay_tap":{"layerKey":"layer0","display":"-","output":{"controls_and_symbols":{"_0":"hyphen"}}},"isCustomized_tap":true,"withModifier_tap":{}}}}},{"unitSize":1.5,"toDetailCollection":{},"id":"73910387-6A1C-46E5-A620-E929C8108E80","fromDetail":{"display":"arrow.right.to.line","isSFSymbol":true,"output":{"controls_and_symbols":{"_0":"tab"}}}},{"toDetailCollection":{"condition0":{"layer0":{"isCustomized_tap":true,"outputAndDisplay_tap":{"layerKey":"layer0","display":"O","output":{"letter_keys":{"_0":"o"}}},"withModifier_tap":{}}}},"id":"E54D0CF1-DCD6-4284-A20D-7D28BBD8C3AA","fromDetail":{"output":{"letter_keys":{"_0":"r"}},"display":"R"}},{"toDetailCollection":{"condition0":{"layer0":{"outputAndDisplay_tap":{"display":"Y","layerKey":"layer0","output":{"letter_keys":{"_0":"y"}}},"isCustomized_tap":true,"withModifier_tap":{}}}},"fromDetail":{"display":"W","output":{"letter_keys":{"_0":"w"}}},"id":"AEE9BB82-5E76-4B14-829F-52702CF370DB"},{"keyShape":"enter_UK","id":"8C50E332-21B7-4E84-916B-4755AEC29DB5","fromDetail":{"isSFSymbol":true,"output":{"controls_and_symbols":{"_0":"return_or_enter"}},"display":"return"},"toDetailCollection":{}},{"id":"B566F94E-83B3-4874-9811-0F58534BB392","fromDetail":{"output":{"letter_keys":{"_0":"o"}},"display":"O"},"toDetailCollection":{"condition0":{"layer0":{"isCustomized_tap":true,"withModifier_tap":{},"outputAndDisplay_tap":{"display":"F","output":{"letter_keys":{"_0":"f"}},"layerKey":"layer0"}}}}},{"id":"549294B7-8F6F-4795-AB8F-A75D462F162C","toDetailCollection":{"condition0":{"layer0":{"withModifier_tap":{},"isCustomized_tap":true,"outputAndDisplay_tap":{"output":{"letter_keys":{"_0":"p"}},"display":"P","layerKey":"layer0"}}}},"fromDetail":{"output":{"letter_keys":{"_0":"q"}},"display":"Q"}},{"fromDetail":{"output":{"controls_and_symbols":{"_0":"close_square_bracket"}},"display":"]"},"toDetailCollection":{"condition0":{"layer0":{"withModifier_tap":{},"isCustomized_tap":true,"outputAndDisplay_tap":{"display":"=","layerKey":"layer0","output":{"controls_and_symbols":{"_0":"equal_sign"}}}}}},"id":"68366A9C-2758-4AED-800E-C77EBB0CB7B6"},{"toDetailCollection":{"condition0":{"layer0":{"isCustomized_tap":true,"outputAndDisplay_tap":{"output":{"letter_keys":{"_0":"q"}},"display":"Q","layerKey":"layer0"},"withModifier_tap":{}}}},"fromDetail":{"display":"[","output":{"controls_and_symbols":{"_0":"open_square_bracket"}}},"id":"966188AA-A23E-431D-81D9-FB5E27D0E906"},{"toDetailCollection":{"condition0":{"layer0":{"isCustomized_tap":true,"outputAndDisplay_tap":{"layerKey":"layer0","display":"H","output":{"letter_keys":{"_0":"h"}}},"withModifier_tap":{}}}},"id":"9FC4E9CE-DCF6-4F3D-A2D2-A812A40CF282","fromDetail":{"output":{"letter_keys":{"_0":"i"}},"display":"I"}}],"idsInOrderRow5":[{"id":"91A82096-22DE-4479-99E3-06B2713CAB03"},{"id":"B574606D-2812-4F1B-A2C9-79DBA4388E6B"},{"id":"069A0A7F-3E2B-47FF-B651-046FD808D83C"},{"id":"EAC6A52D-C00E-4654-A4B3-B7EEDA627550"},{"id":"4B4179D8-DFC4-4578-8513-434E8A12FFF6"},{"id":"EEFFED60-9006-459A-B22C-5693318EF3C6"},{"id":"D7329F9F-9F1A-4260-A033-C3FB2B8F507A"},{"id":"C8215B71-390B-4AEB-920A-5594E5201EC6"},{"id":"2FBE485C-8A91-4896-AB7A-3A66260E5EE4"},{"id":"750569B5-4A6E-4A0F-B380-E9768B116D23"},{"id":"17EAEE71-066A-4935-B87C-31FF90847231"},{"id":"89709BC2-0168-4015-81B7-2ED87BBB1D67"},{"id":"3FB2BD36-7787-45CD-BDC8-28E1B9972B10"}],"enableArrowKeys":true,"arrow_up":{"toDetailCollection":{},"id":"07605627-2ADC-4736-9DB7-2DD178DA11BD","keyShape":"arrow_Up","fromDetail":{"display":"arrowtriangle.up.fill","isSFSymbol":true,"output":{"arrow_keys":{"_0":"up_arrow"}}}},"rowIndex_arrow":{"row6":{}},"idsInOrderRow1":[{"id":"A77F286F-CCD2-4260-BC0C-0F9D06832AF8"},{"id":"DF40BB71-7DE6-443E-B901-9D22F4AAC791"},{"id":"F4D2DF3A-496C-4FC9-839A-BA996454FD6F"},{"id":"6A78DF36-80A6-435B-9098-881613EB9854"},{"id":"7E746915-AD4D-463B-B500-A0C16E9760E6"},{"id":"AA0D9550-CBFF-4E5F-AFAD-4D8FFA869493"},{"id":"95132195-1501-4727-93EC-CA983DD1D15C"},{"id":"BF2EAA06-C394-4B4D-AB45-1558955F0A34"},{"id":"9D6A09F2-1FEC-4E31-A4B7-1D1B0ACFB91F"},{"id":"2C7946CF-B5EA-438C-B200-350D84687C93"},{"id":"6EC884A2-7AB4-4AAD-A718-EE6E004D05E5"},{"id":"AF439B64-87B6-45A6-B9BC-B5C054C7F59C"},{"id":"44BCE66C-A072-4E7B-8745-A7E53F3A34E3"}],"arrow_left":{"fromDetail":{"isSFSymbol":true,"output":{"arrow_keys":{"_0":"left_arrow"}},"display":"arrowtriangle.left.fill"},"toDetailCollection":{},"keyShape":"arrow_LR","id":"B36E7169-1EC3-4224-AE67-0556611601BA"}},"isEnableTenkey":false,"tenkeyRows":{"rowIndex_arrow":{"row6":{}},"row3":[{"id":"C7951A48-D3BE-4CC8-BC51-FC580AC68057","fromDetail":{"output":{"keypad_keys":{"_0":"keypad_hyphen"}},"display":"-"},"toDetailCollection":{}},{"fromDetail":{"output":{"keypad_keys":{"_0":"keypad_9"}},"display":"9"},"toDetailCollection":{},"id":"BBCCE51E-E1FD-4A79-B72D-AA74346119E4"},{"fromDetail":{"output":{"keypad_keys":{"_0":"keypad_7"}},"display":"7"},"toDetailCollection":{},"id":"517AC77C-C331-4503-8CB0-27AD4A0CF063"},{"toDetailCollection":{},"id":"DF27352D-FAD2-45DC-BDDC-727BFDF42AF9","fromDetail":{"output":{"keypad_keys":{"_0":"keypad_8"}},"display":"8"}}],"idsInOrderRow2":[{"id":"51895C95-EE35-4A49-A7A7-8D0681A67682"},{"id":"51BC49AB-330A-45C5-B5F8-481EB1AF71FC"},{"id":"4B0EBBEB-49FC-444A-AAAA-7B3EBACD0A11"},{"id":"5E2FE1B7-9BFC-4A67-AB1D-4770E08D7D4E"}],"idsInOrderRow3":[{"id":"517AC77C-C331-4503-8CB0-27AD4A0CF063"},{"id":"DF27352D-FAD2-45DC-BDDC-727BFDF42AF9"},{"id":"BBCCE51E-E1FD-4A79-B72D-AA74346119E4"},{"id":"C7951A48-D3BE-4CC8-BC51-FC580AC68057"}],"arrow_down":{"id":"D6376E28-71B3-40DB-9E01-AA5863CA6B47","toDetailCollection":{},"fromDetail":{"isSFSymbol":true,"output":{"arrow_keys":{"_0":"down_arrow"}},"display":"arrowtriangle.down.fill"},"keyShape":"arrow_Down"},"arrow_up":{"fromDetail":{"display":"arrowtriangle.up.fill","isSFSymbol":true,"output":{"arrow_keys":{"_0":"up_arrow"}}},"id":"01067FF0-5203-4CBC-AF35-BBDD8C6859B7","toDetailCollection":{},"keyShape":"arrow_Up"},"row5":[{"keyShape":"enter_Tenkey","fromDetail":{"display":"projective","isSFSymbol":true,"output":{"keypad_keys":{"_0":"keypad_enter"}}},"toDetailCollection":{},"id":"AEA1E892-EA8C-4233-909A-DCE8E4826E37"},{"id":"7D855B71-2D92-4C98-942C-0F70E5E68863","toDetailCollection":{},"fromDetail":{"output":{"keypad_keys":{"_0":"keypad_2"}},"display":"2"}},{"fromDetail":{"display":"1","output":{"keypad_keys":{"_0":"keypad_1"}}},"id":"B0AEF489-A8CB-48D4-A298-832DA73AF0D5","toDetailCollection":{}},{"id":"04D183CF-4C20-4668-AB11-4CC05B68034D","fromDetail":{"display":"3","output":{"keypad_keys":{"_0":"keypad_3"}}},"toDetailCollection":{}}],"row6":[{"toDetailCollection":{},"fromDetail":{"display":"0","output":{"keypad_keys":{"_0":"keypad_0"}}},"id":"2E58F728-D79B-4396-B6DE-C4F6E84A3E02","unitSize":2},{"id":"35C39B52-E459-4403-A452-18502970E3BD","toDetailCollection":{},"fromDetail":{"output":{"keypad_keys":{"_0":"keypad_period"}},"display":"."}}],"idsInOrderRow4":[{"id":"FB283897-836A-4FB3-8051-3B58EABE1F9A"},{"id":"DDA0465B-7CD9-40D1-9989-43D6B0B609AB"},{"id":"74C3CF81-F09F-4A39-B63A-A8F80876E174"},{"id":"AA492F39-6852-4CA2-BD37-AF30F24B8312"}],"row2":[{"fromDetail":{"output":{"keypad_keys":{"_0":"keypad_slash"}},"display":"\/"},"id":"4B0EBBEB-49FC-444A-AAAA-7B3EBACD0A11","toDetailCollection":{}},{"fromDetail":{"output":{"keypad_keys":{"_0":"keypad_equal_sign"}},"display":"="},"id":"51BC49AB-330A-45C5-B5F8-481EB1AF71FC","toDetailCollection":{}},{"fromDetail":{"output":{"keypad_keys":{"_0":"keypad_asterisk"}},"display":"*"},"toDetailCollection":{},"id":"5E2FE1B7-9BFC-4A67-AB1D-4770E08D7D4E"},{"id":"51895C95-EE35-4A49-A7A7-8D0681A67682","fromDetail":{"output":{"others":{"_0":"clear"}},"display":"clear"},"toDetailCollection":{}}],"idsInOrderRow1":[{"id":"ECC74C9A-0B4F-425F-8AD5-6CE1573B577A"},{"id":"2A0299C5-012F-4AC9-B9A4-00317930B1DC"},{"id":"E10DA562-4842-4D99-A10A-A042B9F71AA3"},{"id":"849EE848-1C5E-4E26-9846-CC0DD8B74B60"}],"enableArrowKeys":false,"idsInOrderRow5":[{"id":"B0AEF489-A8CB-48D4-A298-832DA73AF0D5"},{"id":"7D855B71-2D92-4C98-942C-0F70E5E68863"},{"id":"04D183CF-4C20-4668-AB11-4CC05B68034D"},{"id":"AEA1E892-EA8C-4233-909A-DCE8E4826E37"}],"arrow_left":{"fromDetail":{"output":{"arrow_keys":{"_0":"left_arrow"}},"isSFSymbol":true,"display":"arrowtriangle.left.fill"},"id":"29BD64B5-68B2-43F4-9AA9-1A38384FE6E7","toDetailCollection":{},"keyShape":"arrow_LR"},"arrow_right":{"id":"35C4F7EB-6E8A-4BB1-BE93-F7BD5AC1BF96","keyShape":"arrow_LR","fromDetail":{"output":{"arrow_keys":{"_0":"right_arrow"}},"display":"arrowtriangle.right.fill","isSFSymbol":true},"toDetailCollection":{}},"idsInOrderRow6":[{"id":"2E58F728-D79B-4396-B6DE-C4F6E84A3E02"},{"id":"35C39B52-E459-4403-A452-18502970E3BD"}],"row4":[{"toDetailCollection":{},"id":"AA492F39-6852-4CA2-BD37-AF30F24B8312","fromDetail":{"output":{"keypad_keys":{"_0":"keypad_plus"}},"display":"+"}},{"id":"DDA0465B-7CD9-40D1-9989-43D6B0B609AB","fromDetail":{"output":{"keypad_keys":{"_0":"keypad_5"}},"display":"5"},"toDetailCollection":{}},{"id":"FB283897-836A-4FB3-8051-3B58EABE1F9A","fromDetail":{"output":{"keypad_keys":{"_0":"keypad_4"}},"display":"4"},"toDetailCollection":{}},{"id":"74C3CF81-F09F-4A39-B63A-A8F80876E174","fromDetail":{"output":{"keypad_keys":{"_0":"keypad_6"}},"display":"6"},"toDetailCollection":{}}],"row1":[{"toDetailCollection":{},"id":"ECC74C9A-0B4F-425F-8AD5-6CE1573B577A","fromDetail":{"output":{"function_keys":{"_0":"f16"}},"display":"F16"}},{"id":"2A0299C5-012F-4AC9-B9A4-00317930B1DC","toDetailCollection":{},"fromDetail":{"output":{"function_keys":{"_0":"f17"}},"display":"F17"}},{"fromDetail":{"output":{"function_keys":{"_0":"f18"}},"display":"F18"},"id":"E10DA562-4842-4D99-A10A-A042B9F71AA3","toDetailCollection":{}},{"id":"849EE848-1C5E-4E26-9846-CC0DD8B74B60","fromDetail":{"display":"F19","output":{"function_keys":{"_0":"f19"}}},"toDetailCollection":{}}]},"isEnableMain":true,"sectionDetail":{"section":{"main":{}},"deviceDetail":{"product_id":"product_id","is_builtin_keyboard":false,"is_location_id_Enabled":false,"is_product_id_Enabled":false,"is_vendor_id_Enabled":false,"device_name":"mainKeyboard","location_id":"location_id","vendor_id":"vendor_id"}}},"validSections":{"sections":[{"main":{}}]}},"conditionDetailCollection":{"condition5":{"type":"Application","value":"com.vendor.condition5","name":"Condition5","isEnabled":false},"condition7":{"name":"Condition7","type":"Application","isEnabled":false,"value":"com.vendor.condition7"},"condition8":{"value":"com.vendor.condition8","name":"Condition8","type":"Application","isEnabled":false},"condition0":{"type":"Application","name":"Default","value":"com.vendor.condition0","isEnabled":true},"condition3":{"value":"com.vendor.condition3","isEnabled":false,"type":"Application","name":"Condition3"},"condition9":{"isEnabled":false,"name":"Condition9","value":"com.vendor.condition9","type":"Application"},"condition1":{"value":"ja","type":"InputSource","name":"Condition1","isEnabled":false},"condition6":{"isEnabled":false,"type":"Application","value":"com.vendor.condition6","name":"Condition6"},"condition4":{"value":"com.vendor.condition4","isEnabled":false,"name":"Condition4","type":"Application"},"condition2":{"name":"Condition2","value":"com.vendor.condition2","type":"Application","isEnabled":false}},"macroCollection":{"_collection":[],"idsInOrderCollection":[]},"displayKeySize":65,"name":"Uciea_vanilla_UK","selections":{"fromTab":{"qwertyKeyboard":{}},"toTab":"qwertyKeyboard","macroTab":{"userMacro":{}},"toDetail_macro":{"withModifier":{},"error":false,"outputAndDisplay":{"display":"none","layerKey":"layer0","output":{"letter_keys":{"_0":"a"}}},"id":"D2AADCA0-DD9D-4E00-8EA0-95A93996B034","indicator":false},"condition":"condition0","keyboardKey":{"toDetailCollection":{},"id":"C562CCCC-D99D-4CF4-874A-6356D7F0D29B","fromDetail":{"output":{"letter_keys":{"_0":"a"}},"display":"A"}},"customOrMacroTab":{"customizeKey":{}},"combo":{"toDetail":{},"key_down_order":"insensitive","id":"AE934B3A-8DCA-4ED1-9EDB-2C661D573E37","key_up_order":"insensitive","comboThreshold":50},"macro":{"id":"D477A08C-AA25-4AFC-93F4-E01891F227DD","name":"user Macro","toDetailCollection":{"_collection":[],"idsInOrderCollection":[]},"dictionary_key":null},"tab":{"remap":{}},"layer":"layer0"},"comboCollection":{"condition7":{"layer1":{},"layer5":{},"layer4":{},"layer3":{},"layer0":{},"layer2":{},"layer6":{},"layer8":{},"layer7":{}},"condition2":{"layer4":{},"layer0":{},"layer1":{},"layer2":{},"layer5":{},"layer3":{},"layer6":{},"layer7":{},"layer8":{}},"condition9":{"layer4":{},"layer2":{},"layer7":{},"layer0":{},"layer5":{},"layer6":{},"layer8":{},"layer1":{},"layer3":{}},"condition0":{"layer4":{},"layer6":{},"layer1":{},"layer2":{},"layer3":{},"layer5":{},"layer7":{},"layer8":{},"layer0":{}},"condition5":{"layer6":{},"layer4":{},"layer5":{},"layer2":{},"layer0":{},"layer8":{},"layer7":{},"layer3":{},"layer1":{}},"condition8":{"layer1":{},"layer7":{},"layer0":{},"layer4":{},"layer3":{},"layer5":{},"layer2":{},"layer6":{},"layer8":{}},"condition3":{"layer0":{},"layer5":{},"layer2":{},"layer4":{},"layer6":{},"layer7":{},"layer3":{},"layer8":{},"layer1":{}},"condition1":{"layer7":{},"layer8":{},"layer5":{},"layer3":{},"layer0":{},"layer1":{},"layer4":{},"layer2":{},"layer6":{}},"condition6":{"layer3":{},"layer7":{},"layer6":{},"layer8":{},"layer5":{},"layer2":{},"layer1":{},"layer4":{},"layer0":{}},"condition4":{"layer8":{},"layer4":{},"layer6":{},"layer3":{},"layer1":{},"layer5":{},"layer2":{},"layer7":{},"layer0":{}}}}