{"keymap":{"other":{"isEnableMain":true,"isEnableSub":false,"sectionDetail":{"deviceDetail":{"device_name":"otherDevice","location_id":"location_id","product_id":"product_id","is_location_id_Enabled":false,"is_builtin_keyboard":false,"vendor_id":"vendor_id","is_product_id_Enabled":false,"is_vendor_id_Enabled":false},"section":{"other":{}}},"tenkeyRows":{"enableArrowKeys":false,"row1":[{"fromDetail":{"output":{"function_keys":{"_0":"f19"}},"display":"F19"},"toDetailCollection":{},"id":"26BDFBEE-3A6F-4EBC-ACDD-C8C38904D615"},{"fromDetail":{"output":{"function_keys":{"_0":"f18"}},"display":"F18"},"id":"6ABE7ADD-7F8B-419D-8E43-DEADE72005A4","toDetailCollection":{}},{"toDetailCollection":{},"fromDetail":{"output":{"function_keys":{"_0":"f17"}},"display":"F17"},"id":"069E9282-ACA2-44E4-B971-D8F21505F08E"},{"id":"34D6A713-B04E-4D49-8EDA-EB30C4439B36","fromDetail":{"output":{"function_keys":{"_0":"f16"}},"display":"F16"},"toDetailCollection":{}}],"row2":[{"toDetailCollection":{},"fromDetail":{"output":{"keypad_keys":{"_0":"keypad_asterisk"}},"display":"*"},"id":"C5C1F595-5790-404C-8DA0-5361B20F08AF"},{"id":"C86A5FD1-7AB6-4400-91CF-4EE70C91CC85","toDetailCollection":{},"fromDetail":{"output":{"keypad_keys":{"_0":"keypad_slash"}},"display":"\/"}},{"toDetailCollection":{},"id":"C6D205F6-D76D-42D2-831D-25E9F89E11F2","fromDetail":{"output":{"keypad_keys":{"_0":"keypad_equal_sign"}},"display":"="}},{"toDetailCollection":{},"fromDetail":{"output":{"others":{"_0":"clear"}},"display":"clear"},"id":"34ED9192-42AE-4914-907C-C96EBA817A09"}],"row3":[{"id":"F1BEB6FA-FFCD-4102-B5AE-5A31825F1EC0","toDetailCollection":{},"fromDetail":{"display":"-","output":{"keypad_keys":{"_0":"keypad_hyphen"}}}},{"id":"85FF6D4D-C36E-4546-B7DE-733D9F0C028D","fromDetail":{"output":{"keypad_keys":{"_0":"keypad_9"}},"display":"9"},"toDetailCollection":{}},{"id":"55BE6859-7D42-4A4A-AEE6-FF393A5F432C","fromDetail":{"output":{"keypad_keys":{"_0":"keypad_8"}},"display":"8"},"toDetailCollection":{}},{"fromDetail":{"output":{"keypad_keys":{"_0":"keypad_7"}},"display":"7"},"toDetailCollection":{},"id":"6BA27960-5D89-4B0D-9010-2D471DA77B3B"}],"idsInOrderRow2":[{"id":"34ED9192-42AE-4914-907C-C96EBA817A09"},{"id":"C6D205F6-D76D-42D2-831D-25E9F89E11F2"},{"id":"C86A5FD1-7AB6-4400-91CF-4EE70C91CC85"},{"id":"C5C1F595-5790-404C-8DA0-5361B20F08AF"}],"row5":[{"id":"E3994B4C-48FE-499D-832C-41E851BDE933","fromDetail":{"output":{"keypad_keys":{"_0":"keypad_2"}},"display":"2"},"toDetailCollection":{}},{"fromDetail":{"isSFSymbol":true,"output":{"keypad_keys":{"_0":"keypad_enter"}},"display":"projective"},"id":"3443A468-6F7F-4B8D-B513-643D36F3DD99","keyShape":"enter_Tenkey","toDetailCollection":{}},{"id":"FF64F0A6-4B31-424A-B84E-9C76B3E9DAB8","toDetailCollection":{},"fromDetail":{"output":{"keypad_keys":{"_0":"keypad_3"}},"display":"3"}},{"id":"975C5FBC-AE51-4EC5-BD35-B62A6A994868","toDetailCollection":{},"fromDetail":{"output":{"keypad_keys":{"_0":"keypad_1"}},"display":"1"}}],"arrow_left":{"fromDetail":{"display":"arrowtriangle.left.fill","output":{"arrow_keys":{"_0":"left_arrow"}},"isSFSymbol":true},"id":"98D990B5-752F-42CC-8A50-495F91162B97","keyShape":"arrow_LR","toDetailCollection":{}},"idsInOrderRow6":[{"id":"2E057D3B-5069-40ED-8E41-2135BBB0F604"},{"id":"911B5C90-9C36-4AB1-8D0A-9D48156DBC7F"}],"idsInOrderRow4":[{"id":"A3382BB0-B8F7-461C-B780-FE0452E49179"},{"id":"BA6E6A27-06E0-4D44-AC73-9107D97CC9F7"},{"id":"C13B8BC5-4B2D-4BC1-8FF9-C91BB33D5AB6"},{"id":"0D11E120-FFE5-4095-A2F0-6727476A6C94"}],"arrow_right":{"id":"9976E713-15BD-44F0-A714-17537E98724A","keyShape":"arrow_LR","fromDetail":{"isSFSymbol":true,"output":{"arrow_keys":{"_0":"right_arrow"}},"display":"arrowtriangle.right.fill"},"toDetailCollection":{}},"row4":[{"id":"BA6E6A27-06E0-4D44-AC73-9107D97CC9F7","fromDetail":{"display":"5","output":{"keypad_keys":{"_0":"keypad_5"}}},"toDetailCollection":{}},{"fromDetail":{"output":{"keypad_keys":{"_0":"keypad_plus"}},"display":"+"},"toDetailCollection":{},"id":"0D11E120-FFE5-4095-A2F0-6727476A6C94"},{"fromDetail":{"display":"6","output":{"keypad_keys":{"_0":"keypad_6"}}},"toDetailCollection":{},"id":"C13B8BC5-4B2D-4BC1-8FF9-C91BB33D5AB6"},{"toDetailCollection":{},"id":"A3382BB0-B8F7-461C-B780-FE0452E49179","fromDetail":{"output":{"keypad_keys":{"_0":"keypad_4"}},"display":"4"}}],"arrow_up":{"keyShape":"arrow_Up","id":"7AD93B36-F107-4A32-A13C-7DFAAD1D57C0","toDetailCollection":{},"fromDetail":{"display":"arrowtriangle.up.fill","isSFSymbol":true,"output":{"arrow_keys":{"_0":"up_arrow"}}}},"arrow_down":{"keyShape":"arrow_Down","toDetailCollection":{},"id":"0C7A1624-53D7-45D2-B04D-CA7CA4D386E0","fromDetail":{"display":"arrowtriangle.down.fill","isSFSymbol":true,"output":{"arrow_keys":{"_0":"down_arrow"}}}},"row6":[{"fromDetail":{"display":"0","output":{"keypad_keys":{"_0":"keypad_0"}}},"id":"2E057D3B-5069-40ED-8E41-2135BBB0F604","toDetailCollection":{},"unitSize":2},{"fromDetail":{"output":{"keypad_keys":{"_0":"keypad_period"}},"display":"."},"id":"911B5C90-9C36-4AB1-8D0A-9D48156DBC7F","toDetailCollection":{}}],"idsInOrderRow3":[{"id":"6BA27960-5D89-4B0D-9010-2D471DA77B3B"},{"id":"55BE6859-7D42-4A4A-AEE6-FF393A5F432C"},{"id":"85FF6D4D-C36E-4546-B7DE-733D9F0C028D"},{"id":"F1BEB6FA-FFCD-4102-B5AE-5A31825F1EC0"}],"idsInOrderRow5":[{"id":"975C5FBC-AE51-4EC5-BD35-B62A6A994868"},{"id":"E3994B4C-48FE-499D-832C-41E851BDE933"},{"id":"FF64F0A6-4B31-424A-B84E-9C76B3E9DAB8"},{"id":"3443A468-6F7F-4B8D-B513-643D36F3DD99"}],"idsInOrderRow1":[{"id":"34D6A713-B04E-4D49-8EDA-EB30C4439B36"},{"id":"069E9282-ACA2-44E4-B971-D8F21505F08E"},{"id":"6ABE7ADD-7F8B-419D-8E43-DEADE72005A4"},{"id":"26BDFBEE-3A6F-4EBC-ACDD-C8C38904D615"}],"rowIndex_arrow":{"row6":{}}},"isEnableTenkey":false,"subRows":{"row1":[{"fromDetail":{"display":"F13","output":{"function_keys":{"_0":"f13"}}},"id":"E8C526B2-C80F-4052-96FB-871A78103916","toDetailCollection":{}},{"id":"92D29FC9-2BE1-4319-9704-5463AAF4A894","fromDetail":{"display":"F15","output":{"function_keys":{"_0":"f15"}}},"toDetailCollection":{}},{"fromDetail":{"display":"F14","output":{"function_keys":{"_0":"f14"}}},"id":"54F03C4F-55CB-4391-B2C8-0E72C211BCA2","toDetailCollection":{}}],"arrow_left":{"toDetailCollection":{},"keyShape":"arrow_LR","id":"B812EFC6-6F37-4B06-BA11-075E05A09A06","fromDetail":{"display":"arrowtriangle.left.fill","isSFSymbol":true,"output":{"arrow_keys":{"_0":"left_arrow"}}}},"row3":[{"id":"CF6D9FC4-865F-44B8-9170-90A5E437DEB5","fromDetail":{"output":{"arrow_keys":{"_0":"end"}},"display":"arrow.down.to.line","isSFSymbol":true},"toDetailCollection":{}},{"toDetailCollection":{},"fromDetail":{"output":{"controls_and_symbols":{"_0":"delete_forward"}},"display":"delete.right","isSFSymbol":true},"id":"AF6E9860-6DD4-4D71-A658-1A57BFEA19C7"},{"fromDetail":{"output":{"arrow_keys":{"_0":"page_down"}},"isSFSymbol":true,"display":"arrow.down"},"toDetailCollection":{},"id":"10E7F248-F62C-45B9-A53D-AE1CC563E6BF"}],"arrow_down":{"keyShape":"arrow_Down","fromDetail":{"output":{"arrow_keys":{"_0":"down_arrow"}},"display":"arrowtriangle.down.fill","isSFSymbol":true},"id":"83701D5B-B20E-4FDC-B178-EDD929D7CC7F","toDetailCollection":{}},"arrow_right":{"id":"446256A8-5CB0-493A-B7E9-1F1E7CFBED9A","keyShape":"arrow_LR","toDetailCollection":{},"fromDetail":{"isSFSymbol":true,"display":"arrowtriangle.right.fill","output":{"arrow_keys":{"_0":"right_arrow"}}}},"idsInOrderRow1":[{"id":"E8C526B2-C80F-4052-96FB-871A78103916"},{"id":"54F03C4F-55CB-4391-B2C8-0E72C211BCA2"},{"id":"92D29FC9-2BE1-4319-9704-5463AAF4A894"}],"idsInOrderRow6":[{"id":"0D9D9A72-BE22-49AE-9923-A6292C10B085"},{"id":"3E85D1CD-C822-4DDE-BA44-0B9A609EC068"},{"id":"89F87C39-0D58-494F-9F87-B5E7B1F32345"}],"row2":[{"toDetailCollection":{},"id":"BA0877B2-C13D-4520-A00D-16E485727C59","fromDetail":{"isSFSymbol":true,"display":"arrow.up.to.line","output":{"arrow_keys":{"_0":"home"}}}},{"toDetailCollection":{},"fromDetail":{"output":{"arrow_keys":{"_0":"page_up"}},"display":"arrow.up","isSFSymbol":true},"id":"708581F6-6634-4826-B8A0-D13F22BD92B9"},{"toDetailCollection":{},"id":"A8E4FE22-93AD-4E27-AFCD-CEF0B1E5BC93","fromDetail":{"output":{"keys_in_pc_keyboards":{"_0":"insert"}},"display":"text.insert","isSFSymbol":true}}],"idsInOrderRow2":[{"id":"A8E4FE22-93AD-4E27-AFCD-CEF0B1E5BC93"},{"id":"BA0877B2-C13D-4520-A00D-16E485727C59"},{"id":"708581F6-6634-4826-B8A0-D13F22BD92B9"}],"enableArrowKeys":false,"arrow_up":{"toDetailCollection":{},"fromDetail":{"display":"arrowtriangle.up.fill","output":{"arrow_keys":{"_0":"up_arrow"}},"isSFSymbol":true},"keyShape":"arrow_Up","id":"D17E7A08-1254-4663-9C68-3D3BA84F8C5A"},"row4":[],"row6":[{"id":"3E85D1CD-C822-4DDE-BA44-0B9A609EC068","fromDetail":{"display":"arrowtriangle.down.fill","output":{"arrow_keys":{"_0":"down_arrow"}},"isSFSymbol":true},"toDetailCollection":{}},{"toDetailCollection":{},"id":"0D9D9A72-BE22-49AE-9923-A6292C10B085","fromDetail":{"display":"arrowtriangle.left.fill","isSFSymbol":true,"output":{"arrow_keys":{"_0":"left_arrow"}}}},{"fromDetail":{"display":"arrowtriangle.right.fill","isSFSymbol":true,"output":{"arrow_keys":{"_0":"right_arrow"}}},"id":"89F87C39-0D58-494F-9F87-B5E7B1F32345","toDetailCollection":{}}],"idsInOrderRow3":[{"id":"AF6E9860-6DD4-4D71-A658-1A57BFEA19C7"},{"id":"CF6D9FC4-865F-44B8-9170-90A5E437DEB5"},{"id":"10E7F248-F62C-45B9-A53D-AE1CC563E6BF"}],"row5":[{"fromDetail":{"display":"A","output":{"letter_keys":{"_0":"a"}}},"id":"7B488E31-ED2F-43E5-9D3F-DD8A94AB12E1","toDetailCollection":{},"isSpacer":true},{"id":"06A8CD92-1028-4DD0-B89E-3086A674B0A9","toDetailCollection":{},"fromDetail":{"display":"arrowtriangle.up.fill","isSFSymbol":true,"output":{"arrow_keys":{"_0":"up_arrow"}}}}],"idsInOrderRow4":[],"rowIndex_arrow":{"row6":{}},"idsInOrderRow5":[{"id":"7B488E31-ED2F-43E5-9D3F-DD8A94AB12E1"},{"id":"06A8CD92-1028-4DD0-B89E-3086A674B0A9"}]},"mainRows":{"arrow_up":{"fromDetail":{"isSFSymbol":true,"output":{"arrow_keys":{"_0":"up_arrow"}},"display":"arrowtriangle.up.fill"},"toDetailCollection":{},"id":"3EF25D77-0BC5-4386-89F8-7F6548034255","keyShape":"arrow_Up"},"arrow_right":{"id":"0D220B07-23BE-4F5A-B3B5-2C69E29F3186","toDetailCollection":{},"fromDetail":{"output":{"arrow_keys":{"_0":"right_arrow"}},"isSFSymbol":true,"display":"arrowtriangle.right.fill"},"keyShape":"arrow_LR"},"idsInOrderRow2":[{"id":"FBB0D43F-1380-4A53-BA01-6215E3272D0F"},{"id":"29B409DE-7A20-4C30-AA39-CE21D6FD54A9"},{"id":"9E76BD11-380A-4754-9D1A-1EFC061D87B0"},{"id":"8112DF79-AC87-4007-B50A-C990E7575B41"}],"row6":[{"unitSize":2,"fromDetail":{"output":{"keypad_keys":{"_0":"keypad_0"}},"display":"0"},"toDetailCollection":{},"id":"22EAE920-3FA3-4E27-8840-382BD228FB5B"},{"id":"CE269FB5-5C9D-4C2B-9235-79B905FB3866","fromDetail":{"display":".","output":{"keypad_keys":{"_0":"keypad_period"}}},"toDetailCollection":{}}],"row4":[{"toDetailCollection":{},"fromDetail":{"output":{"keypad_keys":{"_0":"keypad_5"}},"display":"5"},"id":"C55156FC-490A-42AB-84B5-E3027ECD4132"},{"id":"DE9C6BF3-07ED-4C8D-813E-780B03A5F740","toDetailCollection":{},"fromDetail":{"output":{"keypad_keys":{"_0":"keypad_6"}},"display":"6"}},{"toDetailCollection":{},"fromDetail":{"display":"+","output":{"keypad_keys":{"_0":"keypad_plus"}}},"id":"6F789D4D-D6EE-4A42-AE8C-6DED228976CA"},{"fromDetail":{"output":{"keypad_keys":{"_0":"keypad_4"}},"display":"4"},"toDetailCollection":{},"id":"33A2DEC4-11C1-49EC-B2B8-A239CE2CE8E4"}],"arrow_down":{"keyShape":"arrow_Down","fromDetail":{"isSFSymbol":true,"display":"arrowtriangle.down.fill","output":{"arrow_keys":{"_0":"down_arrow"}}},"toDetailCollection":{},"id":"84698A42-6A20-46AD-9AB4-B059C66D474A"},"row1":[{"fromDetail":{"output":{"function_keys":{"_0":"f17"}},"display":"F17"},"id":"516F01B7-5925-481B-8445-9F105A22FFDA","toDetailCollection":{}},{"fromDetail":{"output":{"function_keys":{"_0":"f19"}},"display":"F19"},"id":"50301680-7C95-44CA-819C-4020C23EA856","toDetailCollection":{}},{"fromDetail":{"display":"F18","output":{"function_keys":{"_0":"f18"}}},"id":"1EAF961A-5D81-42D9-8E9B-F7EAE7144325","toDetailCollection":{}},{"id":"C5CC2BD3-4B2B-4B14-8162-53B51678ECF1","fromDetail":{"display":"F16","output":{"function_keys":{"_0":"f16"}}},"toDetailCollection":{}}],"enableArrowKeys":false,"row2":[{"id":"8112DF79-AC87-4007-B50A-C990E7575B41","fromDetail":{"output":{"keypad_keys":{"_0":"keypad_asterisk"}},"display":"*"},"toDetailCollection":{}},{"toDetailCollection":{},"id":"29B409DE-7A20-4C30-AA39-CE21D6FD54A9","fromDetail":{"output":{"keypad_keys":{"_0":"keypad_equal_sign"}},"display":"="}},{"fromDetail":{"display":"\/","output":{"keypad_keys":{"_0":"keypad_slash"}}},"toDetailCollection":{},"id":"9E76BD11-380A-4754-9D1A-1EFC061D87B0"},{"toDetailCollection":{},"fromDetail":{"output":{"others":{"_0":"clear"}},"display":"clear"},"id":"FBB0D43F-1380-4A53-BA01-6215E3272D0F"}],"idsInOrderRow1":[{"id":"C5CC2BD3-4B2B-4B14-8162-53B51678ECF1"},{"id":"516F01B7-5925-481B-8445-9F105A22FFDA"},{"id":"1EAF961A-5D81-42D9-8E9B-F7EAE7144325"},{"id":"50301680-7C95-44CA-819C-4020C23EA856"}],"arrow_left":{"toDetailCollection":{},"id":"10BA80FD-9502-48EC-9CD7-549EB40251A0","keyShape":"arrow_LR","fromDetail":{"display":"arrowtriangle.left.fill","isSFSymbol":true,"output":{"arrow_keys":{"_0":"left_arrow"}}}},"row5":[{"fromDetail":{"display":"3","output":{"keypad_keys":{"_0":"keypad_3"}}},"toDetailCollection":{},"id":"2C81F9F1-ADA5-4E28-A561-677D72FC2C5B"},{"fromDetail":{"output":{"keypad_keys":{"_0":"keypad_2"}},"display":"2"},"id":"50FFB277-C5B9-427D-BF54-D9D150860C76","toDetailCollection":{}},{"keyShape":"enter_Tenkey","id":"26D05882-1B61-430A-BA89-1EEB29BC1C8C","fromDetail":{"isSFSymbol":true,"display":"projective","output":{"keypad_keys":{"_0":"keypad_enter"}}},"toDetailCollection":{}},{"fromDetail":{"output":{"keypad_keys":{"_0":"keypad_1"}},"display":"1"},"toDetailCollection":{},"id":"21C48B9A-A0C8-45A7-8A19-8C3F4B19A2CE"}],"idsInOrderRow5":[{"id":"21C48B9A-A0C8-45A7-8A19-8C3F4B19A2CE"},{"id":"50FFB277-C5B9-427D-BF54-D9D150860C76"},{"id":"2C81F9F1-ADA5-4E28-A561-677D72FC2C5B"},{"id":"26D05882-1B61-430A-BA89-1EEB29BC1C8C"}],"idsInOrderRow3":[{"id":"710C5CB5-3E2E-4D6A-AEB6-0DD48B0EE270"},{"id":"0723FEAE-1D2D-4EC7-A8AA-049EE9A9686E"},{"id":"28B1AFC2-4B5E-4446-9FFC-685FB481C09E"},{"id":"87F4F73C-57CA-40F1-91C8-D1110CA751C8"}],"row3":[{"toDetailCollection":{},"id":"28B1AFC2-4B5E-4446-9FFC-685FB481C09E","fromDetail":{"output":{"keypad_keys":{"_0":"keypad_9"}},"display":"9"}},{"toDetailCollection":{},"fromDetail":{"output":{"keypad_keys":{"_0":"keypad_hyphen"}},"display":"-"},"id":"87F4F73C-57CA-40F1-91C8-D1110CA751C8"},{"fromDetail":{"output":{"keypad_keys":{"_0":"keypad_8"}},"display":"8"},"id":"0723FEAE-1D2D-4EC7-A8AA-049EE9A9686E","toDetailCollection":{}},{"toDetailCollection":{},"id":"710C5CB5-3E2E-4D6A-AEB6-0DD48B0EE270","fromDetail":{"output":{"keypad_keys":{"_0":"keypad_7"}},"display":"7"}}],"rowIndex_arrow":{"row6":{}},"idsInOrderRow4":[{"id":"33A2DEC4-11C1-49EC-B2B8-A239CE2CE8E4"},{"id":"C55156FC-490A-42AB-84B5-E3027ECD4132"},{"id":"DE9C6BF3-07ED-4C8D-813E-780B03A5F740"},{"id":"6F789D4D-D6EE-4A42-AE8C-6DED228976CA"}],"idsInOrderRow6":[{"id":"22EAE920-3FA3-4E27-8840-382BD228FB5B"},{"id":"CE269FB5-5C9D-4C2B-9235-79B905FB3866"}]}},"main":{"isEnableSub":false,"mainRows":{"rowIndex_arrow":{"row6":{}},"idsInOrderRow3":[{"id":"2CF6BA7E-085C-40FB-869A-D33EED7DA87F"},{"id":"62BAD34E-C7CD-4E5E-9054-2B63BD8A29FC"},{"id":"6481B975-ADBC-4B54-9279-A3550D1AD34B"},{"id":"995676EB-1F30-408A-8DEF-FA22E3AF8021"},{"id":"0B362CD0-6C7A-403D-99CB-46E1CD2B56D5"},{"id":"27F9303C-9FE6-49A8-9141-44B981B4E1D0"},{"id":"547FE0D5-33B2-479C-9A35-DC5241DDDF53"},{"id":"A770F70B-6CE0-4B69-8AD7-7F9F42D3165C"},{"id":"DEBB2385-3472-4855-B3C2-F7204F860EFE"},{"id":"84ABAC78-1AF1-4F49-B81D-741E7B5CB8C8"},{"id":"7272FBB0-6994-4709-B7F4-C83E401BF6CE"},{"id":"69716C0C-85C0-49C9-8E83-093FB97CA087"},{"id":"490F6B06-B1C5-42CD-A220-D86F8E21A2F0"},{"id":"2D79C521-5687-4CF1-8CCE-5DA06DF02D2A"}],"enableArrowKeys":true,"row6":[{"id":"EE127F9E-78E8-4433-9C8D-AC33D8F6FA5D","fromDetail":{"display":"command","output":{"modifier_keys":{"_0":"right_command"}},"isSFSymbol":true},"unitSize":1.25,"toDetailCollection":{}},{"toDetailCollection":{},"id":"72A594E9-C4EF-4AEB-BB2B-D7F05604A30B","fromDetail":{"display":"option","output":{"modifier_keys":{"_0":"right_option"}},"isSFSymbol":true}},{"toDetailCollection":{},"id":"D5878E74-E7D0-4570-902B-06564FD920DC","unitSize":1.25,"fromDetail":{"display":"command","isSFSymbol":true,"output":{"modifier_keys":{"_0":"left_command"}}}},{"fromDetail":{"output":{"modifier_keys":{"_0":"left_option"}},"isSFSymbol":true,"display":"option"},"id":"6461B0DE-B77D-4845-BC9C-2CC2053B6361","toDetailCollection":{}},{"fromDetail":{"output":{"modifier_keys":{"_0":"keyboard_fn"}},"display":"globe","isSFSymbol":true},"id":"4B475A23-184E-4478-A02C-76D63049F156","toDetailCollection":{}},{"fromDetail":{"output":{"controls_and_symbols":{"_0":"spacebar"}},"display":"␣"},"unitSize":5,"id":"E51E4D1B-3532-4B3E-9761-50381D9B2392","toDetailCollection":{}},{"id":"5D30AE3E-8DA8-4FAD-AC30-53FD8AA53ED8","fromDetail":{"output":{"modifier_keys":{"_0":"left_control"}},"isSFSymbol":true,"display":"control"},"toDetailCollection":{}}],"idsInOrderRow5":[{"id":"462DDED3-7F14-471F-B81E-3E65FB851165"},{"id":"DDA4846A-EED8-4D89-89FC-941D7B807E49"},{"id":"7EF251D1-A917-4E83-8C9A-1A49B63FE0EE"},{"id":"B1E492BF-DB71-4587-BCEB-C9E90855E8EF"},{"id":"A3850EA5-C3A4-4768-816D-117035984BD9"},{"id":"FACF83C3-8B3F-4A17-90E1-00F8C404C2C4"},{"id":"106ED673-B21B-402F-9958-17824DEB9240"},{"id":"74626381-3041-4E82-AB32-773BE683673C"},{"id":"395DCF40-3125-4448-9C3B-AEAB11EE96A0"},{"id":"B87FE93D-C716-41FC-8AE4-FE23F1BDB0E6"},{"id":"D50C34D6-46D1-438E-9BB3-DC4EAE3DA552"},{"id":"6D8F0523-1BBB-4F3E-B041-5AF95171C4A5"},{"id":"10656AC1-89D3-4BC0-A29D-95FB6F597433"}],"row4":[{"toDetailCollection":{},"id":"E8963E94-9568-4F2E-86B2-37259B148DCB","fromDetail":{"display":"'","output":{"controls_and_symbols":{"_0":"single_quotation_or_colon"}}}},{"fromDetail":{"display":"H","output":{"letter_keys":{"_0":"h"}}},"toDetailCollection":{"condition0":{"layer0":{"withModifier_tap":{},"outputAndDisplay_tap":{"display":"M","layerKey":"layer0","output":{"letter_keys":{"_0":"m"}}},"isCustomized_tap":true}}},"id":"8DD62C67-2B54-44B8-8052-FF73A81BD948"},{"id":"8E7BC2D0-440C-498C-9DC3-2BD89C4BEB64","fromDetail":{"display":"\\","output":{"controls_and_symbols":{"_0":"backslash_or_yen"}}},"toDetailCollection":{}},{"fromDetail":{"output":{"letter_keys":{"_0":"j"}},"display":"J"},"toDetailCollection":{"condition0":{"layer0":{"withModifier_tap":{},"outputAndDisplay_tap":{"output":{"letter_keys":{"_0":"h"}},"display":"H","layerKey":"layer0"},"isCustomized_tap":true}}},"id":"EBFA7DF3-BBA6-41EE-820E-F2CBBA1C4E85"},{"toDetailCollection":{},"id":"B322F66F-7D45-4743-BFB6-D6518857B945","fromDetail":{"output":{"letter_keys":{"_0":"a"}},"display":"A"}},{"toDetailCollection":{},"id":"068CC305-CCC8-47F0-9791-19AD3366E637","fromDetail":{"display":"capslock","isSFSymbol":true,"output":{"modifier_keys":{"_0":"caps_lock"}}},"unitSize":1.75},{"toDetailCollection":{"condition0":{"layer0":{"isCustomized_tap":true,"outputAndDisplay_tap":{"layerKey":"layer0","display":"E","output":{"letter_keys":{"_0":"e"}}},"withModifier_tap":{}}}},"id":"3FA0211A-11E6-4499-A366-BA8CE8257835","fromDetail":{"display":"K","output":{"letter_keys":{"_0":"k"}}}},{"id":"A148A899-D095-4919-BF9D-B53F6001D727","toDetailCollection":{"condition0":{"layer0":{"isCustomized_tap":true,"outputAndDisplay_tap":{"layerKey":"layer0","display":"S","output":{"letter_keys":{"_0":"s"}}},"withModifier_tap":{}}}},"fromDetail":{"display":"F","output":{"letter_keys":{"_0":"f"}}}},{"toDetailCollection":{"condition0":{"layer0":{"isCustomized_tap":true,"outputAndDisplay_tap":{"output":{"letter_keys":{"_0":"n"}},"layerKey":"layer0","display":"N"},"withModifier_tap":{}}}},"fromDetail":{"output":{"letter_keys":{"_0":"d"}},"display":"D"},"id":"6C9E459C-9F5E-4032-8861-9BEF52EA8959"},{"id":"4FFFE90F-9303-4DC1-89D8-79BBFA396421","fromDetail":{"display":"S","output":{"letter_keys":{"_0":"s"}}},"toDetailCollection":{"condition0":{"layer0":{"isCustomized_tap":true,"outputAndDisplay_tap":{"output":{"letter_keys":{"_0":"t"}},"display":"T","layerKey":"layer0"},"withModifier_tap":{}}}}},{"toDetailCollection":{"condition0":{"layer0":{"withModifier_tap":{},"outputAndDisplay_tap":{"display":"O","output":{"letter_keys":{"_0":"o"}},"layerKey":"layer0"},"isCustomized_tap":true}}},"id":"E6A46D1A-7200-4B4C-B89D-BDBAC94561F9","fromDetail":{"display":";","output":{"controls_and_symbols":{"_0":"semicolon"}}}},{"toDetailCollection":{"condition0":{"layer0":{"withModifier_tap":{},"isCustomized_tap":true,"outputAndDisplay_tap":{"layerKey":"layer0","display":"W","output":{"letter_keys":{"_0":"w"}}}}}},"fromDetail":{"display":"G","output":{"letter_keys":{"_0":"g"}}},"id":"F8B67856-2E88-466B-B869-562D00C566A3"},{"fromDetail":{"output":{"letter_keys":{"_0":"l"}},"display":"L"},"id":"6A45CFDA-5265-4BC0-8F53-035EF90BCF7C","toDetailCollection":{"condition0":{"layer0":{"isCustomized_tap":true,"withModifier_tap":{},"outputAndDisplay_tap":{"output":{"letter_keys":{"_0":"i"}},"layerKey":"layer0","display":"I"}}}}}],"arrow_up":{"keyShape":"arrow_Up","toDetailCollection":{},"id":"ED9E01FC-4ADC-41EF-9A06-CABD255DE69E","fromDetail":{"isSFSymbol":true,"output":{"arrow_keys":{"_0":"up_arrow"}},"display":"arrowtriangle.up.fill"}},"idsInOrderRow2":[{"id":"B9649122-4F62-4B8E-B443-3F9E82178C95"},{"id":"D4823A40-CE92-412A-9D37-5D2A477D1140"},{"id":"D391208E-65D4-47B8-AD7D-985E51C0FD6C"},{"id":"A6E27051-39F7-495B-BF0F-5E1B3399ADA3"},{"id":"8F1EE9D8-2CE9-40AE-A0AF-374FAD76CD43"},{"id":"2CED8E50-78F0-498E-B435-DBE83E3B96FA"},{"id":"998C7A54-0FA4-4DB7-9EA6-46F9C600D74E"},{"id":"1F397E4F-DD47-47CF-9276-443E4F52B0BB"},{"id":"763AE545-939A-4586-9C6F-24B59A9730B1"},{"id":"499972C2-B99D-4E33-B630-B53F82FE3F86"},{"id":"37331111-B599-4A1D-BFC6-2C527AC6B9E9"},{"id":"2FE36D43-BFC6-4BAF-9928-BA420FDB89AC"},{"id":"035EC039-693A-4664-8246-CDA16B976F04"},{"id":"702A1393-D602-45DB-8607-8CC7A9651EFB"}],"row5":[{"fromDetail":{"display":"Z","output":{"letter_keys":{"_0":"z"}}},"id":"7EF251D1-A917-4E83-8C9A-1A49B63FE0EE","toDetailCollection":{"condition0":{"layer0":{"withModifier_tap":{},"outputAndDisplay_tap":{"output":{"controls_and_symbols":{"_0":"slash"}},"layerKey":"layer0","display":"\/"},"isCustomized_tap":true}}}},{"toDetailCollection":{"condition0":{"layer0":{"withModifier_tap":{},"outputAndDisplay_tap":{"layerKey":"layer0","display":"L","output":{"letter_keys":{"_0":"l"}}},"isCustomized_tap":true}}},"id":"A3850EA5-C3A4-4768-816D-117035984BD9","fromDetail":{"output":{"letter_keys":{"_0":"c"}},"display":"C"}},{"id":"74626381-3041-4E82-AB32-773BE683673C","fromDetail":{"display":"N","output":{"letter_keys":{"_0":"n"}}},"toDetailCollection":{"condition0":{"layer0":{"isCustomized_tap":true,"withModifier_tap":{},"outputAndDisplay_tap":{"layerKey":"layer0","output":{"letter_keys":{"_0":"f"}},"display":"F"}}}}},{"toDetailCollection":{"condition0":{"layer0":{"outputAndDisplay_tap":{"display":".","output":{"controls_and_symbols":{"_0":"period"}},"layerKey":"layer0"},"withModifier_tap":{},"isCustomized_tap":true}}},"id":"6D8F0523-1BBB-4F3E-B041-5AF95171C4A5","fromDetail":{"output":{"controls_and_symbols":{"_0":"slash"}},"display":"\/"}},{"id":"FACF83C3-8B3F-4A17-90E1-00F8C404C2C4","fromDetail":{"display":"V","output":{"letter_keys":{"_0":"v"}}},"toDetailCollection":{"condition0":{"layer0":{"withModifier_tap":{},"isCustomized_tap":true,"outputAndDisplay_tap":{"output":{"letter_keys":{"_0":"g"}},"layerKey":"layer0","display":"G"}}}}},{"id":"D50C34D6-46D1-438E-9BB3-DC4EAE3DA552","fromDetail":{"output":{"controls_and_symbols":{"_0":"period"}},"display":"."},"toDetailCollection":{"condition0":{"layer0":{"withModifier_tap":{},"isCustomized_tap":true,"outputAndDisplay_tap":{"layerKey":"layer0","output":{"letter_keys":{"_0":"z"}},"display":"Z"}}}}},{"fromDetail":{"display":",","output":{"controls_and_symbols":{"_0":"comma"}}},"toDetailCollection":{"condition0":{"layer0":{"outputAndDisplay_tap":{"layerKey":"layer0","display":";","output":{"controls_and_symbols":{"_0":"semicolon"}}},"withModifier_tap":{},"isCustomized_tap":true}}},"id":"B87FE93D-C716-41FC-8AE4-FE23F1BDB0E6"},{"toDetailCollection":{},"fromDetail":{"output":{"controls_and_symbols":{"_0":"grave_accent"}},"display":"`"},"id":"DDA4846A-EED8-4D89-89FC-941D7B807E49"},{"toDetailCollection":{"condition0":{"layer0":{"withModifier_tap":{},"isCustomized_tap":true,"outputAndDisplay_tap":{"output":{"letter_keys":{"_0":"j"}},"display":"J","layerKey":"layer0"}}}},"fromDetail":{"output":{"letter_keys":{"_0":"b"}},"display":"B"},"id":"106ED673-B21B-402F-9958-17824DEB9240"},{"id":"10656AC1-89D3-4BC0-A29D-95FB6F597433","fromDetail":{"display":"shift","output":{"modifier_keys":{"_0":"right_shift"}},"isSFSymbol":true},"toDetailCollection":{},"unitSize":2.25},{"id":"395DCF40-3125-4448-9C3B-AEAB11EE96A0","fromDetail":{"display":"M","output":{"letter_keys":{"_0":"m"}}},"toDetailCollection":{"condition0":{"layer0":{"outputAndDisplay_tap":{"display":"V","layerKey":"layer0","output":{"letter_keys":{"_0":"v"}}},"isCustomized_tap":true,"withModifier_tap":{}}}}},{"fromDetail":{"output":{"letter_keys":{"_0":"x"}},"display":"X"},"id":"B1E492BF-DB71-4587-BCEB-C9E90855E8EF","toDetailCollection":{"condition0":{"layer0":{"isCustomized_tap":true,"withModifier_tap":{},"outputAndDisplay_tap":{"output":{"controls_and_symbols":{"_0":"comma"}},"display":",","layerKey":"layer0"}}}}},{"id":"462DDED3-7F14-471F-B81E-3E65FB851165","unitSize":1.25,"toDetailCollection":{},"fromDetail":{"isSFSymbol":true,"output":{"modifier_keys":{"_0":"left_shift"}},"display":"shift"}}],"idsInOrderRow6":[{"id":"4B475A23-184E-4478-A02C-76D63049F156"},{"id":"5D30AE3E-8DA8-4FAD-AC30-53FD8AA53ED8"},{"id":"6461B0DE-B77D-4845-BC9C-2CC2053B6361"},{"id":"D5878E74-E7D0-4570-902B-06564FD920DC"},{"id":"E51E4D1B-3532-4B3E-9761-50381D9B2392"},{"id":"EE127F9E-78E8-4433-9C8D-AC33D8F6FA5D"},{"id":"72A594E9-C4EF-4AEB-BB2B-D7F05604A30B"}],"idsInOrderRow4":[{"id":"068CC305-CCC8-47F0-9791-19AD3366E637"},{"id":"B322F66F-7D45-4743-BFB6-D6518857B945"},{"id":"4FFFE90F-9303-4DC1-89D8-79BBFA396421"},{"id":"6C9E459C-9F5E-4032-8861-9BEF52EA8959"},{"id":"A148A899-D095-4919-BF9D-B53F6001D727"},{"id":"F8B67856-2E88-466B-B869-562D00C566A3"},{"id":"8DD62C67-2B54-44B8-8052-FF73A81BD948"},{"id":"EBFA7DF3-BBA6-41EE-820E-F2CBBA1C4E85"},{"id":"3FA0211A-11E6-4499-A366-BA8CE8257835"},{"id":"6A45CFDA-5265-4BC0-8F53-035EF90BCF7C"},{"id":"E6A46D1A-7200-4B4C-B89D-BDBAC94561F9"},{"id":"E8963E94-9568-4F2E-86B2-37259B148DCB"},{"id":"8E7BC2D0-440C-498C-9DC3-2BD89C4BEB64"}],"row3":[{"fromDetail":{"display":"E","output":{"letter_keys":{"_0":"e"}}},"id":"995676EB-1F30-408A-8DEF-FA22E3AF8021","toDetailCollection":{"condition0":{"layer0":{"withModifier_tap":{},"outputAndDisplay_tap":{"layerKey":"layer0","output":{"letter_keys":{"_0":"r"}},"display":"R"},"isCustomized_tap":true}}}},{"fromDetail":{"output":{"letter_keys":{"_0":"o"}},"display":"O"},"id":"84ABAC78-1AF1-4F49-B81D-741E7B5CB8C8","toDetailCollection":{"condition0":{"layer0":{"outputAndDisplay_tap":{"layerKey":"layer0","output":{"letter_keys":{"_0":"y"}},"display":"Y"},"withModifier_tap":{},"isCustomized_tap":true}}}},{"fromDetail":{"display":"R","output":{"letter_keys":{"_0":"r"}}},"toDetailCollection":{"condition0":{"layer0":{"outputAndDisplay_tap":{"layerKey":"layer0","output":{"letter_keys":{"_0":"d"}},"display":"D"},"withModifier_tap":{},"isCustomized_tap":true}}},"id":"0B362CD0-6C7A-403D-99CB-46E1CD2B56D5"},{"toDetailCollection":{"condition0":{"layer0":{"outputAndDisplay_tap":{"output":{"letter_keys":{"_0":"p"}},"display":"P","layerKey":"layer0"},"withModifier_tap":{},"isCustomized_tap":true}}},"id":"6481B975-ADBC-4B54-9279-A3550D1AD34B","fromDetail":{"display":"W","output":{"letter_keys":{"_0":"w"}}}},{"fromDetail":{"display":"arrow.right.to.line","output":{"controls_and_symbols":{"_0":"tab"}},"isSFSymbol":true},"id":"2CF6BA7E-085C-40FB-869A-D33EED7DA87F","unitSize":1.5,"toDetailCollection":{}},{"toDetailCollection":{"condition0":{"layer0":{"outputAndDisplay_tap":{"display":"K","layerKey":"layer0","output":{"letter_keys":{"_0":"k"}}},"withModifier_tap":{},"isCustomized_tap":true}}},"id":"A770F70B-6CE0-4B69-8AD7-7F9F42D3165C","fromDetail":{"display":"U","output":{"letter_keys":{"_0":"u"}}}},{"toDetailCollection":{},"id":"62BAD34E-C7CD-4E5E-9054-2B63BD8A29FC","fromDetail":{"display":"Q","output":{"letter_keys":{"_0":"q"}}}},{"id":"7272FBB0-6994-4709-B7F4-C83E401BF6CE","fromDetail":{"display":"P","output":{"letter_keys":{"_0":"p"}}},"toDetailCollection":{"condition0":{"layer0":{"withModifier_tap":{},"isCustomized_tap":true,"outputAndDisplay_tap":{"display":"X","layerKey":"layer0","output":{"letter_keys":{"_0":"x"}}}}}}},{"fromDetail":{"output":{"letter_keys":{"_0":"i"}},"display":"I"},"id":"DEBB2385-3472-4855-B3C2-F7204F860EFE","toDetailCollection":{"condition0":{"layer0":{"withModifier_tap":{},"isCustomized_tap":true,"outputAndDisplay_tap":{"display":"U","layerKey":"layer0","output":{"letter_keys":{"_0":"u"}}}}}}},{"id":"2D79C521-5687-4CF1-8CCE-5DA06DF02D2A","fromDetail":{"output":{"controls_and_symbols":{"_0":"return_or_enter"}},"display":"return","isSFSymbol":true},"keyShape":"enter_UK","toDetailCollection":{}},{"toDetailCollection":{},"id":"490F6B06-B1C5-42CD-A220-D86F8E21A2F0","fromDetail":{"output":{"controls_and_symbols":{"_0":"close_square_bracket"}},"display":"]"}},{"toDetailCollection":{"condition0":{"layer0":{"isCustomized_tap":true,"outputAndDisplay_tap":{"display":"B","output":{"letter_keys":{"_0":"b"}},"layerKey":"layer0"},"withModifier_tap":{}}}},"id":"547FE0D5-33B2-479C-9A35-DC5241DDDF53","fromDetail":{"output":{"letter_keys":{"_0":"y"}},"display":"Y"}},{"fromDetail":{"display":"T","output":{"letter_keys":{"_0":"t"}}},"id":"27F9303C-9FE6-49A8-9141-44B981B4E1D0","toDetailCollection":{"condition0":{"layer0":{"withModifier_tap":{},"outputAndDisplay_tap":{"display":"C","output":{"letter_keys":{"_0":"c"}},"layerKey":"layer0"},"isCustomized_tap":true}}}},{"id":"69716C0C-85C0-49C9-8E83-093FB97CA087","fromDetail":{"output":{"controls_and_symbols":{"_0":"open_square_bracket"}},"display":"["},"toDetailCollection":{}}],"row2":[{"fromDetail":{"display":"4","output":{"number_keys":{"_0":"four"}}},"id":"8F1EE9D8-2CE9-40AE-A0AF-374FAD76CD43","toDetailCollection":{}},{"fromDetail":{"output":{"number_keys":{"_0":"zero"}},"display":"0"},"toDetailCollection":{},"id":"37331111-B599-4A1D-BFC6-2C527AC6B9E9"},{"id":"2CED8E50-78F0-498E-B435-DBE83E3B96FA","fromDetail":{"display":"5","output":{"number_keys":{"_0":"five"}}},"toDetailCollection":{}},{"id":"499972C2-B99D-4E33-B630-B53F82FE3F86","fromDetail":{"output":{"number_keys":{"_0":"nine"}},"display":"9"},"toDetailCollection":{}},{"id":"D391208E-65D4-47B8-AD7D-985E51C0FD6C","fromDetail":{"output":{"number_keys":{"_0":"two"}},"display":"2"},"toDetailCollection":{}},{"toDetailCollection":{},"fromDetail":{"output":{"number_keys":{"_0":"one"}},"display":"1"},"id":"D4823A40-CE92-412A-9D37-5D2A477D1140"},{"toDetailCollection":{},"id":"035EC039-693A-4664-8246-CDA16B976F04","fromDetail":{"output":{"controls_and_symbols":{"_0":"equal_sign_or_caret"}},"display":"="}},{"id":"A6E27051-39F7-495B-BF0F-5E1B3399ADA3","toDetailCollection":{},"fromDetail":{"display":"3","output":{"number_keys":{"_0":"three"}}}},{"fromDetail":{"display":"6","output":{"number_keys":{"_0":"six"}}},"id":"998C7A54-0FA4-4DB7-9EA6-46F9C600D74E","toDetailCollection":{}},{"toDetailCollection":{},"fromDetail":{"output":{"controls_and_symbols":{"_0":"section"}},"display":"§"},"id":"B9649122-4F62-4B8E-B443-3F9E82178C95"},{"toDetailCollection":{},"fromDetail":{"isSFSymbol":true,"display":"delete.left","output":{"controls_and_symbols":{"_0":"delete_or_backspace"}}},"id":"702A1393-D602-45DB-8607-8CC7A9651EFB","unitSize":1.5},{"toDetailCollection":{},"id":"1F397E4F-DD47-47CF-9276-443E4F52B0BB","fromDetail":{"display":"7","output":{"number_keys":{"_0":"seven"}}}},{"toDetailCollection":{},"id":"2FE36D43-BFC6-4BAF-9928-BA420FDB89AC","fromDetail":{"output":{"controls_and_symbols":{"_0":"hyphen"}},"display":"-"}},{"id":"763AE545-939A-4586-9C6F-24B59A9730B1","fromDetail":{"display":"8","output":{"number_keys":{"_0":"eight"}}},"toDetailCollection":{}}],"arrow_right":{"fromDetail":{"isSFSymbol":true,"output":{"arrow_keys":{"_0":"right_arrow"}},"display":"arrowtriangle.right.fill"},"toDetailCollection":{},"keyShape":"arrow_LR","id":"0D9FA2C2-913B-4F3A-A421-C7EDE9F26629"},"idsInOrderRow1":[{"id":"78B0F283-BE31-47F0-A736-ACFB3FAD5BC4"},{"id":"D3E6507D-711E-4FD9-8532-723717EA01E0"},{"id":"C9B04793-8E95-4286-9581-B12DF6624762"},{"id":"E00E278B-6BA1-41B0-A968-4F3973354943"},{"id":"BF44C5F4-328C-4F53-ACB9-058D714401CB"},{"id":"E3148792-53EB-4608-A915-A17F34267B73"},{"id":"2920A1BC-50EC-4D28-864A-4A64B133A1B4"},{"id":"D7FD0FCE-2152-49CD-A4ED-6E7F9CFC3017"},{"id":"F984EA96-DA70-4DEF-868E-D1E7E22B923E"},{"id":"EEDA8BA7-D3ED-4DD1-AA6C-807EA15A88F5"},{"id":"F2B766DF-2B28-4FBE-9D6B-FDAB3A46981C"},{"id":"D5D2B973-3A77-4A78-A162-63B88F8EC0A0"},{"id":"A7BA6403-E9CA-4349-8B95-D1A312BE18E8"}],"row1":[{"toDetailCollection":{},"fromDetail":{"output":{"function_keys":{"_0":"f11"}},"display":"F11"},"id":"D5D2B973-3A77-4A78-A162-63B88F8EC0A0"},{"id":"E00E278B-6BA1-41B0-A968-4F3973354943","fromDetail":{"display":"F3","output":{"function_keys":{"_0":"f3"}}},"toDetailCollection":{}},{"id":"D7FD0FCE-2152-49CD-A4ED-6E7F9CFC3017","toDetailCollection":{},"fromDetail":{"output":{"function_keys":{"_0":"f7"}},"display":"F7"}},{"fromDetail":{"display":"F5","output":{"function_keys":{"_0":"f5"}}},"toDetailCollection":{},"id":"E3148792-53EB-4608-A915-A17F34267B73"},{"toDetailCollection":{},"id":"EEDA8BA7-D3ED-4DD1-AA6C-807EA15A88F5","fromDetail":{"output":{"function_keys":{"_0":"f9"}},"display":"F9"}},{"toDetailCollection":{},"id":"A7BA6403-E9CA-4349-8B95-D1A312BE18E8","fromDetail":{"output":{"function_keys":{"_0":"f12"}},"display":"F12"}},{"fromDetail":{"display":"escape","isSFSymbol":true,"output":{"controls_and_symbols":{"_0":"escape"}}},"id":"78B0F283-BE31-47F0-A736-ACFB3FAD5BC4","toDetailCollection":{},"unitSize":1.5},{"toDetailCollection":{},"fromDetail":{"output":{"function_keys":{"_0":"f10"}},"display":"F10"},"id":"F2B766DF-2B28-4FBE-9D6B-FDAB3A46981C"},{"toDetailCollection":{},"fromDetail":{"output":{"function_keys":{"_0":"f2"}},"display":"F2"},"id":"C9B04793-8E95-4286-9581-B12DF6624762"},{"id":"2920A1BC-50EC-4D28-864A-4A64B133A1B4","fromDetail":{"output":{"function_keys":{"_0":"f6"}},"display":"F6"},"toDetailCollection":{}},{"toDetailCollection":{},"id":"D3E6507D-711E-4FD9-8532-723717EA01E0","fromDetail":{"display":"F1","output":{"function_keys":{"_0":"f1"}}}},{"fromDetail":{"display":"F4","output":{"function_keys":{"_0":"f4"}}},"toDetailCollection":{},"id":"BF44C5F4-328C-4F53-ACB9-058D714401CB"},{"fromDetail":{"display":"F8","output":{"function_keys":{"_0":"f8"}}},"toDetailCollection":{},"id":"F984EA96-DA70-4DEF-868E-D1E7E22B923E"}],"arrow_left":{"toDetailCollection":{},"fromDetail":{"isSFSymbol":true,"display":"arrowtriangle.left.fill","output":{"arrow_keys":{"_0":"left_arrow"}}},"id":"ACC348DB-5418-440B-9E00-5CC2240DCE74","keyShape":"arrow_LR"},"arrow_down":{"id":"81D72F8F-835D-460E-A86D-E63E1172D5F7","toDetailCollection":{},"fromDetail":{"display":"arrowtriangle.down.fill","output":{"arrow_keys":{"_0":"down_arrow"}},"isSFSymbol":true},"keyShape":"arrow_Down"}},"isEnableMain":true,"subRows":{"row2":[{"toDetailCollection":{},"fromDetail":{"isSFSymbol":true,"output":{"arrow_keys":{"_0":"home"}},"display":"arrow.up.to.line"},"id":"1A386F87-0DFB-4E9F-A73E-2692D8DADCC8"},{"fromDetail":{"output":{"arrow_keys":{"_0":"page_up"}},"isSFSymbol":true,"display":"arrow.up"},"toDetailCollection":{},"id":"B3023C9F-AC94-435A-AAA4-79E455BA6E20"},{"id":"5EEAACFC-88C2-46F5-AD92-C3F83CE6CD8A","fromDetail":{"output":{"keys_in_pc_keyboards":{"_0":"insert"}},"display":"text.insert","isSFSymbol":true},"toDetailCollection":{}}],"idsInOrderRow3":[{"id":"58EF9FF3-7F06-4A91-80B8-6108685CC490"},{"id":"2E263C34-49AB-4C75-84EB-B073858379F2"},{"id":"ADABCD5D-0090-4862-AED1-F27CB8EA52B2"}],"row5":[{"fromDetail":{"output":{"arrow_keys":{"_0":"up_arrow"}},"display":"arrowtriangle.up.fill","isSFSymbol":true},"toDetailCollection":{},"id":"C8995617-725B-483A-968B-BDEF9B92F10E"},{"toDetailCollection":{},"isSpacer":true,"id":"F8336A47-146F-4255-A517-AE52E69D7B41","fromDetail":{"output":{"letter_keys":{"_0":"a"}},"display":"A"}}],"idsInOrderRow6":[{"id":"4D951427-DF62-4ECF-872E-6238799B2314"},{"id":"86EE8A44-2F5E-4999-A3C6-743A3F638B22"},{"id":"4B86B8F2-2969-45C3-AA24-1FDDC5C86B8A"}],"idsInOrderRow5":[{"id":"F8336A47-146F-4255-A517-AE52E69D7B41"},{"id":"C8995617-725B-483A-968B-BDEF9B92F10E"}],"idsInOrderRow2":[{"id":"5EEAACFC-88C2-46F5-AD92-C3F83CE6CD8A"},{"id":"1A386F87-0DFB-4E9F-A73E-2692D8DADCC8"},{"id":"B3023C9F-AC94-435A-AAA4-79E455BA6E20"}],"row1":[{"fromDetail":{"display":"F15","output":{"function_keys":{"_0":"f15"}}},"toDetailCollection":{},"id":"7F4FF83B-99C6-48C9-B083-9A0DF2025A4E"},{"id":"0C9683A1-DB24-4CAE-BED1-624833B45DDD","fromDetail":{"output":{"function_keys":{"_0":"f14"}},"display":"F14"},"toDetailCollection":{}},{"fromDetail":{"output":{"function_keys":{"_0":"f13"}},"display":"F13"},"toDetailCollection":{},"id":"51555C50-2583-4309-9DF5-8E750F12E9FA"}],"row3":[{"fromDetail":{"output":{"arrow_keys":{"_0":"page_down"}},"display":"arrow.down","isSFSymbol":true},"id":"ADABCD5D-0090-4862-AED1-F27CB8EA52B2","toDetailCollection":{}},{"fromDetail":{"isSFSymbol":true,"display":"delete.right","output":{"controls_and_symbols":{"_0":"delete_forward"}}},"toDetailCollection":{},"id":"58EF9FF3-7F06-4A91-80B8-6108685CC490"},{"fromDetail":{"isSFSymbol":true,"output":{"arrow_keys":{"_0":"end"}},"display":"arrow.down.to.line"},"toDetailCollection":{},"id":"2E263C34-49AB-4C75-84EB-B073858379F2"}],"arrow_left":{"toDetailCollection":{},"id":"C66A11A9-2C5B-48AD-9862-FCBAF8D2D388","keyShape":"arrow_LR","fromDetail":{"output":{"arrow_keys":{"_0":"left_arrow"}},"isSFSymbol":true,"display":"arrowtriangle.left.fill"}},"arrow_up":{"id":"0BDE6C13-2D92-460E-BD63-1A40CAEF82C0","keyShape":"arrow_Up","toDetailCollection":{},"fromDetail":{"output":{"arrow_keys":{"_0":"up_arrow"}},"display":"arrowtriangle.up.fill","isSFSymbol":true}},"idsInOrderRow1":[{"id":"51555C50-2583-4309-9DF5-8E750F12E9FA"},{"id":"0C9683A1-DB24-4CAE-BED1-624833B45DDD"},{"id":"7F4FF83B-99C6-48C9-B083-9A0DF2025A4E"}],"enableArrowKeys":false,"rowIndex_arrow":{"row6":{}},"arrow_right":{"keyShape":"arrow_LR","toDetailCollection":{},"fromDetail":{"output":{"arrow_keys":{"_0":"right_arrow"}},"display":"arrowtriangle.right.fill","isSFSymbol":true},"id":"9F355DEE-7399-46DB-B392-1A99D7DE8270"},"row4":[],"row6":[{"fromDetail":{"output":{"arrow_keys":{"_0":"right_arrow"}},"isSFSymbol":true,"display":"arrowtriangle.right.fill"},"id":"4B86B8F2-2969-45C3-AA24-1FDDC5C86B8A","toDetailCollection":{}},{"id":"4D951427-DF62-4ECF-872E-6238799B2314","fromDetail":{"isSFSymbol":true,"output":{"arrow_keys":{"_0":"left_arrow"}},"display":"arrowtriangle.left.fill"},"toDetailCollection":{}},{"toDetailCollection":{},"fromDetail":{"display":"arrowtriangle.down.fill","output":{"arrow_keys":{"_0":"down_arrow"}},"isSFSymbol":true},"id":"86EE8A44-2F5E-4999-A3C6-743A3F638B22"}],"idsInOrderRow4":[],"arrow_down":{"fromDetail":{"output":{"arrow_keys":{"_0":"down_arrow"}},"display":"arrowtriangle.down.fill","isSFSymbol":true},"toDetailCollection":{},"id":"DC21F642-25FD-4E04-88C0-14397EF061B4","keyShape":"arrow_Down"}},"tenkeyRows":{"arrow_down":{"id":"12487DC8-B5B4-42DE-BC42-094ED76CAD2C","keyShape":"arrow_Down","toDetailCollection":{},"fromDetail":{"isSFSymbol":true,"display":"arrowtriangle.down.fill","output":{"arrow_keys":{"_0":"down_arrow"}}}},"row1":[{"fromDetail":{"output":{"function_keys":{"_0":"f17"}},"display":"F17"},"id":"27ECDFA6-D550-46E1-93AC-6C6232D3AC3C","toDetailCollection":{}},{"toDetailCollection":{},"id":"73BA7798-1880-4BC5-9AFF-C537178D4FFD","fromDetail":{"display":"F19","output":{"function_keys":{"_0":"f19"}}}},{"toDetailCollection":{},"id":"91BDCA53-7314-43DE-A26D-7B0A6A9A6EC4","fromDetail":{"display":"F18","output":{"function_keys":{"_0":"f18"}}}},{"fromDetail":{"display":"F16","output":{"function_keys":{"_0":"f16"}}},"toDetailCollection":{},"id":"7B054427-102D-49A5-A54F-7F5FFA07F48E"}],"row5":[{"fromDetail":{"output":{"keypad_keys":{"_0":"keypad_2"}},"display":"2"},"toDetailCollection":{},"id":"2CFF6E71-6F6F-4CE2-BB2D-C0DEE6992DD5"},{"id":"903DD96D-BCB3-485C-980C-B3FE84025B16","fromDetail":{"output":{"keypad_keys":{"_0":"keypad_enter"}},"display":"projective","isSFSymbol":true},"keyShape":"enter_Tenkey","toDetailCollection":{}},{"toDetailCollection":{},"id":"C3C20C8F-8D23-4F10-B043-2FA0BC271B83","fromDetail":{"output":{"keypad_keys":{"_0":"keypad_1"}},"display":"1"}},{"id":"2BAAB39D-77A7-48AD-AA6B-C5FD3C2BDF9E","toDetailCollection":{},"fromDetail":{"output":{"keypad_keys":{"_0":"keypad_3"}},"display":"3"}}],"row3":[{"fromDetail":{"output":{"keypad_keys":{"_0":"keypad_7"}},"display":"7"},"toDetailCollection":{},"id":"9C932E9D-5A73-400A-B845-DBA1DD5DDC74"},{"id":"77332CEA-5C85-4075-8888-FC22E5915F82","toDetailCollection":{},"fromDetail":{"display":"8","output":{"keypad_keys":{"_0":"keypad_8"}}}},{"id":"7673EE96-EF7B-45F4-B44E-397EEF577E6C","fromDetail":{"output":{"keypad_keys":{"_0":"keypad_hyphen"}},"display":"-"},"toDetailCollection":{}},{"toDetailCollection":{},"id":"EC7A3201-3FA5-40A2-9A2D-824301E957B4","fromDetail":{"display":"9","output":{"keypad_keys":{"_0":"keypad_9"}}}}],"arrow_right":{"fromDetail":{"display":"arrowtriangle.right.fill","isSFSymbol":true,"output":{"arrow_keys":{"_0":"right_arrow"}}},"toDetailCollection":{},"id":"0497E602-A9EB-41F6-913B-AC72AF3A148A","keyShape":"arrow_LR"},"idsInOrderRow6":[{"id":"59E60E67-8DBD-425E-81CF-0E04BE995FEB"},{"id":"FDD02AE5-6371-4BF4-99AE-CC4C75ED5FDA"}],"row6":[{"fromDetail":{"output":{"keypad_keys":{"_0":"keypad_period"}},"display":"."},"id":"FDD02AE5-6371-4BF4-99AE-CC4C75ED5FDA","toDetailCollection":{}},{"toDetailCollection":{},"id":"59E60E67-8DBD-425E-81CF-0E04BE995FEB","unitSize":2,"fromDetail":{"output":{"keypad_keys":{"_0":"keypad_0"}},"display":"0"}}],"rowIndex_arrow":{"row6":{}},"row4":[{"toDetailCollection":{},"fromDetail":{"display":"4","output":{"keypad_keys":{"_0":"keypad_4"}}},"id":"B7CB4D8F-4226-4C07-801D-F15756C513B4"},{"toDetailCollection":{},"id":"3D0F948B-C2F0-463B-AF00-475182386166","fromDetail":{"output":{"keypad_keys":{"_0":"keypad_5"}},"display":"5"}},{"id":"1CDC6E76-FF60-43CD-9478-4B5B6DEB7939","toDetailCollection":{},"fromDetail":{"output":{"keypad_keys":{"_0":"keypad_plus"}},"display":"+"}},{"fromDetail":{"output":{"keypad_keys":{"_0":"keypad_6"}},"display":"6"},"id":"1E9E23DA-116C-485E-AFAD-2B6B90160DDE","toDetailCollection":{}}],"idsInOrderRow1":[{"id":"7B054427-102D-49A5-A54F-7F5FFA07F48E"},{"id":"27ECDFA6-D550-46E1-93AC-6C6232D3AC3C"},{"id":"91BDCA53-7314-43DE-A26D-7B0A6A9A6EC4"},{"id":"73BA7798-1880-4BC5-9AFF-C537178D4FFD"}],"idsInOrderRow4":[{"id":"B7CB4D8F-4226-4C07-801D-F15756C513B4"},{"id":"3D0F948B-C2F0-463B-AF00-475182386166"},{"id":"1E9E23DA-116C-485E-AFAD-2B6B90160DDE"},{"id":"1CDC6E76-FF60-43CD-9478-4B5B6DEB7939"}],"idsInOrderRow3":[{"id":"9C932E9D-5A73-400A-B845-DBA1DD5DDC74"},{"id":"77332CEA-5C85-4075-8888-FC22E5915F82"},{"id":"EC7A3201-3FA5-40A2-9A2D-824301E957B4"},{"id":"7673EE96-EF7B-45F4-B44E-397EEF577E6C"}],"row2":[{"toDetailCollection":{},"fromDetail":{"output":{"keypad_keys":{"_0":"keypad_equal_sign"}},"display":"="},"id":"CA28DBB0-91FC-479A-A27E-662A91A2F71F"},{"id":"8779D131-231A-487F-A45D-7C784D2BCE01","toDetailCollection":{},"fromDetail":{"output":{"others":{"_0":"clear"}},"display":"clear"}},{"toDetailCollection":{},"id":"0E891521-C5F6-4F91-B076-102AC5E1585C","fromDetail":{"output":{"keypad_keys":{"_0":"keypad_slash"}},"display":"\/"}},{"fromDetail":{"output":{"keypad_keys":{"_0":"keypad_asterisk"}},"display":"*"},"id":"2A11891E-2898-4B2C-A7C2-879A17A2C15A","toDetailCollection":{}}],"idsInOrderRow5":[{"id":"C3C20C8F-8D23-4F10-B043-2FA0BC271B83"},{"id":"2CFF6E71-6F6F-4CE2-BB2D-C0DEE6992DD5"},{"id":"2BAAB39D-77A7-48AD-AA6B-C5FD3C2BDF9E"},{"id":"903DD96D-BCB3-485C-980C-B3FE84025B16"}],"enableArrowKeys":false,"arrow_up":{"keyShape":"arrow_Up","toDetailCollection":{},"id":"58DA85FF-1C54-48C1-B316-DF30B3219661","fromDetail":{"display":"arrowtriangle.up.fill","isSFSymbol":true,"output":{"arrow_keys":{"_0":"up_arrow"}}}},"arrow_left":{"keyShape":"arrow_LR","toDetailCollection":{},"id":"B51379A3-F0DB-4C9E-B3C9-5A7C369A4B0D","fromDetail":{"output":{"arrow_keys":{"_0":"left_arrow"}},"display":"arrowtriangle.left.fill","isSFSymbol":true}},"idsInOrderRow2":[{"id":"8779D131-231A-487F-A45D-7C784D2BCE01"},{"id":"CA28DBB0-91FC-479A-A27E-662A91A2F71F"},{"id":"0E891521-C5F6-4F91-B076-102AC5E1585C"},{"id":"2A11891E-2898-4B2C-A7C2-879A17A2C15A"}]},"sectionDetail":{"section":{"main":{}},"deviceDetail":{"device_name":"mainKeyboard","product_id":"product_id","is_product_id_Enabled":false,"location_id":"location_id","vendor_id":"vendor_id","is_location_id_Enabled":false,"is_builtin_keyboard":false,"is_vendor_id_Enabled":false}},"isEnableTenkey":false},"mouse":{"mainRows":{"row3":[{"fromDetail":{"output":{"letter_keys":{"_0":"a"}},"display":"A"},"id":"ABE33479-E3C0-437A-B2E8-D359DE3FEE4C","toDetailCollection":{},"isSpacer":true}],"enableArrowKeys":false,"arrow_down":{"id":"ACCFEDEC-EA84-473E-BCD9-A039F596F971","toDetailCollection":{},"keyShape":"arrow_Down","fromDetail":{"display":"arrowtriangle.down.fill","isSFSymbol":true,"output":{"arrow_keys":{"_0":"down_arrow"}}}},"arrow_left":{"id":"E30036E2-305C-4E6B-8A9D-8DD016949E4E","fromDetail":{"display":"arrowtriangle.left.fill","isSFSymbol":true,"output":{"arrow_keys":{"_0":"left_arrow"}}},"toDetailCollection":{},"keyShape":"arrow_LR"},"row6":[],"row4":[{"isSpacer":true,"id":"4AE38468-9D33-43B6-BB6A-47CD4ADD44DD","fromDetail":{"display":"A","output":{"letter_keys":{"_0":"a"}}},"toDetailCollection":{}}],"idsInOrderRow1":[{"id":"BD0E56B8-AFD2-43D5-8646-017702EDD60E"},{"id":"52C4394B-4B32-4E9E-BC3F-43E82DA79266"}],"row2":[{"fromDetail":{"output":{"mouse_buttons":{"_0":"button3"}},"display":"M click"},"toDetailCollection":{},"id":"AE2BBBBF-997B-4227-8F35-EDB2BD2E4560"},{"toDetailCollection":{},"isSpacer":true,"id":"1B2655CA-3AFA-4CDC-B9F0-D967C1A62B41","fromDetail":{"display":"A","output":{"letter_keys":{"_0":"a"}}},"unitSize":0.5}],"row1":[{"toDetailCollection":{},"fromDetail":{"output":{"mouse_buttons":{"_0":"button2"}},"display":"R click"},"id":"52C4394B-4B32-4E9E-BC3F-43E82DA79266"},{"toDetailCollection":{},"id":"BD0E56B8-AFD2-43D5-8646-017702EDD60E","fromDetail":{"display":"L click","output":{"mouse_buttons":{"_0":"button1"}}}}],"rowIndex_arrow":{"row6":{}},"idsInOrderRow3":[{"id":"ABE33479-E3C0-437A-B2E8-D359DE3FEE4C"}],"idsInOrderRow2":[{"id":"1B2655CA-3AFA-4CDC-B9F0-D967C1A62B41"},{"id":"AE2BBBBF-997B-4227-8F35-EDB2BD2E4560"}],"idsInOrderRow5":[],"idsInOrderRow6":[],"idsInOrderRow4":[{"id":"4AE38468-9D33-43B6-BB6A-47CD4ADD44DD"}],"row5":[],"arrow_right":{"id":"9E9A136C-ACF9-43F6-A4C1-F05C9154A709","fromDetail":{"output":{"arrow_keys":{"_0":"right_arrow"}},"isSFSymbol":true,"display":"arrowtriangle.right.fill"},"keyShape":"arrow_LR","toDetailCollection":{}},"arrow_up":{"keyShape":"arrow_Up","fromDetail":{"output":{"arrow_keys":{"_0":"up_arrow"}},"display":"arrowtriangle.up.fill","isSFSymbol":true},"id":"FB70E8CF-CEC0-4799-85AB-A939324FAA7F","toDetailCollection":{}}},"isEnableSub":false,"isEnableTenkey":false,"isEnableMain":true,"tenkeyRows":{"row3":[{"id":"46026C1E-7075-49BB-AFFE-9C095CF9FC0A","fromDetail":{"display":"A","output":{"letter_keys":{"_0":"a"}}},"toDetailCollection":{}}],"idsInOrderRow5":[{"id":"C9AB47C1-A7BF-4CC8-90E0-921A4380859A"}],"idsInOrderRow6":[{"id":"FD8106C3-0090-40F5-99FE-CC3D24B3CDA7"}],"row4":[{"toDetailCollection":{},"fromDetail":{"output":{"letter_keys":{"_0":"a"}},"display":"A"},"id":"F8584642-F601-4B00-B591-EF28EF68F36A"}],"row1":[{"toDetailCollection":{},"id":"A7E1670C-DE66-450A-91F5-3F260D61CC95","fromDetail":{"output":{"letter_keys":{"_0":"a"}},"display":"A"}}],"arrow_up":{"keyShape":"arrow_Up","toDetailCollection":{},"id":"765462BD-DD31-47B7-898B-36C66E50B1C7","fromDetail":{"display":"arrowtriangle.up.fill","isSFSymbol":true,"output":{"arrow_keys":{"_0":"up_arrow"}}}},"arrow_down":{"keyShape":"arrow_Down","fromDetail":{"display":"arrowtriangle.down.fill","output":{"arrow_keys":{"_0":"down_arrow"}},"isSFSymbol":true},"id":"072E7FC8-D64F-4ABD-A51E-450B8F19DAE4","toDetailCollection":{}},"idsInOrderRow2":[{"id":"A8AAB83D-5B29-4473-9AE4-84A4FF8601B8"}],"idsInOrderRow1":[{"id":"A7E1670C-DE66-450A-91F5-3F260D61CC95"}],"row2":[{"id":"A8AAB83D-5B29-4473-9AE4-84A4FF8601B8","fromDetail":{"output":{"letter_keys":{"_0":"a"}},"display":"A"},"toDetailCollection":{}}],"idsInOrderRow3":[{"id":"46026C1E-7075-49BB-AFFE-9C095CF9FC0A"}],"row5":[{"id":"C9AB47C1-A7BF-4CC8-90E0-921A4380859A","fromDetail":{"display":"A","output":{"letter_keys":{"_0":"a"}}},"toDetailCollection":{}}],"enableArrowKeys":false,"arrow_left":{"toDetailCollection":{},"fromDetail":{"output":{"arrow_keys":{"_0":"left_arrow"}},"isSFSymbol":true,"display":"arrowtriangle.left.fill"},"id":"D8AAFF37-6CFD-43A4-99FC-7E08B671735E","keyShape":"arrow_LR"},"rowIndex_arrow":{"row6":{}},"idsInOrderRow4":[{"id":"F8584642-F601-4B00-B591-EF28EF68F36A"}],"arrow_right":{"keyShape":"arrow_LR","fromDetail":{"display":"arrowtriangle.right.fill","isSFSymbol":true,"output":{"arrow_keys":{"_0":"right_arrow"}}},"toDetailCollection":{},"id":"62D48120-4631-48A7-B131-30BA5962FA11"},"row6":[{"fromDetail":{"display":"A","output":{"letter_keys":{"_0":"a"}}},"toDetailCollection":{},"id":"FD8106C3-0090-40F5-99FE-CC3D24B3CDA7"}]},"sectionDetail":{"deviceDetail":{"product_id":"product_id","vendor_id":"vendor_id","location_id":"location_id","device_name":"mouse","is_builtin_keyboard":false,"is_location_id_Enabled":false,"is_vendor_id_Enabled":false,"is_product_id_Enabled":false},"section":{"mouse":{}}},"subRows":{"enableArrowKeys":false,"idsInOrderRow2":[{"id":"304FE3A8-19BA-46AF-828F-8DEBA91447CE"}],"rowIndex_arrow":{"row6":{}},"idsInOrderRow1":[{"id":"EFE23072-6636-4362-92FE-2A8F45A925D0"}],"idsInOrderRow6":[{"id":"0F69B748-C1DF-4ED4-8688-0392B3286CB4"}],"arrow_right":{"id":"10409225-5B38-405C-92C8-F9DD10CD74C8","fromDetail":{"output":{"arrow_keys":{"_0":"right_arrow"}},"isSFSymbol":true,"display":"arrowtriangle.right.fill"},"toDetailCollection":{},"keyShape":"arrow_LR"},"row6":[{"fromDetail":{"output":{"letter_keys":{"_0":"a"}},"display":"A"},"toDetailCollection":{},"id":"0F69B748-C1DF-4ED4-8688-0392B3286CB4"}],"row5":[{"fromDetail":{"display":"A","output":{"letter_keys":{"_0":"a"}}},"toDetailCollection":{},"id":"E68B6C9D-541C-4352-AFE2-6F41697DBD72"}],"row3":[{"toDetailCollection":{},"id":"05088417-5EA4-4BC5-9C1B-E53836330596","fromDetail":{"display":"A","output":{"letter_keys":{"_0":"a"}}}}],"idsInOrderRow4":[{"id":"21C003BF-A051-48AD-A309-F7519BB5813E"}],"arrow_down":{"fromDetail":{"output":{"arrow_keys":{"_0":"down_arrow"}},"isSFSymbol":true,"display":"arrowtriangle.down.fill"},"keyShape":"arrow_Down","toDetailCollection":{},"id":"C281D75E-1FFF-4DB1-B7C0-7EC422163668"},"arrow_up":{"id":"A3D90CC0-BAFE-4D00-B680-2B45A968D031","fromDetail":{"output":{"arrow_keys":{"_0":"up_arrow"}},"display":"arrowtriangle.up.fill","isSFSymbol":true},"keyShape":"arrow_Up","toDetailCollection":{}},"row1":[{"id":"EFE23072-6636-4362-92FE-2A8F45A925D0","fromDetail":{"display":"A","output":{"letter_keys":{"_0":"a"}}},"toDetailCollection":{}}],"arrow_left":{"toDetailCollection":{},"keyShape":"arrow_LR","id":"CCD0B671-82A9-4CBC-A766-6791D4AA4290","fromDetail":{"isSFSymbol":true,"output":{"arrow_keys":{"_0":"left_arrow"}},"display":"arrowtriangle.left.fill"}},"idsInOrderRow5":[{"id":"E68B6C9D-541C-4352-AFE2-6F41697DBD72"}],"idsInOrderRow3":[{"id":"05088417-5EA4-4BC5-9C1B-E53836330596"}],"row4":[{"id":"21C003BF-A051-48AD-A309-F7519BB5813E","fromDetail":{"display":"A","output":{"letter_keys":{"_0":"a"}}},"toDetailCollection":{}}],"row2":[{"fromDetail":{"output":{"letter_keys":{"_0":"a"}},"display":"A"},"toDetailCollection":{},"id":"304FE3A8-19BA-46AF-828F-8DEBA91447CE"}]}},"validSections":{"sections":[{"main":{}}]},"keycodeRegion":"ISO"},"selections":{"keyboardKey":{"fromDetail":{"display":"A","output":{"letter_keys":{"_0":"a"}}},"id":"C562CCCC-D99D-4CF4-874A-6356D7F0D29B","toDetailCollection":{}},"macro":{"dictionary_key":null,"name":"user Macro","id":"D477A08C-AA25-4AFC-93F4-E01891F227DD","toDetailCollection":{"idsInOrderCollection":[],"_collection":[]}},"toDetail_macro":{"error":false,"withModifier":{},"id":"D2AADCA0-DD9D-4E00-8EA0-95A93996B034","outputAndDisplay":{"layerKey":"layer0","display":"none","output":{"letter_keys":{"_0":"a"}}},"indicator":false},"tab":{"remap":{}},"fromTab":{"qwertyKeyboard":{}},"combo":{"key_down_order":"insensitive","comboThreshold":50,"id":"AE934B3A-8DCA-4ED1-9EDB-2C661D573E37","toDetail":{},"key_up_order":"insensitive"},"toTab":"qwertyKeyboard","customOrMacroTab":{"customizeKey":{}},"condition":"condition0","macroTab":{"userMacro":{}},"layer":"layer0"},"comboCollection":{"condition0":{"layer5":{},"layer1":{},"layer0":{},"layer7":{},"layer6":{},"layer8":{},"layer4":{},"layer3":{},"layer2":{}},"condition3":{"layer8":{},"layer3":{},"layer6":{},"layer5":{},"layer4":{},"layer7":{},"layer0":{},"layer1":{},"layer2":{}},"condition1":{"layer8":{},"layer2":{},"layer7":{},"layer4":{},"layer3":{},"layer0":{},"layer6":{},"layer1":{},"layer5":{}},"condition7":{"layer0":{},"layer7":{},"layer2":{},"layer5":{},"layer6":{},"layer1":{},"layer4":{},"layer3":{},"layer8":{}},"condition6":{"layer0":{},"layer7":{},"layer2":{},"layer5":{},"layer1":{},"layer4":{},"layer3":{},"layer6":{},"layer8":{}},"condition4":{"layer5":{},"layer0":{},"layer8":{},"layer2":{},"layer4":{},"layer3":{},"layer6":{},"layer7":{},"layer1":{}},"condition8":{"layer0":{},"layer3":{},"layer8":{},"layer7":{},"layer2":{},"layer4":{},"layer1":{},"layer6":{},"layer5":{}},"condition2":{"layer4":{},"layer2":{},"layer5":{},"layer6":{},"layer3":{},"layer0":{},"layer7":{},"layer8":{},"layer1":{}},"condition9":{"layer3":{},"layer2":{},"layer4":{},"layer5":{},"layer0":{},"layer6":{},"layer7":{},"layer8":{},"layer1":{}},"condition5":{"layer1":{},"layer4":{},"layer6":{},"layer8":{},"layer3":{},"layer5":{},"layer2":{},"layer7":{},"layer0":{}}},"conditionDetailCollection":{"condition6":{"value":"com.vendor.condition6","isEnabled":false,"type":"Application","name":"Condition6"},"condition3":{"isEnabled":false,"type":"Application","name":"Condition3","value":"com.vendor.condition3"},"condition0":{"value":"com.vendor.condition0","name":"Default","type":"Application","isEnabled":true},"condition2":{"isEnabled":false,"type":"Application","value":"com.vendor.condition2","name":"Condition2"},"condition4":{"value":"com.vendor.condition4","isEnabled":false,"name":"Condition4","type":"Application"},"condition5":{"name":"Condition5","type":"Application","value":"com.vendor.condition5","isEnabled":false},"condition8":{"isEnabled":false,"name":"Condition8","value":"com.vendor.condition8","type":"Application"},"condition7":{"isEnabled":false,"value":"com.vendor.condition7","type":"Application","name":"Condition7"},"condition1":{"value":"ja","name":"Condition1","type":"InputSource","isEnabled":false},"condition9":{"type":"Application","name":"Condition9","value":"com.vendor.condition9","isEnabled":false}},"displayKeySize":65,"name":"Wakasagi_UK","macroCollection":{"idsInOrderCollection":[],"_collection":[]}}