{"keymap":{"keycodeRegion":"ANSI","main":{"subRows":{"idsInOrderRow4":[],"row5":[{"id":"AB333699-F075-4D37-A1D2-EC6AE4110E59","fromDetail":{"output":{"arrow_keys":{"_0":"up_arrow"}},"isSFSymbol":true,"display":"arrowtriangle.up.fill"},"toDetailCollection":{}},{"id":"CF1A2AFD-AF43-4D15-B6AB-C0A20868873C","isSpacer":true,"fromDetail":{"output":{"letter_keys":{"_0":"a"}},"display":"A"},"toDetailCollection":{}}],"arrow_up":{"fromDetail":{"output":{"arrow_keys":{"_0":"up_arrow"}},"isSFSymbol":true,"display":"arrowtriangle.up.fill"},"toDetailCollection":{},"keyShape":"arrow_Up","id":"0594D0A2-B1A7-4DF4-9073-D92D8C392283"},"idsInOrderRow5":[{"id":"CF1A2AFD-AF43-4D15-B6AB-C0A20868873C"},{"id":"AB333699-F075-4D37-A1D2-EC6AE4110E59"}],"rowIndex_arrow":{"row6":{}},"row6":[{"id":"5D68CCF5-30B8-45D2-89AC-E7A73BB01350","fromDetail":{"output":{"arrow_keys":{"_0":"right_arrow"}},"display":"arrowtriangle.right.fill","isSFSymbol":true},"toDetailCollection":{}},{"id":"91206581-16FC-4D06-8586-C171598CB0D7","fromDetail":{"output":{"arrow_keys":{"_0":"left_arrow"}},"isSFSymbol":true,"display":"arrowtriangle.left.fill"},"toDetailCollection":{}},{"id":"A9B7BD86-9F9A-4C05-8EB7-E6949DAAFB6D","fromDetail":{"isSFSymbol":true,"output":{"arrow_keys":{"_0":"down_arrow"}},"display":"arrowtriangle.down.fill"},"toDetailCollection":{}}],"row1":[{"id":"2837E205-7E22-4319-B71B-71868A5F8C96","toDetailCollection":{},"fromDetail":{"display":"F15","output":{"function_keys":{"_0":"f15"}}}},{"id":"6F4F2077-9F57-445A-898E-DF8BF4F0524B","fromDetail":{"output":{"function_keys":{"_0":"f14"}},"display":"F14"},"toDetailCollection":{}},{"toDetailCollection":{},"id":"5794E3CB-5EA3-40BC-BCD2-4B48AAAB7755","fromDetail":{"display":"F13","output":{"function_keys":{"_0":"f13"}}}}],"idsInOrderRow2":[{"id":"DD4BEE9B-4A94-4702-B8C0-83AD95BDFD7F"},{"id":"38C3BD4C-7511-4FE4-8029-81F3F040F6B9"},{"id":"741C01EB-D147-480E-9F8B-0D5A190420AF"}],"idsInOrderRow3":[{"id":"D8723D4D-459C-479A-9E4C-EA52731CC823"},{"id":"2DD712B6-E8CE-4B3C-808F-D9CF43F19391"},{"id":"FC76D022-606A-4FA3-BD02-C1AD1E26C135"}],"idsInOrderRow1":[{"id":"5794E3CB-5EA3-40BC-BCD2-4B48AAAB7755"},{"id":"6F4F2077-9F57-445A-898E-DF8BF4F0524B"},{"id":"2837E205-7E22-4319-B71B-71868A5F8C96"}],"row3":[{"id":"FC76D022-606A-4FA3-BD02-C1AD1E26C135","fromDetail":{"display":"arrow.down","isSFSymbol":true,"output":{"arrow_keys":{"_0":"page_down"}}},"toDetailCollection":{}},{"id":"2DD712B6-E8CE-4B3C-808F-D9CF43F19391","toDetailCollection":{},"fromDetail":{"display":"arrow.down.to.line","output":{"arrow_keys":{"_0":"end"}},"isSFSymbol":true}},{"fromDetail":{"isSFSymbol":true,"output":{"controls_and_symbols":{"_0":"delete_forward"}},"display":"delete.right"},"id":"D8723D4D-459C-479A-9E4C-EA52731CC823","toDetailCollection":{}}],"arrow_down":{"toDetailCollection":{},"id":"369876C4-A9BA-462D-8E94-B88E01CB585A","keyShape":"arrow_Down","fromDetail":{"output":{"arrow_keys":{"_0":"down_arrow"}},"display":"arrowtriangle.down.fill","isSFSymbol":true}},"idsInOrderRow6":[{"id":"91206581-16FC-4D06-8586-C171598CB0D7"},{"id":"A9B7BD86-9F9A-4C05-8EB7-E6949DAAFB6D"},{"id":"5D68CCF5-30B8-45D2-89AC-E7A73BB01350"}],"row2":[{"id":"741C01EB-D147-480E-9F8B-0D5A190420AF","fromDetail":{"display":"arrow.up","isSFSymbol":true,"output":{"arrow_keys":{"_0":"page_up"}}},"toDetailCollection":{}},{"id":"38C3BD4C-7511-4FE4-8029-81F3F040F6B9","toDetailCollection":{},"fromDetail":{"display":"arrow.up.to.line","isSFSymbol":true,"output":{"arrow_keys":{"_0":"home"}}}},{"fromDetail":{"output":{"keys_in_pc_keyboards":{"_0":"insert"}},"display":"text.insert","isSFSymbol":true},"toDetailCollection":{},"id":"DD4BEE9B-4A94-4702-B8C0-83AD95BDFD7F"}],"arrow_right":{"fromDetail":{"output":{"arrow_keys":{"_0":"right_arrow"}},"isSFSymbol":true,"display":"arrowtriangle.right.fill"},"id":"32E07982-816F-475C-8F68-512D111C37A0","toDetailCollection":{},"keyShape":"arrow_LR"},"enableArrowKeys":false,"arrow_left":{"fromDetail":{"display":"arrowtriangle.left.fill","output":{"arrow_keys":{"_0":"left_arrow"}},"isSFSymbol":true},"id":"856595A7-1396-4B3D-9B98-949EF54BA458","keyShape":"arrow_LR","toDetailCollection":{}},"row4":[]},"isEnableSub":false,"sectionDetail":{"section":{"main":{}},"deviceDetail":{"is_location_id_Enabled":false,"product_id":"product_id","is_vendor_id_Enabled":false,"location_id":"location_id","is_builtin_keyboard":false,"vendor_id":"vendor_id","device_name":"mainKeyboard","is_product_id_Enabled":false}},"isEnableMain":true,"isEnableTenkey":false,"tenkeyRows":{"rowIndex_arrow":{"row6":{}},"arrow_right":{"id":"D264D5E3-8EEC-4A67-B7A6-4F2413652621","toDetailCollection":{},"keyShape":"arrow_LR","fromDetail":{"isSFSymbol":true,"output":{"arrow_keys":{"_0":"right_arrow"}},"display":"arrowtriangle.right.fill"}},"row3":[{"fromDetail":{"display":"-","output":{"keypad_keys":{"_0":"keypad_hyphen"}}},"toDetailCollection":{},"id":"74654E9F-D815-4390-8434-A6AD6DC85F19"},{"toDetailCollection":{},"id":"B835C334-BC3B-42B6-BCCB-2E7FF38FCC38","fromDetail":{"output":{"keypad_keys":{"_0":"keypad_9"}},"display":"9"}},{"toDetailCollection":{},"id":"03344748-DF27-4351-ACE9-0F626939FEED","fromDetail":{"display":"7","output":{"keypad_keys":{"_0":"keypad_7"}}}},{"fromDetail":{"output":{"keypad_keys":{"_0":"keypad_8"}},"display":"8"},"toDetailCollection":{},"id":"7C262840-C03C-4CB0-ABA8-5219DA3CEEDF"}],"idsInOrderRow6":[{"id":"CF8EEF3C-3B93-4AF1-9308-9DF9FE1D5823"},{"id":"E1CD5807-2E0B-4C17-9147-5309F2C15830"}],"row5":[{"id":"F1433FF4-6F05-4638-9D2A-5D9A56DF05D9","keyShape":"enter_Tenkey","toDetailCollection":{},"fromDetail":{"isSFSymbol":true,"output":{"keypad_keys":{"_0":"keypad_enter"}},"display":"projective"}},{"fromDetail":{"display":"3","output":{"keypad_keys":{"_0":"keypad_3"}}},"id":"F68A9204-7B97-43E8-BB7A-7DA76B8F50E0","toDetailCollection":{}},{"toDetailCollection":{},"fromDetail":{"display":"2","output":{"keypad_keys":{"_0":"keypad_2"}}},"id":"E6D72045-631E-49E7-BB68-73A56A6DF935"},{"fromDetail":{"output":{"keypad_keys":{"_0":"keypad_1"}},"display":"1"},"id":"6112BC50-CA4B-4A1C-9AC9-9C352BEEBA83","toDetailCollection":{}}],"row6":[{"id":"CF8EEF3C-3B93-4AF1-9308-9DF9FE1D5823","unitSize":2,"fromDetail":{"output":{"keypad_keys":{"_0":"keypad_0"}},"display":"0"},"toDetailCollection":{}},{"fromDetail":{"output":{"keypad_keys":{"_0":"keypad_period"}},"display":"."},"toDetailCollection":{},"id":"E1CD5807-2E0B-4C17-9147-5309F2C15830"}],"idsInOrderRow2":[{"id":"81BF62CE-C3A3-4276-975E-B1C3465908C8"},{"id":"A0B2A42B-080D-46C4-8D38-890D99C52A88"},{"id":"190A2F1F-768E-4B75-97C9-3DF51861E4F5"},{"id":"D213361C-073F-4122-8C69-88B093C59AD1"}],"idsInOrderRow5":[{"id":"6112BC50-CA4B-4A1C-9AC9-9C352BEEBA83"},{"id":"E6D72045-631E-49E7-BB68-73A56A6DF935"},{"id":"F68A9204-7B97-43E8-BB7A-7DA76B8F50E0"},{"id":"F1433FF4-6F05-4638-9D2A-5D9A56DF05D9"}],"arrow_left":{"id":"DD5EE126-62FE-42E9-BEE5-B655C496684C","fromDetail":{"isSFSymbol":true,"display":"arrowtriangle.left.fill","output":{"arrow_keys":{"_0":"left_arrow"}}},"keyShape":"arrow_LR","toDetailCollection":{}},"arrow_up":{"fromDetail":{"display":"arrowtriangle.up.fill","isSFSymbol":true,"output":{"arrow_keys":{"_0":"up_arrow"}}},"id":"EF2940AB-8936-4D06-A9B2-FECB5AC43309","keyShape":"arrow_Up","toDetailCollection":{}},"idsInOrderRow1":[{"id":"8342B4AA-3635-40AA-9A50-781AF31D2450"},{"id":"78441478-FB2A-4BA7-BFDE-43DE2A95C4AE"},{"id":"28ABB0EC-720F-4D76-A20C-4E8B9F329EAD"},{"id":"11BC9301-1C43-4D65-884A-ABEE136C2635"}],"arrow_down":{"keyShape":"arrow_Down","toDetailCollection":{},"fromDetail":{"display":"arrowtriangle.down.fill","isSFSymbol":true,"output":{"arrow_keys":{"_0":"down_arrow"}}},"id":"F48A49F5-4808-423E-BB92-E8824C67AF22"},"idsInOrderRow3":[{"id":"03344748-DF27-4351-ACE9-0F626939FEED"},{"id":"7C262840-C03C-4CB0-ABA8-5219DA3CEEDF"},{"id":"B835C334-BC3B-42B6-BCCB-2E7FF38FCC38"},{"id":"74654E9F-D815-4390-8434-A6AD6DC85F19"}],"row2":[{"id":"D213361C-073F-4122-8C69-88B093C59AD1","fromDetail":{"output":{"keypad_keys":{"_0":"keypad_asterisk"}},"display":"*"},"toDetailCollection":{}},{"toDetailCollection":{},"id":"190A2F1F-768E-4B75-97C9-3DF51861E4F5","fromDetail":{"output":{"keypad_keys":{"_0":"keypad_slash"}},"display":"\/"}},{"toDetailCollection":{},"id":"A0B2A42B-080D-46C4-8D38-890D99C52A88","fromDetail":{"display":"=","output":{"keypad_keys":{"_0":"keypad_equal_sign"}}}},{"id":"81BF62CE-C3A3-4276-975E-B1C3465908C8","fromDetail":{"output":{"others":{"_0":"clear"}},"display":"clear"},"toDetailCollection":{}}],"row4":[{"fromDetail":{"output":{"keypad_keys":{"_0":"keypad_6"}},"display":"6"},"toDetailCollection":{},"id":"EC4B3705-5986-4A79-9C2C-29F93E2FE8E7"},{"id":"98F0818C-1FE0-41A9-8ECA-2A6625C078D0","fromDetail":{"display":"5","output":{"keypad_keys":{"_0":"keypad_5"}}},"toDetailCollection":{}},{"id":"01B467DB-C5D8-4061-9B7D-A09E35BB9437","fromDetail":{"output":{"keypad_keys":{"_0":"keypad_plus"}},"display":"+"},"toDetailCollection":{}},{"toDetailCollection":{},"id":"2871D3AF-5006-4AA8-874C-2FCABF89BC4B","fromDetail":{"output":{"keypad_keys":{"_0":"keypad_4"}},"display":"4"}}],"row1":[{"fromDetail":{"output":{"function_keys":{"_0":"f17"}},"display":"F17"},"id":"78441478-FB2A-4BA7-BFDE-43DE2A95C4AE","toDetailCollection":{}},{"id":"11BC9301-1C43-4D65-884A-ABEE136C2635","fromDetail":{"output":{"function_keys":{"_0":"f19"}},"display":"F19"},"toDetailCollection":{}},{"id":"28ABB0EC-720F-4D76-A20C-4E8B9F329EAD","fromDetail":{"display":"F18","output":{"function_keys":{"_0":"f18"}}},"toDetailCollection":{}},{"fromDetail":{"display":"F16","output":{"function_keys":{"_0":"f16"}}},"toDetailCollection":{},"id":"8342B4AA-3635-40AA-9A50-781AF31D2450"}],"idsInOrderRow4":[{"id":"2871D3AF-5006-4AA8-874C-2FCABF89BC4B"},{"id":"98F0818C-1FE0-41A9-8ECA-2A6625C078D0"},{"id":"EC4B3705-5986-4A79-9C2C-29F93E2FE8E7"},{"id":"01B467DB-C5D8-4061-9B7D-A09E35BB9437"}],"enableArrowKeys":false},"mainRows":{"row1":[{"id":"EE46C521-089E-4961-B823-B4C1991D68CC","toDetailCollection":{},"fromDetail":{"output":{"function_keys":{"_0":"f6"}},"display":"F6"}},{"id":"E965ED34-0A6A-4732-8CDC-E5D347B4B16A","fromDetail":{"display":"F12","output":{"function_keys":{"_0":"f12"}}},"toDetailCollection":{}},{"fromDetail":{"output":{"function_keys":{"_0":"f10"}},"display":"F10"},"id":"2F36B3A6-68F4-4BD0-8347-75FAC8972730","toDetailCollection":{}},{"id":"2F594707-6EA4-4694-A232-C89021DAE1FC","toDetailCollection":{},"fromDetail":{"output":{"function_keys":{"_0":"f8"}},"display":"F8"}},{"id":"0B2AD737-9CF4-4DCB-B32D-87AEF544D7F5","fromDetail":{"output":{"function_keys":{"_0":"f4"}},"display":"F4"},"toDetailCollection":{}},{"id":"AEA58CB0-4007-4296-A41C-310A89C2DAB8","fromDetail":{"isSFSymbol":true,"display":"escape","output":{"controls_and_symbols":{"_0":"escape"}}},"toDetailCollection":{},"unitSize":1.5},{"fromDetail":{"display":"F11","output":{"function_keys":{"_0":"f11"}}},"toDetailCollection":{},"id":"B6EF8D91-B0B1-460B-A95F-D048C0FACDB9"},{"id":"C0FD9637-FAC3-4A9F-BB28-152E5AD149F7","fromDetail":{"output":{"function_keys":{"_0":"f5"}},"display":"F5"},"toDetailCollection":{}},{"id":"E2F5C9DB-96EE-41CD-B1F7-4D45BAF5E641","toDetailCollection":{},"fromDetail":{"display":"F7","output":{"function_keys":{"_0":"f7"}}}},{"toDetailCollection":{},"fromDetail":{"output":{"function_keys":{"_0":"f9"}},"display":"F9"},"id":"E08B1213-39F4-47D9-9EE3-CF2BE027F32E"},{"fromDetail":{"display":"F1","output":{"function_keys":{"_0":"f1"}}},"id":"B25165B2-D71C-4B76-8AC7-A36E7596C3CB","toDetailCollection":{}},{"id":"DC228710-97BE-4678-9ACD-75F12EC5DD6F","fromDetail":{"display":"F3","output":{"function_keys":{"_0":"f3"}}},"toDetailCollection":{}},{"fromDetail":{"output":{"function_keys":{"_0":"f2"}},"display":"F2"},"toDetailCollection":{},"id":"CDE75E88-581F-4796-8542-53CADD80DF39"}],"row3":[{"toDetailCollection":{"condition0":{"layer0":{"isCustomized_tap":true,"withModifier_tap":{},"outputAndDisplay_tap":{"layerKey":"layer0","display":"F","output":{"letter_keys":{"_0":"f"}}}}}},"fromDetail":{"output":{"letter_keys":{"_0":"u"}},"display":"U"},"id":"CAE33964-324A-4A31-ABBB-7AE058A0F434"},{"toDetailCollection":{},"id":"896E94D9-CF2D-4566-B8EE-91FA081F138A","fromDetail":{"display":"\\","output":{"controls_and_symbols":{"_0":"backslash_or_yen"}}}},{"fromDetail":{"output":{"letter_keys":{"_0":"e"}},"display":"E"},"id":"0341DC8D-3B2F-496C-91F5-2600F83452C2","toDetailCollection":{"condition0":{"layer0":{"withModifier_tap":{},"isCustomized_tap":true,"outputAndDisplay_tap":{"output":{"letter_keys":{"_0":"r"}},"layerKey":"layer0","display":"R"}}}}},{"id":"27BB3B05-83C0-427F-B9D9-831A7CD0AB57","fromDetail":{"output":{"letter_keys":{"_0":"o"}},"display":"O"},"toDetailCollection":{"condition0":{"layer0":{"withModifier_tap":{},"isCustomized_tap":true,"outputAndDisplay_tap":{"layerKey":"layer0","display":"P","output":{"letter_keys":{"_0":"p"}}}}}}},{"id":"DA4FD555-CC80-435E-861B-02CD334FB29E","fromDetail":{"display":"W","output":{"letter_keys":{"_0":"w"}}},"toDetailCollection":{"condition0":{"layer0":{"withModifier_tap":{},"outputAndDisplay_tap":{"output":{"letter_keys":{"_0":"d"}},"layerKey":"layer0","display":"D"},"isCustomized_tap":true}}}},{"fromDetail":{"output":{"letter_keys":{"_0":"t"}},"display":"T"},"toDetailCollection":{"condition0":{"layer0":{"withModifier_tap":{},"outputAndDisplay_tap":{"output":{"letter_keys":{"_0":"b"}},"layerKey":"layer0","display":"B"},"isCustomized_tap":true}}},"id":"6693046D-261A-496B-91D3-CAD65A1BA46B"},{"toDetailCollection":{},"id":"2B92E877-8CE4-4283-B075-5927C3374E5B","fromDetail":{"output":{"letter_keys":{"_0":"q"}},"display":"Q"}},{"fromDetail":{"display":"Y","output":{"letter_keys":{"_0":"y"}}},"id":"667C86C3-A7C6-485D-98A8-34E60C948F3B","toDetailCollection":{"condition0":{"layer0":{"isCustomized_tap":true,"outputAndDisplay_tap":{"output":{"letter_keys":{"_0":"j"}},"layerKey":"layer0","display":"J"},"withModifier_tap":{}}}}},{"id":"83B85D39-4AD8-4342-8C6F-6FA147899646","toDetailCollection":{},"fromDetail":{"output":{"controls_and_symbols":{"_0":"close_square_bracket"}},"display":"]"}},{"toDetailCollection":{},"id":"6F77B640-9FD5-4855-BD6E-70B6F9733B72","fromDetail":{"output":{"controls_and_symbols":{"_0":"open_square_bracket"}},"display":"["}},{"id":"5C9E1E06-ADD0-453B-BD8A-C3E2E230D967","fromDetail":{"display":"R","output":{"letter_keys":{"_0":"r"}}},"toDetailCollection":{"condition0":{"layer0":{"outputAndDisplay_tap":{"layerKey":"layer0","display":"W","output":{"letter_keys":{"_0":"w"}}},"withModifier_tap":{},"isCustomized_tap":true}}}},{"fromDetail":{"display":"arrow.right.to.line","isSFSymbol":true,"output":{"controls_and_symbols":{"_0":"tab"}}},"unitSize":1.5,"id":"4D6DFDF3-D486-4F5D-892A-EE7B7119DD96","toDetailCollection":{}},{"toDetailCollection":{"condition0":{"layer0":{"isCustomized_tap":true,"outputAndDisplay_tap":{"output":{"controls_and_symbols":{"_0":"semicolon"}},"display":";","layerKey":"layer0"},"withModifier_tap":{}}}},"id":"C76145FE-F3E4-4C0F-A1DA-C507D627C502","fromDetail":{"output":{"letter_keys":{"_0":"p"}},"display":"P"}},{"toDetailCollection":{"condition0":{"layer0":{"withModifier_tap":{},"isCustomized_tap":true,"outputAndDisplay_tap":{"display":"U","layerKey":"layer0","output":{"letter_keys":{"_0":"u"}}}}}},"id":"E5C1FFB6-48BC-46C7-A41C-5EEB05F94083","fromDetail":{"output":{"letter_keys":{"_0":"i"}},"display":"I"}}],"row5":[{"fromDetail":{"output":{"letter_keys":{"_0":"v"}},"display":"V"},"id":"EE8D665F-F53D-4259-8057-275BA737667B","toDetailCollection":{"condition0":{"layer0":{"outputAndDisplay_tap":{"display":"C","layerKey":"layer0","output":{"letter_keys":{"_0":"c"}}},"withModifier_tap":{},"isCustomized_tap":true}}}},{"unitSize":2.25,"fromDetail":{"isSFSymbol":true,"output":{"modifier_keys":{"_0":"left_shift"}},"display":"shift"},"toDetailCollection":{},"id":"484B5203-1AAD-41E3-8666-31F7F20CA84D"},{"id":"CD8C1135-8B3B-40FE-ABEF-5EC996022420","fromDetail":{"output":{"controls_and_symbols":{"_0":"comma"}},"display":","},"toDetailCollection":{}},{"toDetailCollection":{},"fromDetail":{"display":"\/","output":{"controls_and_symbols":{"_0":"slash"}}},"id":"6DEF1D4B-BC97-42C2-9040-0C4CC2F4232E"},{"toDetailCollection":{},"id":"36AA6EAD-0F0C-4F4F-A462-67D3C4DB0841","fromDetail":{"output":{"letter_keys":{"_0":"z"}},"display":"Z"}},{"fromDetail":{"display":"shift","output":{"modifier_keys":{"_0":"right_shift"}},"isSFSymbol":true},"unitSize":2.25,"toDetailCollection":{},"id":"F7EBDF31-222B-46E5-A2BD-D22DEF05462C"},{"fromDetail":{"output":{"letter_keys":{"_0":"n"}},"display":"N"},"toDetailCollection":{"condition0":{"layer0":{"isCustomized_tap":true,"withModifier_tap":{},"outputAndDisplay_tap":{"output":{"letter_keys":{"_0":"k"}},"display":"K","layerKey":"layer0"}}}},"id":"EA82ECAE-8452-4054-A4A5-C99A3BE2B456"},{"toDetailCollection":{},"id":"64395C88-494B-4966-82FD-C2A66132E181","fromDetail":{"output":{"controls_and_symbols":{"_0":"period"}},"display":"."}},{"id":"55AFA9B9-6AB1-448E-9169-FD71943302C8","fromDetail":{"display":"C","output":{"letter_keys":{"_0":"c"}}},"toDetailCollection":{"condition0":{"layer0":{"outputAndDisplay_tap":{"layerKey":"layer0","display":"M","output":{"letter_keys":{"_0":"m"}}},"isCustomized_tap":true,"withModifier_tap":{}}}}},{"fromDetail":{"display":"M","output":{"letter_keys":{"_0":"m"}}},"id":"B0662617-6065-467A-A2EB-B8A11125B8E0","toDetailCollection":{"condition0":{"layer0":{"outputAndDisplay_tap":{"output":{"letter_keys":{"_0":"l"}},"display":"L","layerKey":"layer0"},"withModifier_tap":{},"isCustomized_tap":true}}}},{"toDetailCollection":{"condition0":{"layer0":{"isCustomized_tap":true,"withModifier_tap":{},"outputAndDisplay_tap":{"layerKey":"layer0","display":"V","output":{"letter_keys":{"_0":"v"}}}}}},"id":"A67FA376-305D-4D36-8D01-D840B4D963AF","fromDetail":{"output":{"letter_keys":{"_0":"b"}},"display":"B"}},{"fromDetail":{"output":{"letter_keys":{"_0":"x"}},"display":"X"},"id":"FEE71752-EF73-446E-8F7D-5ADB64C6C329","toDetailCollection":{}}],"row2":[{"fromDetail":{"output":{"controls_and_symbols":{"_0":"hyphen"}},"display":"-"},"id":"B07FF0FE-EEAA-46AD-8F7A-1AC8C7F6D0BE","toDetailCollection":{}},{"id":"4D8BD0B6-1AB5-4E0A-BE5D-BAA4BB275D5F","fromDetail":{"output":{"number_keys":{"_0":"one"}},"display":"1"},"toDetailCollection":{}},{"id":"069B9CD7-C1CF-4B46-97B3-29DFDD1604EC","fromDetail":{"display":"delete.left","output":{"controls_and_symbols":{"_0":"delete_or_backspace"}},"isSFSymbol":true},"unitSize":1.5,"toDetailCollection":{}},{"id":"2ADC3BD7-CE42-48D4-BEC8-9C53E8791114","toDetailCollection":{},"fromDetail":{"display":"5","output":{"number_keys":{"_0":"five"}}}},{"toDetailCollection":{},"id":"0F9E630D-CE5D-450F-8010-FA800B7F12A9","fromDetail":{"display":"4","output":{"number_keys":{"_0":"four"}}}},{"id":"B8E2CCB9-EDCE-4287-A9AF-428430DFCF2A","fromDetail":{"display":"2","output":{"number_keys":{"_0":"two"}}},"toDetailCollection":{}},{"id":"AC6DEA12-3036-403B-8581-019FC9731D40","toDetailCollection":{},"fromDetail":{"display":"0","output":{"number_keys":{"_0":"zero"}}}},{"toDetailCollection":{},"id":"84C93288-ECA1-44B9-9216-71CF5E20D090","fromDetail":{"output":{"number_keys":{"_0":"seven"}},"display":"7"}},{"fromDetail":{"output":{"number_keys":{"_0":"eight"}},"display":"8"},"toDetailCollection":{},"id":"B099DA80-6BBE-42B7-BFA5-E789E82C1FB2"},{"id":"DF58E1E0-359D-44AA-8C20-3F28965090E8","fromDetail":{"display":"6","output":{"number_keys":{"_0":"six"}}},"toDetailCollection":{}},{"fromDetail":{"output":{"number_keys":{"_0":"three"}},"display":"3"},"toDetailCollection":{},"id":"91E5C74D-7269-4BFD-9A67-A98A6BB1FBA9"},{"id":"F70E9C82-EEA2-4560-A962-2CD3EDE1B0E8","toDetailCollection":{},"fromDetail":{"output":{"number_keys":{"_0":"nine"}},"display":"9"}},{"id":"6675AE76-03EA-4E31-90B0-3612F4297264","fromDetail":{"output":{"controls_and_symbols":{"_0":"equal_sign_or_caret"}},"display":"="},"toDetailCollection":{}},{"toDetailCollection":{},"id":"991DBC0F-F231-4ADD-8575-1BB5A08667AC","fromDetail":{"output":{"controls_and_symbols":{"_0":"grave_accent"}},"display":"`"}}],"enableArrowKeys":true,"idsInOrderRow2":[{"id":"991DBC0F-F231-4ADD-8575-1BB5A08667AC"},{"id":"4D8BD0B6-1AB5-4E0A-BE5D-BAA4BB275D5F"},{"id":"B8E2CCB9-EDCE-4287-A9AF-428430DFCF2A"},{"id":"91E5C74D-7269-4BFD-9A67-A98A6BB1FBA9"},{"id":"0F9E630D-CE5D-450F-8010-FA800B7F12A9"},{"id":"2ADC3BD7-CE42-48D4-BEC8-9C53E8791114"},{"id":"DF58E1E0-359D-44AA-8C20-3F28965090E8"},{"id":"84C93288-ECA1-44B9-9216-71CF5E20D090"},{"id":"B099DA80-6BBE-42B7-BFA5-E789E82C1FB2"},{"id":"F70E9C82-EEA2-4560-A962-2CD3EDE1B0E8"},{"id":"AC6DEA12-3036-403B-8581-019FC9731D40"},{"id":"B07FF0FE-EEAA-46AD-8F7A-1AC8C7F6D0BE"},{"id":"6675AE76-03EA-4E31-90B0-3612F4297264"},{"id":"069B9CD7-C1CF-4B46-97B3-29DFDD1604EC"}],"idsInOrderRow6":[{"id":"A31D04B7-E8BA-4A98-B790-8E3A8B2088F2"},{"id":"6BC75FE9-4797-43E7-B9FE-FE25BE40F9A9"},{"id":"26635789-07B0-4379-ABFD-3E3142216D06"},{"id":"AA66A197-C9A0-4609-A8DF-AEF52E4D454E"},{"id":"C19C62DC-B015-42FB-8BC2-01E74588ECFF"},{"id":"7788C056-7FD5-48F5-82E8-A170EC6536A5"},{"id":"EFA7A57D-F90E-4637-B334-3BE88FF08E45"}],"idsInOrderRow3":[{"id":"4D6DFDF3-D486-4F5D-892A-EE7B7119DD96"},{"id":"2B92E877-8CE4-4283-B075-5927C3374E5B"},{"id":"DA4FD555-CC80-435E-861B-02CD334FB29E"},{"id":"0341DC8D-3B2F-496C-91F5-2600F83452C2"},{"id":"5C9E1E06-ADD0-453B-BD8A-C3E2E230D967"},{"id":"6693046D-261A-496B-91D3-CAD65A1BA46B"},{"id":"667C86C3-A7C6-485D-98A8-34E60C948F3B"},{"id":"CAE33964-324A-4A31-ABBB-7AE058A0F434"},{"id":"E5C1FFB6-48BC-46C7-A41C-5EEB05F94083"},{"id":"27BB3B05-83C0-427F-B9D9-831A7CD0AB57"},{"id":"C76145FE-F3E4-4C0F-A1DA-C507D627C502"},{"id":"6F77B640-9FD5-4855-BD6E-70B6F9733B72"},{"id":"83B85D39-4AD8-4342-8C6F-6FA147899646"},{"id":"896E94D9-CF2D-4566-B8EE-91FA081F138A"}],"idsInOrderRow5":[{"id":"484B5203-1AAD-41E3-8666-31F7F20CA84D"},{"id":"36AA6EAD-0F0C-4F4F-A462-67D3C4DB0841"},{"id":"FEE71752-EF73-446E-8F7D-5ADB64C6C329"},{"id":"55AFA9B9-6AB1-448E-9169-FD71943302C8"},{"id":"EE8D665F-F53D-4259-8057-275BA737667B"},{"id":"A67FA376-305D-4D36-8D01-D840B4D963AF"},{"id":"EA82ECAE-8452-4054-A4A5-C99A3BE2B456"},{"id":"B0662617-6065-467A-A2EB-B8A11125B8E0"},{"id":"CD8C1135-8B3B-40FE-ABEF-5EC996022420"},{"id":"64395C88-494B-4966-82FD-C2A66132E181"},{"id":"6DEF1D4B-BC97-42C2-9040-0C4CC2F4232E"},{"id":"F7EBDF31-222B-46E5-A2BD-D22DEF05462C"}],"arrow_down":{"id":"CC9E5760-5630-4DE7-A3EA-FE3E13A292EE","fromDetail":{"isSFSymbol":true,"output":{"arrow_keys":{"_0":"down_arrow"}},"display":"arrowtriangle.down.fill"},"toDetailCollection":{},"keyShape":"arrow_Down"},"rowIndex_arrow":{"row6":{}},"arrow_up":{"id":"1F395220-99DC-43FC-AAB2-6E2D0BE6C5B2","keyShape":"arrow_Up","fromDetail":{"output":{"arrow_keys":{"_0":"up_arrow"}},"display":"arrowtriangle.up.fill","isSFSymbol":true},"toDetailCollection":{}},"row6":[{"toDetailCollection":{},"fromDetail":{"display":"command","isSFSymbol":true,"output":{"modifier_keys":{"_0":"left_command"}}},"id":"AA66A197-C9A0-4609-A8DF-AEF52E4D454E","unitSize":1.25},{"unitSize":5,"toDetailCollection":{},"fromDetail":{"output":{"controls_and_symbols":{"_0":"spacebar"}},"display":"␣"},"id":"C19C62DC-B015-42FB-8BC2-01E74588ECFF"},{"fromDetail":{"display":"control","isSFSymbol":true,"output":{"modifier_keys":{"_0":"left_control"}}},"toDetailCollection":{},"id":"6BC75FE9-4797-43E7-B9FE-FE25BE40F9A9"},{"id":"EFA7A57D-F90E-4637-B334-3BE88FF08E45","fromDetail":{"output":{"modifier_keys":{"_0":"right_option"}},"display":"option","isSFSymbol":true},"toDetailCollection":{}},{"toDetailCollection":{},"id":"26635789-07B0-4379-ABFD-3E3142216D06","fromDetail":{"display":"option","isSFSymbol":true,"output":{"modifier_keys":{"_0":"left_option"}}}},{"toDetailCollection":{},"id":"A31D04B7-E8BA-4A98-B790-8E3A8B2088F2","fromDetail":{"output":{"modifier_keys":{"_0":"keyboard_fn"}},"display":"globe","isSFSymbol":true}},{"id":"7788C056-7FD5-48F5-82E8-A170EC6536A5","toDetailCollection":{},"unitSize":1.25,"fromDetail":{"display":"command","isSFSymbol":true,"output":{"modifier_keys":{"_0":"right_command"}}}}],"idsInOrderRow4":[{"id":"B86F8BCE-25AB-480E-8F7D-D24767518989"},{"id":"F38F7B95-DF20-466B-A31B-73060DC4CD71"},{"id":"FEE8BB81-2B36-45CD-8BDE-2D49AAB66410"},{"id":"EE216D18-531C-4BA9-ADC4-9C471A1F6E34"},{"id":"3A1038C7-D8FE-4E06-8C32-2988021398A9"},{"id":"19E6EF54-038C-42C8-9391-6CAF239243EB"},{"id":"E1D85AA2-0E4E-4E7B-900E-4CA75A00AABA"},{"id":"AB8B6D80-1F66-4955-9761-F0376BF5ED6A"},{"id":"F20A814F-98FD-44B4-88C3-425BACD9BAEB"},{"id":"6D4E2679-E6A8-4F58-88F8-3D256E8D3BF0"},{"id":"86419365-A1D8-4F7E-BF1D-0CBD4C7E5989"},{"id":"91983234-C256-4242-B19F-7531BBEFFF95"},{"id":"6EB9BD76-6273-4781-B8CC-41D071D73890"}],"arrow_right":{"fromDetail":{"display":"arrowtriangle.right.fill","isSFSymbol":true,"output":{"arrow_keys":{"_0":"right_arrow"}}},"toDetailCollection":{},"keyShape":"arrow_LR","id":"E396D2F0-75CC-4E88-A592-E87C7B48F819"},"row4":[{"fromDetail":{"output":{"controls_and_symbols":{"_0":"semicolon"}},"display":";"},"toDetailCollection":{"condition0":{"layer0":{"withModifier_tap":{},"outputAndDisplay_tap":{"display":"I","layerKey":"layer0","output":{"letter_keys":{"_0":"i"}}},"isCustomized_tap":true}}},"id":"86419365-A1D8-4F7E-BF1D-0CBD4C7E5989"},{"fromDetail":{"display":"H","output":{"letter_keys":{"_0":"h"}}},"id":"E1D85AA2-0E4E-4E7B-900E-4CA75A00AABA","toDetailCollection":{"condition0":{"layer0":{"withModifier_tap":{},"isCustomized_tap":true,"outputAndDisplay_tap":{"output":{"letter_keys":{"_0":"y"}},"display":"Y","layerKey":"layer0"}}}}},{"toDetailCollection":{"condition0":{"layer0":{"withModifier_tap":{},"outputAndDisplay_tap":{"output":{"letter_keys":{"_0":"o"}},"display":"O","layerKey":"layer0"},"isCustomized_tap":true}}},"fromDetail":{"output":{"letter_keys":{"_0":"l"}},"display":"L"},"id":"6D4E2679-E6A8-4F58-88F8-3D256E8D3BF0"},{"fromDetail":{"display":"D","output":{"letter_keys":{"_0":"d"}}},"toDetailCollection":{"condition0":{"layer0":{"isCustomized_tap":true,"outputAndDisplay_tap":{"output":{"letter_keys":{"_0":"h"}},"display":"H","layerKey":"layer0"},"withModifier_tap":{}}}},"id":"EE216D18-531C-4BA9-ADC4-9C471A1F6E34"},{"fromDetail":{"output":{"letter_keys":{"_0":"s"}},"display":"S"},"toDetailCollection":{},"id":"FEE8BB81-2B36-45CD-8BDE-2D49AAB66410"},{"id":"B86F8BCE-25AB-480E-8F7D-D24767518989","toDetailCollection":{},"fromDetail":{"isSFSymbol":true,"display":"capslock","output":{"modifier_keys":{"_0":"caps_lock"}}},"unitSize":1.75},{"fromDetail":{"output":{"letter_keys":{"_0":"f"}},"display":"F"},"id":"3A1038C7-D8FE-4E06-8C32-2988021398A9","toDetailCollection":{"condition0":{"layer0":{"withModifier_tap":{},"isCustomized_tap":true,"outputAndDisplay_tap":{"display":"T","layerKey":"layer0","output":{"letter_keys":{"_0":"t"}}}}}}},{"toDetailCollection":{"condition0":{"layer0":{"isCustomized_tap":true,"withModifier_tap":{},"outputAndDisplay_tap":{"output":{"letter_keys":{"_0":"n"}},"display":"N","layerKey":"layer0"}}}},"id":"AB8B6D80-1F66-4955-9761-F0376BF5ED6A","fromDetail":{"output":{"letter_keys":{"_0":"j"}},"display":"J"}},{"id":"91983234-C256-4242-B19F-7531BBEFFF95","toDetailCollection":{},"fromDetail":{"display":"'","output":{"controls_and_symbols":{"_0":"single_quotation_or_colon"}}}},{"unitSize":1.75,"id":"6EB9BD76-6273-4781-B8CC-41D071D73890","fromDetail":{"display":"return","isSFSymbol":true,"output":{"controls_and_symbols":{"_0":"return_or_enter"}}},"toDetailCollection":{}},{"id":"F38F7B95-DF20-466B-A31B-73060DC4CD71","fromDetail":{"output":{"letter_keys":{"_0":"a"}},"display":"A"},"toDetailCollection":{}},{"id":"19E6EF54-038C-42C8-9391-6CAF239243EB","fromDetail":{"output":{"letter_keys":{"_0":"g"}},"display":"G"},"toDetailCollection":{"condition0":{"layer0":{"outputAndDisplay_tap":{"output":{"letter_keys":{"_0":"g"}},"display":"G","layerKey":"layer0"},"isCustomized_tap":true,"withModifier_tap":{}}}}},{"toDetailCollection":{"condition0":{"layer0":{"isCustomized_tap":true,"outputAndDisplay_tap":{"layerKey":"layer0","output":{"letter_keys":{"_0":"e"}},"display":"E"},"withModifier_tap":{}}}},"id":"F20A814F-98FD-44B4-88C3-425BACD9BAEB","fromDetail":{"display":"K","output":{"letter_keys":{"_0":"k"}}}}],"arrow_left":{"keyShape":"arrow_LR","fromDetail":{"display":"arrowtriangle.left.fill","output":{"arrow_keys":{"_0":"left_arrow"}},"isSFSymbol":true},"toDetailCollection":{},"id":"864341FC-668F-425E-8361-AFE210BCDBD0"},"idsInOrderRow1":[{"id":"AEA58CB0-4007-4296-A41C-310A89C2DAB8"},{"id":"B25165B2-D71C-4B76-8AC7-A36E7596C3CB"},{"id":"CDE75E88-581F-4796-8542-53CADD80DF39"},{"id":"DC228710-97BE-4678-9ACD-75F12EC5DD6F"},{"id":"0B2AD737-9CF4-4DCB-B32D-87AEF544D7F5"},{"id":"C0FD9637-FAC3-4A9F-BB28-152E5AD149F7"},{"id":"EE46C521-089E-4961-B823-B4C1991D68CC"},{"id":"E2F5C9DB-96EE-41CD-B1F7-4D45BAF5E641"},{"id":"2F594707-6EA4-4694-A232-C89021DAE1FC"},{"id":"E08B1213-39F4-47D9-9EE3-CF2BE027F32E"},{"id":"2F36B3A6-68F4-4BD0-8347-75FAC8972730"},{"id":"B6EF8D91-B0B1-460B-A95F-D048C0FACDB9"},{"id":"E965ED34-0A6A-4732-8CDC-E5D347B4B16A"}]}},"other":{"subRows":{"idsInOrderRow4":[],"idsInOrderRow3":[{"id":"C7A6390D-4F9D-4281-96CA-072C773455C9"},{"id":"3A14A048-D48D-4EB8-A59F-E1FB69436DCF"},{"id":"B1A451C5-98F9-485C-ABD5-3B7D61C8228D"}],"idsInOrderRow1":[{"id":"D7DD45B8-4620-4629-A6A2-5BEA625D115E"},{"id":"38E79861-F94B-4EB4-AF70-FF40984DC7A6"},{"id":"F66F589A-942D-40BF-97DB-8E1B5F395368"}],"row3":[{"id":"B1A451C5-98F9-485C-ABD5-3B7D61C8228D","fromDetail":{"output":{"arrow_keys":{"_0":"page_down"}},"isSFSymbol":true,"display":"arrow.down"},"toDetailCollection":{}},{"toDetailCollection":{},"id":"3A14A048-D48D-4EB8-A59F-E1FB69436DCF","fromDetail":{"isSFSymbol":true,"output":{"arrow_keys":{"_0":"end"}},"display":"arrow.down.to.line"}},{"fromDetail":{"isSFSymbol":true,"output":{"controls_and_symbols":{"_0":"delete_forward"}},"display":"delete.right"},"toDetailCollection":{},"id":"C7A6390D-4F9D-4281-96CA-072C773455C9"}],"arrow_up":{"id":"2BE17C61-17EC-4097-8939-45A2E54C6A0D","keyShape":"arrow_Up","toDetailCollection":{},"fromDetail":{"display":"arrowtriangle.up.fill","output":{"arrow_keys":{"_0":"up_arrow"}},"isSFSymbol":true}},"row5":[{"toDetailCollection":{},"id":"D4144A50-1B47-4142-9C72-B5C0A4EF60FC","fromDetail":{"output":{"arrow_keys":{"_0":"up_arrow"}},"isSFSymbol":true,"display":"arrowtriangle.up.fill"}},{"fromDetail":{"display":"A","output":{"letter_keys":{"_0":"a"}}},"id":"47A21382-4CDB-436A-ADD0-EFFAA4239B29","toDetailCollection":{},"isSpacer":true}],"arrow_right":{"keyShape":"arrow_LR","toDetailCollection":{},"fromDetail":{"output":{"arrow_keys":{"_0":"right_arrow"}},"display":"arrowtriangle.right.fill","isSFSymbol":true},"id":"DB7DEA49-A412-45E9-BE35-8AE2B1C0D6FF"},"idsInOrderRow5":[{"id":"47A21382-4CDB-436A-ADD0-EFFAA4239B29"},{"id":"D4144A50-1B47-4142-9C72-B5C0A4EF60FC"}],"row1":[{"fromDetail":{"display":"F15","output":{"function_keys":{"_0":"f15"}}},"toDetailCollection":{},"id":"F66F589A-942D-40BF-97DB-8E1B5F395368"},{"toDetailCollection":{},"id":"38E79861-F94B-4EB4-AF70-FF40984DC7A6","fromDetail":{"display":"F14","output":{"function_keys":{"_0":"f14"}}}},{"fromDetail":{"display":"F13","output":{"function_keys":{"_0":"f13"}}},"id":"D7DD45B8-4620-4629-A6A2-5BEA625D115E","toDetailCollection":{}}],"idsInOrderRow6":[{"id":"56E59E4B-B733-448B-9694-854D192939D8"},{"id":"D8F511DF-D91C-4AC0-9A1E-856055570D0D"},{"id":"8307C746-027F-4198-825E-D40966F25E45"}],"rowIndex_arrow":{"row6":{}},"row6":[{"fromDetail":{"output":{"arrow_keys":{"_0":"down_arrow"}},"isSFSymbol":true,"display":"arrowtriangle.down.fill"},"id":"D8F511DF-D91C-4AC0-9A1E-856055570D0D","toDetailCollection":{}},{"toDetailCollection":{},"id":"56E59E4B-B733-448B-9694-854D192939D8","fromDetail":{"display":"arrowtriangle.left.fill","output":{"arrow_keys":{"_0":"left_arrow"}},"isSFSymbol":true}},{"fromDetail":{"output":{"arrow_keys":{"_0":"right_arrow"}},"isSFSymbol":true,"display":"arrowtriangle.right.fill"},"toDetailCollection":{},"id":"8307C746-027F-4198-825E-D40966F25E45"}],"idsInOrderRow2":[{"id":"ED8C9E5B-46B8-407E-8960-562A471A0FEB"},{"id":"F00C1D60-AB2B-4512-B9D9-83307518705E"},{"id":"1DE0819D-BDFF-42B5-ACBB-7A19250224C8"}],"enableArrowKeys":false,"row4":[],"arrow_left":{"id":"A6939671-A4FE-46CA-864B-F5C2763B1BC3","keyShape":"arrow_LR","fromDetail":{"isSFSymbol":true,"output":{"arrow_keys":{"_0":"left_arrow"}},"display":"arrowtriangle.left.fill"},"toDetailCollection":{}},"arrow_down":{"toDetailCollection":{},"fromDetail":{"display":"arrowtriangle.down.fill","output":{"arrow_keys":{"_0":"down_arrow"}},"isSFSymbol":true},"id":"BCFD0DD2-C2CD-49EB-9461-F175D14AB375","keyShape":"arrow_Down"},"row2":[{"fromDetail":{"display":"text.insert","output":{"keys_in_pc_keyboards":{"_0":"insert"}},"isSFSymbol":true},"toDetailCollection":{},"id":"ED8C9E5B-46B8-407E-8960-562A471A0FEB"},{"toDetailCollection":{},"id":"1DE0819D-BDFF-42B5-ACBB-7A19250224C8","fromDetail":{"display":"arrow.up","isSFSymbol":true,"output":{"arrow_keys":{"_0":"page_up"}}}},{"id":"F00C1D60-AB2B-4512-B9D9-83307518705E","fromDetail":{"isSFSymbol":true,"output":{"arrow_keys":{"_0":"home"}},"display":"arrow.up.to.line"},"toDetailCollection":{}}]},"isEnableSub":false,"isEnableTenkey":false,"isEnableMain":true,"sectionDetail":{"deviceDetail":{"vendor_id":"vendor_id","is_location_id_Enabled":false,"is_vendor_id_Enabled":false,"is_product_id_Enabled":false,"is_builtin_keyboard":false,"location_id":"location_id","device_name":"otherDevice","product_id":"product_id"},"section":{"other":{}}},"mainRows":{"idsInOrderRow2":[{"id":"14C764D8-FD47-4F4E-BA6B-E2BEA6191300"},{"id":"86410DC7-A863-4E02-8FE3-F4EF80DD4984"},{"id":"55279700-D0C6-4FCA-A073-22E7787DA081"},{"id":"1BF2B87A-ADCF-4498-A762-8E7163F9CB31"}],"arrow_down":{"id":"4AE7E3D8-B0DD-41A5-B96A-87AF195511AD","toDetailCollection":{},"keyShape":"arrow_Down","fromDetail":{"output":{"arrow_keys":{"_0":"down_arrow"}},"isSFSymbol":true,"display":"arrowtriangle.down.fill"}},"row1":[{"id":"62CAECCA-36DE-427D-B7DE-ABBD5EB0C4E5","toDetailCollection":{},"fromDetail":{"output":{"function_keys":{"_0":"f19"}},"display":"F19"}},{"id":"561693BF-BBAE-4E43-958B-8350FFB689E3","toDetailCollection":{},"fromDetail":{"output":{"function_keys":{"_0":"f17"}},"display":"F17"}},{"id":"D6FEE093-1966-4E53-B8C4-17DE62A232FE","fromDetail":{"output":{"function_keys":{"_0":"f16"}},"display":"F16"},"toDetailCollection":{}},{"id":"B6830164-59AD-4562-A98A-FCB10441707A","fromDetail":{"display":"F18","output":{"function_keys":{"_0":"f18"}}},"toDetailCollection":{}}],"idsInOrderRow4":[{"id":"EA570610-B610-4B78-A940-E7A1AC0EFF6B"},{"id":"872C1C3A-83B2-4AE4-B661-1DC2338B8A48"},{"id":"1B325AD9-733A-4636-9503-531020CA5E19"},{"id":"1AC09733-020B-4B82-8E01-BAFD75B4591E"}],"enableArrowKeys":false,"idsInOrderRow3":[{"id":"D93B653C-30AE-4103-9D9C-AD7726D7A92B"},{"id":"2EBAAAB6-33F6-4F54-843B-576B6F881E62"},{"id":"204F3678-540C-4914-9170-DD77EF9D25E6"},{"id":"48287A4E-99E3-418C-B069-A3B8EC2A843C"}],"arrow_right":{"toDetailCollection":{},"id":"50647892-4FC9-4276-8F9F-A8FFFD2A4EE3","fromDetail":{"display":"arrowtriangle.right.fill","isSFSymbol":true,"output":{"arrow_keys":{"_0":"right_arrow"}}},"keyShape":"arrow_LR"},"row6":[{"fromDetail":{"output":{"keypad_keys":{"_0":"keypad_period"}},"display":"."},"toDetailCollection":{},"id":"76E30A26-0B34-4DA9-87F4-5D4DD5C9FC95"},{"id":"4383EA25-AE7C-4AE2-9154-B0C11FB19209","unitSize":2,"toDetailCollection":{},"fromDetail":{"output":{"keypad_keys":{"_0":"keypad_0"}},"display":"0"}}],"row4":[{"toDetailCollection":{},"id":"EA570610-B610-4B78-A940-E7A1AC0EFF6B","fromDetail":{"display":"4","output":{"keypad_keys":{"_0":"keypad_4"}}}},{"toDetailCollection":{},"id":"872C1C3A-83B2-4AE4-B661-1DC2338B8A48","fromDetail":{"display":"5","output":{"keypad_keys":{"_0":"keypad_5"}}}},{"toDetailCollection":{},"id":"1AC09733-020B-4B82-8E01-BAFD75B4591E","fromDetail":{"display":"+","output":{"keypad_keys":{"_0":"keypad_plus"}}}},{"id":"1B325AD9-733A-4636-9503-531020CA5E19","fromDetail":{"output":{"keypad_keys":{"_0":"keypad_6"}},"display":"6"},"toDetailCollection":{}}],"rowIndex_arrow":{"row6":{}},"idsInOrderRow1":[{"id":"D6FEE093-1966-4E53-B8C4-17DE62A232FE"},{"id":"561693BF-BBAE-4E43-958B-8350FFB689E3"},{"id":"B6830164-59AD-4562-A98A-FCB10441707A"},{"id":"62CAECCA-36DE-427D-B7DE-ABBD5EB0C4E5"}],"row5":[{"toDetailCollection":{},"fromDetail":{"display":"2","output":{"keypad_keys":{"_0":"keypad_2"}}},"id":"71E6EB88-CC5A-448C-A340-341FBE4AE931"},{"fromDetail":{"output":{"keypad_keys":{"_0":"keypad_enter"}},"isSFSymbol":true,"display":"projective"},"id":"4A74FE87-46EF-42AB-892E-A7BD7FBC3D13","keyShape":"enter_Tenkey","toDetailCollection":{}},{"toDetailCollection":{},"id":"530E7DB2-FE93-42D2-BFB9-B74D81B7AE27","fromDetail":{"output":{"keypad_keys":{"_0":"keypad_3"}},"display":"3"}},{"fromDetail":{"display":"1","output":{"keypad_keys":{"_0":"keypad_1"}}},"toDetailCollection":{},"id":"EF027AC2-259F-4594-BC78-7CA5DE7D52B2"}],"idsInOrderRow5":[{"id":"EF027AC2-259F-4594-BC78-7CA5DE7D52B2"},{"id":"71E6EB88-CC5A-448C-A340-341FBE4AE931"},{"id":"530E7DB2-FE93-42D2-BFB9-B74D81B7AE27"},{"id":"4A74FE87-46EF-42AB-892E-A7BD7FBC3D13"}],"idsInOrderRow6":[{"id":"4383EA25-AE7C-4AE2-9154-B0C11FB19209"},{"id":"76E30A26-0B34-4DA9-87F4-5D4DD5C9FC95"}],"row2":[{"id":"1BF2B87A-ADCF-4498-A762-8E7163F9CB31","toDetailCollection":{},"fromDetail":{"output":{"keypad_keys":{"_0":"keypad_asterisk"}},"display":"*"}},{"fromDetail":{"display":"clear","output":{"others":{"_0":"clear"}}},"toDetailCollection":{},"id":"14C764D8-FD47-4F4E-BA6B-E2BEA6191300"},{"fromDetail":{"display":"\/","output":{"keypad_keys":{"_0":"keypad_slash"}}},"toDetailCollection":{},"id":"55279700-D0C6-4FCA-A073-22E7787DA081"},{"id":"86410DC7-A863-4E02-8FE3-F4EF80DD4984","toDetailCollection":{},"fromDetail":{"display":"=","output":{"keypad_keys":{"_0":"keypad_equal_sign"}}}}],"arrow_left":{"id":"158C9778-2F08-44B8-9826-F206A400537C","fromDetail":{"output":{"arrow_keys":{"_0":"left_arrow"}},"display":"arrowtriangle.left.fill","isSFSymbol":true},"toDetailCollection":{},"keyShape":"arrow_LR"},"arrow_up":{"fromDetail":{"output":{"arrow_keys":{"_0":"up_arrow"}},"isSFSymbol":true,"display":"arrowtriangle.up.fill"},"keyShape":"arrow_Up","id":"DE116F25-D57B-446E-A236-26EB2AD3EF63","toDetailCollection":{}},"row3":[{"toDetailCollection":{},"id":"204F3678-540C-4914-9170-DD77EF9D25E6","fromDetail":{"output":{"keypad_keys":{"_0":"keypad_9"}},"display":"9"}},{"id":"2EBAAAB6-33F6-4F54-843B-576B6F881E62","fromDetail":{"display":"8","output":{"keypad_keys":{"_0":"keypad_8"}}},"toDetailCollection":{}},{"toDetailCollection":{},"fromDetail":{"display":"7","output":{"keypad_keys":{"_0":"keypad_7"}}},"id":"D93B653C-30AE-4103-9D9C-AD7726D7A92B"},{"fromDetail":{"output":{"keypad_keys":{"_0":"keypad_hyphen"}},"display":"-"},"toDetailCollection":{},"id":"48287A4E-99E3-418C-B069-A3B8EC2A843C"}]},"tenkeyRows":{"row2":[{"fromDetail":{"output":{"others":{"_0":"clear"}},"display":"clear"},"id":"E5BE514C-2DFF-4621-B9E4-E167369DA222","toDetailCollection":{}},{"id":"4748BE63-CF6A-4310-9524-3AAEAAEC58C5","fromDetail":{"display":"\/","output":{"keypad_keys":{"_0":"keypad_slash"}}},"toDetailCollection":{}},{"fromDetail":{"display":"=","output":{"keypad_keys":{"_0":"keypad_equal_sign"}}},"toDetailCollection":{},"id":"10D9840C-1EE7-4DD3-9CE9-892FAB121269"},{"id":"582546F9-8D1F-4F16-A0A9-9EF988E191C6","toDetailCollection":{},"fromDetail":{"display":"*","output":{"keypad_keys":{"_0":"keypad_asterisk"}}}}],"enableArrowKeys":false,"idsInOrderRow6":[{"id":"C312B5A4-2F72-4A79-A8A3-433DF3E6BC47"},{"id":"B0A0481C-4FAB-4177-A8C5-F24017F75BEE"}],"idsInOrderRow5":[{"id":"F414C254-6299-4EED-A822-C84F8F0EE2BD"},{"id":"F29EC9EB-978A-4328-A429-7968FDE1D99A"},{"id":"8AEF96F2-E041-43D3-A8A1-6ABFBA3F2857"},{"id":"26745B1A-4050-412A-BF1D-6958E717B61E"}],"arrow_left":{"id":"F5A39B2A-A43A-46C5-808E-108FDEFA077A","fromDetail":{"isSFSymbol":true,"output":{"arrow_keys":{"_0":"left_arrow"}},"display":"arrowtriangle.left.fill"},"toDetailCollection":{},"keyShape":"arrow_LR"},"arrow_up":{"fromDetail":{"output":{"arrow_keys":{"_0":"up_arrow"}},"display":"arrowtriangle.up.fill","isSFSymbol":true},"keyShape":"arrow_Up","toDetailCollection":{},"id":"CA48ABC1-B3C6-44A5-BDC3-32E29161A5FC"},"idsInOrderRow1":[{"id":"CECBA48B-B81F-4367-A015-69718AC20632"},{"id":"171AA0C2-20C4-471E-866C-560A0052A9E1"},{"id":"1C087EEA-669F-4A9D-8E80-E46C5B5FE419"},{"id":"54435A12-34A1-409D-B94B-A2DE78F1A64C"}],"arrow_right":{"id":"57194966-8641-41EF-81B7-C7E9463438C9","keyShape":"arrow_LR","fromDetail":{"display":"arrowtriangle.right.fill","output":{"arrow_keys":{"_0":"right_arrow"}},"isSFSymbol":true},"toDetailCollection":{}},"row1":[{"fromDetail":{"display":"F16","output":{"function_keys":{"_0":"f16"}}},"toDetailCollection":{},"id":"CECBA48B-B81F-4367-A015-69718AC20632"},{"id":"54435A12-34A1-409D-B94B-A2DE78F1A64C","toDetailCollection":{},"fromDetail":{"output":{"function_keys":{"_0":"f19"}},"display":"F19"}},{"fromDetail":{"display":"F18","output":{"function_keys":{"_0":"f18"}}},"toDetailCollection":{},"id":"1C087EEA-669F-4A9D-8E80-E46C5B5FE419"},{"id":"171AA0C2-20C4-471E-866C-560A0052A9E1","toDetailCollection":{},"fromDetail":{"display":"F17","output":{"function_keys":{"_0":"f17"}}}}],"arrow_down":{"keyShape":"arrow_Down","toDetailCollection":{},"id":"75D5739D-DB81-4AA3-8BA8-5BFE218E81FB","fromDetail":{"isSFSymbol":true,"output":{"arrow_keys":{"_0":"down_arrow"}},"display":"arrowtriangle.down.fill"}},"row5":[{"fromDetail":{"display":"projective","isSFSymbol":true,"output":{"keypad_keys":{"_0":"keypad_enter"}}},"id":"26745B1A-4050-412A-BF1D-6958E717B61E","keyShape":"enter_Tenkey","toDetailCollection":{}},{"id":"8AEF96F2-E041-43D3-A8A1-6ABFBA3F2857","fromDetail":{"output":{"keypad_keys":{"_0":"keypad_3"}},"display":"3"},"toDetailCollection":{}},{"fromDetail":{"output":{"keypad_keys":{"_0":"keypad_1"}},"display":"1"},"toDetailCollection":{},"id":"F414C254-6299-4EED-A822-C84F8F0EE2BD"},{"id":"F29EC9EB-978A-4328-A429-7968FDE1D99A","fromDetail":{"display":"2","output":{"keypad_keys":{"_0":"keypad_2"}}},"toDetailCollection":{}}],"rowIndex_arrow":{"row6":{}},"row4":[{"id":"1958EEAE-BE77-4C26-886A-FBBEE7680EF3","fromDetail":{"display":"5","output":{"keypad_keys":{"_0":"keypad_5"}}},"toDetailCollection":{}},{"toDetailCollection":{},"id":"5D838FA0-EA52-44AF-B1F6-05106E6A8208","fromDetail":{"output":{"keypad_keys":{"_0":"keypad_6"}},"display":"6"}},{"toDetailCollection":{},"fromDetail":{"output":{"keypad_keys":{"_0":"keypad_plus"}},"display":"+"},"id":"0BD303DB-0AD8-4993-B7FA-151DA7C5F9F1"},{"id":"D02AB5C4-53AE-4D67-AE3D-61FF0D5A8943","fromDetail":{"display":"4","output":{"keypad_keys":{"_0":"keypad_4"}}},"toDetailCollection":{}}],"row6":[{"id":"B0A0481C-4FAB-4177-A8C5-F24017F75BEE","toDetailCollection":{},"fromDetail":{"output":{"keypad_keys":{"_0":"keypad_period"}},"display":"."}},{"id":"C312B5A4-2F72-4A79-A8A3-433DF3E6BC47","unitSize":2,"fromDetail":{"display":"0","output":{"keypad_keys":{"_0":"keypad_0"}}},"toDetailCollection":{}}],"idsInOrderRow4":[{"id":"D02AB5C4-53AE-4D67-AE3D-61FF0D5A8943"},{"id":"1958EEAE-BE77-4C26-886A-FBBEE7680EF3"},{"id":"5D838FA0-EA52-44AF-B1F6-05106E6A8208"},{"id":"0BD303DB-0AD8-4993-B7FA-151DA7C5F9F1"}],"row3":[{"toDetailCollection":{},"fromDetail":{"output":{"keypad_keys":{"_0":"keypad_7"}},"display":"7"},"id":"5334D19A-44F2-4893-9F54-1D76EBE0B126"},{"toDetailCollection":{},"id":"DAB25F1F-2DE6-4626-AA16-66B8C45AEBB5","fromDetail":{"output":{"keypad_keys":{"_0":"keypad_8"}},"display":"8"}},{"id":"3314FA83-D119-4D32-98E2-D4A8DC968ADA","fromDetail":{"display":"9","output":{"keypad_keys":{"_0":"keypad_9"}}},"toDetailCollection":{}},{"fromDetail":{"output":{"keypad_keys":{"_0":"keypad_hyphen"}},"display":"-"},"id":"5224B578-EB2D-4100-9957-5568A4F16A57","toDetailCollection":{}}],"idsInOrderRow3":[{"id":"5334D19A-44F2-4893-9F54-1D76EBE0B126"},{"id":"DAB25F1F-2DE6-4626-AA16-66B8C45AEBB5"},{"id":"3314FA83-D119-4D32-98E2-D4A8DC968ADA"},{"id":"5224B578-EB2D-4100-9957-5568A4F16A57"}],"idsInOrderRow2":[{"id":"E5BE514C-2DFF-4621-B9E4-E167369DA222"},{"id":"10D9840C-1EE7-4DD3-9CE9-892FAB121269"},{"id":"4748BE63-CF6A-4310-9524-3AAEAAEC58C5"},{"id":"582546F9-8D1F-4F16-A0A9-9EF988E191C6"}]}},"validSections":{"sections":[{"main":{}}]},"mouse":{"tenkeyRows":{"idsInOrderRow2":[{"id":"FBA3E785-E2C9-41AD-ACAF-18E3DA963DD9"}],"idsInOrderRow6":[{"id":"8D59EEAD-2753-4B31-AB66-A5262FF354C3"}],"idsInOrderRow4":[{"id":"9398B98F-030E-4842-9318-C941017FD7D5"}],"row6":[{"fromDetail":{"output":{"letter_keys":{"_0":"a"}},"display":"A"},"toDetailCollection":{},"id":"8D59EEAD-2753-4B31-AB66-A5262FF354C3"}],"row3":[{"id":"94526F42-B462-4C05-8C83-35DE38CC2C29","fromDetail":{"output":{"letter_keys":{"_0":"a"}},"display":"A"},"toDetailCollection":{}}],"idsInOrderRow3":[{"id":"94526F42-B462-4C05-8C83-35DE38CC2C29"}],"row5":[{"toDetailCollection":{},"fromDetail":{"output":{"letter_keys":{"_0":"a"}},"display":"A"},"id":"84AA6429-E028-4098-9C89-BE1F78935E8D"}],"rowIndex_arrow":{"row6":{}},"row4":[{"fromDetail":{"output":{"letter_keys":{"_0":"a"}},"display":"A"},"id":"9398B98F-030E-4842-9318-C941017FD7D5","toDetailCollection":{}}],"arrow_down":{"id":"6AFB2AC9-D542-473A-B9E3-F7C824F3117E","fromDetail":{"output":{"arrow_keys":{"_0":"down_arrow"}},"display":"arrowtriangle.down.fill","isSFSymbol":true},"keyShape":"arrow_Down","toDetailCollection":{}},"row1":[{"id":"46241D41-53F9-49B0-8CFD-ECB40CAFE2B8","fromDetail":{"output":{"letter_keys":{"_0":"a"}},"display":"A"},"toDetailCollection":{}}],"arrow_left":{"keyShape":"arrow_LR","fromDetail":{"isSFSymbol":true,"display":"arrowtriangle.left.fill","output":{"arrow_keys":{"_0":"left_arrow"}}},"toDetailCollection":{},"id":"9E6D95EF-A0CE-4015-91BD-8345FD431C1C"},"idsInOrderRow1":[{"id":"46241D41-53F9-49B0-8CFD-ECB40CAFE2B8"}],"arrow_up":{"toDetailCollection":{},"fromDetail":{"output":{"arrow_keys":{"_0":"up_arrow"}},"display":"arrowtriangle.up.fill","isSFSymbol":true},"id":"F5A29B79-2A66-4C2A-8871-A6CE8F33CD24","keyShape":"arrow_Up"},"row2":[{"fromDetail":{"display":"A","output":{"letter_keys":{"_0":"a"}}},"toDetailCollection":{},"id":"FBA3E785-E2C9-41AD-ACAF-18E3DA963DD9"}],"idsInOrderRow5":[{"id":"84AA6429-E028-4098-9C89-BE1F78935E8D"}],"enableArrowKeys":false,"arrow_right":{"fromDetail":{"output":{"arrow_keys":{"_0":"right_arrow"}},"display":"arrowtriangle.right.fill","isSFSymbol":true},"keyShape":"arrow_LR","toDetailCollection":{},"id":"4C31A2D4-0F53-40CC-A9BB-EAF0B36FE282"}},"mainRows":{"idsInOrderRow6":[],"idsInOrderRow2":[{"id":"AE4709DC-B190-4BE4-B7A6-AA722A206E36"},{"id":"F24B9FF7-9F6F-4866-A091-224A52B027A0"}],"arrow_up":{"id":"A0AD57EC-E60A-47D1-A24E-D54CB2469798","fromDetail":{"output":{"arrow_keys":{"_0":"up_arrow"}},"display":"arrowtriangle.up.fill","isSFSymbol":true},"keyShape":"arrow_Up","toDetailCollection":{}},"idsInOrderRow5":[],"row4":[{"id":"25328B5A-3C14-4860-93AF-E28BE5CE8726","isSpacer":true,"toDetailCollection":{},"fromDetail":{"display":"A","output":{"letter_keys":{"_0":"a"}}}}],"row6":[],"arrow_left":{"id":"9D707C2E-1B94-46CA-9F15-52872807F71B","toDetailCollection":{},"fromDetail":{"display":"arrowtriangle.left.fill","output":{"arrow_keys":{"_0":"left_arrow"}},"isSFSymbol":true},"keyShape":"arrow_LR"},"idsInOrderRow4":[{"id":"25328B5A-3C14-4860-93AF-E28BE5CE8726"}],"idsInOrderRow3":[{"id":"7CA559A4-05AC-4324-AC0F-C9FB0C56C406"}],"row2":[{"id":"F24B9FF7-9F6F-4866-A091-224A52B027A0","toDetailCollection":{},"fromDetail":{"output":{"mouse_buttons":{"_0":"button3"}},"display":"M click"}},{"fromDetail":{"display":"A","output":{"letter_keys":{"_0":"a"}}},"isSpacer":true,"toDetailCollection":{},"unitSize":0.5,"id":"AE4709DC-B190-4BE4-B7A6-AA722A206E36"}],"enableArrowKeys":false,"arrow_right":{"keyShape":"arrow_LR","id":"064864BD-E80A-445E-B6F8-4B26543BF1FE","fromDetail":{"display":"arrowtriangle.right.fill","output":{"arrow_keys":{"_0":"right_arrow"}},"isSFSymbol":true},"toDetailCollection":{}},"row1":[{"id":"BE8B82C9-4706-4F30-89C8-8FF489252413","fromDetail":{"output":{"mouse_buttons":{"_0":"button2"}},"display":"R click"},"toDetailCollection":{}},{"fromDetail":{"output":{"mouse_buttons":{"_0":"button1"}},"display":"L click"},"id":"2BE2E8DD-46E5-48A1-96F0-53167D9F105B","toDetailCollection":{}}],"idsInOrderRow1":[{"id":"2BE2E8DD-46E5-48A1-96F0-53167D9F105B"},{"id":"BE8B82C9-4706-4F30-89C8-8FF489252413"}],"row5":[],"row3":[{"isSpacer":true,"fromDetail":{"display":"A","output":{"letter_keys":{"_0":"a"}}},"toDetailCollection":{},"id":"7CA559A4-05AC-4324-AC0F-C9FB0C56C406"}],"arrow_down":{"toDetailCollection":{},"fromDetail":{"display":"arrowtriangle.down.fill","isSFSymbol":true,"output":{"arrow_keys":{"_0":"down_arrow"}}},"keyShape":"arrow_Down","id":"C6F2DDF1-D087-4EDC-AAB7-DF1FC0680F82"},"rowIndex_arrow":{"row6":{}}},"subRows":{"arrow_down":{"keyShape":"arrow_Down","toDetailCollection":{},"fromDetail":{"display":"arrowtriangle.down.fill","isSFSymbol":true,"output":{"arrow_keys":{"_0":"down_arrow"}}},"id":"59828D5B-B39A-49F4-8062-12485588F6FE"},"idsInOrderRow3":[{"id":"4352FE4A-AD7E-482C-80D2-B5D8E7571BBD"}],"idsInOrderRow4":[{"id":"268B0D16-0F37-41E8-8761-120F19CAB822"}],"idsInOrderRow1":[{"id":"0D0F9D2C-CCE6-4BB6-A257-94DDD0DFF7DA"}],"idsInOrderRow2":[{"id":"69024542-8577-46FF-A7A6-673689F177E2"}],"enableArrowKeys":false,"idsInOrderRow5":[{"id":"9409BB83-CBD0-4F65-8FEF-67B1B5398BDA"}],"rowIndex_arrow":{"row6":{}},"row5":[{"id":"9409BB83-CBD0-4F65-8FEF-67B1B5398BDA","toDetailCollection":{},"fromDetail":{"display":"A","output":{"letter_keys":{"_0":"a"}}}}],"arrow_right":{"id":"739C5C25-CDD4-4B82-AEE3-E202FAE790AB","toDetailCollection":{},"keyShape":"arrow_LR","fromDetail":{"output":{"arrow_keys":{"_0":"right_arrow"}},"isSFSymbol":true,"display":"arrowtriangle.right.fill"}},"arrow_left":{"id":"21611528-F64B-48AA-BCA2-56990079DC2B","keyShape":"arrow_LR","fromDetail":{"output":{"arrow_keys":{"_0":"left_arrow"}},"display":"arrowtriangle.left.fill","isSFSymbol":true},"toDetailCollection":{}},"row2":[{"id":"69024542-8577-46FF-A7A6-673689F177E2","toDetailCollection":{},"fromDetail":{"output":{"letter_keys":{"_0":"a"}},"display":"A"}}],"row4":[{"id":"268B0D16-0F37-41E8-8761-120F19CAB822","toDetailCollection":{},"fromDetail":{"output":{"letter_keys":{"_0":"a"}},"display":"A"}}],"idsInOrderRow6":[{"id":"F30B954E-1764-43FD-B0BA-69DA860E5E23"}],"row3":[{"toDetailCollection":{},"id":"4352FE4A-AD7E-482C-80D2-B5D8E7571BBD","fromDetail":{"output":{"letter_keys":{"_0":"a"}},"display":"A"}}],"arrow_up":{"fromDetail":{"isSFSymbol":true,"output":{"arrow_keys":{"_0":"up_arrow"}},"display":"arrowtriangle.up.fill"},"toDetailCollection":{},"id":"FAC68AD4-B4FF-43D3-9707-3F533B255BC1","keyShape":"arrow_Up"},"row1":[{"toDetailCollection":{},"id":"0D0F9D2C-CCE6-4BB6-A257-94DDD0DFF7DA","fromDetail":{"output":{"letter_keys":{"_0":"a"}},"display":"A"}}],"row6":[{"fromDetail":{"output":{"letter_keys":{"_0":"a"}},"display":"A"},"toDetailCollection":{},"id":"F30B954E-1764-43FD-B0BA-69DA860E5E23"}]},"isEnableSub":false,"isEnableMain":true,"isEnableTenkey":false,"sectionDetail":{"deviceDetail":{"vendor_id":"vendor_id","is_vendor_id_Enabled":false,"is_product_id_Enabled":false,"device_name":"mouse","is_builtin_keyboard":false,"location_id":"location_id","product_id":"product_id","is_location_id_Enabled":false},"section":{"mouse":{}}}}},"comboCollection":{"condition3":{"layer5":{},"layer7":{},"layer4":{},"layer2":{},"layer8":{},"layer6":{},"layer1":{},"layer0":{},"layer3":{}},"condition4":{"layer5":{},"layer1":{},"layer4":{},"layer2":{},"layer7":{},"layer6":{},"layer0":{},"layer8":{},"layer3":{}},"condition0":{"layer6":{},"layer2":{},"layer0":{},"layer8":{},"layer4":{},"layer5":{},"layer3":{},"layer1":{},"layer7":{}},"condition8":{"layer6":{},"layer5":{},"layer1":{},"layer4":{},"layer8":{},"layer3":{},"layer2":{},"layer0":{},"layer7":{}},"condition2":{"layer5":{},"layer4":{},"layer0":{},"layer2":{},"layer6":{},"layer7":{},"layer8":{},"layer3":{},"layer1":{}},"condition7":{"layer4":{},"layer6":{},"layer7":{},"layer3":{},"layer8":{},"layer5":{},"layer1":{},"layer2":{},"layer0":{}},"condition9":{"layer4":{},"layer2":{},"layer1":{},"layer7":{},"layer8":{},"layer6":{},"layer5":{},"layer3":{},"layer0":{}},"condition6":{"layer7":{},"layer6":{},"layer8":{},"layer4":{},"layer5":{},"layer2":{},"layer3":{},"layer0":{},"layer1":{}},"condition5":{"layer7":{},"layer4":{},"layer5":{},"layer0":{},"layer8":{},"layer2":{},"layer3":{},"layer1":{},"layer6":{}},"condition1":{"layer8":{},"layer5":{},"layer2":{},"layer4":{},"layer7":{},"layer0":{},"layer3":{},"layer1":{},"layer6":{}}},"name":"Workman_US","conditionDetailCollection":{"condition4":{"name":"Condition4","isEnabled":false,"value":"com.vendor.condition4","type":"Application"},"condition1":{"value":"ja","type":"InputSource","isEnabled":false,"name":"Condition1"},"condition2":{"type":"Application","name":"Condition2","value":"com.vendor.condition2","isEnabled":false},"condition7":{"type":"Application","isEnabled":false,"value":"com.vendor.condition7","name":"Condition7"},"condition5":{"value":"com.vendor.condition5","isEnabled":false,"name":"Condition5","type":"Application"},"condition0":{"type":"Application","isEnabled":true,"name":"Default","value":"com.vendor.condition0"},"condition3":{"type":"Application","name":"Condition3","value":"com.vendor.condition3","isEnabled":false},"condition8":{"name":"Condition8","value":"com.vendor.condition8","type":"Application","isEnabled":false},"condition9":{"isEnabled":false,"name":"Condition9","value":"com.vendor.condition9","type":"Application"},"condition6":{"name":"Condition6","isEnabled":false,"value":"com.vendor.condition6","type":"Application"}},"displayKeySize":65,"macroCollection":{"_collection":[],"idsInOrderCollection":[]},"selections":{"tab":{"remap":{}},"macroTab":{"userMacro":{}},"condition":"condition0","customOrMacroTab":{"customizeKey":{}},"keyboardKey":{"toDetailCollection":{},"fromDetail":{"output":{"letter_keys":{"_0":"a"}},"display":"A"},"id":"C562CCCC-D99D-4CF4-874A-6356D7F0D29B"},"layer":"layer0","combo":{"key_up_order":"insensitive","comboThreshold":50,"id":"AE934B3A-8DCA-4ED1-9EDB-2C661D573E37","key_down_order":"insensitive","toDetail":{}},"toDetail_macro":{"outputAndDisplay":{"output":{"letter_keys":{"_0":"a"}},"display":"none","layerKey":"layer0"},"id":"D2AADCA0-DD9D-4E00-8EA0-95A93996B034","error":false,"withModifier":{},"indicator":false},"fromTab":{"qwertyKeyboard":{}},"toTab":"qwertyKeyboard","macro":{"toDetailCollection":{"_collection":[],"idsInOrderCollection":[]},"dictionary_key":null,"name":"user Macro","id":"D477A08C-AA25-4AFC-93F4-E01891F227DD"}}}