{"selections":{"fromTab":{"qwertyKeyboard":{}},"keyboardKey":{"id":"C562CCCC-D99D-4CF4-874A-6356D7F0D29B","fromDetail":{"output":{"letter_keys":{"_0":"a"}},"display":"A"},"toDetailCollection":{}},"condition":"condition0","macroTab":{"userMacro":{}},"macro":{"id":"D477A08C-AA25-4AFC-93F4-E01891F227DD","toDetailCollection":{"_collection":[],"idsInOrderCollection":[]},"dictionary_key":null,"name":"user Macro"},"layer":"layer0","toDetail_macro":{"indicator":false,"id":"D2AADCA0-DD9D-4E00-8EA0-95A93996B034","withModifier":{},"outputAndDisplay":{"output":{"letter_keys":{"_0":"a"}},"display":"none","layerKey":"layer0"},"error":false},"toTab":"qwertyKeyboard","tab":{"remap":{}},"combo":{"toDetail":{},"key_down_order":"insensitive","comboThreshold":50,"key_up_order":"insensitive","id":"AE934B3A-8DCA-4ED1-9EDB-2C661D573E37"},"customOrMacroTab":{"customizeKey":{}}},"macroCollection":{"_collection":[],"idsInOrderCollection":[]},"conditionDetailCollection":{"condition2":{"value":"com.vendor.condition2","name":"Condition2","type":"Application","isEnabled":false},"condition4":{"value":"com.vendor.condition4","isEnabled":false,"name":"Condition4","type":"Application"},"condition6":{"name":"Condition6","value":"com.vendor.condition6","isEnabled":false,"type":"Application"},"condition1":{"isEnabled":false,"value":"ja","type":"InputSource","name":"Condition1"},"condition8":{"isEnabled":false,"type":"Application","name":"Condition8","value":"com.vendor.condition8"},"condition5":{"name":"Condition5","value":"com.vendor.condition5","isEnabled":false,"type":"Application"},"condition0":{"isEnabled":true,"name":"Default","type":"Application","value":"com.vendor.condition0"},"condition7":{"value":"com.vendor.condition7","type":"Application","isEnabled":false,"name":"Condition7"},"condition9":{"type":"Application","name":"Condition9","isEnabled":false,"value":"com.vendor.condition9"},"condition3":{"name":"Condition3","type":"Application","isEnabled":false,"value":"com.vendor.condition3"}},"displayKeySize":65,"comboCollection":{"condition4":{"layer7":{},"layer1":{},"layer3":{},"layer8":{},"layer5":{},"layer4":{},"layer6":{},"layer2":{},"layer0":{}},"condition5":{"layer7":{},"layer3":{},"layer8":{},"layer0":{},"layer2":{},"layer5":{},"layer4":{},"layer1":{},"layer6":{}},"condition8":{"layer3":{},"layer5":{},"layer4":{},"layer2":{},"layer1":{},"layer6":{},"layer7":{},"layer0":{},"layer8":{}},"condition3":{"layer3":{},"layer5":{},"layer4":{},"layer7":{},"layer8":{},"layer6":{},"layer1":{},"layer2":{},"layer0":{}},"condition9":{"layer4":{},"layer2":{},"layer5":{},"layer6":{},"layer8":{},"layer0":{},"layer1":{},"layer3":{},"layer7":{}},"condition0":{"layer6":{},"layer8":{},"layer0":{},"layer7":{},"layer5":{},"layer4":{},"layer1":{},"layer3":{},"layer2":{}},"condition6":{"layer8":{},"layer7":{},"layer5":{},"layer3":{},"layer0":{},"layer2":{},"layer4":{},"layer6":{},"layer1":{}},"condition2":{"layer6":{},"layer8":{},"layer7":{},"layer0":{},"layer3":{},"layer5":{},"layer4":{},"layer2":{},"layer1":{}},"condition1":{"layer3":{},"layer1":{},"layer7":{},"layer6":{},"layer2":{},"layer5":{},"layer4":{},"layer8":{},"layer0":{}},"condition7":{"layer8":{},"layer6":{},"layer1":{},"layer3":{},"layer5":{},"layer0":{},"layer4":{},"layer2":{},"layer7":{}}},"keymap":{"validSections":{"sections":[{"main":{}}]},"keycodeRegion":"JIS","mouse":{"mainRows":{"idsInOrderRow2":[{"id":"8A6721C5-AF93-42C3-8754-369518DF458D"},{"id":"CE7F5FC5-7746-4CA9-ABB6-D7F0766D7B64"}],"row4":[{"isSpacer":true,"id":"908E9268-300A-4741-B89C-2BE08B587E5A","fromDetail":{"display":"A","output":{"letter_keys":{"_0":"a"}}},"toDetailCollection":{}}],"idsInOrderRow5":[],"arrow_right":{"fromDetail":{"output":{"arrow_keys":{"_0":"right_arrow"}},"display":"arrowtriangle.right.fill","isSFSymbol":true},"keyShape":"arrow_LR","toDetailCollection":{},"id":"119E89E8-2DC1-4BEF-AD7A-C01E5123B02E"},"arrow_left":{"id":"DCBCA5F8-E2C0-41BD-A37A-ECE3FE28E28F","keyShape":"arrow_LR","toDetailCollection":{},"fromDetail":{"output":{"arrow_keys":{"_0":"left_arrow"}},"display":"arrowtriangle.left.fill","isSFSymbol":true}},"idsInOrderRow1":[{"id":"5D84A30B-3204-4B0E-A881-DB4FCE840717"},{"id":"36B270D0-0554-4824-A0F3-105C0CF0505D"}],"row2":[{"toDetailCollection":{},"fromDetail":{"display":"M click","output":{"mouse_buttons":{"_0":"button3"}}},"id":"CE7F5FC5-7746-4CA9-ABB6-D7F0766D7B64"},{"isSpacer":true,"unitSize":0.5,"id":"8A6721C5-AF93-42C3-8754-369518DF458D","fromDetail":{"output":{"letter_keys":{"_0":"a"}},"display":"A"},"toDetailCollection":{}}],"idsInOrderRow4":[{"id":"908E9268-300A-4741-B89C-2BE08B587E5A"}],"arrow_up":{"fromDetail":{"display":"arrowtriangle.up.fill","isSFSymbol":true,"output":{"arrow_keys":{"_0":"up_arrow"}}},"id":"7F88186B-89F1-4170-8D0A-8A314D686C95","toDetailCollection":{},"keyShape":"arrow_Up"},"row1":[{"fromDetail":{"output":{"mouse_buttons":{"_0":"button1"}},"display":"L click"},"toDetailCollection":{},"id":"5D84A30B-3204-4B0E-A881-DB4FCE840717"},{"toDetailCollection":{},"fromDetail":{"display":"R click","output":{"mouse_buttons":{"_0":"button2"}}},"id":"36B270D0-0554-4824-A0F3-105C0CF0505D"}],"row6":[],"idsInOrderRow3":[{"id":"774ED7F8-D56E-4C22-8381-2D1CF1B55F7D"}],"idsInOrderRow6":[],"row5":[],"row3":[{"toDetailCollection":{},"id":"774ED7F8-D56E-4C22-8381-2D1CF1B55F7D","fromDetail":{"output":{"letter_keys":{"_0":"a"}},"display":"A"},"isSpacer":true}],"rowIndex_arrow":{"row6":{}},"arrow_down":{"toDetailCollection":{},"id":"E460BCBC-1D57-4E3D-8348-FB98D3C057D0","fromDetail":{"output":{"arrow_keys":{"_0":"down_arrow"}},"isSFSymbol":true,"display":"arrowtriangle.down.fill"},"keyShape":"arrow_Down"},"enableArrowKeys":false},"isEnableSub":false,"subRows":{"idsInOrderRow2":[{"id":"E7D7DCDD-5979-4A10-B085-10F11CBBFE72"}],"idsInOrderRow3":[{"id":"F9DD0651-7FCA-4B4C-8A84-F2D75BFB14B5"}],"arrow_left":{"id":"C2E2DD65-CCD7-4B33-8F31-19E9FE0B4E0F","fromDetail":{"display":"arrowtriangle.left.fill","output":{"arrow_keys":{"_0":"left_arrow"}},"isSFSymbol":true},"keyShape":"arrow_LR","toDetailCollection":{}},"arrow_right":{"toDetailCollection":{},"fromDetail":{"isSFSymbol":true,"output":{"arrow_keys":{"_0":"right_arrow"}},"display":"arrowtriangle.right.fill"},"id":"31D17F5E-443D-4498-B81E-E849E7D45A6E","keyShape":"arrow_LR"},"enableArrowKeys":false,"row4":[{"toDetailCollection":{},"fromDetail":{"output":{"letter_keys":{"_0":"a"}},"display":"A"},"id":"83FA69CE-B416-4611-918A-E8C16A35D18D"}],"row5":[{"id":"D88EF751-AC8A-4675-96AF-22E9419CE646","toDetailCollection":{},"fromDetail":{"display":"A","output":{"letter_keys":{"_0":"a"}}}}],"idsInOrderRow5":[{"id":"D88EF751-AC8A-4675-96AF-22E9419CE646"}],"row1":[{"id":"99987F73-C1F9-4753-BA78-FA6B053F4E64","fromDetail":{"display":"A","output":{"letter_keys":{"_0":"a"}}},"toDetailCollection":{}}],"rowIndex_arrow":{"row6":{}},"idsInOrderRow1":[{"id":"99987F73-C1F9-4753-BA78-FA6B053F4E64"}],"row2":[{"id":"E7D7DCDD-5979-4A10-B085-10F11CBBFE72","fromDetail":{"output":{"letter_keys":{"_0":"a"}},"display":"A"},"toDetailCollection":{}}],"arrow_down":{"id":"C9F10EDF-93FE-4BEA-87BB-3625435DE306","toDetailCollection":{},"keyShape":"arrow_Down","fromDetail":{"display":"arrowtriangle.down.fill","isSFSymbol":true,"output":{"arrow_keys":{"_0":"down_arrow"}}}},"row3":[{"fromDetail":{"output":{"letter_keys":{"_0":"a"}},"display":"A"},"toDetailCollection":{},"id":"F9DD0651-7FCA-4B4C-8A84-F2D75BFB14B5"}],"arrow_up":{"fromDetail":{"isSFSymbol":true,"display":"arrowtriangle.up.fill","output":{"arrow_keys":{"_0":"up_arrow"}}},"id":"4596D8C2-43B8-41BF-B1AB-6010059416C6","toDetailCollection":{},"keyShape":"arrow_Up"},"idsInOrderRow4":[{"id":"83FA69CE-B416-4611-918A-E8C16A35D18D"}],"row6":[{"toDetailCollection":{},"id":"AD9BBC73-31DE-43C9-86D1-A7BC83B56EAF","fromDetail":{"output":{"letter_keys":{"_0":"a"}},"display":"A"}}],"idsInOrderRow6":[{"id":"AD9BBC73-31DE-43C9-86D1-A7BC83B56EAF"}]},"tenkeyRows":{"arrow_left":{"id":"3D529045-8C09-4FAF-B28B-75DC96D7EC9B","fromDetail":{"display":"arrowtriangle.left.fill","output":{"arrow_keys":{"_0":"left_arrow"}},"isSFSymbol":true},"keyShape":"arrow_LR","toDetailCollection":{}},"idsInOrderRow1":[{"id":"60754BB6-574E-4230-8802-B383CCDF863B"}],"arrow_right":{"keyShape":"arrow_LR","id":"2064FF84-2288-4090-8E23-3B241DDD3B85","fromDetail":{"isSFSymbol":true,"output":{"arrow_keys":{"_0":"right_arrow"}},"display":"arrowtriangle.right.fill"},"toDetailCollection":{}},"row6":[{"id":"71147D86-E341-47CB-8029-61BCD4BC1584","fromDetail":{"output":{"letter_keys":{"_0":"a"}},"display":"A"},"toDetailCollection":{}}],"row1":[{"id":"60754BB6-574E-4230-8802-B383CCDF863B","toDetailCollection":{},"fromDetail":{"output":{"letter_keys":{"_0":"a"}},"display":"A"}}],"idsInOrderRow5":[{"id":"E9AE6A58-80E8-4B47-A249-E93922E9E096"}],"arrow_up":{"keyShape":"arrow_Up","id":"3129CBCF-F4D9-4F9D-840A-A2810D686949","toDetailCollection":{},"fromDetail":{"display":"arrowtriangle.up.fill","isSFSymbol":true,"output":{"arrow_keys":{"_0":"up_arrow"}}}},"row2":[{"fromDetail":{"output":{"letter_keys":{"_0":"a"}},"display":"A"},"id":"D5119851-5781-4198-A618-3FE8D0F03833","toDetailCollection":{}}],"arrow_down":{"toDetailCollection":{},"keyShape":"arrow_Down","fromDetail":{"display":"arrowtriangle.down.fill","isSFSymbol":true,"output":{"arrow_keys":{"_0":"down_arrow"}}},"id":"CF2B4153-B603-4F7B-8822-D67708990973"},"rowIndex_arrow":{"row6":{}},"row4":[{"id":"FF92C95A-4678-4C89-BC45-E8FBDDB71426","fromDetail":{"display":"A","output":{"letter_keys":{"_0":"a"}}},"toDetailCollection":{}}],"row5":[{"id":"E9AE6A58-80E8-4B47-A249-E93922E9E096","fromDetail":{"output":{"letter_keys":{"_0":"a"}},"display":"A"},"toDetailCollection":{}}],"idsInOrderRow3":[{"id":"F926A9F4-02D6-4AC2-B0C4-C953DE6BEFF4"}],"idsInOrderRow4":[{"id":"FF92C95A-4678-4C89-BC45-E8FBDDB71426"}],"idsInOrderRow6":[{"id":"71147D86-E341-47CB-8029-61BCD4BC1584"}],"row3":[{"fromDetail":{"output":{"letter_keys":{"_0":"a"}},"display":"A"},"id":"F926A9F4-02D6-4AC2-B0C4-C953DE6BEFF4","toDetailCollection":{}}],"enableArrowKeys":false,"idsInOrderRow2":[{"id":"D5119851-5781-4198-A618-3FE8D0F03833"}]},"sectionDetail":{"deviceDetail":{"product_id":"product_id","device_name":"mouse","is_product_id_Enabled":false,"vendor_id":"vendor_id","is_vendor_id_Enabled":false,"is_builtin_keyboard":false,"location_id":"location_id","is_location_id_Enabled":false},"section":{"mouse":{}}},"isEnableTenkey":false,"isEnableMain":true},"main":{"mainRows":{"idsInOrderRow3":[{"id":"379820A9-F2D6-4F7C-8477-FA96A00FE1DB"},{"id":"52A78198-296F-43B6-9C76-0D212C173E21"},{"id":"CBBB3FD4-EEE0-47A9-9DC8-F901BF7FDA41"},{"id":"A6D77EBE-E89A-4CB4-8B5A-C635614708A3"},{"id":"96E1BE04-B303-4FF5-86EC-43DE0151C939"},{"id":"2F5EAFCA-DEB9-4A1D-993F-82F996883CC7"},{"id":"BCC88E14-2F0D-42CB-958E-40A94E33F583"},{"id":"14902C3F-BB39-4DB6-B2BA-F6E5DE3F1AF9"},{"id":"3145B2B3-DFFC-499C-A089-531B356BD346"},{"id":"17EC5083-0ABA-45F9-8FFD-7FCE430BCE6A"},{"id":"EF11C590-4699-4784-889A-2825F3E29C0A"},{"id":"7DD1B41C-99FD-4A49-AF93-956BC9E625F4"},{"id":"DDCE5613-6043-47B9-AFE1-83C46413E4BC"},{"id":"AAA6E600-5F0C-4F0A-9041-1EE8D8CC7686"}],"row6":[{"unitSize":1.25,"fromDetail":{"display":"command","isSFSymbol":true,"output":{"modifier_keys":{"_0":"right_command"}}},"toDetailCollection":{},"id":"BE75570D-5703-44DB-A3C8-8F1110590EA0"},{"fromDetail":{"display":"capslock","isSFSymbol":true,"output":{"modifier_keys":{"_0":"caps_lock"}}},"toDetailCollection":{},"id":"A963BBBA-A429-4E43-9947-12C94396DF90"},{"fromDetail":{"display":"globe","isSFSymbol":true,"output":{"modifier_keys":{"_0":"keyboard_fn"}}},"id":"BF5FD81A-DF1B-45F6-A509-851E63574CAD","toDetailCollection":{}},{"id":"0B1EBD10-BC4C-47B5-9EE0-10E2D671F0DB","toDetailCollection":{},"fromDetail":{"output":{"modifier_keys":{"_0":"left_option"}},"display":"option","isSFSymbol":true}},{"unitSize":1.25,"toDetailCollection":{},"fromDetail":{"display":"command","isSFSymbol":true,"output":{"modifier_keys":{"_0":"left_command"}}},"id":"DD8B6A31-7C60-4359-8B27-CEBF86DFEE8D"},{"fromDetail":{"output":{"japanese":{"_0":"eisuu"}},"display":"英数"},"id":"316373CD-5C82-4824-BFC4-F4687C8E30AF","toDetailCollection":{},"unitSize":1.25},{"id":"0A4C48B3-4CA3-4337-A791-00A97862AAB6","fromDetail":{"display":"␣","output":{"controls_and_symbols":{"_0":"spacebar"}}},"unitSize":3.5,"toDetailCollection":{}},{"unitSize":1.25,"fromDetail":{"output":{"japanese":{"_0":"kana"}},"display":"かな"},"toDetailCollection":{},"id":"2D77983B-2D8A-4795-9999-5358053283AB"}],"idsInOrderRow5":[{"id":"0D9AD5E3-4DB0-415F-83B6-F73C27430051"},{"id":"DB1DB53C-D412-4C39-BAA4-66439ACD1657"},{"id":"8B51363E-3ADD-4593-8C51-4DA19E9FBEFC"},{"id":"39EF143B-C1E8-4350-B74F-A5E5A0579052"},{"id":"5FD8DACE-2F7B-4D57-86A6-2DB092FB5C59"},{"id":"EA4CC7BA-5555-43B1-A636-2E9AE9138001"},{"id":"E1650954-9C35-4A08-8E33-970ACDBE4EF5"},{"id":"642316C0-478D-4E4E-861E-572A240203BF"},{"id":"D720DDEA-4680-474E-8965-6650CE47BB6E"},{"id":"BB86442E-3802-4F8B-A7BC-189885F50F09"},{"id":"BFDDC068-781D-4801-AA44-9EFE83C0A0E2"},{"id":"4AD4E31F-A644-46E9-A4F5-B265EC99DD7A"},{"id":"D3C63CA9-D89D-475D-9368-9BACAB77258D"}],"idsInOrderRow6":[{"id":"A963BBBA-A429-4E43-9947-12C94396DF90"},{"id":"0B1EBD10-BC4C-47B5-9EE0-10E2D671F0DB"},{"id":"DD8B6A31-7C60-4359-8B27-CEBF86DFEE8D"},{"id":"316373CD-5C82-4824-BFC4-F4687C8E30AF"},{"id":"0A4C48B3-4CA3-4337-A791-00A97862AAB6"},{"id":"2D77983B-2D8A-4795-9999-5358053283AB"},{"id":"BE75570D-5703-44DB-A3C8-8F1110590EA0"},{"id":"BF5FD81A-DF1B-45F6-A509-851E63574CAD"}],"row1":[{"id":"38E4B36A-6A5E-4E78-865A-A92A205426AA","toDetailCollection":{},"unitSize":1.5,"fromDetail":{"display":"escape","isSFSymbol":true,"output":{"controls_and_symbols":{"_0":"escape"}}}},{"fromDetail":{"display":"F1","output":{"function_keys":{"_0":"f1"}}},"toDetailCollection":{},"id":"F347EF91-5623-450D-8A3D-14124845597A"},{"id":"167182BE-1F52-4C22-9FBE-85CDE8522540","fromDetail":{"display":"F2","output":{"function_keys":{"_0":"f2"}}},"toDetailCollection":{}},{"toDetailCollection":{},"fromDetail":{"output":{"function_keys":{"_0":"f3"}},"display":"F3"},"id":"1ECDCDA5-B0E3-4142-B0FC-0003C64C2BDF"},{"id":"1CB34835-5D32-4560-90A6-70306025E1D8","toDetailCollection":{},"fromDetail":{"output":{"function_keys":{"_0":"f4"}},"display":"F4"}},{"toDetailCollection":{},"fromDetail":{"display":"F5","output":{"function_keys":{"_0":"f5"}}},"id":"DA2250A2-2D12-46BF-BBC5-E23F32074637"},{"id":"53D9A709-F2CA-414E-9C44-FC566CAF81EE","fromDetail":{"output":{"function_keys":{"_0":"f6"}},"display":"F6"},"toDetailCollection":{}},{"id":"5EE8BA36-BDB6-418D-AD05-0D058AD1861E","fromDetail":{"output":{"function_keys":{"_0":"f7"}},"display":"F7"},"toDetailCollection":{}},{"toDetailCollection":{},"id":"C3A4E1EB-15A0-4396-9616-2FE370177208","fromDetail":{"output":{"function_keys":{"_0":"f8"}},"display":"F8"}},{"fromDetail":{"display":"F9","output":{"function_keys":{"_0":"f9"}}},"id":"0C6FFDE2-D832-4252-A553-9E59108A3BC5","toDetailCollection":{}},{"id":"98FB5E6D-3FA7-4699-8032-729F34AF2882","toDetailCollection":{},"fromDetail":{"display":"F10","output":{"function_keys":{"_0":"f10"}}}},{"id":"3B7EBFD1-132E-4B6E-87BB-2E4DF97525F1","fromDetail":{"display":"F11","output":{"function_keys":{"_0":"f11"}}},"toDetailCollection":{}},{"fromDetail":{"output":{"function_keys":{"_0":"f12"}},"display":"F12"},"toDetailCollection":{},"id":"8F6EA7CE-A775-4F2F-8281-86C6F16F7EB7"}],"arrow_right":{"toDetailCollection":{},"fromDetail":{"isSFSymbol":true,"output":{"arrow_keys":{"_0":"right_arrow"}},"display":"arrowtriangle.right.fill"},"id":"E69AD8AA-A0A2-4385-B438-4CD1DF050BCE","keyShape":"arrow_LR"},"row4":[{"fromDetail":{"display":"]","output":{"controls_and_symbols":{"_0":"close_square_bracket_jis"}}},"toDetailCollection":{},"id":"519AD2AB-E993-4378-83D8-E3FC260DE2BF"},{"toDetailCollection":{"condition0":{"layer0":{"isCustomized_tap":true,"withModifier_tap":{},"outputAndDisplay_tap":{"display":"I","layerKey":"layer0","output":{"letter_keys":{"_0":"i"}}}}}},"fromDetail":{"display":";","output":{"controls_and_symbols":{"_0":"semicolon"}}},"id":"9AFAE5B4-5C8B-4EEC-8A0D-324EF8E7ECE5"},{"id":"6BE45DBF-57E7-410E-97C2-5B4F56003649","fromDetail":{"output":{"letter_keys":{"_0":"k"}},"display":"K"},"toDetailCollection":{"condition0":{"layer0":{"isCustomized_tap":true,"outputAndDisplay_tap":{"output":{"letter_keys":{"_0":"e"}},"display":"E","layerKey":"layer0"},"withModifier_tap":{}}}}},{"id":"0AFF85E4-C0C3-45F2-9948-2D7C7802EC6D","fromDetail":{"display":"H","output":{"letter_keys":{"_0":"h"}}},"toDetailCollection":{"condition0":{"layer0":{"isCustomized_tap":true,"outputAndDisplay_tap":{"layerKey":"layer0","output":{"letter_keys":{"_0":"y"}},"display":"Y"},"withModifier_tap":{}}}}},{"fromDetail":{"output":{"letter_keys":{"_0":"f"}},"display":"F"},"toDetailCollection":{"condition0":{"layer0":{"isCustomized_tap":true,"outputAndDisplay_tap":{"layerKey":"layer0","output":{"letter_keys":{"_0":"t"}},"display":"T"},"withModifier_tap":{}}}},"id":"4AC68B46-12CE-48F1-89D1-2D8F3A93CC5F"},{"unitSize":1.25,"id":"671D0860-1EAC-48C5-AD79-82ED00675198","toDetailCollection":{},"fromDetail":{"isSFSymbol":true,"output":{"modifier_keys":{"_0":"left_control"}},"display":"control"}},{"fromDetail":{"output":{"controls_and_symbols":{"_0":"single_quotation_or_colon"}},"display":":"},"id":"61C3DCB6-4C49-42D3-A919-C7875886CF84","toDetailCollection":{}},{"toDetailCollection":{"condition0":{"layer0":{"withModifier_tap":{},"isCustomized_tap":true,"outputAndDisplay_tap":{"display":"O","output":{"letter_keys":{"_0":"o"}},"layerKey":"layer0"}}}},"id":"B92A1158-9320-4BBB-8A9A-1A47999BAA17","fromDetail":{"output":{"letter_keys":{"_0":"l"}},"display":"L"}},{"fromDetail":{"display":"J","output":{"letter_keys":{"_0":"j"}}},"toDetailCollection":{"condition0":{"layer0":{"isCustomized_tap":true,"outputAndDisplay_tap":{"output":{"letter_keys":{"_0":"n"}},"display":"N","layerKey":"layer0"},"withModifier_tap":{}}}},"id":"385E3A9A-E620-4066-AD24-4891139EADC9"},{"id":"7F0CD95F-E087-4F9F-9E01-7C18B0C97479","toDetailCollection":{"condition0":{"layer0":{"isCustomized_tap":true,"withModifier_tap":{},"outputAndDisplay_tap":{"layerKey":"layer0","output":{"letter_keys":{"_0":"g"}},"display":"G"}}}},"fromDetail":{"output":{"letter_keys":{"_0":"g"}},"display":"G"}},{"fromDetail":{"output":{"letter_keys":{"_0":"a"}},"display":"A"},"id":"EBE214FA-1A8B-405F-B679-74EBEE605603","toDetailCollection":{}},{"fromDetail":{"output":{"letter_keys":{"_0":"s"}},"display":"S"},"toDetailCollection":{},"id":"87D5FF73-DA13-40C8-8672-762C6A49E75F"},{"id":"D1BBE7DB-1682-4832-8E97-387D46B84373","toDetailCollection":{"condition0":{"layer0":{"isCustomized_tap":true,"withModifier_tap":{},"outputAndDisplay_tap":{"display":"H","layerKey":"layer0","output":{"letter_keys":{"_0":"h"}}}}}},"fromDetail":{"display":"D","output":{"letter_keys":{"_0":"d"}}}}],"enableArrowKeys":true,"arrow_down":{"keyShape":"arrow_Down","toDetailCollection":{},"id":"13F1D3BA-4F38-4288-9F81-269F295DB479","fromDetail":{"display":"arrowtriangle.down.fill","isSFSymbol":true,"output":{"arrow_keys":{"_0":"down_arrow"}}}},"arrow_up":{"keyShape":"arrow_Up","fromDetail":{"display":"arrowtriangle.up.fill","output":{"arrow_keys":{"_0":"up_arrow"}},"isSFSymbol":true},"id":"95039100-D6CF-416B-929C-0C6596D4D5AC","toDetailCollection":{}},"idsInOrderRow1":[{"id":"38E4B36A-6A5E-4E78-865A-A92A205426AA"},{"id":"F347EF91-5623-450D-8A3D-14124845597A"},{"id":"167182BE-1F52-4C22-9FBE-85CDE8522540"},{"id":"1ECDCDA5-B0E3-4142-B0FC-0003C64C2BDF"},{"id":"1CB34835-5D32-4560-90A6-70306025E1D8"},{"id":"DA2250A2-2D12-46BF-BBC5-E23F32074637"},{"id":"53D9A709-F2CA-414E-9C44-FC566CAF81EE"},{"id":"5EE8BA36-BDB6-418D-AD05-0D058AD1861E"},{"id":"C3A4E1EB-15A0-4396-9616-2FE370177208"},{"id":"0C6FFDE2-D832-4252-A553-9E59108A3BC5"},{"id":"98FB5E6D-3FA7-4699-8032-729F34AF2882"},{"id":"3B7EBFD1-132E-4B6E-87BB-2E4DF97525F1"},{"id":"8F6EA7CE-A775-4F2F-8281-86C6F16F7EB7"}],"row3":[{"toDetailCollection":{"condition0":{"layer0":{"withModifier_tap":{},"isCustomized_tap":true,"outputAndDisplay_tap":{"output":{"letter_keys":{"_0":"r"}},"display":"R","layerKey":"layer0"}}}},"id":"A6D77EBE-E89A-4CB4-8B5A-C635614708A3","fromDetail":{"display":"E","output":{"letter_keys":{"_0":"e"}}}},{"toDetailCollection":{},"fromDetail":{"display":"arrow.right.to.line","isSFSymbol":true,"output":{"controls_and_symbols":{"_0":"tab"}}},"id":"379820A9-F2D6-4F7C-8477-FA96A00FE1DB"},{"toDetailCollection":{"condition0":{"layer0":{"outputAndDisplay_tap":{"display":"D","output":{"letter_keys":{"_0":"d"}},"layerKey":"layer0"},"withModifier_tap":{},"isCustomized_tap":true}}},"id":"CBBB3FD4-EEE0-47A9-9DC8-F901BF7FDA41","fromDetail":{"output":{"letter_keys":{"_0":"w"}},"display":"W"}},{"toDetailCollection":{},"fromDetail":{"output":{"controls_and_symbols":{"_0":"open_square_bracket_jis"}},"display":"["},"id":"DDCE5613-6043-47B9-AFE1-83C46413E4BC"},{"fromDetail":{"output":{"letter_keys":{"_0":"p"}},"display":"P"},"toDetailCollection":{"condition0":{"layer0":{"isCustomized_tap":true,"withModifier_tap":{},"outputAndDisplay_tap":{"layerKey":"layer0","output":{"controls_and_symbols":{"_0":"semicolon"}},"display":";"}}}},"id":"EF11C590-4699-4784-889A-2825F3E29C0A"},{"id":"3145B2B3-DFFC-499C-A089-531B356BD346","fromDetail":{"output":{"letter_keys":{"_0":"i"}},"display":"I"},"toDetailCollection":{"condition0":{"layer0":{"outputAndDisplay_tap":{"layerKey":"layer0","output":{"letter_keys":{"_0":"u"}},"display":"U"},"isCustomized_tap":true,"withModifier_tap":{}}}}},{"id":"BCC88E14-2F0D-42CB-958E-40A94E33F583","fromDetail":{"output":{"letter_keys":{"_0":"y"}},"display":"Y"},"toDetailCollection":{"condition0":{"layer0":{"withModifier_tap":{},"outputAndDisplay_tap":{"display":"J","layerKey":"layer0","output":{"letter_keys":{"_0":"j"}}},"isCustomized_tap":true}}}},{"fromDetail":{"output":{"letter_keys":{"_0":"r"}},"display":"R"},"toDetailCollection":{"condition0":{"layer0":{"withModifier_tap":{},"outputAndDisplay_tap":{"output":{"letter_keys":{"_0":"w"}},"layerKey":"layer0","display":"W"},"isCustomized_tap":true}}},"id":"96E1BE04-B303-4FF5-86EC-43DE0151C939"},{"toDetailCollection":{},"fromDetail":{"output":{"letter_keys":{"_0":"q"}},"display":"Q"},"id":"52A78198-296F-43B6-9C76-0D212C173E21"},{"unitSize":1.5,"id":"AAA6E600-5F0C-4F0A-9041-1EE8D8CC7686","fromDetail":{"output":{"controls_and_symbols":{"_0":"return_or_enter"}},"display":"return","isSFSymbol":true},"toDetailCollection":{},"keyShape":"enter_JIS"},{"fromDetail":{"display":"@","output":{"controls_and_symbols":{"_0":"commercial_at_jis"}}},"id":"7DD1B41C-99FD-4A49-AF93-956BC9E625F4","toDetailCollection":{}},{"fromDetail":{"display":"O","output":{"letter_keys":{"_0":"o"}}},"toDetailCollection":{"condition0":{"layer0":{"withModifier_tap":{},"outputAndDisplay_tap":{"output":{"letter_keys":{"_0":"p"}},"display":"P","layerKey":"layer0"},"isCustomized_tap":true}}},"id":"17EC5083-0ABA-45F9-8FFD-7FCE430BCE6A"},{"id":"14902C3F-BB39-4DB6-B2BA-F6E5DE3F1AF9","fromDetail":{"display":"U","output":{"letter_keys":{"_0":"u"}}},"toDetailCollection":{"condition0":{"layer0":{"isCustomized_tap":true,"withModifier_tap":{},"outputAndDisplay_tap":{"output":{"letter_keys":{"_0":"f"}},"layerKey":"layer0","display":"F"}}}}},{"toDetailCollection":{"condition0":{"layer0":{"withModifier_tap":{},"outputAndDisplay_tap":{"display":"B","output":{"letter_keys":{"_0":"b"}},"layerKey":"layer0"},"isCustomized_tap":true}}},"fromDetail":{"output":{"letter_keys":{"_0":"t"}},"display":"T"},"id":"2F5EAFCA-DEB9-4A1D-993F-82F996883CC7"}],"rowIndex_arrow":{"row6":{}},"arrow_left":{"id":"BDFC8D8E-D18E-4A54-B8B0-6D78C8BC32EE","fromDetail":{"output":{"arrow_keys":{"_0":"left_arrow"}},"display":"arrowtriangle.left.fill","isSFSymbol":true},"keyShape":"arrow_LR","toDetailCollection":{}},"row2":[{"unitSize":1.25,"fromDetail":{"output":{"controls_and_symbols":{"_0":"delete_or_backspace"}},"isSFSymbol":true,"display":"delete.left"},"toDetailCollection":{},"id":"E213981B-D2D1-4694-B9A4-0EEB9C5AEFB6"},{"fromDetail":{"output":{"controls_and_symbols":{"_0":"equal_sign_or_caret"}},"display":"^"},"id":"C70D4003-807F-4B91-8EC2-CEBE5C633614","toDetailCollection":{}},{"id":"699850FD-4850-4F46-96B2-E1E4763E3258","fromDetail":{"display":"0","output":{"number_keys":{"_0":"zero"}}},"toDetailCollection":{}},{"fromDetail":{"display":"8","output":{"number_keys":{"_0":"eight"}}},"toDetailCollection":{},"id":"8A1BD036-689E-44BF-987D-0FC7F8C67C53"},{"id":"961A9610-8256-4CF5-AF38-1580CC3169DF","toDetailCollection":{},"fromDetail":{"display":"6","output":{"number_keys":{"_0":"six"}}}},{"id":"268D9400-DFF7-4FDA-8186-623778DBA9C9","fromDetail":{"display":"3","output":{"number_keys":{"_0":"three"}}},"toDetailCollection":{}},{"id":"4B1FF672-D9C5-4B0C-A47B-29F464AF7392","unitSize":1.25,"fromDetail":{"output":{"number_keys":{"_0":"one"}},"display":"1"},"toDetailCollection":{}},{"toDetailCollection":{},"fromDetail":{"output":{"international_keys":{"_0":"international3"}},"display":"\\"},"id":"AD25CE6A-5C2D-410F-A849-D0B29B08FE15"},{"toDetailCollection":{},"id":"B5AC547E-01E4-4244-9C9F-57C17B2BDEB0","fromDetail":{"display":"-","output":{"controls_and_symbols":{"_0":"hyphen"}}}},{"id":"6FE0005B-528E-499F-B6A9-854E8CEFFC0B","fromDetail":{"display":"9","output":{"number_keys":{"_0":"nine"}}},"toDetailCollection":{}},{"id":"5D9B5983-8A2B-4E06-B9A9-D75BA65AAC58","fromDetail":{"display":"7","output":{"number_keys":{"_0":"seven"}}},"toDetailCollection":{}},{"fromDetail":{"display":"4","output":{"number_keys":{"_0":"four"}}},"id":"D7E0F44E-F361-4C84-8446-3DE180EA1ABA","toDetailCollection":{}},{"fromDetail":{"display":"2","output":{"number_keys":{"_0":"two"}}},"id":"F137D8B8-9142-4C5B-9A37-5038BEF4F8B3","toDetailCollection":{}},{"id":"6D3EBEB3-5AE1-4393-89C7-018EB2BB5AEE","fromDetail":{"display":"5","output":{"number_keys":{"_0":"five"}}},"toDetailCollection":{}}],"row5":[{"id":"DB1DB53C-D412-4C39-BAA4-66439ACD1657","fromDetail":{"output":{"letter_keys":{"_0":"z"}},"display":"Z"},"toDetailCollection":{}},{"toDetailCollection":{"condition0":{"layer0":{"outputAndDisplay_tap":{"output":{"letter_keys":{"_0":"k"}},"layerKey":"layer0","display":"K"},"withModifier_tap":{},"isCustomized_tap":true}}},"id":"E1650954-9C35-4A08-8E33-970ACDBE4EF5","fromDetail":{"display":"N","output":{"letter_keys":{"_0":"n"}}}},{"toDetailCollection":{},"id":"D720DDEA-4680-474E-8965-6650CE47BB6E","fromDetail":{"display":",","output":{"controls_and_symbols":{"_0":"comma"}}}},{"toDetailCollection":{"condition0":{"layer0":{"isCustomized_tap":true,"withModifier_tap":{},"outputAndDisplay_tap":{"display":"L","output":{"letter_keys":{"_0":"l"}},"layerKey":"layer0"}}}},"fromDetail":{"output":{"letter_keys":{"_0":"m"}},"display":"M"},"id":"642316C0-478D-4E4E-861E-572A240203BF"},{"id":"5FD8DACE-2F7B-4D57-86A6-2DB092FB5C59","fromDetail":{"output":{"letter_keys":{"_0":"v"}},"display":"V"},"toDetailCollection":{"condition0":{"layer0":{"isCustomized_tap":true,"outputAndDisplay_tap":{"layerKey":"layer0","output":{"letter_keys":{"_0":"c"}},"display":"C"},"withModifier_tap":{}}}}},{"id":"BB86442E-3802-4F8B-A7BC-189885F50F09","toDetailCollection":{},"fromDetail":{"display":".","output":{"controls_and_symbols":{"_0":"period"}}}},{"toDetailCollection":{},"unitSize":1.75,"id":"0D9AD5E3-4DB0-415F-83B6-F73C27430051","fromDetail":{"output":{"modifier_keys":{"_0":"left_shift"}},"display":"shift","isSFSymbol":true}},{"toDetailCollection":{},"id":"4AD4E31F-A644-46E9-A4F5-B265EC99DD7A","fromDetail":{"output":{"international_keys":{"_0":"international1"}},"display":"_"}},{"id":"8B51363E-3ADD-4593-8C51-4DA19E9FBEFC","fromDetail":{"output":{"letter_keys":{"_0":"x"}},"display":"X"},"toDetailCollection":{}},{"unitSize":1.75,"id":"D3C63CA9-D89D-475D-9368-9BACAB77258D","fromDetail":{"isSFSymbol":true,"display":"shift","output":{"modifier_keys":{"_0":"right_shift"}}},"toDetailCollection":{}},{"id":"BFDDC068-781D-4801-AA44-9EFE83C0A0E2","fromDetail":{"output":{"controls_and_symbols":{"_0":"slash"}},"display":"\/"},"toDetailCollection":{}},{"toDetailCollection":{"condition0":{"layer0":{"withModifier_tap":{},"isCustomized_tap":true,"outputAndDisplay_tap":{"display":"V","layerKey":"layer0","output":{"letter_keys":{"_0":"v"}}}}}},"fromDetail":{"output":{"letter_keys":{"_0":"b"}},"display":"B"},"id":"EA4CC7BA-5555-43B1-A636-2E9AE9138001"},{"id":"39EF143B-C1E8-4350-B74F-A5E5A0579052","toDetailCollection":{"condition0":{"layer0":{"isCustomized_tap":true,"outputAndDisplay_tap":{"display":"M","layerKey":"layer0","output":{"letter_keys":{"_0":"m"}}},"withModifier_tap":{}}}},"fromDetail":{"display":"C","output":{"letter_keys":{"_0":"c"}}}}],"idsInOrderRow2":[{"id":"4B1FF672-D9C5-4B0C-A47B-29F464AF7392"},{"id":"F137D8B8-9142-4C5B-9A37-5038BEF4F8B3"},{"id":"268D9400-DFF7-4FDA-8186-623778DBA9C9"},{"id":"D7E0F44E-F361-4C84-8446-3DE180EA1ABA"},{"id":"6D3EBEB3-5AE1-4393-89C7-018EB2BB5AEE"},{"id":"961A9610-8256-4CF5-AF38-1580CC3169DF"},{"id":"5D9B5983-8A2B-4E06-B9A9-D75BA65AAC58"},{"id":"8A1BD036-689E-44BF-987D-0FC7F8C67C53"},{"id":"6FE0005B-528E-499F-B6A9-854E8CEFFC0B"},{"id":"699850FD-4850-4F46-96B2-E1E4763E3258"},{"id":"B5AC547E-01E4-4244-9C9F-57C17B2BDEB0"},{"id":"C70D4003-807F-4B91-8EC2-CEBE5C633614"},{"id":"AD25CE6A-5C2D-410F-A849-D0B29B08FE15"},{"id":"E213981B-D2D1-4694-B9A4-0EEB9C5AEFB6"}],"idsInOrderRow4":[{"id":"671D0860-1EAC-48C5-AD79-82ED00675198"},{"id":"EBE214FA-1A8B-405F-B679-74EBEE605603"},{"id":"87D5FF73-DA13-40C8-8672-762C6A49E75F"},{"id":"D1BBE7DB-1682-4832-8E97-387D46B84373"},{"id":"4AC68B46-12CE-48F1-89D1-2D8F3A93CC5F"},{"id":"7F0CD95F-E087-4F9F-9E01-7C18B0C97479"},{"id":"0AFF85E4-C0C3-45F2-9948-2D7C7802EC6D"},{"id":"385E3A9A-E620-4066-AD24-4891139EADC9"},{"id":"6BE45DBF-57E7-410E-97C2-5B4F56003649"},{"id":"B92A1158-9320-4BBB-8A9A-1A47999BAA17"},{"id":"9AFAE5B4-5C8B-4EEC-8A0D-324EF8E7ECE5"},{"id":"61C3DCB6-4C49-42D3-A919-C7875886CF84"},{"id":"519AD2AB-E993-4378-83D8-E3FC260DE2BF"}]},"isEnableMain":true,"tenkeyRows":{"arrow_down":{"toDetailCollection":{},"id":"78A24491-70CF-42A1-AA4C-BCD9C29EED8D","keyShape":"arrow_Down","fromDetail":{"display":"arrowtriangle.down.fill","isSFSymbol":true,"output":{"arrow_keys":{"_0":"down_arrow"}}}},"enableArrowKeys":false,"idsInOrderRow2":[{"id":"83521959-A847-4F2F-9067-F0CEF9930473"},{"id":"3EC8D039-3F0A-4B02-B8EB-1A8D1522702F"},{"id":"54ABF0CA-ACE3-47AD-A15A-77585FD55DBD"},{"id":"086F6985-F54A-4A6B-8453-09B06ACDDD85"}],"idsInOrderRow3":[{"id":"BCC8D42D-5019-4EF0-958F-037F39D063AC"},{"id":"1BA36C46-2EC2-45A8-A9E9-0304DE0D6F65"},{"id":"896E02E5-5EEE-4EA0-B544-296ED28B003F"},{"id":"A6037654-E915-4068-9F64-F857A8D7825A"}],"row2":[{"id":"086F6985-F54A-4A6B-8453-09B06ACDDD85","fromDetail":{"display":"*","output":{"keypad_keys":{"_0":"keypad_asterisk"}}},"toDetailCollection":{}},{"id":"54ABF0CA-ACE3-47AD-A15A-77585FD55DBD","toDetailCollection":{},"fromDetail":{"display":"\/","output":{"keypad_keys":{"_0":"keypad_slash"}}}},{"fromDetail":{"output":{"keypad_keys":{"_0":"keypad_equal_sign"}},"display":"="},"toDetailCollection":{},"id":"3EC8D039-3F0A-4B02-B8EB-1A8D1522702F"},{"toDetailCollection":{},"id":"83521959-A847-4F2F-9067-F0CEF9930473","fromDetail":{"output":{"others":{"_0":"clear"}},"display":"clear"}}],"row6":[{"id":"57AB6E25-9F10-450F-A6A5-99776320E23B","fromDetail":{"output":{"keypad_keys":{"_0":"keypad_0"}},"display":"0"},"toDetailCollection":{}},{"toDetailCollection":{},"id":"C1F0BD7A-45DA-4E15-887B-475690854DFE","fromDetail":{"output":{"keypad_keys":{"_0":"keypad_period"}},"display":"."}},{"id":"05697823-D2AE-41BE-A378-6CCE8158CC2F","fromDetail":{"display":",","output":{"keypad_keys":{"_0":"keypad_comma"}}},"toDetailCollection":{}}],"arrow_right":{"id":"4F61C682-633C-41FF-B714-49886FB4323D","keyShape":"arrow_LR","fromDetail":{"isSFSymbol":true,"output":{"arrow_keys":{"_0":"right_arrow"}},"display":"arrowtriangle.right.fill"},"toDetailCollection":{}},"idsInOrderRow4":[{"id":"7D41FE6E-A5E2-4D50-804D-863C5552B1BF"},{"id":"865A6079-5C71-4B02-9BB1-97107E214B37"},{"id":"EEBA4A56-553B-490A-868B-5685BED4DE84"},{"id":"A618C187-B348-473E-BFDF-6C277C3B01DB"}],"row4":[{"toDetailCollection":{},"fromDetail":{"display":"+","output":{"keypad_keys":{"_0":"keypad_plus"}}},"id":"A618C187-B348-473E-BFDF-6C277C3B01DB"},{"id":"EEBA4A56-553B-490A-868B-5685BED4DE84","toDetailCollection":{},"fromDetail":{"output":{"keypad_keys":{"_0":"keypad_6"}},"display":"6"}},{"fromDetail":{"display":"5","output":{"keypad_keys":{"_0":"keypad_5"}}},"toDetailCollection":{},"id":"865A6079-5C71-4B02-9BB1-97107E214B37"},{"toDetailCollection":{},"id":"7D41FE6E-A5E2-4D50-804D-863C5552B1BF","fromDetail":{"output":{"keypad_keys":{"_0":"keypad_4"}},"display":"4"}}],"idsInOrderRow1":[{"id":"4D74564E-52A6-4CE0-AC58-74C468E71AC6"},{"id":"2DDFEA4B-FB57-457B-B9ED-EECA3526E366"},{"id":"A29D0D78-C656-426A-B90C-569A5FE1EFFD"},{"id":"96C3497D-EA21-468E-A293-1026DAC318F2"}],"rowIndex_arrow":{"row6":{}},"idsInOrderRow6":[{"id":"57AB6E25-9F10-450F-A6A5-99776320E23B"},{"id":"05697823-D2AE-41BE-A378-6CCE8158CC2F"},{"id":"C1F0BD7A-45DA-4E15-887B-475690854DFE"}],"row5":[{"toDetailCollection":{},"id":"72F023B4-6F7C-48B3-AF84-E28EB342852A","fromDetail":{"output":{"keypad_keys":{"_0":"keypad_3"}},"display":"3"}},{"fromDetail":{"display":"1","output":{"keypad_keys":{"_0":"keypad_1"}}},"toDetailCollection":{},"id":"64210D25-4F9C-4E00-8C09-430D51D1357B"},{"fromDetail":{"output":{"keypad_keys":{"_0":"keypad_2"}},"display":"2"},"toDetailCollection":{},"id":"538F3A3F-79BE-4288-808E-B03B9EF705F5"},{"keyShape":"enter_Tenkey","id":"C32EC89E-0B9A-48EB-ADF1-4B4855419046","fromDetail":{"output":{"keypad_keys":{"_0":"keypad_enter"}},"isSFSymbol":true,"display":"projective"},"toDetailCollection":{}}],"arrow_left":{"keyShape":"arrow_LR","id":"88E7FCFD-EE6B-48B4-99FB-6E476336D805","toDetailCollection":{},"fromDetail":{"output":{"arrow_keys":{"_0":"left_arrow"}},"display":"arrowtriangle.left.fill","isSFSymbol":true}},"arrow_up":{"keyShape":"arrow_Up","id":"9859903A-2ABF-461D-8A78-4EAC5A2E3BA3","toDetailCollection":{},"fromDetail":{"isSFSymbol":true,"display":"arrowtriangle.up.fill","output":{"arrow_keys":{"_0":"up_arrow"}}}},"row1":[{"id":"A29D0D78-C656-426A-B90C-569A5FE1EFFD","toDetailCollection":{},"fromDetail":{"display":"F18","output":{"function_keys":{"_0":"f18"}}}},{"id":"4D74564E-52A6-4CE0-AC58-74C468E71AC6","toDetailCollection":{},"fromDetail":{"output":{"function_keys":{"_0":"f16"}},"display":"F16"}},{"fromDetail":{"display":"F17","output":{"function_keys":{"_0":"f17"}}},"id":"2DDFEA4B-FB57-457B-B9ED-EECA3526E366","toDetailCollection":{}},{"toDetailCollection":{},"fromDetail":{"output":{"function_keys":{"_0":"f19"}},"display":"F19"},"id":"96C3497D-EA21-468E-A293-1026DAC318F2"}],"row3":[{"toDetailCollection":{},"fromDetail":{"output":{"keypad_keys":{"_0":"keypad_9"}},"display":"9"},"id":"896E02E5-5EEE-4EA0-B544-296ED28B003F"},{"id":"A6037654-E915-4068-9F64-F857A8D7825A","fromDetail":{"output":{"keypad_keys":{"_0":"keypad_hyphen"}},"display":"-"},"toDetailCollection":{}},{"toDetailCollection":{},"id":"1BA36C46-2EC2-45A8-A9E9-0304DE0D6F65","fromDetail":{"output":{"keypad_keys":{"_0":"keypad_8"}},"display":"8"}},{"toDetailCollection":{},"fromDetail":{"display":"7","output":{"keypad_keys":{"_0":"keypad_7"}}},"id":"BCC8D42D-5019-4EF0-958F-037F39D063AC"}],"idsInOrderRow5":[{"id":"64210D25-4F9C-4E00-8C09-430D51D1357B"},{"id":"538F3A3F-79BE-4288-808E-B03B9EF705F5"},{"id":"72F023B4-6F7C-48B3-AF84-E28EB342852A"},{"id":"C32EC89E-0B9A-48EB-ADF1-4B4855419046"}]},"isEnableSub":false,"sectionDetail":{"deviceDetail":{"product_id":"product_id","is_product_id_Enabled":false,"is_vendor_id_Enabled":false,"is_location_id_Enabled":false,"location_id":"location_id","is_builtin_keyboard":false,"device_name":"mainKeyboard","vendor_id":"vendor_id"},"section":{"main":{}}},"subRows":{"arrow_right":{"id":"309DD51C-9D91-48E9-9740-6D3283A97ED6","keyShape":"arrow_LR","toDetailCollection":{},"fromDetail":{"display":"arrowtriangle.right.fill","output":{"arrow_keys":{"_0":"right_arrow"}},"isSFSymbol":true}},"idsInOrderRow4":[],"enableArrowKeys":false,"idsInOrderRow6":[{"id":"091C5313-A179-469C-AD5B-62FE79E73F80"},{"id":"D82B0E52-129B-4062-A837-4784EE0EFB5D"},{"id":"B737A252-EA6E-487E-87D6-883A226F30EF"}],"row5":[{"isSpacer":true,"toDetailCollection":{},"fromDetail":{"output":{"letter_keys":{"_0":"a"}},"display":"A"},"id":"3C3E2B2E-7074-43A8-B021-C0136A821ACB"},{"id":"33BCAC9A-2368-4A64-8C6A-0D13E887E32E","fromDetail":{"isSFSymbol":true,"output":{"arrow_keys":{"_0":"up_arrow"}},"display":"arrowtriangle.up.fill"},"toDetailCollection":{}}],"row1":[{"toDetailCollection":{},"id":"543CE870-EE9F-48AD-86BF-9C9FC918295E","fromDetail":{"output":{"function_keys":{"_0":"f13"}},"display":"F13"}},{"toDetailCollection":{},"fromDetail":{"output":{"function_keys":{"_0":"f15"}},"display":"F15"},"id":"C58F27BE-9834-4BB9-8608-94B87CBCFBB2"},{"id":"BC992C77-FCB8-4A3C-A60A-8BDFC701514F","fromDetail":{"display":"F14","output":{"function_keys":{"_0":"f14"}}},"toDetailCollection":{}}],"arrow_left":{"fromDetail":{"display":"arrowtriangle.left.fill","output":{"arrow_keys":{"_0":"left_arrow"}},"isSFSymbol":true},"keyShape":"arrow_LR","toDetailCollection":{},"id":"0A8A047A-5D07-45CD-ACAF-1D0FFACCB085"},"arrow_up":{"toDetailCollection":{},"fromDetail":{"isSFSymbol":true,"output":{"arrow_keys":{"_0":"up_arrow"}},"display":"arrowtriangle.up.fill"},"id":"AACD4E80-9851-41B1-9F3E-E2CC6F5F02CA","keyShape":"arrow_Up"},"idsInOrderRow1":[{"id":"543CE870-EE9F-48AD-86BF-9C9FC918295E"},{"id":"BC992C77-FCB8-4A3C-A60A-8BDFC701514F"},{"id":"C58F27BE-9834-4BB9-8608-94B87CBCFBB2"}],"row6":[{"id":"B737A252-EA6E-487E-87D6-883A226F30EF","fromDetail":{"display":"arrowtriangle.right.fill","output":{"arrow_keys":{"_0":"right_arrow"}},"isSFSymbol":true},"toDetailCollection":{}},{"toDetailCollection":{},"id":"D82B0E52-129B-4062-A837-4784EE0EFB5D","fromDetail":{"isSFSymbol":true,"output":{"arrow_keys":{"_0":"down_arrow"}},"display":"arrowtriangle.down.fill"}},{"fromDetail":{"display":"arrowtriangle.left.fill","isSFSymbol":true,"output":{"arrow_keys":{"_0":"left_arrow"}}},"toDetailCollection":{},"id":"091C5313-A179-469C-AD5B-62FE79E73F80"}],"row3":[{"fromDetail":{"output":{"arrow_keys":{"_0":"end"}},"display":"arrow.down.to.line","isSFSymbol":true},"toDetailCollection":{},"id":"8C4C3DDF-949D-4185-9D86-25AC82C0579A"},{"id":"30BC4E56-7F5B-42EF-9418-24BF8BD8A182","toDetailCollection":{},"fromDetail":{"output":{"arrow_keys":{"_0":"page_down"}},"isSFSymbol":true,"display":"arrow.down"}},{"toDetailCollection":{},"id":"146490CC-A344-4FD9-B4F7-1BADE09EC9DA","fromDetail":{"display":"delete.right","isSFSymbol":true,"output":{"controls_and_symbols":{"_0":"delete_forward"}}}}],"row4":[],"rowIndex_arrow":{"row6":{}},"idsInOrderRow3":[{"id":"146490CC-A344-4FD9-B4F7-1BADE09EC9DA"},{"id":"8C4C3DDF-949D-4185-9D86-25AC82C0579A"},{"id":"30BC4E56-7F5B-42EF-9418-24BF8BD8A182"}],"arrow_down":{"fromDetail":{"output":{"arrow_keys":{"_0":"down_arrow"}},"display":"arrowtriangle.down.fill","isSFSymbol":true},"toDetailCollection":{},"keyShape":"arrow_Down","id":"BF53625D-FA75-48B6-942B-12FEEF5E2B52"},"row2":[{"toDetailCollection":{},"id":"3DEEFB49-C278-41DB-BB1D-536EFF293577","fromDetail":{"display":"arrow.up.to.line","isSFSymbol":true,"output":{"arrow_keys":{"_0":"home"}}}},{"fromDetail":{"output":{"arrow_keys":{"_0":"page_up"}},"display":"arrow.up","isSFSymbol":true},"toDetailCollection":{},"id":"B594DB54-9443-4D9D-B6E6-D5EF02A828F3"},{"toDetailCollection":{},"id":"D0FD737E-95F1-46C6-B3AF-C139A8B3EF4A","fromDetail":{"output":{"keys_in_pc_keyboards":{"_0":"insert"}},"display":"text.insert","isSFSymbol":true}}],"idsInOrderRow2":[{"id":"D0FD737E-95F1-46C6-B3AF-C139A8B3EF4A"},{"id":"3DEEFB49-C278-41DB-BB1D-536EFF293577"},{"id":"B594DB54-9443-4D9D-B6E6-D5EF02A828F3"}],"idsInOrderRow5":[{"id":"3C3E2B2E-7074-43A8-B021-C0136A821ACB"},{"id":"33BCAC9A-2368-4A64-8C6A-0D13E887E32E"}]},"isEnableTenkey":false},"other":{"tenkeyRows":{"arrow_up":{"fromDetail":{"output":{"arrow_keys":{"_0":"up_arrow"}},"isSFSymbol":true,"display":"arrowtriangle.up.fill"},"toDetailCollection":{},"keyShape":"arrow_Up","id":"9B2CEE92-3160-4F43-8EE2-80D357CAAD38"},"arrow_down":{"toDetailCollection":{},"fromDetail":{"output":{"arrow_keys":{"_0":"down_arrow"}},"display":"arrowtriangle.down.fill","isSFSymbol":true},"keyShape":"arrow_Down","id":"D980C016-86A7-4C7F-83FB-D0C0272DFC00"},"arrow_right":{"toDetailCollection":{},"id":"19155903-1B06-47CA-A320-7C505B758B30","keyShape":"arrow_LR","fromDetail":{"isSFSymbol":true,"display":"arrowtriangle.right.fill","output":{"arrow_keys":{"_0":"right_arrow"}}}},"row4":[{"id":"940C3878-67D3-4E12-887C-82FF01BB5E2D","toDetailCollection":{},"fromDetail":{"output":{"keypad_keys":{"_0":"keypad_6"}},"display":"6"}},{"toDetailCollection":{},"id":"92AEC724-A0FE-46F8-AD94-F2841FC577BB","fromDetail":{"output":{"keypad_keys":{"_0":"keypad_plus"}},"display":"+"}},{"id":"864A01FA-F582-4ABE-8A9E-9FB33A0D73A2","toDetailCollection":{},"fromDetail":{"output":{"keypad_keys":{"_0":"keypad_5"}},"display":"5"}},{"toDetailCollection":{},"id":"71912360-CB40-49A6-85B8-1E5D3C64A91B","fromDetail":{"display":"4","output":{"keypad_keys":{"_0":"keypad_4"}}}}],"row3":[{"id":"FC90F5AC-CC19-4464-B3B4-0EF7B783B508","toDetailCollection":{},"fromDetail":{"display":"-","output":{"keypad_keys":{"_0":"keypad_hyphen"}}}},{"id":"461BE82D-964E-4F2F-9CA1-07CBCC058149","fromDetail":{"output":{"keypad_keys":{"_0":"keypad_9"}},"display":"9"},"toDetailCollection":{}},{"fromDetail":{"output":{"keypad_keys":{"_0":"keypad_8"}},"display":"8"},"id":"EF195503-1BA7-4693-AF73-A96931982E5E","toDetailCollection":{}},{"id":"19034CD5-C4C2-4146-9FDF-29E6F1BFD247","fromDetail":{"output":{"keypad_keys":{"_0":"keypad_7"}},"display":"7"},"toDetailCollection":{}}],"idsInOrderRow1":[{"id":"C64C8E3B-A0DA-4CC8-9626-A4DED3E34FB6"},{"id":"C6A89D24-EC44-40C8-B804-1F9FE52C9307"},{"id":"F8D06275-E56C-45AD-929D-68C474B29EBE"},{"id":"33690FC0-03E4-4793-8978-14986856184D"}],"idsInOrderRow4":[{"id":"71912360-CB40-49A6-85B8-1E5D3C64A91B"},{"id":"864A01FA-F582-4ABE-8A9E-9FB33A0D73A2"},{"id":"940C3878-67D3-4E12-887C-82FF01BB5E2D"},{"id":"92AEC724-A0FE-46F8-AD94-F2841FC577BB"}],"idsInOrderRow3":[{"id":"19034CD5-C4C2-4146-9FDF-29E6F1BFD247"},{"id":"EF195503-1BA7-4693-AF73-A96931982E5E"},{"id":"461BE82D-964E-4F2F-9CA1-07CBCC058149"},{"id":"FC90F5AC-CC19-4464-B3B4-0EF7B783B508"}],"row1":[{"fromDetail":{"display":"F19","output":{"function_keys":{"_0":"f19"}}},"id":"33690FC0-03E4-4793-8978-14986856184D","toDetailCollection":{}},{"fromDetail":{"display":"F18","output":{"function_keys":{"_0":"f18"}}},"toDetailCollection":{},"id":"F8D06275-E56C-45AD-929D-68C474B29EBE"},{"id":"C6A89D24-EC44-40C8-B804-1F9FE52C9307","fromDetail":{"output":{"function_keys":{"_0":"f17"}},"display":"F17"},"toDetailCollection":{}},{"id":"C64C8E3B-A0DA-4CC8-9626-A4DED3E34FB6","fromDetail":{"display":"F16","output":{"function_keys":{"_0":"f16"}}},"toDetailCollection":{}}],"row5":[{"keyShape":"enter_Tenkey","toDetailCollection":{},"id":"CBE3CDD4-90CE-4400-BB20-C8D9C0F1964E","fromDetail":{"isSFSymbol":true,"display":"projective","output":{"keypad_keys":{"_0":"keypad_enter"}}}},{"fromDetail":{"display":"3","output":{"keypad_keys":{"_0":"keypad_3"}}},"toDetailCollection":{},"id":"3C79018E-39A7-42F0-8A95-DF40E28C3659"},{"fromDetail":{"output":{"keypad_keys":{"_0":"keypad_2"}},"display":"2"},"toDetailCollection":{},"id":"D98C7BA2-1606-4866-9C4D-E670AC34D841"},{"toDetailCollection":{},"id":"CB764169-7E6A-4D4C-9000-A324E7A1F70E","fromDetail":{"display":"1","output":{"keypad_keys":{"_0":"keypad_1"}}}}],"idsInOrderRow6":[{"id":"6F2C983A-B0A5-444C-93C1-AC4AFE2B55A0"},{"id":"A112668D-875B-44F2-A232-C8E7DDA718C2"},{"id":"37D56465-1A89-44A4-B910-8F2392B38B5F"}],"idsInOrderRow2":[{"id":"DF879F9C-62F5-486C-933E-CA1343D10662"},{"id":"AAFD5768-7832-40E0-8B3A-D00AFFA86C65"},{"id":"610C0DFD-E3CA-4FD9-A6DC-D4E976931B40"},{"id":"4A088DD7-146D-4B02-A58B-E32669A58420"}],"enableArrowKeys":false,"arrow_left":{"keyShape":"arrow_LR","id":"2A1AB74A-999F-4E27-9986-2FDAB8BB469D","toDetailCollection":{},"fromDetail":{"display":"arrowtriangle.left.fill","isSFSymbol":true,"output":{"arrow_keys":{"_0":"left_arrow"}}}},"row2":[{"toDetailCollection":{},"fromDetail":{"display":"*","output":{"keypad_keys":{"_0":"keypad_asterisk"}}},"id":"4A088DD7-146D-4B02-A58B-E32669A58420"},{"fromDetail":{"output":{"keypad_keys":{"_0":"keypad_slash"}},"display":"\/"},"toDetailCollection":{},"id":"610C0DFD-E3CA-4FD9-A6DC-D4E976931B40"},{"fromDetail":{"output":{"keypad_keys":{"_0":"keypad_equal_sign"}},"display":"="},"id":"AAFD5768-7832-40E0-8B3A-D00AFFA86C65","toDetailCollection":{}},{"toDetailCollection":{},"fromDetail":{"output":{"others":{"_0":"clear"}},"display":"clear"},"id":"DF879F9C-62F5-486C-933E-CA1343D10662"}],"row6":[{"fromDetail":{"display":".","output":{"keypad_keys":{"_0":"keypad_period"}}},"toDetailCollection":{},"id":"37D56465-1A89-44A4-B910-8F2392B38B5F"},{"toDetailCollection":{},"fromDetail":{"output":{"keypad_keys":{"_0":"keypad_comma"}},"display":","},"id":"A112668D-875B-44F2-A232-C8E7DDA718C2"},{"toDetailCollection":{},"fromDetail":{"output":{"keypad_keys":{"_0":"keypad_0"}},"display":"0"},"id":"6F2C983A-B0A5-444C-93C1-AC4AFE2B55A0"}],"idsInOrderRow5":[{"id":"CB764169-7E6A-4D4C-9000-A324E7A1F70E"},{"id":"D98C7BA2-1606-4866-9C4D-E670AC34D841"},{"id":"3C79018E-39A7-42F0-8A95-DF40E28C3659"},{"id":"CBE3CDD4-90CE-4400-BB20-C8D9C0F1964E"}],"rowIndex_arrow":{"row6":{}}},"subRows":{"arrow_up":{"keyShape":"arrow_Up","id":"48CF178C-BD64-4898-9E12-88B0E7605FF5","toDetailCollection":{},"fromDetail":{"output":{"arrow_keys":{"_0":"up_arrow"}},"display":"arrowtriangle.up.fill","isSFSymbol":true}},"arrow_down":{"fromDetail":{"display":"arrowtriangle.down.fill","output":{"arrow_keys":{"_0":"down_arrow"}},"isSFSymbol":true},"id":"7713185B-28A2-4F72-AD05-75D730A0E2A5","keyShape":"arrow_Down","toDetailCollection":{}},"idsInOrderRow2":[{"id":"B2B43AFE-5C66-4802-920D-8A3DD88DD7E6"},{"id":"B8AE5A49-83FA-4DE1-BFAA-591BF6B4C17B"},{"id":"62C9C10B-9C79-41E2-8A9C-CF3762AD1872"}],"idsInOrderRow1":[{"id":"4DF2ED44-EBCD-4213-A222-C46820EA112A"},{"id":"90516682-E144-45F4-BFFD-F015D9F230EA"},{"id":"C1598E26-C7FE-4563-A882-9C24B635BC7B"}],"idsInOrderRow3":[{"id":"8AD36437-A4F7-424C-BDAC-E3573E7459ED"},{"id":"1D76A299-0799-47AA-9EBB-1D0D684DD7C4"},{"id":"8C09A81A-5F60-4D91-8F3D-4DFD7D3D02A8"}],"idsInOrderRow4":[],"row2":[{"toDetailCollection":{},"id":"B2B43AFE-5C66-4802-920D-8A3DD88DD7E6","fromDetail":{"isSFSymbol":true,"output":{"keys_in_pc_keyboards":{"_0":"insert"}},"display":"text.insert"}},{"id":"B8AE5A49-83FA-4DE1-BFAA-591BF6B4C17B","fromDetail":{"isSFSymbol":true,"display":"arrow.up.to.line","output":{"arrow_keys":{"_0":"home"}}},"toDetailCollection":{}},{"toDetailCollection":{},"id":"62C9C10B-9C79-41E2-8A9C-CF3762AD1872","fromDetail":{"output":{"arrow_keys":{"_0":"page_up"}},"display":"arrow.up","isSFSymbol":true}}],"arrow_right":{"id":"2742CCC1-E895-4312-B920-CF616E700FEA","keyShape":"arrow_LR","toDetailCollection":{},"fromDetail":{"isSFSymbol":true,"display":"arrowtriangle.right.fill","output":{"arrow_keys":{"_0":"right_arrow"}}}},"idsInOrderRow5":[{"id":"3A784853-B58B-4C90-B23A-FA3C86D931A2"},{"id":"FE25F041-33A8-4126-A022-7661F029EBDC"}],"row1":[{"toDetailCollection":{},"id":"C1598E26-C7FE-4563-A882-9C24B635BC7B","fromDetail":{"output":{"function_keys":{"_0":"f15"}},"display":"F15"}},{"toDetailCollection":{},"id":"90516682-E144-45F4-BFFD-F015D9F230EA","fromDetail":{"output":{"function_keys":{"_0":"f14"}},"display":"F14"}},{"toDetailCollection":{},"id":"4DF2ED44-EBCD-4213-A222-C46820EA112A","fromDetail":{"output":{"function_keys":{"_0":"f13"}},"display":"F13"}}],"row5":[{"fromDetail":{"output":{"letter_keys":{"_0":"a"}},"display":"A"},"toDetailCollection":{},"isSpacer":true,"id":"3A784853-B58B-4C90-B23A-FA3C86D931A2"},{"id":"FE25F041-33A8-4126-A022-7661F029EBDC","toDetailCollection":{},"fromDetail":{"display":"arrowtriangle.up.fill","output":{"arrow_keys":{"_0":"up_arrow"}},"isSFSymbol":true}}],"row3":[{"fromDetail":{"output":{"arrow_keys":{"_0":"page_down"}},"display":"arrow.down","isSFSymbol":true},"id":"8C09A81A-5F60-4D91-8F3D-4DFD7D3D02A8","toDetailCollection":{}},{"fromDetail":{"output":{"controls_and_symbols":{"_0":"delete_forward"}},"display":"delete.right","isSFSymbol":true},"toDetailCollection":{},"id":"8AD36437-A4F7-424C-BDAC-E3573E7459ED"},{"fromDetail":{"output":{"arrow_keys":{"_0":"end"}},"isSFSymbol":true,"display":"arrow.down.to.line"},"toDetailCollection":{},"id":"1D76A299-0799-47AA-9EBB-1D0D684DD7C4"}],"row6":[{"fromDetail":{"output":{"arrow_keys":{"_0":"down_arrow"}},"display":"arrowtriangle.down.fill","isSFSymbol":true},"id":"2C310A3E-3267-4036-BEE7-8AAC0269F58D","toDetailCollection":{}},{"id":"E83C151F-1D2E-4511-A851-347C322E8660","fromDetail":{"output":{"arrow_keys":{"_0":"left_arrow"}},"display":"arrowtriangle.left.fill","isSFSymbol":true},"toDetailCollection":{}},{"fromDetail":{"output":{"arrow_keys":{"_0":"right_arrow"}},"display":"arrowtriangle.right.fill","isSFSymbol":true},"id":"C2E86FBD-DB7D-4179-8173-82D58CE99328","toDetailCollection":{}}],"row4":[],"arrow_left":{"keyShape":"arrow_LR","id":"D726455C-67DF-4586-AAF2-A931C3DEFCEB","toDetailCollection":{},"fromDetail":{"isSFSymbol":true,"output":{"arrow_keys":{"_0":"left_arrow"}},"display":"arrowtriangle.left.fill"}},"idsInOrderRow6":[{"id":"E83C151F-1D2E-4511-A851-347C322E8660"},{"id":"2C310A3E-3267-4036-BEE7-8AAC0269F58D"},{"id":"C2E86FBD-DB7D-4179-8173-82D58CE99328"}],"enableArrowKeys":false,"rowIndex_arrow":{"row6":{}}},"isEnableTenkey":false,"mainRows":{"row1":[{"fromDetail":{"output":{"function_keys":{"_0":"f16"}},"display":"F16"},"toDetailCollection":{},"id":"F9803A78-A01D-4358-8AF6-4DB3CB48D720"},{"toDetailCollection":{},"id":"054CCA86-5C5E-43F8-AB92-717C87D879D5","fromDetail":{"output":{"function_keys":{"_0":"f18"}},"display":"F18"}},{"toDetailCollection":{},"fromDetail":{"display":"F19","output":{"function_keys":{"_0":"f19"}}},"id":"81FC6ECD-3300-491F-B1EC-19AA59481BF8"},{"toDetailCollection":{},"id":"50175251-B90B-47C7-9384-2F41653B23E5","fromDetail":{"output":{"function_keys":{"_0":"f17"}},"display":"F17"}}],"row3":[{"id":"05D23518-71DE-4804-AA40-6CA8A3DCAEC6","fromDetail":{"output":{"keypad_keys":{"_0":"keypad_9"}},"display":"9"},"toDetailCollection":{}},{"fromDetail":{"display":"7","output":{"keypad_keys":{"_0":"keypad_7"}}},"toDetailCollection":{},"id":"33312AA5-5F55-4951-B796-8FDF2C248810"},{"toDetailCollection":{},"fromDetail":{"display":"8","output":{"keypad_keys":{"_0":"keypad_8"}}},"id":"DEB53E0B-B27B-408C-917E-036B552D069E"},{"id":"EB851F91-B62F-40AC-B30C-9B49D9B9C830","fromDetail":{"output":{"keypad_keys":{"_0":"keypad_hyphen"}},"display":"-"},"toDetailCollection":{}}],"rowIndex_arrow":{"row6":{}},"arrow_left":{"id":"0975D3CD-9850-4279-8E8F-36D6BA5A83F1","toDetailCollection":{},"keyShape":"arrow_LR","fromDetail":{"output":{"arrow_keys":{"_0":"left_arrow"}},"display":"arrowtriangle.left.fill","isSFSymbol":true}},"idsInOrderRow2":[{"id":"683BF08B-1984-4A13-8147-3B02DE458C38"},{"id":"574A50ED-3940-4A3B-9C12-7AD4EE37C642"},{"id":"CC606641-EC35-4AFB-9947-D1210D1D017E"},{"id":"7ECF9190-1345-41BB-B632-D6F0CEAC752C"}],"arrow_down":{"keyShape":"arrow_Down","fromDetail":{"output":{"arrow_keys":{"_0":"down_arrow"}},"display":"arrowtriangle.down.fill","isSFSymbol":true},"id":"424F9E78-8EAD-474F-A795-1365C36F7C51","toDetailCollection":{}},"row4":[{"fromDetail":{"output":{"keypad_keys":{"_0":"keypad_6"}},"display":"6"},"id":"20CB66D0-BFF9-423B-8BF4-496D23956EF1","toDetailCollection":{}},{"id":"F5F7E957-3256-4EF3-89C6-AAC2690264CB","fromDetail":{"output":{"keypad_keys":{"_0":"keypad_5"}},"display":"5"},"toDetailCollection":{}},{"toDetailCollection":{},"fromDetail":{"display":"4","output":{"keypad_keys":{"_0":"keypad_4"}}},"id":"C90441E2-BC7D-4004-91E3-34CB9AABB707"},{"toDetailCollection":{},"fromDetail":{"output":{"keypad_keys":{"_0":"keypad_plus"}},"display":"+"},"id":"33818552-4D7C-4672-BF5D-55019A2B40CA"}],"row2":[{"toDetailCollection":{},"fromDetail":{"output":{"others":{"_0":"clear"}},"display":"clear"},"id":"683BF08B-1984-4A13-8147-3B02DE458C38"},{"id":"574A50ED-3940-4A3B-9C12-7AD4EE37C642","fromDetail":{"output":{"keypad_keys":{"_0":"keypad_equal_sign"}},"display":"="},"toDetailCollection":{}},{"toDetailCollection":{},"id":"CC606641-EC35-4AFB-9947-D1210D1D017E","fromDetail":{"output":{"keypad_keys":{"_0":"keypad_slash"}},"display":"\/"}},{"toDetailCollection":{},"fromDetail":{"display":"*","output":{"keypad_keys":{"_0":"keypad_asterisk"}}},"id":"7ECF9190-1345-41BB-B632-D6F0CEAC752C"}],"arrow_up":{"keyShape":"arrow_Up","fromDetail":{"output":{"arrow_keys":{"_0":"up_arrow"}},"display":"arrowtriangle.up.fill","isSFSymbol":true},"id":"73EF8212-B7BD-4457-A10C-56F44ACADC99","toDetailCollection":{}},"arrow_right":{"toDetailCollection":{},"keyShape":"arrow_LR","fromDetail":{"isSFSymbol":true,"output":{"arrow_keys":{"_0":"right_arrow"}},"display":"arrowtriangle.right.fill"},"id":"BB24FF22-4FFC-4890-8F06-23DF7376DB67"},"enableArrowKeys":false,"idsInOrderRow5":[{"id":"CFD80809-1A6E-48C9-8B79-1F2F1D53F735"},{"id":"76ECB243-D50A-465F-B98E-F11A9B909BB4"},{"id":"908B7DA3-BD2D-4B08-8321-29BFD27B5EAB"},{"id":"E16EB316-FF81-4FE2-909D-F0C374728888"}],"idsInOrderRow1":[{"id":"F9803A78-A01D-4358-8AF6-4DB3CB48D720"},{"id":"50175251-B90B-47C7-9384-2F41653B23E5"},{"id":"054CCA86-5C5E-43F8-AB92-717C87D879D5"},{"id":"81FC6ECD-3300-491F-B1EC-19AA59481BF8"}],"idsInOrderRow4":[{"id":"C90441E2-BC7D-4004-91E3-34CB9AABB707"},{"id":"F5F7E957-3256-4EF3-89C6-AAC2690264CB"},{"id":"20CB66D0-BFF9-423B-8BF4-496D23956EF1"},{"id":"33818552-4D7C-4672-BF5D-55019A2B40CA"}],"idsInOrderRow6":[{"id":"FD6F4C72-E3F8-4B8A-B10D-EE1BB0F6F6DD"},{"id":"A1701123-7322-4040-9636-1B00F74EB677"},{"id":"D268101A-7F00-4B09-A2FA-ADC3C3CABDA9"}],"idsInOrderRow3":[{"id":"33312AA5-5F55-4951-B796-8FDF2C248810"},{"id":"DEB53E0B-B27B-408C-917E-036B552D069E"},{"id":"05D23518-71DE-4804-AA40-6CA8A3DCAEC6"},{"id":"EB851F91-B62F-40AC-B30C-9B49D9B9C830"}],"row6":[{"fromDetail":{"output":{"keypad_keys":{"_0":"keypad_comma"}},"display":","},"toDetailCollection":{},"id":"A1701123-7322-4040-9636-1B00F74EB677"},{"fromDetail":{"output":{"keypad_keys":{"_0":"keypad_0"}},"display":"0"},"id":"FD6F4C72-E3F8-4B8A-B10D-EE1BB0F6F6DD","toDetailCollection":{}},{"id":"D268101A-7F00-4B09-A2FA-ADC3C3CABDA9","fromDetail":{"output":{"keypad_keys":{"_0":"keypad_period"}},"display":"."},"toDetailCollection":{}}],"row5":[{"fromDetail":{"output":{"keypad_keys":{"_0":"keypad_2"}},"display":"2"},"toDetailCollection":{},"id":"76ECB243-D50A-465F-B98E-F11A9B909BB4"},{"keyShape":"enter_Tenkey","id":"E16EB316-FF81-4FE2-909D-F0C374728888","toDetailCollection":{},"fromDetail":{"display":"projective","output":{"keypad_keys":{"_0":"keypad_enter"}},"isSFSymbol":true}},{"fromDetail":{"display":"1","output":{"keypad_keys":{"_0":"keypad_1"}}},"id":"CFD80809-1A6E-48C9-8B79-1F2F1D53F735","toDetailCollection":{}},{"fromDetail":{"display":"3","output":{"keypad_keys":{"_0":"keypad_3"}}},"toDetailCollection":{},"id":"908B7DA3-BD2D-4B08-8321-29BFD27B5EAB"}]},"isEnableSub":false,"isEnableMain":true,"sectionDetail":{"section":{"other":{}},"deviceDetail":{"product_id":"product_id","is_product_id_Enabled":false,"device_name":"otherDevice","vendor_id":"vendor_id","location_id":"location_id","is_vendor_id_Enabled":false,"is_location_id_Enabled":false,"is_builtin_keyboard":false}}}},"name":"Workman_JIS"}