{"comboCollection":{"condition0":{"layer2":{},"layer6":{},"layer8":{},"layer1":{},"layer3":{},"layer4":{},"layer5":{},"layer0":{},"layer7":{}},"condition3":{"layer4":{},"layer6":{},"layer2":{},"layer1":{},"layer3":{},"layer5":{},"layer7":{},"layer8":{},"layer0":{}},"condition2":{"layer1":{},"layer6":{},"layer3":{},"layer8":{},"layer4":{},"layer0":{},"layer2":{},"layer7":{},"layer5":{}},"condition1":{"layer3":{},"layer8":{},"layer6":{},"layer0":{},"layer1":{},"layer5":{},"layer2":{},"layer7":{},"layer4":{}},"condition8":{"layer3":{},"layer2":{},"layer1":{},"layer7":{},"layer8":{},"layer0":{},"layer6":{},"layer4":{},"layer5":{}},"condition9":{"layer8":{},"layer5":{},"layer1":{},"layer7":{},"layer2":{},"layer4":{},"layer6":{},"layer0":{},"layer3":{}},"condition5":{"layer3":{},"layer2":{},"layer6":{},"layer0":{},"layer1":{},"layer8":{},"layer5":{},"layer7":{},"layer4":{}},"condition6":{"layer1":{},"layer7":{},"layer4":{},"layer3":{},"layer2":{},"layer6":{},"layer8":{},"layer5":{},"layer0":{}},"condition4":{"layer7":{},"layer3":{},"layer5":{},"layer2":{},"layer4":{},"layer1":{},"layer8":{},"layer6":{},"layer0":{}},"condition7":{"layer3":{},"layer6":{},"layer7":{},"layer5":{},"layer4":{},"layer0":{},"layer2":{},"layer1":{},"layer8":{}}},"conditionDetailCollection":{"condition2":{"value":"com.vendor.condition2","isEnabled":false,"name":"Condition2","type":"Application"},"condition3":{"type":"Application","isEnabled":false,"name":"Condition3","value":"com.vendor.condition3"},"condition8":{"value":"com.vendor.condition8","isEnabled":false,"name":"Condition8","type":"Application"},"condition9":{"type":"Application","name":"Condition9","value":"com.vendor.condition9","isEnabled":false},"condition1":{"value":"ja","isEnabled":false,"name":"Condition1","type":"InputSource"},"condition5":{"value":"com.vendor.condition5","isEnabled":false,"type":"Application","name":"Condition5"},"condition6":{"type":"Application","value":"com.vendor.condition6","isEnabled":false,"name":"Condition6"},"condition0":{"type":"Application","value":"com.vendor.condition0","name":"Default","isEnabled":true},"condition4":{"value":"com.vendor.condition4","isEnabled":false,"type":"Application","name":"Condition4"},"condition7":{"type":"Application","isEnabled":false,"value":"com.vendor.condition7","name":"Condition7"}},"displayKeySize":65,"macroCollection":{"_collection":[],"idsInOrderCollection":[]},"keymap":{"main":{"mainRows":{"row5":[{"toDetailCollection":{"condition0":{"layer0":{"outputAndDisplay_tap":{"display":"V","output":{"letter_keys":{"_0":"v"}},"layerKey":"layer0"},"isCustomized_tap":true,"withModifier_tap":{}}}},"fromDetail":{"display":"\/","output":{"controls_and_symbols":{"_0":"slash"}}},"id":"240C5C7A-824D-48A2-9CC8-5256BE64FDD8"},{"fromDetail":{"display":",","output":{"controls_and_symbols":{"_0":"comma"}}},"id":"B79C7B28-0527-4CCE-90AD-114AEC86A944","toDetailCollection":{"condition0":{"layer0":{"outputAndDisplay_tap":{"layerKey":"layer0","display":"F","output":{"letter_keys":{"_0":"f"}}},"withModifier_tap":{},"isCustomized_tap":true}}}},{"toDetailCollection":{"condition0":{"layer0":{"isCustomized_tap":true,"outputAndDisplay_tap":{"output":{"letter_keys":{"_0":"m"}},"layerKey":"layer0","display":"M"},"withModifier_tap":{}}}},"id":"34FC0A0A-B8AD-4275-9CFF-0ABFC269EB30","fromDetail":{"output":{"letter_keys":{"_0":"n"}},"display":"N"}},{"toDetailCollection":{"condition0":{"layer0":{"isCustomized_tap":true,"outputAndDisplay_tap":{"output":{"letter_keys":{"_0":"c"}},"layerKey":"layer0","display":"C"},"withModifier_tap":{}}}},"id":"0C59C68A-B0AF-44C3-B0A2-F6D8F5501087","fromDetail":{"output":{"letter_keys":{"_0":"v"}},"display":"V"}},{"id":"F8F41BFD-E9DC-489F-9B6C-B837A761FEE5","toDetailCollection":{},"fromDetail":{"output":{"letter_keys":{"_0":"x"}},"display":"X"}},{"unitSize":1.75,"fromDetail":{"isSFSymbol":true,"output":{"modifier_keys":{"_0":"left_shift"}},"display":"shift"},"toDetailCollection":{},"id":"353E2D2E-1E38-4554-9440-ABF0EBB2DD2E"},{"toDetailCollection":{},"id":"E70BBE4A-216C-40CC-93E7-E8E9E0AAE1A9","fromDetail":{"output":{"international_keys":{"_0":"international1"}},"display":"_"}},{"toDetailCollection":{"condition0":{"layer0":{"isCustomized_tap":true,"outputAndDisplay_tap":{"output":{"letter_keys":{"_0":"b"}},"layerKey":"layer0","display":"B"},"withModifier_tap":{}}}},"id":"B165531D-1DE7-4588-8B85-504B43B878F2","fromDetail":{"output":{"controls_and_symbols":{"_0":"period"}},"display":"."}},{"id":"46EC4DF0-6CD4-4CB9-832F-ABF3047F8DA3","fromDetail":{"display":"M","output":{"letter_keys":{"_0":"m"}}},"toDetailCollection":{"condition0":{"layer0":{"outputAndDisplay_tap":{"output":{"letter_keys":{"_0":"l"}},"display":"L","layerKey":"layer0"},"withModifier_tap":{},"isCustomized_tap":true}}}},{"id":"402734E2-60D0-429F-8331-466023024470","fromDetail":{"output":{"letter_keys":{"_0":"b"}},"display":"B"},"toDetailCollection":{"condition0":{"layer0":{"isCustomized_tap":true,"outputAndDisplay_tap":{"display":";","output":{"controls_and_symbols":{"_0":"semicolon"}},"layerKey":"layer0"},"withModifier_tap":{}}}}},{"id":"606C473F-5920-426E-BAA9-F7392892D5B2","fromDetail":{"display":"C","output":{"letter_keys":{"_0":"c"}}},"toDetailCollection":{"condition0":{"layer0":{"withModifier_tap":{},"isCustomized_tap":true,"outputAndDisplay_tap":{"layerKey":"layer0","output":{"controls_and_symbols":{"_0":"hyphen"}},"display":"-"}}}}},{"fromDetail":{"output":{"letter_keys":{"_0":"z"}},"display":"Z"},"id":"AB87FB71-AEDD-4F25-A9D7-A0DA058986DC","toDetailCollection":{}},{"toDetailCollection":{},"id":"02C29BC7-2816-4AC4-B892-3AA33E0C69A9","fromDetail":{"isSFSymbol":true,"output":{"modifier_keys":{"_0":"right_shift"}},"display":"shift"},"unitSize":1.75}],"row6":[{"unitSize":1.25,"id":"383BD7E6-9531-40FE-B535-44B2BAC21CB6","toDetailCollection":{},"fromDetail":{"output":{"modifier_keys":{"_0":"left_command"}},"display":"command","isSFSymbol":true}},{"id":"FBC2ED9E-D8EB-4C3B-A623-2124F4DE4D28","unitSize":1.25,"fromDetail":{"display":"英数","output":{"japanese":{"_0":"eisuu"}}},"toDetailCollection":{}},{"id":"8FBA6D85-DF67-4B84-8F26-C689552C58F0","fromDetail":{"display":"␣","output":{"controls_and_symbols":{"_0":"spacebar"}}},"toDetailCollection":{},"unitSize":3.5},{"unitSize":1.25,"fromDetail":{"display":"かな","output":{"japanese":{"_0":"kana"}}},"toDetailCollection":{},"id":"F7FCBDD9-AC14-4337-8E81-3C423EA9046C"},{"unitSize":1.25,"id":"118A2BFB-15D0-4EC9-A548-4EB93B5E55B3","toDetailCollection":{},"fromDetail":{"isSFSymbol":true,"output":{"modifier_keys":{"_0":"right_command"}},"display":"command"}},{"id":"949CAE1A-A8E9-4804-A5D5-F460F102B6F4","toDetailCollection":{},"fromDetail":{"isSFSymbol":true,"display":"capslock","output":{"modifier_keys":{"_0":"caps_lock"}}}},{"toDetailCollection":{},"fromDetail":{"isSFSymbol":true,"output":{"modifier_keys":{"_0":"keyboard_fn"}},"display":"globe"},"id":"4CD89BE4-AEE3-422C-AD1E-DE33A8A174EF"},{"toDetailCollection":{},"id":"93743453-1BA1-4EFD-98FB-277BCBF8DE3E","fromDetail":{"output":{"modifier_keys":{"_0":"left_option"}},"display":"option","isSFSymbol":true}}],"row2":[{"id":"0F123A86-29D2-4EAA-BC7B-60A9D986C5BF","toDetailCollection":{},"fromDetail":{"display":"6","output":{"number_keys":{"_0":"six"}}}},{"id":"A4AB2DEE-7A22-4343-A29F-E89CED3AA100","toDetailCollection":{},"fromDetail":{"output":{"number_keys":{"_0":"four"}},"display":"4"}},{"id":"CA4C661D-2FD4-4AE1-B691-CE3405FA4F7F","toDetailCollection":{},"fromDetail":{"display":"2","output":{"number_keys":{"_0":"two"}}}},{"id":"40794EEF-A399-46EB-9FF0-E7DDFB97176F","toDetailCollection":{},"fromDetail":{"output":{"international_keys":{"_0":"international3"}},"display":"\\"}},{"id":"86D1A610-93DE-432F-AC8E-1812E999DF62","fromDetail":{"output":{"controls_and_symbols":{"_0":"hyphen"}},"display":"-"},"toDetailCollection":{"condition0":{"layer0":{"outputAndDisplay_tap":{"layerKey":"layer0","output":{"controls_and_symbols":{"_0":"slash"}},"display":"\/"},"isCustomized_tap":true,"withModifier_tap":{}}}}},{"toDetailCollection":{},"id":"1CCD6CC8-2821-4776-B051-1FA2DDF430A4","fromDetail":{"output":{"number_keys":{"_0":"nine"}},"display":"9"}},{"id":"DDD20D7F-8B83-41B7-952F-DDC805AA47B6","fromDetail":{"output":{"number_keys":{"_0":"seven"}},"display":"7"},"toDetailCollection":{}},{"fromDetail":{"display":"5","output":{"number_keys":{"_0":"five"}}},"id":"4A41ED87-B050-46C5-99EB-311B545377E2","toDetailCollection":{}},{"id":"24A36EC4-1557-4EB2-9EC6-9EA18DE58968","toDetailCollection":{},"fromDetail":{"output":{"number_keys":{"_0":"three"}},"display":"3"}},{"fromDetail":{"display":"1","output":{"number_keys":{"_0":"one"}}},"toDetailCollection":{},"unitSize":1.25,"id":"F6109B96-0449-4C78-B863-8395449D31C3"},{"id":"BD8B4CD9-97F9-486F-B01A-5823E6929770","unitSize":1.25,"fromDetail":{"output":{"controls_and_symbols":{"_0":"delete_or_backspace"}},"display":"delete.left","isSFSymbol":true},"toDetailCollection":{}},{"fromDetail":{"output":{"controls_and_symbols":{"_0":"equal_sign_or_caret"}},"display":"^"},"toDetailCollection":{},"id":"0CF20EAA-D13B-436C-8B1A-4ACC332317CA"},{"fromDetail":{"output":{"number_keys":{"_0":"zero"}},"display":"0"},"id":"B6B8D7B5-9178-467B-9A5C-21DF29F84BFE","toDetailCollection":{}},{"id":"CD5637FB-AE0F-408F-B35B-76435896C676","toDetailCollection":{},"fromDetail":{"output":{"number_keys":{"_0":"eight"}},"display":"8"}}],"idsInOrderRow3":[{"id":"343E283B-4437-456E-800A-CFA2FACB48C6"},{"id":"39964877-A36E-477A-BCAB-960B88186214"},{"id":"CD3950A1-F3FD-49D6-B120-62776A96F59E"},{"id":"9763B442-0305-48D2-AB64-2C4FB0D59F98"},{"id":"72B45556-B03E-4AD9-A7C0-702868075D41"},{"id":"54C82260-549D-4E9F-A538-0E2071FD7417"},{"id":"9526D997-EE63-49BD-B10A-4DD224F47ECC"},{"id":"85D5A9AD-3E41-4760-9080-BD970065B0CA"},{"id":"B9B41A5E-A094-4CFE-B31B-EFF1CD67D2A9"},{"id":"17350AAB-E3E8-4268-B6C2-5C8BA3B0C612"},{"id":"3DBAFDFE-B1EF-4640-9384-BBA754402E5E"},{"id":"37483655-FD13-4792-966F-B697BA131A05"},{"id":"EAC1343C-6304-40EE-B6F6-D73D6EDFB46B"},{"id":"C73077B5-A2A1-4CBD-9C0E-E149FA9F016E"}],"idsInOrderRow6":[{"id":"949CAE1A-A8E9-4804-A5D5-F460F102B6F4"},{"id":"93743453-1BA1-4EFD-98FB-277BCBF8DE3E"},{"id":"383BD7E6-9531-40FE-B535-44B2BAC21CB6"},{"id":"FBC2ED9E-D8EB-4C3B-A623-2124F4DE4D28"},{"id":"8FBA6D85-DF67-4B84-8F26-C689552C58F0"},{"id":"F7FCBDD9-AC14-4337-8E81-3C423EA9046C"},{"id":"118A2BFB-15D0-4EC9-A548-4EB93B5E55B3"},{"id":"4CD89BE4-AEE3-422C-AD1E-DE33A8A174EF"}],"row3":[{"toDetailCollection":{},"id":"EAC1343C-6304-40EE-B6F6-D73D6EDFB46B","fromDetail":{"display":"[","output":{"controls_and_symbols":{"_0":"open_square_bracket_jis"}}}},{"toDetailCollection":{"condition0":{"layer0":{"outputAndDisplay_tap":{"output":{"letter_keys":{"_0":"w"}},"layerKey":"layer0","display":"W"},"withModifier_tap":{},"isCustomized_tap":true}}},"id":"3DBAFDFE-B1EF-4640-9384-BBA754402E5E","fromDetail":{"output":{"letter_keys":{"_0":"p"}},"display":"P"}},{"id":"B9B41A5E-A094-4CFE-B31B-EFF1CD67D2A9","fromDetail":{"display":"I","output":{"letter_keys":{"_0":"i"}}},"toDetailCollection":{"condition0":{"layer0":{"isCustomized_tap":true,"outputAndDisplay_tap":{"layerKey":"layer0","output":{"letter_keys":{"_0":"h"}},"display":"H"},"withModifier_tap":{}}}}},{"toDetailCollection":{"condition0":{"layer0":{"isCustomized_tap":true,"outputAndDisplay_tap":{"display":"J","output":{"letter_keys":{"_0":"j"}},"layerKey":"layer0"},"withModifier_tap":{}}}},"id":"9526D997-EE63-49BD-B10A-4DD224F47ECC","fromDetail":{"output":{"letter_keys":{"_0":"y"}},"display":"Y"}},{"fromDetail":{"display":"R","output":{"letter_keys":{"_0":"r"}}},"id":"72B45556-B03E-4AD9-A7C0-702868075D41","toDetailCollection":{"condition0":{"layer0":{"outputAndDisplay_tap":{"display":"Y","output":{"letter_keys":{"_0":"y"}},"layerKey":"layer0"},"isCustomized_tap":true,"withModifier_tap":{}}}}},{"fromDetail":{"output":{"letter_keys":{"_0":"w"}},"display":"W"},"toDetailCollection":{"condition0":{"layer0":{"isCustomized_tap":true,"withModifier_tap":{},"outputAndDisplay_tap":{"display":"P","layerKey":"layer0","output":{"letter_keys":{"_0":"p"}}}}}},"id":"CD3950A1-F3FD-49D6-B120-62776A96F59E"},{"id":"343E283B-4437-456E-800A-CFA2FACB48C6","toDetailCollection":{},"fromDetail":{"output":{"controls_and_symbols":{"_0":"tab"}},"display":"arrow.right.to.line","isSFSymbol":true}},{"fromDetail":{"output":{"controls_and_symbols":{"_0":"return_or_enter"}},"display":"return","isSFSymbol":true},"toDetailCollection":{},"id":"C73077B5-A2A1-4CBD-9C0E-E149FA9F016E","unitSize":1.5,"keyShape":"enter_JIS"},{"id":"37483655-FD13-4792-966F-B697BA131A05","toDetailCollection":{},"fromDetail":{"output":{"controls_and_symbols":{"_0":"commercial_at_jis"}},"display":"@"}},{"toDetailCollection":{"condition0":{"layer0":{"isCustomized_tap":true,"withModifier_tap":{},"outputAndDisplay_tap":{"display":"G","layerKey":"layer0","output":{"letter_keys":{"_0":"g"}}}}}},"id":"17350AAB-E3E8-4268-B6C2-5C8BA3B0C612","fromDetail":{"display":"O","output":{"letter_keys":{"_0":"o"}}}},{"id":"85D5A9AD-3E41-4760-9080-BD970065B0CA","toDetailCollection":{"condition0":{"layer0":{"withModifier_tap":{},"outputAndDisplay_tap":{"layerKey":"layer0","output":{"letter_keys":{"_0":"d"}},"display":"D"},"isCustomized_tap":true}}},"fromDetail":{"display":"U","output":{"letter_keys":{"_0":"u"}}}},{"fromDetail":{"output":{"letter_keys":{"_0":"t"}},"display":"T"},"toDetailCollection":{"condition0":{"layer0":{"isCustomized_tap":true,"withModifier_tap":{},"outputAndDisplay_tap":{"display":",","layerKey":"layer0","output":{"controls_and_symbols":{"_0":"comma"}}}}}},"id":"54C82260-549D-4E9F-A538-0E2071FD7417"},{"fromDetail":{"output":{"letter_keys":{"_0":"e"}},"display":"E"},"toDetailCollection":{"condition0":{"layer0":{"outputAndDisplay_tap":{"display":"U","output":{"letter_keys":{"_0":"u"}},"layerKey":"layer0"},"withModifier_tap":{},"isCustomized_tap":true}}},"id":"9763B442-0305-48D2-AB64-2C4FB0D59F98"},{"id":"39964877-A36E-477A-BCAB-960B88186214","toDetailCollection":{},"fromDetail":{"output":{"letter_keys":{"_0":"q"}},"display":"Q"}}],"row1":[{"unitSize":1.5,"fromDetail":{"output":{"controls_and_symbols":{"_0":"escape"}},"display":"escape","isSFSymbol":true},"toDetailCollection":{},"id":"A8DF9839-0E1A-4C05-9426-8A991A0AB8A3"},{"id":"30F93745-0AFB-4DE5-BE83-A9CC6FC17DB7","fromDetail":{"display":"F1","output":{"function_keys":{"_0":"f1"}}},"toDetailCollection":{}},{"fromDetail":{"display":"F2","output":{"function_keys":{"_0":"f2"}}},"toDetailCollection":{},"id":"44F779BD-F4EC-434D-AB38-A6709C8900E6"},{"id":"53600DEC-1649-4F9A-861B-FB81E9689F19","fromDetail":{"output":{"function_keys":{"_0":"f3"}},"display":"F3"},"toDetailCollection":{}},{"toDetailCollection":{},"fromDetail":{"display":"F4","output":{"function_keys":{"_0":"f4"}}},"id":"BE6B4830-1EC1-4B59-8CB4-088324011B7E"},{"fromDetail":{"output":{"function_keys":{"_0":"f5"}},"display":"F5"},"toDetailCollection":{},"id":"AAD883B2-D4D2-4868-8025-5EF24D7A2A9B"},{"fromDetail":{"output":{"function_keys":{"_0":"f6"}},"display":"F6"},"id":"C0C66915-E224-4779-8F5C-E633180A046D","toDetailCollection":{}},{"fromDetail":{"output":{"function_keys":{"_0":"f7"}},"display":"F7"},"toDetailCollection":{},"id":"DD939FD1-00F0-4065-9930-A43366224CD2"},{"toDetailCollection":{},"fromDetail":{"display":"F8","output":{"function_keys":{"_0":"f8"}}},"id":"67A68739-AF4C-4836-A983-7749E4404A15"},{"toDetailCollection":{},"id":"FA86F321-3BFC-4F70-B5E7-ECDB9B9A8E47","fromDetail":{"display":"F9","output":{"function_keys":{"_0":"f9"}}}},{"id":"4EDF6F3A-AEC7-472A-B0E7-A81D79765308","fromDetail":{"output":{"function_keys":{"_0":"f10"}},"display":"F10"},"toDetailCollection":{}},{"id":"E2A74B35-E5B3-4A3B-998A-3A73A0F85C83","fromDetail":{"display":"F11","output":{"function_keys":{"_0":"f11"}}},"toDetailCollection":{}},{"id":"73BEDA1E-CED5-437B-A1B3-16C67E453D4B","fromDetail":{"output":{"function_keys":{"_0":"f12"}},"display":"F12"},"toDetailCollection":{}}],"rowIndex_arrow":{"row6":{}},"arrow_up":{"keyShape":"arrow_Up","fromDetail":{"isSFSymbol":true,"display":"arrowtriangle.up.fill","output":{"arrow_keys":{"_0":"up_arrow"}}},"toDetailCollection":{},"id":"16AC7DF2-1B26-48A8-B2D9-E3C0B878D1A6"},"arrow_right":{"toDetailCollection":{},"keyShape":"arrow_LR","fromDetail":{"output":{"arrow_keys":{"_0":"right_arrow"}},"isSFSymbol":true,"display":"arrowtriangle.right.fill"},"id":"8C53B86B-5F9F-411D-A733-31093A4DBEEE"},"idsInOrderRow2":[{"id":"F6109B96-0449-4C78-B863-8395449D31C3"},{"id":"CA4C661D-2FD4-4AE1-B691-CE3405FA4F7F"},{"id":"24A36EC4-1557-4EB2-9EC6-9EA18DE58968"},{"id":"A4AB2DEE-7A22-4343-A29F-E89CED3AA100"},{"id":"4A41ED87-B050-46C5-99EB-311B545377E2"},{"id":"0F123A86-29D2-4EAA-BC7B-60A9D986C5BF"},{"id":"DDD20D7F-8B83-41B7-952F-DDC805AA47B6"},{"id":"CD5637FB-AE0F-408F-B35B-76435896C676"},{"id":"1CCD6CC8-2821-4776-B051-1FA2DDF430A4"},{"id":"B6B8D7B5-9178-467B-9A5C-21DF29F84BFE"},{"id":"86D1A610-93DE-432F-AC8E-1812E999DF62"},{"id":"0CF20EAA-D13B-436C-8B1A-4ACC332317CA"},{"id":"40794EEF-A399-46EB-9FF0-E7DDFB97176F"},{"id":"BD8B4CD9-97F9-486F-B01A-5823E6929770"}],"row4":[{"fromDetail":{"isSFSymbol":true,"display":"control","output":{"modifier_keys":{"_0":"left_control"}}},"unitSize":1.25,"id":"A817F117-A82B-481C-87CB-9DF4E63E7B79","toDetailCollection":{}},{"fromDetail":{"display":":","output":{"controls_and_symbols":{"_0":"single_quotation_or_colon"}}},"toDetailCollection":{},"id":"1C3B85D1-1673-434E-9EC2-5D59CE418A62"},{"id":"9B9E8CD2-D65B-4A63-9CEF-6B7861BEB857","fromDetail":{"output":{"letter_keys":{"_0":"l"}},"display":"L"},"toDetailCollection":{"condition0":{"layer0":{"isCustomized_tap":true,"withModifier_tap":{},"outputAndDisplay_tap":{"layerKey":"layer0","output":{"letter_keys":{"_0":"s"}},"display":"S"}}}}},{"fromDetail":{"display":"J","output":{"letter_keys":{"_0":"j"}}},"toDetailCollection":{"condition0":{"layer0":{"isCustomized_tap":true,"outputAndDisplay_tap":{"output":{"letter_keys":{"_0":"t"}},"display":"T","layerKey":"layer0"},"withModifier_tap":{}}}},"id":"4358234E-B988-4043-BE6D-176846F1A155"},{"fromDetail":{"output":{"letter_keys":{"_0":"g"}},"display":"G"},"toDetailCollection":{"condition0":{"layer0":{"outputAndDisplay_tap":{"output":{"controls_and_symbols":{"_0":"period"}},"display":".","layerKey":"layer0"},"isCustomized_tap":true,"withModifier_tap":{}}}},"id":"AD095F3C-0FC1-4EF3-A6A0-C661A74A466A"},{"fromDetail":{"display":"D","output":{"letter_keys":{"_0":"d"}}},"toDetailCollection":{"condition0":{"layer0":{"isCustomized_tap":true,"outputAndDisplay_tap":{"output":{"letter_keys":{"_0":"e"}},"display":"E","layerKey":"layer0"},"withModifier_tap":{}}}},"id":"53230A32-51B1-4A5E-878E-AC58E36CFC19"},{"id":"BAE0D244-A11B-4400-87E6-B3CB734A0E8B","fromDetail":{"display":"A","output":{"letter_keys":{"_0":"a"}}},"toDetailCollection":{"condition0":{"layer0":{"isCustomized_tap":true,"outputAndDisplay_tap":{"layerKey":"layer0","display":"I","output":{"letter_keys":{"_0":"i"}}},"withModifier_tap":{}}}}},{"toDetailCollection":{},"id":"396B39FD-7B8A-42CD-AF20-DBCAF8CDFDAD","fromDetail":{"display":"]","output":{"controls_and_symbols":{"_0":"close_square_bracket_jis"}}}},{"id":"2116806D-FA74-4051-8E2F-A92E8ADD2E49","fromDetail":{"display":";","output":{"controls_and_symbols":{"_0":"semicolon"}}},"toDetailCollection":{"condition0":{"layer0":{"outputAndDisplay_tap":{"layerKey":"layer0","display":"R","output":{"letter_keys":{"_0":"r"}}},"withModifier_tap":{},"isCustomized_tap":true}}}},{"toDetailCollection":{"condition0":{"layer0":{"outputAndDisplay_tap":{"output":{"letter_keys":{"_0":"n"}},"display":"N","layerKey":"layer0"},"withModifier_tap":{},"isCustomized_tap":true}}},"fromDetail":{"display":"K","output":{"letter_keys":{"_0":"k"}}},"id":"CE3CF42D-03C7-4C18-A15E-87DD6FDCDC47"},{"id":"226E86B5-79A4-4BF2-979D-EA1A8F16A35C","toDetailCollection":{"condition0":{"layer0":{"isCustomized_tap":true,"outputAndDisplay_tap":{"layerKey":"layer0","output":{"letter_keys":{"_0":"k"}},"display":"K"},"withModifier_tap":{}}}},"fromDetail":{"output":{"letter_keys":{"_0":"h"}},"display":"H"}},{"fromDetail":{"display":"F","output":{"letter_keys":{"_0":"f"}}},"toDetailCollection":{"condition0":{"layer0":{"isCustomized_tap":true,"outputAndDisplay_tap":{"output":{"letter_keys":{"_0":"a"}},"display":"A","layerKey":"layer0"},"withModifier_tap":{}}}},"id":"DC59E9C7-C643-444E-A461-6B1B591D9770"},{"id":"6927D5B2-4EF3-4CE9-93B3-58FC5BCBC1C8","toDetailCollection":{"condition0":{"layer0":{"outputAndDisplay_tap":{"display":"O","layerKey":"layer0","output":{"letter_keys":{"_0":"o"}}},"withModifier_tap":{},"isCustomized_tap":true}}},"fromDetail":{"display":"S","output":{"letter_keys":{"_0":"s"}}}}],"enableArrowKeys":true,"arrow_left":{"id":"E90C2BE4-15BA-4E5D-8351-661673C2B951","keyShape":"arrow_LR","fromDetail":{"display":"arrowtriangle.left.fill","isSFSymbol":true,"output":{"arrow_keys":{"_0":"left_arrow"}}},"toDetailCollection":{}},"arrow_down":{"id":"6F89A08B-35D9-4697-9B89-A3EF9361609B","toDetailCollection":{},"fromDetail":{"display":"arrowtriangle.down.fill","output":{"arrow_keys":{"_0":"down_arrow"}},"isSFSymbol":true},"keyShape":"arrow_Down"},"idsInOrderRow4":[{"id":"A817F117-A82B-481C-87CB-9DF4E63E7B79"},{"id":"BAE0D244-A11B-4400-87E6-B3CB734A0E8B"},{"id":"6927D5B2-4EF3-4CE9-93B3-58FC5BCBC1C8"},{"id":"53230A32-51B1-4A5E-878E-AC58E36CFC19"},{"id":"DC59E9C7-C643-444E-A461-6B1B591D9770"},{"id":"AD095F3C-0FC1-4EF3-A6A0-C661A74A466A"},{"id":"226E86B5-79A4-4BF2-979D-EA1A8F16A35C"},{"id":"4358234E-B988-4043-BE6D-176846F1A155"},{"id":"CE3CF42D-03C7-4C18-A15E-87DD6FDCDC47"},{"id":"9B9E8CD2-D65B-4A63-9CEF-6B7861BEB857"},{"id":"2116806D-FA74-4051-8E2F-A92E8ADD2E49"},{"id":"1C3B85D1-1673-434E-9EC2-5D59CE418A62"},{"id":"396B39FD-7B8A-42CD-AF20-DBCAF8CDFDAD"}],"idsInOrderRow1":[{"id":"A8DF9839-0E1A-4C05-9426-8A991A0AB8A3"},{"id":"30F93745-0AFB-4DE5-BE83-A9CC6FC17DB7"},{"id":"44F779BD-F4EC-434D-AB38-A6709C8900E6"},{"id":"53600DEC-1649-4F9A-861B-FB81E9689F19"},{"id":"BE6B4830-1EC1-4B59-8CB4-088324011B7E"},{"id":"AAD883B2-D4D2-4868-8025-5EF24D7A2A9B"},{"id":"C0C66915-E224-4779-8F5C-E633180A046D"},{"id":"DD939FD1-00F0-4065-9930-A43366224CD2"},{"id":"67A68739-AF4C-4836-A983-7749E4404A15"},{"id":"FA86F321-3BFC-4F70-B5E7-ECDB9B9A8E47"},{"id":"4EDF6F3A-AEC7-472A-B0E7-A81D79765308"},{"id":"E2A74B35-E5B3-4A3B-998A-3A73A0F85C83"},{"id":"73BEDA1E-CED5-437B-A1B3-16C67E453D4B"}],"idsInOrderRow5":[{"id":"353E2D2E-1E38-4554-9440-ABF0EBB2DD2E"},{"id":"AB87FB71-AEDD-4F25-A9D7-A0DA058986DC"},{"id":"F8F41BFD-E9DC-489F-9B6C-B837A761FEE5"},{"id":"606C473F-5920-426E-BAA9-F7392892D5B2"},{"id":"0C59C68A-B0AF-44C3-B0A2-F6D8F5501087"},{"id":"402734E2-60D0-429F-8331-466023024470"},{"id":"34FC0A0A-B8AD-4275-9CFF-0ABFC269EB30"},{"id":"46EC4DF0-6CD4-4CB9-832F-ABF3047F8DA3"},{"id":"B79C7B28-0527-4CCE-90AD-114AEC86A944"},{"id":"B165531D-1DE7-4588-8B85-504B43B878F2"},{"id":"240C5C7A-824D-48A2-9CC8-5256BE64FDD8"},{"id":"E70BBE4A-216C-40CC-93E7-E8E9E0AAE1A9"},{"id":"02C29BC7-2816-4AC4-B892-3AA33E0C69A9"}]},"isEnableTenkey":false,"isEnableMain":true,"sectionDetail":{"section":{"main":{}},"deviceDetail":{"product_id":"product_id","is_location_id_Enabled":false,"device_name":"mainKeyboard","is_product_id_Enabled":false,"vendor_id":"vendor_id","location_id":"location_id","is_builtin_keyboard":false,"is_vendor_id_Enabled":false}},"tenkeyRows":{"arrow_up":{"fromDetail":{"isSFSymbol":true,"output":{"arrow_keys":{"_0":"up_arrow"}},"display":"arrowtriangle.up.fill"},"toDetailCollection":{},"id":"48DDCCA2-BFD1-49AB-86A6-7E3863CB9078","keyShape":"arrow_Up"},"rowIndex_arrow":{"row6":{}},"enableArrowKeys":false,"arrow_left":{"keyShape":"arrow_LR","id":"ED8B2CAF-C074-40E4-ABE3-531DBCC10A84","toDetailCollection":{},"fromDetail":{"display":"arrowtriangle.left.fill","isSFSymbol":true,"output":{"arrow_keys":{"_0":"left_arrow"}}}},"idsInOrderRow2":[{"id":"9BE35936-AA8A-47DB-8C50-D664A2F4C78B"},{"id":"BF9C8A4E-B3DD-4403-B514-3BF824AEF387"},{"id":"200BC7E2-1721-41AA-945E-D8B7F3E0ED85"},{"id":"CF8E909C-F51B-45E9-8F5B-2D85F9091A5E"}],"row4":[{"fromDetail":{"output":{"keypad_keys":{"_0":"keypad_4"}},"display":"4"},"id":"D0A3DD39-808C-4FD5-9CF5-77661BD82C35","toDetailCollection":{}},{"toDetailCollection":{},"id":"1F8778C2-27E5-401A-8B21-CFE892B579F4","fromDetail":{"display":"5","output":{"keypad_keys":{"_0":"keypad_5"}}}},{"fromDetail":{"output":{"keypad_keys":{"_0":"keypad_plus"}},"display":"+"},"id":"881DA9D6-8A4D-4F1B-A68B-348832C14709","toDetailCollection":{}},{"toDetailCollection":{},"fromDetail":{"output":{"keypad_keys":{"_0":"keypad_6"}},"display":"6"},"id":"0A46E1ED-8645-40A3-A7D1-DC247997173C"}],"row5":[{"id":"52BD6823-2B7A-433F-99C4-9C4CB9722D6B","fromDetail":{"display":"1","output":{"keypad_keys":{"_0":"keypad_1"}}},"toDetailCollection":{}},{"id":"7B442921-E680-4C98-BBD8-3BAF9DFEB567","fromDetail":{"isSFSymbol":true,"output":{"keypad_keys":{"_0":"keypad_enter"}},"display":"projective"},"keyShape":"enter_Tenkey","toDetailCollection":{}},{"id":"093EDB7C-818C-4AE8-A8B8-3415629579C6","fromDetail":{"output":{"keypad_keys":{"_0":"keypad_2"}},"display":"2"},"toDetailCollection":{}},{"id":"AD859B9E-21DE-4AA0-8AC4-3378F558DDD7","fromDetail":{"output":{"keypad_keys":{"_0":"keypad_3"}},"display":"3"},"toDetailCollection":{}}],"arrow_down":{"toDetailCollection":{},"keyShape":"arrow_Down","id":"F3774188-A848-4C1E-96E4-0BF2A4BB0C38","fromDetail":{"output":{"arrow_keys":{"_0":"down_arrow"}},"display":"arrowtriangle.down.fill","isSFSymbol":true}},"idsInOrderRow4":[{"id":"D0A3DD39-808C-4FD5-9CF5-77661BD82C35"},{"id":"1F8778C2-27E5-401A-8B21-CFE892B579F4"},{"id":"0A46E1ED-8645-40A3-A7D1-DC247997173C"},{"id":"881DA9D6-8A4D-4F1B-A68B-348832C14709"}],"row1":[{"fromDetail":{"display":"F18","output":{"function_keys":{"_0":"f18"}}},"id":"745B5F93-B091-4212-8F98-7D37797821AB","toDetailCollection":{}},{"id":"38C1AA63-0FC9-4E9F-A8DE-7C0BC1843628","fromDetail":{"output":{"function_keys":{"_0":"f17"}},"display":"F17"},"toDetailCollection":{}},{"fromDetail":{"output":{"function_keys":{"_0":"f19"}},"display":"F19"},"id":"CBB5BC58-5A82-4F54-86E5-998B7A781105","toDetailCollection":{}},{"id":"8784DF6C-EAD0-4321-A198-38F06AFCAA2D","fromDetail":{"display":"F16","output":{"function_keys":{"_0":"f16"}}},"toDetailCollection":{}}],"idsInOrderRow3":[{"id":"7A85E96B-C104-4DB0-B167-661421391E71"},{"id":"3529B859-2680-4A69-9AB9-85B159BB960B"},{"id":"9F69DAEB-0EA4-4395-B730-9F9613192332"},{"id":"A36202F4-E916-4D5D-B606-0EB6885FEF0E"}],"row2":[{"id":"BF9C8A4E-B3DD-4403-B514-3BF824AEF387","fromDetail":{"output":{"keypad_keys":{"_0":"keypad_equal_sign"}},"display":"="},"toDetailCollection":{}},{"id":"200BC7E2-1721-41AA-945E-D8B7F3E0ED85","fromDetail":{"output":{"keypad_keys":{"_0":"keypad_slash"}},"display":"\/"},"toDetailCollection":{}},{"fromDetail":{"output":{"others":{"_0":"clear"}},"display":"clear"},"toDetailCollection":{},"id":"9BE35936-AA8A-47DB-8C50-D664A2F4C78B"},{"id":"CF8E909C-F51B-45E9-8F5B-2D85F9091A5E","toDetailCollection":{},"fromDetail":{"display":"*","output":{"keypad_keys":{"_0":"keypad_asterisk"}}}}],"idsInOrderRow6":[{"id":"A02428C1-3C3C-4648-9055-3862B9DC81CD"},{"id":"C4844D25-CB36-408E-B885-098583699B8D"},{"id":"3206F368-FB06-4411-8AFF-D0172E5F3BBB"}],"idsInOrderRow5":[{"id":"52BD6823-2B7A-433F-99C4-9C4CB9722D6B"},{"id":"093EDB7C-818C-4AE8-A8B8-3415629579C6"},{"id":"AD859B9E-21DE-4AA0-8AC4-3378F558DDD7"},{"id":"7B442921-E680-4C98-BBD8-3BAF9DFEB567"}],"arrow_right":{"toDetailCollection":{},"id":"82BB2A4B-E326-49E1-98C7-18C5A305FA80","keyShape":"arrow_LR","fromDetail":{"isSFSymbol":true,"display":"arrowtriangle.right.fill","output":{"arrow_keys":{"_0":"right_arrow"}}}},"row6":[{"toDetailCollection":{},"fromDetail":{"display":".","output":{"keypad_keys":{"_0":"keypad_period"}}},"id":"3206F368-FB06-4411-8AFF-D0172E5F3BBB"},{"toDetailCollection":{},"id":"C4844D25-CB36-408E-B885-098583699B8D","fromDetail":{"output":{"keypad_keys":{"_0":"keypad_comma"}},"display":","}},{"toDetailCollection":{},"fromDetail":{"output":{"keypad_keys":{"_0":"keypad_0"}},"display":"0"},"id":"A02428C1-3C3C-4648-9055-3862B9DC81CD"}],"row3":[{"id":"9F69DAEB-0EA4-4395-B730-9F9613192332","fromDetail":{"output":{"keypad_keys":{"_0":"keypad_9"}},"display":"9"},"toDetailCollection":{}},{"id":"A36202F4-E916-4D5D-B606-0EB6885FEF0E","toDetailCollection":{},"fromDetail":{"display":"-","output":{"keypad_keys":{"_0":"keypad_hyphen"}}}},{"fromDetail":{"output":{"keypad_keys":{"_0":"keypad_8"}},"display":"8"},"id":"3529B859-2680-4A69-9AB9-85B159BB960B","toDetailCollection":{}},{"fromDetail":{"output":{"keypad_keys":{"_0":"keypad_7"}},"display":"7"},"toDetailCollection":{},"id":"7A85E96B-C104-4DB0-B167-661421391E71"}],"idsInOrderRow1":[{"id":"8784DF6C-EAD0-4321-A198-38F06AFCAA2D"},{"id":"38C1AA63-0FC9-4E9F-A8DE-7C0BC1843628"},{"id":"745B5F93-B091-4212-8F98-7D37797821AB"},{"id":"CBB5BC58-5A82-4F54-86E5-998B7A781105"}]},"subRows":{"enableArrowKeys":false,"row3":[{"id":"38E5F0AE-3A83-4CED-94C2-90EB9E9132E9","fromDetail":{"output":{"arrow_keys":{"_0":"page_down"}},"isSFSymbol":true,"display":"arrow.down"},"toDetailCollection":{}},{"id":"6A8EE2BC-A07C-4754-A6E4-06D8A19DA66B","fromDetail":{"output":{"arrow_keys":{"_0":"end"}},"display":"arrow.down.to.line","isSFSymbol":true},"toDetailCollection":{}},{"id":"4441F0B2-533C-4E17-A1A3-653730DA026D","toDetailCollection":{},"fromDetail":{"output":{"controls_and_symbols":{"_0":"delete_forward"}},"display":"delete.right","isSFSymbol":true}}],"rowIndex_arrow":{"row6":{}},"idsInOrderRow2":[{"id":"F406A595-7EB8-4352-9622-5492F53EAE6F"},{"id":"2EEE8E78-4888-42FF-AA43-8A42446B907F"},{"id":"F551D1B5-FC42-435F-95E6-D1880AFD1C32"}],"row1":[{"fromDetail":{"output":{"function_keys":{"_0":"f15"}},"display":"F15"},"id":"5B8D024A-D902-4A03-B003-B46C32F7D6D4","toDetailCollection":{}},{"toDetailCollection":{},"id":"F18677AC-6F61-4DA2-A7D9-080A943B29CD","fromDetail":{"display":"F14","output":{"function_keys":{"_0":"f14"}}}},{"fromDetail":{"display":"F13","output":{"function_keys":{"_0":"f13"}}},"toDetailCollection":{},"id":"6D2A74C8-BC27-47CE-8481-5B37B9E479F6"}],"arrow_left":{"toDetailCollection":{},"fromDetail":{"display":"arrowtriangle.left.fill","isSFSymbol":true,"output":{"arrow_keys":{"_0":"left_arrow"}}},"keyShape":"arrow_LR","id":"7361B2BD-E95C-4858-BDC2-CFAFFB4C1CDA"},"arrow_up":{"fromDetail":{"display":"arrowtriangle.up.fill","output":{"arrow_keys":{"_0":"up_arrow"}},"isSFSymbol":true},"id":"75280303-591B-42FA-B045-BFB835255851","keyShape":"arrow_Up","toDetailCollection":{}},"arrow_down":{"fromDetail":{"output":{"arrow_keys":{"_0":"down_arrow"}},"display":"arrowtriangle.down.fill","isSFSymbol":true},"toDetailCollection":{},"keyShape":"arrow_Down","id":"923F0963-FE36-4A09-91B5-1D06544D572A"},"row5":[{"toDetailCollection":{},"fromDetail":{"output":{"letter_keys":{"_0":"a"}},"display":"A"},"isSpacer":true,"id":"4E9CC7B6-159F-4AEB-8CFC-19A1CF58CB66"},{"fromDetail":{"isSFSymbol":true,"output":{"arrow_keys":{"_0":"up_arrow"}},"display":"arrowtriangle.up.fill"},"toDetailCollection":{},"id":"C31DBF89-C745-4135-BAA4-DD4CB7895C9B"}],"row4":[],"row2":[{"id":"2EEE8E78-4888-42FF-AA43-8A42446B907F","fromDetail":{"display":"arrow.up.to.line","isSFSymbol":true,"output":{"arrow_keys":{"_0":"home"}}},"toDetailCollection":{}},{"fromDetail":{"isSFSymbol":true,"output":{"arrow_keys":{"_0":"page_up"}},"display":"arrow.up"},"id":"F551D1B5-FC42-435F-95E6-D1880AFD1C32","toDetailCollection":{}},{"id":"F406A595-7EB8-4352-9622-5492F53EAE6F","fromDetail":{"isSFSymbol":true,"display":"text.insert","output":{"keys_in_pc_keyboards":{"_0":"insert"}}},"toDetailCollection":{}}],"arrow_right":{"id":"D62A620D-4937-43C1-BE75-934F0FCE9758","fromDetail":{"display":"arrowtriangle.right.fill","output":{"arrow_keys":{"_0":"right_arrow"}},"isSFSymbol":true},"keyShape":"arrow_LR","toDetailCollection":{}},"row6":[{"id":"8F8495B5-2BC5-4B43-AD6C-70546F9C3EAE","toDetailCollection":{},"fromDetail":{"display":"arrowtriangle.right.fill","isSFSymbol":true,"output":{"arrow_keys":{"_0":"right_arrow"}}}},{"id":"D0AD2260-8DCA-4E20-B2D4-2D16F0A0DA19","fromDetail":{"output":{"arrow_keys":{"_0":"down_arrow"}},"display":"arrowtriangle.down.fill","isSFSymbol":true},"toDetailCollection":{}},{"toDetailCollection":{},"id":"64C532C8-6BC9-42E2-8F02-7023DBE7F7D1","fromDetail":{"display":"arrowtriangle.left.fill","output":{"arrow_keys":{"_0":"left_arrow"}},"isSFSymbol":true}}],"idsInOrderRow4":[],"idsInOrderRow3":[{"id":"4441F0B2-533C-4E17-A1A3-653730DA026D"},{"id":"6A8EE2BC-A07C-4754-A6E4-06D8A19DA66B"},{"id":"38E5F0AE-3A83-4CED-94C2-90EB9E9132E9"}],"idsInOrderRow5":[{"id":"4E9CC7B6-159F-4AEB-8CFC-19A1CF58CB66"},{"id":"C31DBF89-C745-4135-BAA4-DD4CB7895C9B"}],"idsInOrderRow6":[{"id":"64C532C8-6BC9-42E2-8F02-7023DBE7F7D1"},{"id":"D0AD2260-8DCA-4E20-B2D4-2D16F0A0DA19"},{"id":"8F8495B5-2BC5-4B43-AD6C-70546F9C3EAE"}],"idsInOrderRow1":[{"id":"6D2A74C8-BC27-47CE-8481-5B37B9E479F6"},{"id":"F18677AC-6F61-4DA2-A7D9-080A943B29CD"},{"id":"5B8D024A-D902-4A03-B003-B46C32F7D6D4"}]},"isEnableSub":false},"other":{"isEnableMain":true,"subRows":{"arrow_right":{"id":"E9CED4DE-F3F1-434B-8376-2EF0A0935DDE","toDetailCollection":{},"keyShape":"arrow_LR","fromDetail":{"output":{"arrow_keys":{"_0":"right_arrow"}},"isSFSymbol":true,"display":"arrowtriangle.right.fill"}},"idsInOrderRow4":[],"enableArrowKeys":false,"row2":[{"toDetailCollection":{},"id":"79427621-E520-421E-83FE-36C221CEFC9B","fromDetail":{"output":{"arrow_keys":{"_0":"page_up"}},"display":"arrow.up","isSFSymbol":true}},{"id":"B44C727B-3FC0-4710-BF52-B5A376F9B23B","fromDetail":{"display":"arrow.up.to.line","isSFSymbol":true,"output":{"arrow_keys":{"_0":"home"}}},"toDetailCollection":{}},{"id":"B6B34C03-EFD8-430A-9B13-5D40DF70A3C2","fromDetail":{"display":"text.insert","output":{"keys_in_pc_keyboards":{"_0":"insert"}},"isSFSymbol":true},"toDetailCollection":{}}],"idsInOrderRow2":[{"id":"B6B34C03-EFD8-430A-9B13-5D40DF70A3C2"},{"id":"B44C727B-3FC0-4710-BF52-B5A376F9B23B"},{"id":"79427621-E520-421E-83FE-36C221CEFC9B"}],"idsInOrderRow5":[{"id":"18122BAF-C58E-4247-AD0A-B9038F7AD20B"},{"id":"4CD25AD0-009D-4A58-A387-105DEDD25FD7"}],"arrow_up":{"id":"333C123F-40D5-4042-9550-DF42A53F2813","fromDetail":{"display":"arrowtriangle.up.fill","isSFSymbol":true,"output":{"arrow_keys":{"_0":"up_arrow"}}},"toDetailCollection":{},"keyShape":"arrow_Up"},"row4":[],"arrow_down":{"keyShape":"arrow_Down","id":"33BAB995-BD4E-43F4-A5A9-D5B8FD37B7BB","toDetailCollection":{},"fromDetail":{"display":"arrowtriangle.down.fill","isSFSymbol":true,"output":{"arrow_keys":{"_0":"down_arrow"}}}},"idsInOrderRow3":[{"id":"B751FF28-3B67-40A2-A2ED-70D9017C1195"},{"id":"B62B5F92-899D-4818-BAD4-48F52A52D165"},{"id":"7909E636-D740-4ED3-9B55-D3F96A3A76E8"}],"idsInOrderRow1":[{"id":"89DDE0B7-D6D4-4384-89EF-DB147AC7BB15"},{"id":"5A1788F2-84A5-4469-B245-FBD05D834C39"},{"id":"37ACD057-1E40-4090-841A-9DFCC80D2790"}],"row5":[{"fromDetail":{"output":{"letter_keys":{"_0":"a"}},"display":"A"},"id":"18122BAF-C58E-4247-AD0A-B9038F7AD20B","isSpacer":true,"toDetailCollection":{}},{"fromDetail":{"display":"arrowtriangle.up.fill","isSFSymbol":true,"output":{"arrow_keys":{"_0":"up_arrow"}}},"toDetailCollection":{},"id":"4CD25AD0-009D-4A58-A387-105DEDD25FD7"}],"rowIndex_arrow":{"row6":{}},"row6":[{"toDetailCollection":{},"fromDetail":{"isSFSymbol":true,"output":{"arrow_keys":{"_0":"down_arrow"}},"display":"arrowtriangle.down.fill"},"id":"D58D00E2-50AE-4E05-BBB0-90239EE8A69F"},{"fromDetail":{"display":"arrowtriangle.right.fill","isSFSymbol":true,"output":{"arrow_keys":{"_0":"right_arrow"}}},"id":"0428F5B7-4D54-42AF-88EF-98FF921B0135","toDetailCollection":{}},{"id":"DD2C55C8-3EFB-4E31-9D58-5C4BE12F6764","fromDetail":{"output":{"arrow_keys":{"_0":"left_arrow"}},"display":"arrowtriangle.left.fill","isSFSymbol":true},"toDetailCollection":{}}],"idsInOrderRow6":[{"id":"DD2C55C8-3EFB-4E31-9D58-5C4BE12F6764"},{"id":"D58D00E2-50AE-4E05-BBB0-90239EE8A69F"},{"id":"0428F5B7-4D54-42AF-88EF-98FF921B0135"}],"row3":[{"id":"B751FF28-3B67-40A2-A2ED-70D9017C1195","toDetailCollection":{},"fromDetail":{"isSFSymbol":true,"output":{"controls_and_symbols":{"_0":"delete_forward"}},"display":"delete.right"}},{"fromDetail":{"display":"arrow.down.to.line","output":{"arrow_keys":{"_0":"end"}},"isSFSymbol":true},"toDetailCollection":{},"id":"B62B5F92-899D-4818-BAD4-48F52A52D165"},{"toDetailCollection":{},"id":"7909E636-D740-4ED3-9B55-D3F96A3A76E8","fromDetail":{"isSFSymbol":true,"output":{"arrow_keys":{"_0":"page_down"}},"display":"arrow.down"}}],"row1":[{"id":"37ACD057-1E40-4090-841A-9DFCC80D2790","fromDetail":{"output":{"function_keys":{"_0":"f15"}},"display":"F15"},"toDetailCollection":{}},{"toDetailCollection":{},"id":"5A1788F2-84A5-4469-B245-FBD05D834C39","fromDetail":{"display":"F14","output":{"function_keys":{"_0":"f14"}}}},{"toDetailCollection":{},"id":"89DDE0B7-D6D4-4384-89EF-DB147AC7BB15","fromDetail":{"output":{"function_keys":{"_0":"f13"}},"display":"F13"}}],"arrow_left":{"fromDetail":{"output":{"arrow_keys":{"_0":"left_arrow"}},"display":"arrowtriangle.left.fill","isSFSymbol":true},"keyShape":"arrow_LR","toDetailCollection":{},"id":"2F649382-9A9D-4A07-BABB-F926DFCB74A5"}},"sectionDetail":{"section":{"other":{}},"deviceDetail":{"is_vendor_id_Enabled":false,"is_builtin_keyboard":false,"product_id":"product_id","is_location_id_Enabled":false,"location_id":"location_id","device_name":"otherDevice","vendor_id":"vendor_id","is_product_id_Enabled":false}},"tenkeyRows":{"idsInOrderRow6":[{"id":"CD8DE521-5F95-41D5-A427-8E897E8B7DA3"},{"id":"03B77ACD-5A45-4BE8-9951-0107451EDA97"},{"id":"3A13022F-64FD-4C7A-9DCE-B747759D275E"}],"arrow_left":{"fromDetail":{"isSFSymbol":true,"output":{"arrow_keys":{"_0":"left_arrow"}},"display":"arrowtriangle.left.fill"},"keyShape":"arrow_LR","id":"2CFCFB4B-DDA4-405D-BA48-D2FD73FAC6FF","toDetailCollection":{}},"arrow_up":{"id":"9E4F4F1B-0112-4749-82EE-122F90C25516","fromDetail":{"output":{"arrow_keys":{"_0":"up_arrow"}},"display":"arrowtriangle.up.fill","isSFSymbol":true},"toDetailCollection":{},"keyShape":"arrow_Up"},"idsInOrderRow4":[{"id":"FE0D66E4-3A27-4340-855A-0CF29D12FFEE"},{"id":"4ACEB4E0-1519-4843-89C7-2335DDC09CD2"},{"id":"35AF8B7B-5B53-4870-858A-11814031B90A"},{"id":"FFE0D72D-5B3F-4B07-B0EA-6FBB6D33043B"}],"row6":[{"fromDetail":{"output":{"keypad_keys":{"_0":"keypad_period"}},"display":"."},"id":"3A13022F-64FD-4C7A-9DCE-B747759D275E","toDetailCollection":{}},{"id":"03B77ACD-5A45-4BE8-9951-0107451EDA97","fromDetail":{"display":",","output":{"keypad_keys":{"_0":"keypad_comma"}}},"toDetailCollection":{}},{"toDetailCollection":{},"id":"CD8DE521-5F95-41D5-A427-8E897E8B7DA3","fromDetail":{"output":{"keypad_keys":{"_0":"keypad_0"}},"display":"0"}}],"rowIndex_arrow":{"row6":{}},"idsInOrderRow5":[{"id":"94CAA5E8-3A99-4783-8217-7BE8075575C4"},{"id":"9ECEC260-9239-4658-86A2-7E88A26618C4"},{"id":"F3950843-255A-48CF-BA31-67CEEFCD3309"},{"id":"50FB50FD-2889-42AC-9628-B40D406C1F4E"}],"idsInOrderRow3":[{"id":"50D67470-3057-4372-8F41-D1F365241223"},{"id":"2B2EE245-3837-47F8-935A-992D5C00E686"},{"id":"9307EB0E-CD87-44C4-BB59-F45507D334EE"},{"id":"9E0AF00B-5210-4394-AADA-D1D0D0940D0E"}],"row5":[{"id":"94CAA5E8-3A99-4783-8217-7BE8075575C4","fromDetail":{"display":"1","output":{"keypad_keys":{"_0":"keypad_1"}}},"toDetailCollection":{}},{"fromDetail":{"display":"3","output":{"keypad_keys":{"_0":"keypad_3"}}},"toDetailCollection":{},"id":"F3950843-255A-48CF-BA31-67CEEFCD3309"},{"fromDetail":{"display":"2","output":{"keypad_keys":{"_0":"keypad_2"}}},"id":"9ECEC260-9239-4658-86A2-7E88A26618C4","toDetailCollection":{}},{"keyShape":"enter_Tenkey","toDetailCollection":{},"id":"50FB50FD-2889-42AC-9628-B40D406C1F4E","fromDetail":{"output":{"keypad_keys":{"_0":"keypad_enter"}},"display":"projective","isSFSymbol":true}}],"idsInOrderRow1":[{"id":"14AD9B4E-39D0-403C-BF16-7C84FF535EB6"},{"id":"2E273EC6-3CD0-4C26-BA15-BD345AB8D9A7"},{"id":"F3F444BA-0E4F-4447-B23F-8396B0F38E29"},{"id":"95AC0BC8-6EEF-4899-9EC6-37F84DECE0A2"}],"enableArrowKeys":false,"arrow_down":{"keyShape":"arrow_Down","fromDetail":{"isSFSymbol":true,"display":"arrowtriangle.down.fill","output":{"arrow_keys":{"_0":"down_arrow"}}},"toDetailCollection":{},"id":"99AB5E29-0843-4042-B129-487FE3EF80DD"},"idsInOrderRow2":[{"id":"AFE39942-6985-4B43-A5FA-1B3479BC6CC4"},{"id":"60CAF66A-0A3C-4C17-9D0F-E8DB5D397B80"},{"id":"27CA6AB1-95B6-4BAD-BE71-1BEEE69187CC"},{"id":"09E5F7FE-C424-4EA4-968F-D844E96E266B"}],"row2":[{"toDetailCollection":{},"id":"60CAF66A-0A3C-4C17-9D0F-E8DB5D397B80","fromDetail":{"display":"=","output":{"keypad_keys":{"_0":"keypad_equal_sign"}}}},{"fromDetail":{"display":"*","output":{"keypad_keys":{"_0":"keypad_asterisk"}}},"toDetailCollection":{},"id":"09E5F7FE-C424-4EA4-968F-D844E96E266B"},{"toDetailCollection":{},"fromDetail":{"output":{"others":{"_0":"clear"}},"display":"clear"},"id":"AFE39942-6985-4B43-A5FA-1B3479BC6CC4"},{"id":"27CA6AB1-95B6-4BAD-BE71-1BEEE69187CC","toDetailCollection":{},"fromDetail":{"output":{"keypad_keys":{"_0":"keypad_slash"}},"display":"\/"}}],"row1":[{"fromDetail":{"display":"F18","output":{"function_keys":{"_0":"f18"}}},"toDetailCollection":{},"id":"F3F444BA-0E4F-4447-B23F-8396B0F38E29"},{"fromDetail":{"display":"F17","output":{"function_keys":{"_0":"f17"}}},"id":"2E273EC6-3CD0-4C26-BA15-BD345AB8D9A7","toDetailCollection":{}},{"id":"95AC0BC8-6EEF-4899-9EC6-37F84DECE0A2","toDetailCollection":{},"fromDetail":{"output":{"function_keys":{"_0":"f19"}},"display":"F19"}},{"id":"14AD9B4E-39D0-403C-BF16-7C84FF535EB6","fromDetail":{"output":{"function_keys":{"_0":"f16"}},"display":"F16"},"toDetailCollection":{}}],"row4":[{"id":"35AF8B7B-5B53-4870-858A-11814031B90A","fromDetail":{"output":{"keypad_keys":{"_0":"keypad_6"}},"display":"6"},"toDetailCollection":{}},{"fromDetail":{"display":"+","output":{"keypad_keys":{"_0":"keypad_plus"}}},"toDetailCollection":{},"id":"FFE0D72D-5B3F-4B07-B0EA-6FBB6D33043B"},{"toDetailCollection":{},"id":"4ACEB4E0-1519-4843-89C7-2335DDC09CD2","fromDetail":{"output":{"keypad_keys":{"_0":"keypad_5"}},"display":"5"}},{"fromDetail":{"display":"4","output":{"keypad_keys":{"_0":"keypad_4"}}},"toDetailCollection":{},"id":"FE0D66E4-3A27-4340-855A-0CF29D12FFEE"}],"row3":[{"fromDetail":{"output":{"keypad_keys":{"_0":"keypad_9"}},"display":"9"},"toDetailCollection":{},"id":"9307EB0E-CD87-44C4-BB59-F45507D334EE"},{"id":"2B2EE245-3837-47F8-935A-992D5C00E686","toDetailCollection":{},"fromDetail":{"output":{"keypad_keys":{"_0":"keypad_8"}},"display":"8"}},{"fromDetail":{"output":{"keypad_keys":{"_0":"keypad_7"}},"display":"7"},"toDetailCollection":{},"id":"50D67470-3057-4372-8F41-D1F365241223"},{"id":"9E0AF00B-5210-4394-AADA-D1D0D0940D0E","fromDetail":{"output":{"keypad_keys":{"_0":"keypad_hyphen"}},"display":"-"},"toDetailCollection":{}}],"arrow_right":{"keyShape":"arrow_LR","id":"D08C8518-3491-479A-B9C2-D502DA9DFDD8","toDetailCollection":{},"fromDetail":{"output":{"arrow_keys":{"_0":"right_arrow"}},"isSFSymbol":true,"display":"arrowtriangle.right.fill"}}},"isEnableSub":false,"isEnableTenkey":false,"mainRows":{"rowIndex_arrow":{"row6":{}},"arrow_up":{"id":"ECDAF0C5-C5F0-4D29-ACCF-73E20E676509","toDetailCollection":{},"fromDetail":{"isSFSymbol":true,"output":{"arrow_keys":{"_0":"up_arrow"}},"display":"arrowtriangle.up.fill"},"keyShape":"arrow_Up"},"arrow_right":{"id":"9B7AFA1D-AACB-4100-833C-94E7A2F3994C","keyShape":"arrow_LR","fromDetail":{"isSFSymbol":true,"output":{"arrow_keys":{"_0":"right_arrow"}},"display":"arrowtriangle.right.fill"},"toDetailCollection":{}},"row6":[{"id":"34103817-564A-415D-9813-5BB412DE930E","fromDetail":{"output":{"keypad_keys":{"_0":"keypad_period"}},"display":"."},"toDetailCollection":{}},{"id":"52910CB0-0E92-4211-BECD-43E2994807D2","fromDetail":{"display":"0","output":{"keypad_keys":{"_0":"keypad_0"}}},"toDetailCollection":{}},{"id":"D8B92EE2-0FA8-4864-AEC7-5B6930014865","toDetailCollection":{},"fromDetail":{"output":{"keypad_keys":{"_0":"keypad_comma"}},"display":","}}],"arrow_down":{"fromDetail":{"display":"arrowtriangle.down.fill","output":{"arrow_keys":{"_0":"down_arrow"}},"isSFSymbol":true},"id":"342EFE55-2ECB-477D-9A16-6F553103076D","toDetailCollection":{},"keyShape":"arrow_Down"},"enableArrowKeys":false,"idsInOrderRow1":[{"id":"2D342E14-90D4-43FA-B584-7B92EA207C55"},{"id":"C519FDFE-4F70-4285-AF0B-9CCD39510787"},{"id":"5D992D81-98DE-47C6-BE89-38866FC5A929"},{"id":"47732886-9877-4BEE-8619-74B7456C37EA"}],"row2":[{"id":"185A48E8-7CEE-440E-B1C8-7F885A980E48","toDetailCollection":{},"fromDetail":{"display":"\/","output":{"keypad_keys":{"_0":"keypad_slash"}}}},{"fromDetail":{"display":"*","output":{"keypad_keys":{"_0":"keypad_asterisk"}}},"id":"CBC1F1FF-2ABB-4243-BEE4-5F943F252BC7","toDetailCollection":{}},{"toDetailCollection":{},"fromDetail":{"output":{"keypad_keys":{"_0":"keypad_equal_sign"}},"display":"="},"id":"A969BD20-AA52-4978-8849-47A443057F36"},{"fromDetail":{"display":"clear","output":{"others":{"_0":"clear"}}},"id":"71A2005E-1D13-4A62-A133-68512DB09BB9","toDetailCollection":{}}],"idsInOrderRow3":[{"id":"4F287547-85B5-4FE2-B8CD-33C29F33F5F2"},{"id":"C2BB5223-ACA5-4FF8-A2F7-B3FD1CBB0C02"},{"id":"3B7BFAD8-8DB4-4B4A-AE68-9F176F868DD7"},{"id":"E2A7DCD7-5C0D-4E4D-A9E8-7B4A2053371C"}],"row1":[{"fromDetail":{"output":{"function_keys":{"_0":"f18"}},"display":"F18"},"toDetailCollection":{},"id":"5D992D81-98DE-47C6-BE89-38866FC5A929"},{"toDetailCollection":{},"id":"47732886-9877-4BEE-8619-74B7456C37EA","fromDetail":{"output":{"function_keys":{"_0":"f19"}},"display":"F19"}},{"id":"C519FDFE-4F70-4285-AF0B-9CCD39510787","fromDetail":{"output":{"function_keys":{"_0":"f17"}},"display":"F17"},"toDetailCollection":{}},{"toDetailCollection":{},"id":"2D342E14-90D4-43FA-B584-7B92EA207C55","fromDetail":{"output":{"function_keys":{"_0":"f16"}},"display":"F16"}}],"idsInOrderRow5":[{"id":"A40452B9-93BD-43AE-BC30-EB2B9886E3A0"},{"id":"274BC67F-9E97-44B6-8AC9-026F356578BA"},{"id":"D0DC1968-56E2-4E15-96AB-555A8B1F6C21"},{"id":"6C523AC0-3D24-4ED0-B09D-6D486136CA41"}],"idsInOrderRow6":[{"id":"52910CB0-0E92-4211-BECD-43E2994807D2"},{"id":"D8B92EE2-0FA8-4864-AEC7-5B6930014865"},{"id":"34103817-564A-415D-9813-5BB412DE930E"}],"idsInOrderRow2":[{"id":"71A2005E-1D13-4A62-A133-68512DB09BB9"},{"id":"A969BD20-AA52-4978-8849-47A443057F36"},{"id":"185A48E8-7CEE-440E-B1C8-7F885A980E48"},{"id":"CBC1F1FF-2ABB-4243-BEE4-5F943F252BC7"}],"idsInOrderRow4":[{"id":"104006BE-3BFF-4ACE-9BDC-FB28C1B5BCDB"},{"id":"18487918-10DA-4761-8270-05D71AD4EABF"},{"id":"F35E47B9-004F-40F3-9403-F64FAC567DBE"},{"id":"D35AFBB5-6E78-4D7D-8781-D7D9F2A16A53"}],"row3":[{"fromDetail":{"output":{"keypad_keys":{"_0":"keypad_9"}},"display":"9"},"id":"3B7BFAD8-8DB4-4B4A-AE68-9F176F868DD7","toDetailCollection":{}},{"fromDetail":{"output":{"keypad_keys":{"_0":"keypad_hyphen"}},"display":"-"},"toDetailCollection":{},"id":"E2A7DCD7-5C0D-4E4D-A9E8-7B4A2053371C"},{"fromDetail":{"output":{"keypad_keys":{"_0":"keypad_8"}},"display":"8"},"toDetailCollection":{},"id":"C2BB5223-ACA5-4FF8-A2F7-B3FD1CBB0C02"},{"toDetailCollection":{},"fromDetail":{"output":{"keypad_keys":{"_0":"keypad_7"}},"display":"7"},"id":"4F287547-85B5-4FE2-B8CD-33C29F33F5F2"}],"row4":[{"toDetailCollection":{},"fromDetail":{"display":"+","output":{"keypad_keys":{"_0":"keypad_plus"}}},"id":"D35AFBB5-6E78-4D7D-8781-D7D9F2A16A53"},{"fromDetail":{"display":"6","output":{"keypad_keys":{"_0":"keypad_6"}}},"toDetailCollection":{},"id":"F35E47B9-004F-40F3-9403-F64FAC567DBE"},{"id":"18487918-10DA-4761-8270-05D71AD4EABF","fromDetail":{"output":{"keypad_keys":{"_0":"keypad_5"}},"display":"5"},"toDetailCollection":{}},{"toDetailCollection":{},"id":"104006BE-3BFF-4ACE-9BDC-FB28C1B5BCDB","fromDetail":{"display":"4","output":{"keypad_keys":{"_0":"keypad_4"}}}}],"arrow_left":{"fromDetail":{"display":"arrowtriangle.left.fill","output":{"arrow_keys":{"_0":"left_arrow"}},"isSFSymbol":true},"toDetailCollection":{},"id":"18AF3D5E-9807-4394-A584-D97279FEB3C4","keyShape":"arrow_LR"},"row5":[{"id":"6C523AC0-3D24-4ED0-B09D-6D486136CA41","keyShape":"enter_Tenkey","toDetailCollection":{},"fromDetail":{"isSFSymbol":true,"output":{"keypad_keys":{"_0":"keypad_enter"}},"display":"projective"}},{"toDetailCollection":{},"id":"D0DC1968-56E2-4E15-96AB-555A8B1F6C21","fromDetail":{"output":{"keypad_keys":{"_0":"keypad_3"}},"display":"3"}},{"id":"274BC67F-9E97-44B6-8AC9-026F356578BA","toDetailCollection":{},"fromDetail":{"output":{"keypad_keys":{"_0":"keypad_2"}},"display":"2"}},{"fromDetail":{"output":{"keypad_keys":{"_0":"keypad_1"}},"display":"1"},"toDetailCollection":{},"id":"A40452B9-93BD-43AE-BC30-EB2B9886E3A0"}]}},"validSections":{"sections":[{"main":{}}]},"mouse":{"subRows":{"enableArrowKeys":false,"row5":[{"id":"C3D538A0-B438-4190-B803-1CD15B3A7727","fromDetail":{"output":{"letter_keys":{"_0":"a"}},"display":"A"},"toDetailCollection":{}}],"rowIndex_arrow":{"row6":{}},"arrow_down":{"keyShape":"arrow_Down","toDetailCollection":{},"fromDetail":{"output":{"arrow_keys":{"_0":"down_arrow"}},"isSFSymbol":true,"display":"arrowtriangle.down.fill"},"id":"B987238F-5E05-42C2-B0D5-C16CC2AFA2E1"},"arrow_right":{"toDetailCollection":{},"fromDetail":{"output":{"arrow_keys":{"_0":"right_arrow"}},"display":"arrowtriangle.right.fill","isSFSymbol":true},"id":"9DA6ABA2-51B3-4A28-BAE3-68888C42D5CD","keyShape":"arrow_LR"},"arrow_up":{"keyShape":"arrow_Up","id":"ED00099F-CDAA-4161-9404-EC6826D275F3","toDetailCollection":{},"fromDetail":{"display":"arrowtriangle.up.fill","isSFSymbol":true,"output":{"arrow_keys":{"_0":"up_arrow"}}}},"row6":[{"id":"38CE4305-8170-4019-819A-C7655F5C66E8","toDetailCollection":{},"fromDetail":{"output":{"letter_keys":{"_0":"a"}},"display":"A"}}],"idsInOrderRow1":[{"id":"8676FB85-9C0E-40D1-9CCC-5EEA13EA9CAC"}],"idsInOrderRow5":[{"id":"C3D538A0-B438-4190-B803-1CD15B3A7727"}],"row3":[{"fromDetail":{"output":{"letter_keys":{"_0":"a"}},"display":"A"},"id":"DFDEAD5D-6BDC-4CD7-967B-630F6703B424","toDetailCollection":{}}],"row1":[{"toDetailCollection":{},"fromDetail":{"output":{"letter_keys":{"_0":"a"}},"display":"A"},"id":"8676FB85-9C0E-40D1-9CCC-5EEA13EA9CAC"}],"row2":[{"fromDetail":{"output":{"letter_keys":{"_0":"a"}},"display":"A"},"toDetailCollection":{},"id":"D98EB95C-C38C-415B-9730-7072608FA7B4"}],"arrow_left":{"id":"A65DC660-78F4-466E-9788-B67863C48BC8","keyShape":"arrow_LR","toDetailCollection":{},"fromDetail":{"output":{"arrow_keys":{"_0":"left_arrow"}},"display":"arrowtriangle.left.fill","isSFSymbol":true}},"idsInOrderRow4":[{"id":"16F9BDDD-FD9B-4775-BDD4-B35D2794BF97"}],"row4":[{"fromDetail":{"output":{"letter_keys":{"_0":"a"}},"display":"A"},"id":"16F9BDDD-FD9B-4775-BDD4-B35D2794BF97","toDetailCollection":{}}],"idsInOrderRow2":[{"id":"D98EB95C-C38C-415B-9730-7072608FA7B4"}],"idsInOrderRow3":[{"id":"DFDEAD5D-6BDC-4CD7-967B-630F6703B424"}],"idsInOrderRow6":[{"id":"38CE4305-8170-4019-819A-C7655F5C66E8"}]},"mainRows":{"row4":[{"id":"8A2FEF6C-A6BE-454D-ACC1-3415A1831257","toDetailCollection":{},"isSpacer":true,"fromDetail":{"output":{"letter_keys":{"_0":"a"}},"display":"A"}}],"row1":[{"toDetailCollection":{},"id":"64DC6583-12CB-4586-A1F6-FC6EE850ED3F","fromDetail":{"display":"R click","output":{"mouse_buttons":{"_0":"button2"}}}},{"id":"CCCD8252-9464-4360-B64E-7DB840D0BE9C","toDetailCollection":{},"fromDetail":{"display":"L click","output":{"mouse_buttons":{"_0":"button1"}}}}],"row2":[{"id":"8F2DD0AA-FB37-4417-94F4-608F4E65F044","toDetailCollection":{},"unitSize":0.5,"fromDetail":{"display":"A","output":{"letter_keys":{"_0":"a"}}},"isSpacer":true},{"id":"28E51A52-36F7-42F0-8395-C9D2B6BEA0E3","fromDetail":{"display":"M click","output":{"mouse_buttons":{"_0":"button3"}}},"toDetailCollection":{}}],"idsInOrderRow4":[{"id":"8A2FEF6C-A6BE-454D-ACC1-3415A1831257"}],"rowIndex_arrow":{"row6":{}},"idsInOrderRow5":[],"row3":[{"fromDetail":{"display":"A","output":{"letter_keys":{"_0":"a"}}},"id":"7B7A68DF-0DD0-4308-B1C6-19DBE00AC044","toDetailCollection":{},"isSpacer":true}],"idsInOrderRow6":[],"arrow_up":{"id":"FBD7738A-2B64-465A-8A95-7362A18E8E69","fromDetail":{"display":"arrowtriangle.up.fill","isSFSymbol":true,"output":{"arrow_keys":{"_0":"up_arrow"}}},"toDetailCollection":{},"keyShape":"arrow_Up"},"row5":[],"arrow_left":{"id":"FDA181B4-3E35-4F21-8F6C-24BFCAD92022","fromDetail":{"isSFSymbol":true,"display":"arrowtriangle.left.fill","output":{"arrow_keys":{"_0":"left_arrow"}}},"keyShape":"arrow_LR","toDetailCollection":{}},"idsInOrderRow1":[{"id":"CCCD8252-9464-4360-B64E-7DB840D0BE9C"},{"id":"64DC6583-12CB-4586-A1F6-FC6EE850ED3F"}],"arrow_down":{"toDetailCollection":{},"id":"87D64B3A-52DE-400D-81ED-5D7F265442EB","fromDetail":{"isSFSymbol":true,"output":{"arrow_keys":{"_0":"down_arrow"}},"display":"arrowtriangle.down.fill"},"keyShape":"arrow_Down"},"arrow_right":{"fromDetail":{"output":{"arrow_keys":{"_0":"right_arrow"}},"display":"arrowtriangle.right.fill","isSFSymbol":true},"toDetailCollection":{},"id":"67A9B238-4875-45B9-9E2B-EDB5694FACB1","keyShape":"arrow_LR"},"idsInOrderRow2":[{"id":"8F2DD0AA-FB37-4417-94F4-608F4E65F044"},{"id":"28E51A52-36F7-42F0-8395-C9D2B6BEA0E3"}],"row6":[],"idsInOrderRow3":[{"id":"7B7A68DF-0DD0-4308-B1C6-19DBE00AC044"}],"enableArrowKeys":false},"isEnableTenkey":false,"tenkeyRows":{"idsInOrderRow4":[{"id":"A1A7BDDA-812A-4E06-82EB-45B8E16744EB"}],"idsInOrderRow5":[{"id":"C45D37B2-1710-4B42-8666-B906F728A40F"}],"rowIndex_arrow":{"row6":{}},"arrow_up":{"keyShape":"arrow_Up","fromDetail":{"isSFSymbol":true,"display":"arrowtriangle.up.fill","output":{"arrow_keys":{"_0":"up_arrow"}}},"id":"D00BD6C1-17FD-4ADC-8AE7-43329B22FCF5","toDetailCollection":{}},"idsInOrderRow2":[{"id":"3A80747F-5B63-479E-96DB-4FF624EBF420"}],"row3":[{"toDetailCollection":{},"fromDetail":{"display":"A","output":{"letter_keys":{"_0":"a"}}},"id":"A46E7317-97AB-4C69-8EEE-08B0A06068E7"}],"idsInOrderRow6":[{"id":"349DB98E-DBDD-4A7A-8ACF-73830CAD10A6"}],"arrow_right":{"fromDetail":{"output":{"arrow_keys":{"_0":"right_arrow"}},"display":"arrowtriangle.right.fill","isSFSymbol":true},"id":"30269A74-0330-456D-A0E2-268263252604","toDetailCollection":{},"keyShape":"arrow_LR"},"idsInOrderRow1":[{"id":"419677C2-D905-4A5C-AF2C-75A4A02E51C4"}],"arrow_down":{"keyShape":"arrow_Down","fromDetail":{"isSFSymbol":true,"output":{"arrow_keys":{"_0":"down_arrow"}},"display":"arrowtriangle.down.fill"},"id":"5873EA7C-8897-4E47-BA1C-9064251DDE5B","toDetailCollection":{}},"row2":[{"fromDetail":{"output":{"letter_keys":{"_0":"a"}},"display":"A"},"toDetailCollection":{},"id":"3A80747F-5B63-479E-96DB-4FF624EBF420"}],"row1":[{"fromDetail":{"display":"A","output":{"letter_keys":{"_0":"a"}}},"toDetailCollection":{},"id":"419677C2-D905-4A5C-AF2C-75A4A02E51C4"}],"idsInOrderRow3":[{"id":"A46E7317-97AB-4C69-8EEE-08B0A06068E7"}],"row6":[{"fromDetail":{"output":{"letter_keys":{"_0":"a"}},"display":"A"},"id":"349DB98E-DBDD-4A7A-8ACF-73830CAD10A6","toDetailCollection":{}}],"arrow_left":{"keyShape":"arrow_LR","id":"7CF223BE-E2BD-44CA-B12F-3B08ACA0BF10","toDetailCollection":{},"fromDetail":{"display":"arrowtriangle.left.fill","isSFSymbol":true,"output":{"arrow_keys":{"_0":"left_arrow"}}}},"enableArrowKeys":false,"row4":[{"fromDetail":{"output":{"letter_keys":{"_0":"a"}},"display":"A"},"toDetailCollection":{},"id":"A1A7BDDA-812A-4E06-82EB-45B8E16744EB"}],"row5":[{"id":"C45D37B2-1710-4B42-8666-B906F728A40F","toDetailCollection":{},"fromDetail":{"output":{"letter_keys":{"_0":"a"}},"display":"A"}}]},"sectionDetail":{"section":{"mouse":{}},"deviceDetail":{"is_vendor_id_Enabled":false,"product_id":"product_id","is_location_id_Enabled":false,"device_name":"mouse","vendor_id":"vendor_id","is_builtin_keyboard":false,"is_product_id_Enabled":false,"location_id":"location_id"}},"isEnableMain":true,"isEnableSub":false},"keycodeRegion":"JIS"},"selections":{"condition":"condition0","tab":{"remap":{}},"toDetail_macro":{"error":false,"withModifier":{},"outputAndDisplay":{"display":"none","layerKey":"layer0","output":{"letter_keys":{"_0":"a"}}},"indicator":false,"id":"D2AADCA0-DD9D-4E00-8EA0-95A93996B034"},"macro":{"id":"D477A08C-AA25-4AFC-93F4-E01891F227DD","name":"user Macro","toDetailCollection":{"_collection":[],"idsInOrderCollection":[]},"dictionary_key":null},"fromTab":{"qwertyKeyboard":{}},"customOrMacroTab":{"customizeKey":{}},"layer":"layer0","keyboardKey":{"id":"C562CCCC-D99D-4CF4-874A-6356D7F0D29B","fromDetail":{"output":{"letter_keys":{"_0":"a"}},"display":"A"},"toDetailCollection":{}},"macroTab":{"userMacro":{}},"toTab":"qwertyKeyboard","combo":{"comboThreshold":50,"toDetail":{},"key_up_order":"insensitive","key_down_order":"insensitive","id":"AE934B3A-8DCA-4ED1-9EDB-2C661D573E37"}},"name":"Astarte_JIS"}