{"keymap":{"validSections":{"sections":[{"main":{}}]},"mouse":{"sectionDetail":{"section":{"mouse":{}},"deviceDetail":{"vendor_id":"vendor_id","product_id":"product_id","is_location_id_Enabled":false,"is_builtin_keyboard":false,"device_name":"mouse","is_product_id_Enabled":false,"location_id":"location_id","is_vendor_id_Enabled":false}},"subRows":{"idsInOrderRow2":[{"id":"8CA6F7DF-D80C-4629-8EEB-164A6D007877"}],"row4":[{"id":"A6AFD46E-7344-494E-A8D9-B9F72372CE21","fromDetail":{"output":{"letter_keys":{"_0":"a"}},"display":"A"},"toDetailCollection":{}}],"row1":[{"toDetailCollection":{},"id":"E34F8413-8833-44CF-ABC6-112449DBD3E4","fromDetail":{"output":{"letter_keys":{"_0":"a"}},"display":"A"}}],"idsInOrderRow6":[{"id":"053362DF-0BB2-4B55-B4A6-781DD860BD35"}],"idsInOrderRow4":[{"id":"A6AFD46E-7344-494E-A8D9-B9F72372CE21"}],"row3":[{"id":"BE217AB3-AEFE-4AD8-9190-36DC12D0C505","toDetailCollection":{},"fromDetail":{"display":"A","output":{"letter_keys":{"_0":"a"}}}}],"row5":[{"toDetailCollection":{},"fromDetail":{"display":"A","output":{"letter_keys":{"_0":"a"}}},"id":"0DC31F0F-26E3-4243-A200-88B67574589A"}],"enableArrowKeys":false,"rowIndex_arrow":{"row6":{}},"arrow_up":{"toDetailCollection":{},"id":"8A85C522-089B-4640-A734-D6D02DA8EFD7","keyShape":"arrow_Up","fromDetail":{"output":{"arrow_keys":{"_0":"up_arrow"}},"isSFSymbol":true,"display":"arrowtriangle.up.fill"}},"idsInOrderRow3":[{"id":"BE217AB3-AEFE-4AD8-9190-36DC12D0C505"}],"arrow_down":{"id":"CFF0B316-2524-4D90-9554-0230A5B8C58C","keyShape":"arrow_Down","fromDetail":{"display":"arrowtriangle.down.fill","isSFSymbol":true,"output":{"arrow_keys":{"_0":"down_arrow"}}},"toDetailCollection":{}},"row2":[{"fromDetail":{"display":"A","output":{"letter_keys":{"_0":"a"}}},"id":"8CA6F7DF-D80C-4629-8EEB-164A6D007877","toDetailCollection":{}}],"idsInOrderRow5":[{"id":"0DC31F0F-26E3-4243-A200-88B67574589A"}],"arrow_right":{"toDetailCollection":{},"keyShape":"arrow_LR","fromDetail":{"output":{"arrow_keys":{"_0":"right_arrow"}},"display":"arrowtriangle.right.fill","isSFSymbol":true},"id":"9A5F8A61-F8A4-4A1A-AE69-FB7EC3648FF9"},"row6":[{"toDetailCollection":{},"id":"053362DF-0BB2-4B55-B4A6-781DD860BD35","fromDetail":{"output":{"letter_keys":{"_0":"a"}},"display":"A"}}],"idsInOrderRow1":[{"id":"E34F8413-8833-44CF-ABC6-112449DBD3E4"}],"arrow_left":{"keyShape":"arrow_LR","toDetailCollection":{},"fromDetail":{"isSFSymbol":true,"display":"arrowtriangle.left.fill","output":{"arrow_keys":{"_0":"left_arrow"}}},"id":"3458DF6E-BDD2-4DFF-8B33-CB29E78077B1"}},"tenkeyRows":{"idsInOrderRow4":[{"id":"B8C0A8F6-6995-43CF-BDDF-232BA11D1FBD"}],"row5":[{"toDetailCollection":{},"id":"0197BE9E-3E91-4CB6-A59A-42BB07C97D71","fromDetail":{"display":"A","output":{"letter_keys":{"_0":"a"}}}}],"enableArrowKeys":false,"idsInOrderRow2":[{"id":"FAB54707-D834-455B-9F3E-B355BA14D62C"}],"idsInOrderRow3":[{"id":"2F47785E-20B1-4A6F-A8E4-B482D62AF1D2"}],"arrow_up":{"keyShape":"arrow_Up","id":"8D4A00B1-4129-4F95-960D-D6BCD04AFF1E","fromDetail":{"output":{"arrow_keys":{"_0":"up_arrow"}},"display":"arrowtriangle.up.fill","isSFSymbol":true},"toDetailCollection":{}},"idsInOrderRow6":[{"id":"7B04207A-2CB4-4B2E-A05D-7161851DB0FA"}],"arrow_right":{"fromDetail":{"output":{"arrow_keys":{"_0":"right_arrow"}},"display":"arrowtriangle.right.fill","isSFSymbol":true},"id":"59BDBBCE-0058-4503-9613-D336A85D609D","keyShape":"arrow_LR","toDetailCollection":{}},"arrow_left":{"id":"0FD69887-064B-4A68-830A-CBD8FF43FB44","fromDetail":{"display":"arrowtriangle.left.fill","output":{"arrow_keys":{"_0":"left_arrow"}},"isSFSymbol":true},"toDetailCollection":{},"keyShape":"arrow_LR"},"row4":[{"id":"B8C0A8F6-6995-43CF-BDDF-232BA11D1FBD","toDetailCollection":{},"fromDetail":{"output":{"letter_keys":{"_0":"a"}},"display":"A"}}],"idsInOrderRow1":[{"id":"5EAA2892-DECB-4C6E-B657-7AE052B7EEBE"}],"row1":[{"id":"5EAA2892-DECB-4C6E-B657-7AE052B7EEBE","fromDetail":{"display":"A","output":{"letter_keys":{"_0":"a"}}},"toDetailCollection":{}}],"row6":[{"fromDetail":{"output":{"letter_keys":{"_0":"a"}},"display":"A"},"toDetailCollection":{},"id":"7B04207A-2CB4-4B2E-A05D-7161851DB0FA"}],"idsInOrderRow5":[{"id":"0197BE9E-3E91-4CB6-A59A-42BB07C97D71"}],"row2":[{"id":"FAB54707-D834-455B-9F3E-B355BA14D62C","fromDetail":{"output":{"letter_keys":{"_0":"a"}},"display":"A"},"toDetailCollection":{}}],"row3":[{"toDetailCollection":{},"fromDetail":{"output":{"letter_keys":{"_0":"a"}},"display":"A"},"id":"2F47785E-20B1-4A6F-A8E4-B482D62AF1D2"}],"rowIndex_arrow":{"row6":{}},"arrow_down":{"keyShape":"arrow_Down","fromDetail":{"isSFSymbol":true,"output":{"arrow_keys":{"_0":"down_arrow"}},"display":"arrowtriangle.down.fill"},"id":"27854FCA-2D08-4812-A326-2693BE1DCAB6","toDetailCollection":{}}},"isEnableSub":false,"isEnableMain":true,"mainRows":{"rowIndex_arrow":{"row6":{}},"idsInOrderRow5":[],"arrow_up":{"keyShape":"arrow_Up","id":"5DC5BF42-A605-45BA-8716-6667CC2E326A","fromDetail":{"output":{"arrow_keys":{"_0":"up_arrow"}},"display":"arrowtriangle.up.fill","isSFSymbol":true},"toDetailCollection":{}},"idsInOrderRow4":[{"id":"E9F199A0-8A9A-4341-BE38-6EA2A21A199A"}],"idsInOrderRow6":[],"row1":[{"fromDetail":{"output":{"mouse_buttons":{"_0":"button2"}},"display":"R click"},"toDetailCollection":{},"id":"1AD2FE80-C3A1-468F-87C2-407525C6422D"},{"toDetailCollection":{},"fromDetail":{"display":"L click","output":{"mouse_buttons":{"_0":"button1"}}},"id":"538B16E5-281E-4110-8BF1-A77C052E9B8F"}],"row3":[{"fromDetail":{"output":{"letter_keys":{"_0":"a"}},"display":"A"},"toDetailCollection":{},"id":"5B8317D6-BF83-4600-ADF5-133D263E3D00","isSpacer":true}],"arrow_left":{"id":"552EE7D1-01F3-4C7C-9638-A418FA4D98F7","toDetailCollection":{},"keyShape":"arrow_LR","fromDetail":{"output":{"arrow_keys":{"_0":"left_arrow"}},"display":"arrowtriangle.left.fill","isSFSymbol":true}},"arrow_down":{"fromDetail":{"output":{"arrow_keys":{"_0":"down_arrow"}},"display":"arrowtriangle.down.fill","isSFSymbol":true},"id":"620043F9-845E-4B91-8803-52AAD2165F00","keyShape":"arrow_Down","toDetailCollection":{}},"arrow_right":{"keyShape":"arrow_LR","fromDetail":{"output":{"arrow_keys":{"_0":"right_arrow"}},"display":"arrowtriangle.right.fill","isSFSymbol":true},"id":"601667BC-7B66-415B-836B-953A149D2686","toDetailCollection":{}},"idsInOrderRow2":[{"id":"E61D04F6-FEEC-438D-A8E4-8A0AD4E18D50"},{"id":"3ECA20EF-CBF8-4BFB-AB43-124E7E85D872"}],"row5":[],"idsInOrderRow3":[{"id":"5B8317D6-BF83-4600-ADF5-133D263E3D00"}],"row2":[{"fromDetail":{"output":{"mouse_buttons":{"_0":"button3"}},"display":"M click"},"toDetailCollection":{},"id":"3ECA20EF-CBF8-4BFB-AB43-124E7E85D872"},{"isSpacer":true,"toDetailCollection":{},"fromDetail":{"display":"A","output":{"letter_keys":{"_0":"a"}}},"unitSize":0.5,"id":"E61D04F6-FEEC-438D-A8E4-8A0AD4E18D50"}],"row6":[],"row4":[{"fromDetail":{"display":"A","output":{"letter_keys":{"_0":"a"}}},"toDetailCollection":{},"isSpacer":true,"id":"E9F199A0-8A9A-4341-BE38-6EA2A21A199A"}],"idsInOrderRow1":[{"id":"538B16E5-281E-4110-8BF1-A77C052E9B8F"},{"id":"1AD2FE80-C3A1-468F-87C2-407525C6422D"}],"enableArrowKeys":false},"isEnableTenkey":false},"other":{"sectionDetail":{"section":{"other":{}},"deviceDetail":{"is_builtin_keyboard":false,"device_name":"otherDevice","is_product_id_Enabled":false,"vendor_id":"vendor_id","is_location_id_Enabled":false,"product_id":"product_id","location_id":"location_id","is_vendor_id_Enabled":false}},"isEnableSub":false,"tenkeyRows":{"enableArrowKeys":false,"idsInOrderRow3":[{"id":"08CDC294-1B8F-499A-A928-D52C04684B4E"},{"id":"4E98A91E-0860-4B0F-8914-E15EAC0C3B2E"},{"id":"1524A484-535E-40FB-A1B7-90BC6CC06424"},{"id":"91AA5181-837F-4E97-BBD6-EB9C8EC15B5E"}],"idsInOrderRow4":[{"id":"F304367B-1015-496A-9348-6B46335E74FB"},{"id":"EA0B2F9C-E042-4941-9A0F-3AD18D55277E"},{"id":"7C186A9A-9B2C-45C6-A7EA-4FA3F100F128"},{"id":"1CE56A2A-E13C-46E5-A75A-B94831F23707"}],"arrow_down":{"id":"90DA957B-9A24-4A61-96E2-62368DD189E6","fromDetail":{"isSFSymbol":true,"output":{"arrow_keys":{"_0":"down_arrow"}},"display":"arrowtriangle.down.fill"},"toDetailCollection":{},"keyShape":"arrow_Down"},"arrow_right":{"fromDetail":{"output":{"arrow_keys":{"_0":"right_arrow"}},"isSFSymbol":true,"display":"arrowtriangle.right.fill"},"keyShape":"arrow_LR","id":"07213DD8-4216-482B-8844-EBCE2FC7F4F0","toDetailCollection":{}},"idsInOrderRow6":[{"id":"06EB5EB4-98FE-4BF3-90A8-87D14B477329"},{"id":"DFBEB5A1-4311-4F25-BAFC-CC4104A1F37C"}],"row4":[{"id":"1CE56A2A-E13C-46E5-A75A-B94831F23707","fromDetail":{"display":"+","output":{"keypad_keys":{"_0":"keypad_plus"}}},"toDetailCollection":{}},{"id":"F304367B-1015-496A-9348-6B46335E74FB","fromDetail":{"display":"4","output":{"keypad_keys":{"_0":"keypad_4"}}},"toDetailCollection":{}},{"fromDetail":{"display":"5","output":{"keypad_keys":{"_0":"keypad_5"}}},"toDetailCollection":{},"id":"EA0B2F9C-E042-4941-9A0F-3AD18D55277E"},{"fromDetail":{"display":"6","output":{"keypad_keys":{"_0":"keypad_6"}}},"toDetailCollection":{},"id":"7C186A9A-9B2C-45C6-A7EA-4FA3F100F128"}],"row2":[{"fromDetail":{"display":"*","output":{"keypad_keys":{"_0":"keypad_asterisk"}}},"toDetailCollection":{},"id":"07C6D3A2-EC34-4C8F-BD6F-025BF74D1398"},{"id":"3C96F3D3-B6C6-4F08-B196-1ED99DF7BF03","fromDetail":{"output":{"others":{"_0":"clear"}},"display":"clear"},"toDetailCollection":{}},{"id":"3D5D2899-69C3-4293-A1F0-00633EC196DF","fromDetail":{"display":"=","output":{"keypad_keys":{"_0":"keypad_equal_sign"}}},"toDetailCollection":{}},{"id":"69B363F8-7B74-4566-B712-DB1E2441F14A","fromDetail":{"output":{"keypad_keys":{"_0":"keypad_slash"}},"display":"\/"},"toDetailCollection":{}}],"row6":[{"unitSize":2,"id":"06EB5EB4-98FE-4BF3-90A8-87D14B477329","fromDetail":{"display":"0","output":{"keypad_keys":{"_0":"keypad_0"}}},"toDetailCollection":{}},{"id":"DFBEB5A1-4311-4F25-BAFC-CC4104A1F37C","toDetailCollection":{},"fromDetail":{"display":".","output":{"keypad_keys":{"_0":"keypad_period"}}}}],"rowIndex_arrow":{"row6":{}},"arrow_left":{"fromDetail":{"display":"arrowtriangle.left.fill","output":{"arrow_keys":{"_0":"left_arrow"}},"isSFSymbol":true},"id":"2FBEC4DD-8F7A-43DB-BBB2-46A61F56949F","keyShape":"arrow_LR","toDetailCollection":{}},"row1":[{"id":"6E1871B8-5C9D-428E-9CEB-F2E531664AB9","toDetailCollection":{},"fromDetail":{"display":"F19","output":{"function_keys":{"_0":"f19"}}}},{"id":"25C88B24-0A43-4665-B500-93C5FBF53E98","toDetailCollection":{},"fromDetail":{"display":"F16","output":{"function_keys":{"_0":"f16"}}}},{"id":"E6D7D384-3717-4DF3-A0D0-3A63E72B5193","toDetailCollection":{},"fromDetail":{"display":"F17","output":{"function_keys":{"_0":"f17"}}}},{"id":"C2ED7BF8-ECA0-481D-8BCA-EFB2E367F4C4","fromDetail":{"display":"F18","output":{"function_keys":{"_0":"f18"}}},"toDetailCollection":{}}],"idsInOrderRow2":[{"id":"3C96F3D3-B6C6-4F08-B196-1ED99DF7BF03"},{"id":"3D5D2899-69C3-4293-A1F0-00633EC196DF"},{"id":"69B363F8-7B74-4566-B712-DB1E2441F14A"},{"id":"07C6D3A2-EC34-4C8F-BD6F-025BF74D1398"}],"idsInOrderRow5":[{"id":"5497E0A8-C60A-4ECF-91E4-A689EA3048B3"},{"id":"4AD9A25C-E632-4A73-A151-5AAA513D0602"},{"id":"A1B3DF8D-B17E-41B1-9B9A-50611619C681"},{"id":"840EDE4E-EE6E-40FA-9378-55649A659A3C"}],"row3":[{"fromDetail":{"output":{"keypad_keys":{"_0":"keypad_8"}},"display":"8"},"id":"4E98A91E-0860-4B0F-8914-E15EAC0C3B2E","toDetailCollection":{}},{"fromDetail":{"display":"-","output":{"keypad_keys":{"_0":"keypad_hyphen"}}},"toDetailCollection":{},"id":"91AA5181-837F-4E97-BBD6-EB9C8EC15B5E"},{"fromDetail":{"display":"7","output":{"keypad_keys":{"_0":"keypad_7"}}},"id":"08CDC294-1B8F-499A-A928-D52C04684B4E","toDetailCollection":{}},{"id":"1524A484-535E-40FB-A1B7-90BC6CC06424","fromDetail":{"output":{"keypad_keys":{"_0":"keypad_9"}},"display":"9"},"toDetailCollection":{}}],"idsInOrderRow1":[{"id":"25C88B24-0A43-4665-B500-93C5FBF53E98"},{"id":"E6D7D384-3717-4DF3-A0D0-3A63E72B5193"},{"id":"C2ED7BF8-ECA0-481D-8BCA-EFB2E367F4C4"},{"id":"6E1871B8-5C9D-428E-9CEB-F2E531664AB9"}],"row5":[{"id":"A1B3DF8D-B17E-41B1-9B9A-50611619C681","toDetailCollection":{},"fromDetail":{"display":"3","output":{"keypad_keys":{"_0":"keypad_3"}}}},{"keyShape":"enter_Tenkey","fromDetail":{"display":"projective","isSFSymbol":true,"output":{"keypad_keys":{"_0":"keypad_enter"}}},"toDetailCollection":{},"id":"840EDE4E-EE6E-40FA-9378-55649A659A3C"},{"id":"5497E0A8-C60A-4ECF-91E4-A689EA3048B3","fromDetail":{"output":{"keypad_keys":{"_0":"keypad_1"}},"display":"1"},"toDetailCollection":{}},{"toDetailCollection":{},"id":"4AD9A25C-E632-4A73-A151-5AAA513D0602","fromDetail":{"display":"2","output":{"keypad_keys":{"_0":"keypad_2"}}}}],"arrow_up":{"fromDetail":{"display":"arrowtriangle.up.fill","output":{"arrow_keys":{"_0":"up_arrow"}},"isSFSymbol":true},"keyShape":"arrow_Up","id":"6A71966D-1EC3-4EE1-B3E6-2262D2EB3F84","toDetailCollection":{}}},"mainRows":{"row1":[{"toDetailCollection":{},"id":"49C08F72-E9F3-4F9D-AD39-206A495A4379","fromDetail":{"display":"F17","output":{"function_keys":{"_0":"f17"}}}},{"fromDetail":{"display":"F19","output":{"function_keys":{"_0":"f19"}}},"id":"34A62A10-621D-4D02-8C06-E30699D23A56","toDetailCollection":{}},{"fromDetail":{"output":{"function_keys":{"_0":"f18"}},"display":"F18"},"toDetailCollection":{},"id":"3C253E8E-EA66-4E55-ABDF-B2ABFABEFFD5"},{"id":"85974B30-5AEA-4D37-8A13-365928E1008D","fromDetail":{"output":{"function_keys":{"_0":"f16"}},"display":"F16"},"toDetailCollection":{}}],"row6":[{"fromDetail":{"display":".","output":{"keypad_keys":{"_0":"keypad_period"}}},"id":"BAED2EFA-209C-431D-979B-39316DA9B5AE","toDetailCollection":{}},{"unitSize":2,"toDetailCollection":{},"fromDetail":{"display":"0","output":{"keypad_keys":{"_0":"keypad_0"}}},"id":"6F62D021-085C-4944-B0D8-FE48248C9793"}],"row3":[{"id":"57AFF7E5-D8BD-478C-A13B-2F32043B99B2","fromDetail":{"display":"8","output":{"keypad_keys":{"_0":"keypad_8"}}},"toDetailCollection":{}},{"toDetailCollection":{},"id":"06FA95C8-C919-4916-803E-0350223E64AC","fromDetail":{"display":"-","output":{"keypad_keys":{"_0":"keypad_hyphen"}}}},{"id":"63F85778-5B45-4308-84A8-D8DC5F7D7991","fromDetail":{"display":"9","output":{"keypad_keys":{"_0":"keypad_9"}}},"toDetailCollection":{}},{"toDetailCollection":{},"fromDetail":{"display":"7","output":{"keypad_keys":{"_0":"keypad_7"}}},"id":"8A09EE5C-3A2C-4D47-A420-CA992E6EE570"}],"arrow_down":{"id":"2DD12A74-4FEA-4B31-875D-7FA48507F6B2","toDetailCollection":{},"keyShape":"arrow_Down","fromDetail":{"display":"arrowtriangle.down.fill","isSFSymbol":true,"output":{"arrow_keys":{"_0":"down_arrow"}}}},"row5":[{"toDetailCollection":{},"id":"CFC24C6F-2765-4FD1-92FB-10A198085A17","fromDetail":{"output":{"keypad_keys":{"_0":"keypad_1"}},"display":"1"}},{"fromDetail":{"output":{"keypad_keys":{"_0":"keypad_enter"}},"display":"projective","isSFSymbol":true},"toDetailCollection":{},"id":"720601CA-FDE6-43A7-96DA-CF1EBACB6FFE","keyShape":"enter_Tenkey"},{"id":"F883C087-ED99-479C-9979-FC6A27EB626A","toDetailCollection":{},"fromDetail":{"display":"3","output":{"keypad_keys":{"_0":"keypad_3"}}}},{"toDetailCollection":{},"id":"79474EF3-23CF-47BF-971C-78AED9787D38","fromDetail":{"display":"2","output":{"keypad_keys":{"_0":"keypad_2"}}}}],"idsInOrderRow1":[{"id":"85974B30-5AEA-4D37-8A13-365928E1008D"},{"id":"49C08F72-E9F3-4F9D-AD39-206A495A4379"},{"id":"3C253E8E-EA66-4E55-ABDF-B2ABFABEFFD5"},{"id":"34A62A10-621D-4D02-8C06-E30699D23A56"}],"arrow_right":{"fromDetail":{"isSFSymbol":true,"output":{"arrow_keys":{"_0":"right_arrow"}},"display":"arrowtriangle.right.fill"},"id":"CDFCD230-5391-4218-A6F8-00999C122324","keyShape":"arrow_LR","toDetailCollection":{}},"enableArrowKeys":false,"row4":[{"toDetailCollection":{},"id":"E7E41E59-90A7-478D-8370-D22D0D0C6396","fromDetail":{"output":{"keypad_keys":{"_0":"keypad_5"}},"display":"5"}},{"fromDetail":{"output":{"keypad_keys":{"_0":"keypad_4"}},"display":"4"},"toDetailCollection":{},"id":"3A3C45E2-4FAD-441A-A7B5-400D0060EC1C"},{"toDetailCollection":{},"id":"17BE2EC9-F9E8-437B-B6BE-2319D16198BF","fromDetail":{"output":{"keypad_keys":{"_0":"keypad_plus"}},"display":"+"}},{"toDetailCollection":{},"id":"D6A48F22-3604-4D8A-8127-CE5AD7BE2680","fromDetail":{"display":"6","output":{"keypad_keys":{"_0":"keypad_6"}}}}],"row2":[{"id":"27CB0518-7AA7-46ED-9059-3DA1DB56CE1D","toDetailCollection":{},"fromDetail":{"output":{"keypad_keys":{"_0":"keypad_asterisk"}},"display":"*"}},{"id":"09717B06-55A9-499D-9018-DF6CD40BA932","fromDetail":{"output":{"keypad_keys":{"_0":"keypad_slash"}},"display":"\/"},"toDetailCollection":{}},{"fromDetail":{"output":{"keypad_keys":{"_0":"keypad_equal_sign"}},"display":"="},"toDetailCollection":{},"id":"5ED48D09-C40C-41D8-8E1F-A42DCD4C95EF"},{"id":"D77880E3-D1B2-4016-A073-0135AF0AEB02","fromDetail":{"output":{"others":{"_0":"clear"}},"display":"clear"},"toDetailCollection":{}}],"idsInOrderRow4":[{"id":"3A3C45E2-4FAD-441A-A7B5-400D0060EC1C"},{"id":"E7E41E59-90A7-478D-8370-D22D0D0C6396"},{"id":"D6A48F22-3604-4D8A-8127-CE5AD7BE2680"},{"id":"17BE2EC9-F9E8-437B-B6BE-2319D16198BF"}],"idsInOrderRow2":[{"id":"D77880E3-D1B2-4016-A073-0135AF0AEB02"},{"id":"5ED48D09-C40C-41D8-8E1F-A42DCD4C95EF"},{"id":"09717B06-55A9-499D-9018-DF6CD40BA932"},{"id":"27CB0518-7AA7-46ED-9059-3DA1DB56CE1D"}],"idsInOrderRow3":[{"id":"8A09EE5C-3A2C-4D47-A420-CA992E6EE570"},{"id":"57AFF7E5-D8BD-478C-A13B-2F32043B99B2"},{"id":"63F85778-5B45-4308-84A8-D8DC5F7D7991"},{"id":"06FA95C8-C919-4916-803E-0350223E64AC"}],"arrow_left":{"keyShape":"arrow_LR","toDetailCollection":{},"id":"9FA24FBF-8617-4A5E-9552-88445595802B","fromDetail":{"output":{"arrow_keys":{"_0":"left_arrow"}},"isSFSymbol":true,"display":"arrowtriangle.left.fill"}},"arrow_up":{"toDetailCollection":{},"keyShape":"arrow_Up","fromDetail":{"output":{"arrow_keys":{"_0":"up_arrow"}},"display":"arrowtriangle.up.fill","isSFSymbol":true},"id":"1CB5CA1F-28CC-4275-955D-DDC03DA32A42"},"rowIndex_arrow":{"row6":{}},"idsInOrderRow5":[{"id":"CFC24C6F-2765-4FD1-92FB-10A198085A17"},{"id":"79474EF3-23CF-47BF-971C-78AED9787D38"},{"id":"F883C087-ED99-479C-9979-FC6A27EB626A"},{"id":"720601CA-FDE6-43A7-96DA-CF1EBACB6FFE"}],"idsInOrderRow6":[{"id":"6F62D021-085C-4944-B0D8-FE48248C9793"},{"id":"BAED2EFA-209C-431D-979B-39316DA9B5AE"}]},"isEnableTenkey":false,"subRows":{"row2":[{"fromDetail":{"output":{"arrow_keys":{"_0":"home"}},"display":"arrow.up.to.line","isSFSymbol":true},"id":"35A0468F-9F01-4663-82D3-415677CC1BC5","toDetailCollection":{}},{"id":"FEF71C06-C44F-414C-8099-2B22C2F7203E","fromDetail":{"isSFSymbol":true,"display":"arrow.up","output":{"arrow_keys":{"_0":"page_up"}}},"toDetailCollection":{}},{"fromDetail":{"display":"text.insert","isSFSymbol":true,"output":{"keys_in_pc_keyboards":{"_0":"insert"}}},"toDetailCollection":{},"id":"11A15065-D561-456D-85E6-899F85DBB359"}],"idsInOrderRow3":[{"id":"CA085820-126E-4367-B97D-62128EF5F4CD"},{"id":"3C516C9B-6DBE-41FD-B586-7BD2AD010302"},{"id":"B66A6CBE-CDB0-49AD-95D9-859A887D4B27"}],"arrow_up":{"keyShape":"arrow_Up","toDetailCollection":{},"id":"251CF145-0000-4753-9AE0-2DF579F52E5D","fromDetail":{"isSFSymbol":true,"output":{"arrow_keys":{"_0":"up_arrow"}},"display":"arrowtriangle.up.fill"}},"row3":[{"toDetailCollection":{},"id":"B66A6CBE-CDB0-49AD-95D9-859A887D4B27","fromDetail":{"display":"arrow.down","output":{"arrow_keys":{"_0":"page_down"}},"isSFSymbol":true}},{"toDetailCollection":{},"fromDetail":{"display":"arrow.down.to.line","isSFSymbol":true,"output":{"arrow_keys":{"_0":"end"}}},"id":"3C516C9B-6DBE-41FD-B586-7BD2AD010302"},{"id":"CA085820-126E-4367-B97D-62128EF5F4CD","fromDetail":{"output":{"controls_and_symbols":{"_0":"delete_forward"}},"isSFSymbol":true,"display":"delete.right"},"toDetailCollection":{}}],"row5":[{"fromDetail":{"isSFSymbol":true,"display":"arrowtriangle.up.fill","output":{"arrow_keys":{"_0":"up_arrow"}}},"toDetailCollection":{},"id":"26F06A19-988D-4DAB-80AF-C325400A62ED"},{"id":"C83DAF96-876E-4F1B-ADA8-80FDF6841E7C","toDetailCollection":{},"isSpacer":true,"fromDetail":{"display":"A","output":{"letter_keys":{"_0":"a"}}}}],"idsInOrderRow5":[{"id":"C83DAF96-876E-4F1B-ADA8-80FDF6841E7C"},{"id":"26F06A19-988D-4DAB-80AF-C325400A62ED"}],"row1":[{"toDetailCollection":{},"id":"A4693E4F-075F-4440-B071-36770F347F4A","fromDetail":{"output":{"function_keys":{"_0":"f14"}},"display":"F14"}},{"fromDetail":{"output":{"function_keys":{"_0":"f15"}},"display":"F15"},"toDetailCollection":{},"id":"BE5FA6CC-D154-4A5F-B58F-090BF0188047"},{"toDetailCollection":{},"id":"6AF77DF6-E80D-4A4A-8C5B-8E0436DAE68D","fromDetail":{"display":"F13","output":{"function_keys":{"_0":"f13"}}}}],"row6":[{"fromDetail":{"output":{"arrow_keys":{"_0":"left_arrow"}},"isSFSymbol":true,"display":"arrowtriangle.left.fill"},"toDetailCollection":{},"id":"9B414012-4886-489A-B7B7-4064F8D6C600"},{"toDetailCollection":{},"fromDetail":{"display":"arrowtriangle.down.fill","output":{"arrow_keys":{"_0":"down_arrow"}},"isSFSymbol":true},"id":"682E2B21-F3D9-43CE-BA3B-15B0C504DAD2"},{"fromDetail":{"display":"arrowtriangle.right.fill","output":{"arrow_keys":{"_0":"right_arrow"}},"isSFSymbol":true},"toDetailCollection":{},"id":"9BDDB675-95CC-44AA-BE01-69EFEEB11DA9"}],"arrow_left":{"toDetailCollection":{},"keyShape":"arrow_LR","fromDetail":{"output":{"arrow_keys":{"_0":"left_arrow"}},"isSFSymbol":true,"display":"arrowtriangle.left.fill"},"id":"A833B7AA-9293-49C1-AA75-86D882314B08"},"idsInOrderRow4":[],"arrow_down":{"id":"8CE77699-911E-41E5-A5C2-707476956F62","keyShape":"arrow_Down","toDetailCollection":{},"fromDetail":{"isSFSymbol":true,"display":"arrowtriangle.down.fill","output":{"arrow_keys":{"_0":"down_arrow"}}}},"enableArrowKeys":false,"arrow_right":{"toDetailCollection":{},"id":"E0545B51-EF61-4BD5-A0C7-ECE39EDEEE46","keyShape":"arrow_LR","fromDetail":{"output":{"arrow_keys":{"_0":"right_arrow"}},"isSFSymbol":true,"display":"arrowtriangle.right.fill"}},"rowIndex_arrow":{"row6":{}},"idsInOrderRow1":[{"id":"6AF77DF6-E80D-4A4A-8C5B-8E0436DAE68D"},{"id":"A4693E4F-075F-4440-B071-36770F347F4A"},{"id":"BE5FA6CC-D154-4A5F-B58F-090BF0188047"}],"idsInOrderRow6":[{"id":"9B414012-4886-489A-B7B7-4064F8D6C600"},{"id":"682E2B21-F3D9-43CE-BA3B-15B0C504DAD2"},{"id":"9BDDB675-95CC-44AA-BE01-69EFEEB11DA9"}],"row4":[],"idsInOrderRow2":[{"id":"11A15065-D561-456D-85E6-899F85DBB359"},{"id":"35A0468F-9F01-4663-82D3-415677CC1BC5"},{"id":"FEF71C06-C44F-414C-8099-2B22C2F7203E"}]},"isEnableMain":true},"main":{"tenkeyRows":{"idsInOrderRow3":[{"id":"334A350C-DC79-4F7C-ADBE-4E8CDCD72515"},{"id":"85A83590-3C39-49EC-82B2-B2492D9BF8A4"},{"id":"61F09ADA-6E8B-4F63-B7A3-FD8E178DAC81"},{"id":"C4A1A976-3420-49D5-9AB3-5429DAAA5391"}],"idsInOrderRow2":[{"id":"5967DD48-2653-4D96-831B-27A24D701B90"},{"id":"0055D687-24AD-4E9F-AE11-8344E6FEFCE7"},{"id":"84FF97B2-2820-497B-9D07-32E84C6B3EA4"},{"id":"30B46DD4-F26D-4E71-A4EA-8FEE4393DCF8"}],"row2":[{"toDetailCollection":{},"fromDetail":{"display":"clear","output":{"others":{"_0":"clear"}}},"id":"5967DD48-2653-4D96-831B-27A24D701B90"},{"id":"30B46DD4-F26D-4E71-A4EA-8FEE4393DCF8","fromDetail":{"output":{"keypad_keys":{"_0":"keypad_asterisk"}},"display":"*"},"toDetailCollection":{}},{"fromDetail":{"output":{"keypad_keys":{"_0":"keypad_slash"}},"display":"\/"},"id":"84FF97B2-2820-497B-9D07-32E84C6B3EA4","toDetailCollection":{}},{"id":"0055D687-24AD-4E9F-AE11-8344E6FEFCE7","toDetailCollection":{},"fromDetail":{"output":{"keypad_keys":{"_0":"keypad_equal_sign"}},"display":"="}}],"idsInOrderRow5":[{"id":"C646BED0-380F-4510-95FB-BA3425F1A36D"},{"id":"AC95A17C-7720-4633-8CBF-DE5314BC3F30"},{"id":"A6687611-CD72-43AC-A75E-6FAC60CAB732"},{"id":"07196C50-8819-4EA7-B4A4-B69B59FDAB29"}],"rowIndex_arrow":{"row6":{}},"arrow_left":{"fromDetail":{"isSFSymbol":true,"output":{"arrow_keys":{"_0":"left_arrow"}},"display":"arrowtriangle.left.fill"},"keyShape":"arrow_LR","toDetailCollection":{},"id":"4DD254C3-C252-4150-AE68-3549037E950B"},"idsInOrderRow4":[{"id":"59F67B28-E844-47EA-9504-A61356B312DE"},{"id":"81BE3D93-F05F-4EAD-9CC8-C11854637FC0"},{"id":"26151509-7368-49D6-BC36-149045D7311D"},{"id":"1C2C1DBB-14AE-4289-A13D-E986E6E7D7C0"}],"arrow_up":{"toDetailCollection":{},"id":"534ED931-5FE3-47B1-AB79-D47F03835E08","fromDetail":{"output":{"arrow_keys":{"_0":"up_arrow"}},"display":"arrowtriangle.up.fill","isSFSymbol":true},"keyShape":"arrow_Up"},"row6":[{"fromDetail":{"display":".","output":{"keypad_keys":{"_0":"keypad_period"}}},"toDetailCollection":{},"id":"564A2CE1-BD4F-4356-811E-0E01062F9F4A"},{"unitSize":2,"toDetailCollection":{},"fromDetail":{"display":"0","output":{"keypad_keys":{"_0":"keypad_0"}}},"id":"CDA1DEC2-9ED5-4A35-BE57-D265EC8F1FCF"}],"arrow_right":{"keyShape":"arrow_LR","fromDetail":{"display":"arrowtriangle.right.fill","isSFSymbol":true,"output":{"arrow_keys":{"_0":"right_arrow"}}},"id":"391496F8-746B-42A5-B05D-0D3E044BBFCA","toDetailCollection":{}},"enableArrowKeys":false,"row5":[{"id":"07196C50-8819-4EA7-B4A4-B69B59FDAB29","keyShape":"enter_Tenkey","toDetailCollection":{},"fromDetail":{"display":"projective","output":{"keypad_keys":{"_0":"keypad_enter"}},"isSFSymbol":true}},{"toDetailCollection":{},"id":"A6687611-CD72-43AC-A75E-6FAC60CAB732","fromDetail":{"output":{"keypad_keys":{"_0":"keypad_3"}},"display":"3"}},{"toDetailCollection":{},"id":"AC95A17C-7720-4633-8CBF-DE5314BC3F30","fromDetail":{"output":{"keypad_keys":{"_0":"keypad_2"}},"display":"2"}},{"toDetailCollection":{},"id":"C646BED0-380F-4510-95FB-BA3425F1A36D","fromDetail":{"display":"1","output":{"keypad_keys":{"_0":"keypad_1"}}}}],"row1":[{"fromDetail":{"display":"F19","output":{"function_keys":{"_0":"f19"}}},"toDetailCollection":{},"id":"6B6EFEB5-DA2A-429A-99C3-75ED1DE19222"},{"id":"58F1E740-7176-4A81-A9DE-815E53F7D56D","toDetailCollection":{},"fromDetail":{"display":"F18","output":{"function_keys":{"_0":"f18"}}}},{"fromDetail":{"output":{"function_keys":{"_0":"f17"}},"display":"F17"},"id":"F7C66F7F-C2D7-4B3C-8876-1C29302582A9","toDetailCollection":{}},{"id":"D45961A5-58CC-4164-9054-2FA4C158F74C","fromDetail":{"output":{"function_keys":{"_0":"f16"}},"display":"F16"},"toDetailCollection":{}}],"row3":[{"id":"334A350C-DC79-4F7C-ADBE-4E8CDCD72515","fromDetail":{"output":{"keypad_keys":{"_0":"keypad_7"}},"display":"7"},"toDetailCollection":{}},{"fromDetail":{"display":"-","output":{"keypad_keys":{"_0":"keypad_hyphen"}}},"id":"C4A1A976-3420-49D5-9AB3-5429DAAA5391","toDetailCollection":{}},{"id":"61F09ADA-6E8B-4F63-B7A3-FD8E178DAC81","toDetailCollection":{},"fromDetail":{"display":"9","output":{"keypad_keys":{"_0":"keypad_9"}}}},{"fromDetail":{"display":"8","output":{"keypad_keys":{"_0":"keypad_8"}}},"toDetailCollection":{},"id":"85A83590-3C39-49EC-82B2-B2492D9BF8A4"}],"arrow_down":{"keyShape":"arrow_Down","fromDetail":{"output":{"arrow_keys":{"_0":"down_arrow"}},"display":"arrowtriangle.down.fill","isSFSymbol":true},"id":"143FB35D-9C79-4C48-8A94-8E8931487071","toDetailCollection":{}},"idsInOrderRow6":[{"id":"CDA1DEC2-9ED5-4A35-BE57-D265EC8F1FCF"},{"id":"564A2CE1-BD4F-4356-811E-0E01062F9F4A"}],"row4":[{"id":"1C2C1DBB-14AE-4289-A13D-E986E6E7D7C0","fromDetail":{"output":{"keypad_keys":{"_0":"keypad_plus"}},"display":"+"},"toDetailCollection":{}},{"toDetailCollection":{},"id":"26151509-7368-49D6-BC36-149045D7311D","fromDetail":{"output":{"keypad_keys":{"_0":"keypad_6"}},"display":"6"}},{"toDetailCollection":{},"id":"81BE3D93-F05F-4EAD-9CC8-C11854637FC0","fromDetail":{"display":"5","output":{"keypad_keys":{"_0":"keypad_5"}}}},{"toDetailCollection":{},"id":"59F67B28-E844-47EA-9504-A61356B312DE","fromDetail":{"display":"4","output":{"keypad_keys":{"_0":"keypad_4"}}}}],"idsInOrderRow1":[{"id":"D45961A5-58CC-4164-9054-2FA4C158F74C"},{"id":"F7C66F7F-C2D7-4B3C-8876-1C29302582A9"},{"id":"58F1E740-7176-4A81-A9DE-815E53F7D56D"},{"id":"6B6EFEB5-DA2A-429A-99C3-75ED1DE19222"}]},"sectionDetail":{"deviceDetail":{"is_vendor_id_Enabled":false,"is_product_id_Enabled":false,"location_id":"location_id","is_location_id_Enabled":false,"device_name":"mainKeyboard","vendor_id":"vendor_id","product_id":"product_id","is_builtin_keyboard":false},"section":{"main":{}}},"isEnableMain":true,"isEnableTenkey":false,"isEnableSub":false,"subRows":{"idsInOrderRow2":[{"id":"835B0559-E734-4D1F-B066-FEAAE25FE6C7"},{"id":"C913A4F8-92B0-4995-BB92-C527EE37FF71"},{"id":"5AE025CF-60DA-4CE3-855F-C1B8C389114D"}],"rowIndex_arrow":{"row6":{}},"arrow_right":{"id":"80D2B1A4-0ED3-4C84-8BC8-A4E06885AEB5","fromDetail":{"isSFSymbol":true,"output":{"arrow_keys":{"_0":"right_arrow"}},"display":"arrowtriangle.right.fill"},"toDetailCollection":{},"keyShape":"arrow_LR"},"enableArrowKeys":false,"arrow_left":{"keyShape":"arrow_LR","toDetailCollection":{},"fromDetail":{"display":"arrowtriangle.left.fill","isSFSymbol":true,"output":{"arrow_keys":{"_0":"left_arrow"}}},"id":"0C5C8C43-D598-4CB9-BF67-6481AE5731F1"},"arrow_up":{"keyShape":"arrow_Up","toDetailCollection":{},"fromDetail":{"output":{"arrow_keys":{"_0":"up_arrow"}},"display":"arrowtriangle.up.fill","isSFSymbol":true},"id":"3095F691-BACE-4A18-B822-C0E9A0E14B58"},"row4":[],"row1":[{"toDetailCollection":{},"id":"494F2710-3E1B-4794-A3F3-876DD7D08432","fromDetail":{"output":{"function_keys":{"_0":"f15"}},"display":"F15"}},{"fromDetail":{"output":{"function_keys":{"_0":"f14"}},"display":"F14"},"toDetailCollection":{},"id":"AFE379BE-9036-4646-BF76-BA2582BF4E4C"},{"toDetailCollection":{},"fromDetail":{"output":{"function_keys":{"_0":"f13"}},"display":"F13"},"id":"0C832206-24BC-423C-BCE3-64BE78AB6A6A"}],"row6":[{"fromDetail":{"isSFSymbol":true,"output":{"arrow_keys":{"_0":"right_arrow"}},"display":"arrowtriangle.right.fill"},"toDetailCollection":{},"id":"B59B9881-6E6B-43F1-A618-80CDE3713B39"},{"toDetailCollection":{},"fromDetail":{"display":"arrowtriangle.down.fill","output":{"arrow_keys":{"_0":"down_arrow"}},"isSFSymbol":true},"id":"5C233044-84C4-4ECA-A531-7E93E6DE1EB2"},{"fromDetail":{"display":"arrowtriangle.left.fill","output":{"arrow_keys":{"_0":"left_arrow"}},"isSFSymbol":true},"toDetailCollection":{},"id":"A3010F68-5139-4B1B-9CD9-D8B847B57165"}],"row3":[{"fromDetail":{"isSFSymbol":true,"display":"delete.right","output":{"controls_and_symbols":{"_0":"delete_forward"}}},"toDetailCollection":{},"id":"92BC44D8-BECE-4C6E-8964-775708C61226"},{"toDetailCollection":{},"fromDetail":{"output":{"arrow_keys":{"_0":"page_down"}},"display":"arrow.down","isSFSymbol":true},"id":"D2C9370B-8D1F-4FB4-B376-50FC385A8C16"},{"fromDetail":{"isSFSymbol":true,"output":{"arrow_keys":{"_0":"end"}},"display":"arrow.down.to.line"},"toDetailCollection":{},"id":"F789209D-D00F-4DFD-81C2-FF8E28218D9F"}],"row2":[{"id":"5AE025CF-60DA-4CE3-855F-C1B8C389114D","toDetailCollection":{},"fromDetail":{"output":{"arrow_keys":{"_0":"page_up"}},"display":"arrow.up","isSFSymbol":true}},{"id":"C913A4F8-92B0-4995-BB92-C527EE37FF71","toDetailCollection":{},"fromDetail":{"output":{"arrow_keys":{"_0":"home"}},"display":"arrow.up.to.line","isSFSymbol":true}},{"toDetailCollection":{},"fromDetail":{"isSFSymbol":true,"output":{"keys_in_pc_keyboards":{"_0":"insert"}},"display":"text.insert"},"id":"835B0559-E734-4D1F-B066-FEAAE25FE6C7"}],"arrow_down":{"fromDetail":{"display":"arrowtriangle.down.fill","output":{"arrow_keys":{"_0":"down_arrow"}},"isSFSymbol":true},"keyShape":"arrow_Down","toDetailCollection":{},"id":"CCDAA0C7-B6F6-4F99-8512-5D1BA3B02D01"},"idsInOrderRow1":[{"id":"0C832206-24BC-423C-BCE3-64BE78AB6A6A"},{"id":"AFE379BE-9036-4646-BF76-BA2582BF4E4C"},{"id":"494F2710-3E1B-4794-A3F3-876DD7D08432"}],"idsInOrderRow6":[{"id":"A3010F68-5139-4B1B-9CD9-D8B847B57165"},{"id":"5C233044-84C4-4ECA-A531-7E93E6DE1EB2"},{"id":"B59B9881-6E6B-43F1-A618-80CDE3713B39"}],"idsInOrderRow5":[{"id":"B1B67580-0A5D-4305-9063-20027D9972F3"},{"id":"AF788E10-FF49-49E4-9369-67ECBED5D83D"}],"idsInOrderRow3":[{"id":"92BC44D8-BECE-4C6E-8964-775708C61226"},{"id":"F789209D-D00F-4DFD-81C2-FF8E28218D9F"},{"id":"D2C9370B-8D1F-4FB4-B376-50FC385A8C16"}],"idsInOrderRow4":[],"row5":[{"id":"AF788E10-FF49-49E4-9369-67ECBED5D83D","fromDetail":{"display":"arrowtriangle.up.fill","output":{"arrow_keys":{"_0":"up_arrow"}},"isSFSymbol":true},"toDetailCollection":{}},{"id":"B1B67580-0A5D-4305-9063-20027D9972F3","toDetailCollection":{},"isSpacer":true,"fromDetail":{"output":{"letter_keys":{"_0":"a"}},"display":"A"}}]},"mainRows":{"idsInOrderRow3":[{"id":"8FA54259-7D7D-45E8-85B2-EA0BD3BD098E"},{"id":"96585CD5-BBD7-4925-AF5F-FD1C78748407"},{"id":"19E6C622-881A-4187-A24D-E802A8E5CB93"},{"id":"7A5C884E-40E3-40B1-88EE-94CBDA2EB038"},{"id":"DB5EB346-B965-40E8-A04F-7EEC84C33B05"},{"id":"1EFBF179-F02E-4A0A-834D-BDD4A4AF4413"},{"id":"53505411-0BA9-47CD-847D-73E8BA55265D"},{"id":"FA002F70-D217-45D6-9A5B-4B8580BC3BAE"},{"id":"63CBC20D-0DAE-4A78-BFD7-EA57D5685330"},{"id":"EA6D9DB6-A2A1-43B8-A599-82972416FCE6"},{"id":"DD1454D5-D7B1-4EF7-B886-425B29C3947B"},{"id":"D07E866A-27AF-46BA-85A5-6555F7A16F02"},{"id":"CB9A4752-9658-4D54-9401-F51E4CF4CEBA"},{"id":"6A6D3245-297C-4FDD-8885-BDE17300B637"}],"row6":[{"fromDetail":{"display":"option","output":{"modifier_keys":{"_0":"left_option"}},"isSFSymbol":true},"toDetailCollection":{},"id":"C314E1A5-9D6D-4365-BDF6-F96D57A22BAE"},{"fromDetail":{"display":"control","output":{"modifier_keys":{"_0":"left_control"}},"isSFSymbol":true},"toDetailCollection":{},"id":"CDE9863F-00DC-4DCA-942D-54D78B89738F"},{"fromDetail":{"display":"␣","output":{"controls_and_symbols":{"_0":"spacebar"}}},"id":"07942676-6D76-48D8-9FEC-BCC8893F05F9","unitSize":5,"toDetailCollection":{}},{"fromDetail":{"isSFSymbol":true,"output":{"modifier_keys":{"_0":"right_command"}},"display":"command"},"id":"E8BDB866-D648-4388-B6F0-6F5328F8BD31","toDetailCollection":{},"unitSize":1.25},{"toDetailCollection":{},"fromDetail":{"isSFSymbol":true,"output":{"modifier_keys":{"_0":"keyboard_fn"}},"display":"globe"},"id":"2ED3AB47-3E64-4BAC-8E4E-94B42A69D8D9"},{"toDetailCollection":{},"id":"3597567A-4DB2-44B8-BEE3-4DC6419225B9","fromDetail":{"display":"option","output":{"modifier_keys":{"_0":"right_option"}},"isSFSymbol":true}},{"id":"6CD8CAB2-7CBC-4096-A39B-F69F8167F415","fromDetail":{"isSFSymbol":true,"output":{"modifier_keys":{"_0":"left_command"}},"display":"command"},"unitSize":1.25,"toDetailCollection":{}}],"row4":[{"id":"3226C590-6A12-41BB-9E73-3008A7C4E033","fromDetail":{"output":{"letter_keys":{"_0":"k"}},"display":"K"},"toDetailCollection":{"condition0":{"layer0":{"withModifier_tap":{},"isCustomized_tap":true,"outputAndDisplay_tap":{"display":"N","layerKey":"layer0","output":{"letter_keys":{"_0":"n"}}}}}}},{"id":"ACA2A2A1-AF4D-40CD-94A2-C414630BA2F7","fromDetail":{"display":"H","output":{"letter_keys":{"_0":"h"}}},"toDetailCollection":{"condition0":{"layer0":{"outputAndDisplay_tap":{"display":"K","output":{"letter_keys":{"_0":"k"}},"layerKey":"layer0"},"withModifier_tap":{},"isCustomized_tap":true}}}},{"id":"A25A8CC0-AB9C-426D-B87B-2A7919FD5825","fromDetail":{"output":{"letter_keys":{"_0":"s"}},"display":"S"},"toDetailCollection":{"condition0":{"layer0":{"isCustomized_tap":true,"outputAndDisplay_tap":{"layerKey":"layer0","output":{"letter_keys":{"_0":"o"}},"display":"O"},"withModifier_tap":{}}}}},{"fromDetail":{"display":"F","output":{"letter_keys":{"_0":"f"}}},"id":"A4414078-0F3E-447A-9A7C-2A947B645EEB","toDetailCollection":{"condition0":{"layer0":{"outputAndDisplay_tap":{"output":{"letter_keys":{"_0":"a"}},"layerKey":"layer0","display":"A"},"withModifier_tap":{},"isCustomized_tap":true}}}},{"id":"16FB9D81-45BC-4592-AE9D-BE6B34E97022","fromDetail":{"display":"L","output":{"letter_keys":{"_0":"l"}}},"toDetailCollection":{"condition0":{"layer0":{"isCustomized_tap":true,"outputAndDisplay_tap":{"output":{"letter_keys":{"_0":"s"}},"display":"S","layerKey":"layer0"},"withModifier_tap":{}}}}},{"toDetailCollection":{},"id":"1548D75C-912A-499C-A9D5-18EFFFF8943E","fromDetail":{"display":"\\","output":{"controls_and_symbols":{"_0":"backslash_or_yen"}}}},{"id":"3ECE6201-CAB2-44C1-AB9E-71B778912228","toDetailCollection":{"condition0":{"layer0":{"outputAndDisplay_tap":{"display":"E","output":{"letter_keys":{"_0":"e"}},"layerKey":"layer0"},"isCustomized_tap":true,"withModifier_tap":{}}}},"fromDetail":{"display":"D","output":{"letter_keys":{"_0":"d"}}}},{"fromDetail":{"display":"G","output":{"letter_keys":{"_0":"g"}}},"toDetailCollection":{"condition0":{"layer0":{"withModifier_tap":{},"isCustomized_tap":true,"outputAndDisplay_tap":{"layerKey":"layer0","display":".","output":{"controls_and_symbols":{"_0":"period"}}}}}},"id":"73861D3E-8D59-4C47-8B8F-C77150B627AC"},{"toDetailCollection":{},"id":"AF8CF37C-2F20-4BE2-B21C-25819D3AB469","fromDetail":{"output":{"controls_and_symbols":{"_0":"single_quotation_or_colon"}},"display":"'"}},{"unitSize":1.75,"toDetailCollection":{},"fromDetail":{"output":{"modifier_keys":{"_0":"caps_lock"}},"isSFSymbol":true,"display":"capslock"},"id":"770E7AE7-543D-493C-863D-7CDC9727EC86"},{"id":"7D2C81FE-318E-4524-9D20-45A3086CD6D9","toDetailCollection":{"condition0":{"layer0":{"withModifier_tap":{},"outputAndDisplay_tap":{"layerKey":"layer0","display":"R","output":{"letter_keys":{"_0":"r"}}},"isCustomized_tap":true}}},"fromDetail":{"display":";","output":{"controls_and_symbols":{"_0":"semicolon"}}}},{"toDetailCollection":{"condition0":{"layer0":{"withModifier_tap":{},"isCustomized_tap":true,"outputAndDisplay_tap":{"layerKey":"layer0","output":{"letter_keys":{"_0":"t"}},"display":"T"}}}},"id":"8EB0DD24-E3B9-4A94-83C0-626B9E78B576","fromDetail":{"output":{"letter_keys":{"_0":"j"}},"display":"J"}},{"fromDetail":{"display":"A","output":{"letter_keys":{"_0":"a"}}},"toDetailCollection":{"condition0":{"layer0":{"isCustomized_tap":true,"withModifier_tap":{},"outputAndDisplay_tap":{"output":{"letter_keys":{"_0":"i"}},"display":"I","layerKey":"layer0"}}}},"id":"988013BC-D46E-4327-ABD2-42072A1B42F3"}],"arrow_up":{"toDetailCollection":{},"fromDetail":{"output":{"arrow_keys":{"_0":"up_arrow"}},"display":"arrowtriangle.up.fill","isSFSymbol":true},"id":"5397EF02-31E9-4360-972F-E85D2F4D147B","keyShape":"arrow_Up"},"idsInOrderRow5":[{"id":"8861A579-5954-4D81-BACA-17C1054A1E3A"},{"id":"533064D5-8B47-4AC4-ACBA-73FC84A7F775"},{"id":"EB9BD571-73DC-4E01-BAF6-13B24BEE0DF2"},{"id":"AE6BA4F8-828E-4F49-AEFF-797EFE86ABFD"},{"id":"354CBBCC-D8AA-4FE1-B058-7D167BB91A7F"},{"id":"138E4201-0A3F-4D65-A474-33598117E2E1"},{"id":"5B8F02DD-DA29-425C-9179-D23424868781"},{"id":"5B9621B7-4F47-40FF-9C40-5A1F8255E03F"},{"id":"4114A522-F365-4628-93DA-D3EF971B1A05"},{"id":"C2647E13-6DFA-4094-B516-DFE61157D320"},{"id":"A2F5DD7D-8685-42E0-B773-2EF51ECD2C1A"},{"id":"23D209C7-C76E-4A2E-A0CD-3AA08451D672"},{"id":"00CC0D13-858D-46F2-828A-23DDC5E22C59"}],"rowIndex_arrow":{"row6":{}},"enableArrowKeys":true,"idsInOrderRow6":[{"id":"2ED3AB47-3E64-4BAC-8E4E-94B42A69D8D9"},{"id":"CDE9863F-00DC-4DCA-942D-54D78B89738F"},{"id":"C314E1A5-9D6D-4365-BDF6-F96D57A22BAE"},{"id":"6CD8CAB2-7CBC-4096-A39B-F69F8167F415"},{"id":"07942676-6D76-48D8-9FEC-BCC8893F05F9"},{"id":"E8BDB866-D648-4388-B6F0-6F5328F8BD31"},{"id":"3597567A-4DB2-44B8-BEE3-4DC6419225B9"}],"arrow_left":{"toDetailCollection":{},"fromDetail":{"output":{"arrow_keys":{"_0":"left_arrow"}},"isSFSymbol":true,"display":"arrowtriangle.left.fill"},"keyShape":"arrow_LR","id":"2932CBC3-ECC0-449F-B8A5-E189DE336729"},"row1":[{"id":"50A9F7B8-73A3-4AE0-9E0C-2AD131C67E5A","toDetailCollection":{},"fromDetail":{"output":{"function_keys":{"_0":"f10"}},"display":"F10"}},{"id":"3022807B-DA3B-4BA4-802F-87B146618527","toDetailCollection":{},"fromDetail":{"output":{"function_keys":{"_0":"f9"}},"display":"F9"}},{"id":"83DC6E05-6A2F-4428-A35F-DE1DAEEEE32B","toDetailCollection":{},"fromDetail":{"output":{"function_keys":{"_0":"f2"}},"display":"F2"}},{"toDetailCollection":{},"id":"FFB4C1D1-1D0D-47BB-978A-FA502ECA798B","fromDetail":{"display":"F8","output":{"function_keys":{"_0":"f8"}}}},{"id":"96861C8C-0A2E-4A5E-9BCD-B13540D77A50","fromDetail":{"output":{"function_keys":{"_0":"f5"}},"display":"F5"},"toDetailCollection":{}},{"id":"E45F7771-532D-48C2-9F57-622910E9ED41","fromDetail":{"output":{"function_keys":{"_0":"f4"}},"display":"F4"},"toDetailCollection":{}},{"toDetailCollection":{},"fromDetail":{"output":{"function_keys":{"_0":"f12"}},"display":"F12"},"id":"177A07AF-B1C7-4639-BFD8-844C3F085186"},{"id":"88DCC1DE-4EC8-4C70-86D0-0BE61851FAD9","fromDetail":{"display":"F3","output":{"function_keys":{"_0":"f3"}}},"toDetailCollection":{}},{"fromDetail":{"output":{"function_keys":{"_0":"f1"}},"display":"F1"},"toDetailCollection":{},"id":"8AF8FF7A-2041-490E-A732-F10580E8CE27"},{"toDetailCollection":{},"id":"264E04F6-1FE8-4D87-9E25-7B960F3610D8","fromDetail":{"output":{"function_keys":{"_0":"f7"}},"display":"F7"}},{"fromDetail":{"display":"escape","isSFSymbol":true,"output":{"controls_and_symbols":{"_0":"escape"}}},"toDetailCollection":{},"id":"E1972C80-EC6C-42B6-8E82-8ED5A42C0EEA","unitSize":1.5},{"toDetailCollection":{},"id":"68ABE015-2040-4409-A1E7-DC85094B1DCE","fromDetail":{"display":"F6","output":{"function_keys":{"_0":"f6"}}}},{"fromDetail":{"output":{"function_keys":{"_0":"f11"}},"display":"F11"},"id":"BCC83FC4-C408-4565-AFDD-CDBC38019394","toDetailCollection":{}}],"idsInOrderRow4":[{"id":"770E7AE7-543D-493C-863D-7CDC9727EC86"},{"id":"988013BC-D46E-4327-ABD2-42072A1B42F3"},{"id":"A25A8CC0-AB9C-426D-B87B-2A7919FD5825"},{"id":"3ECE6201-CAB2-44C1-AB9E-71B778912228"},{"id":"A4414078-0F3E-447A-9A7C-2A947B645EEB"},{"id":"73861D3E-8D59-4C47-8B8F-C77150B627AC"},{"id":"ACA2A2A1-AF4D-40CD-94A2-C414630BA2F7"},{"id":"8EB0DD24-E3B9-4A94-83C0-626B9E78B576"},{"id":"3226C590-6A12-41BB-9E73-3008A7C4E033"},{"id":"16FB9D81-45BC-4592-AE9D-BE6B34E97022"},{"id":"7D2C81FE-318E-4524-9D20-45A3086CD6D9"},{"id":"AF8CF37C-2F20-4BE2-B21C-25819D3AB469"},{"id":"1548D75C-912A-499C-A9D5-18EFFFF8943E"}],"arrow_down":{"toDetailCollection":{},"keyShape":"arrow_Down","fromDetail":{"display":"arrowtriangle.down.fill","isSFSymbol":true,"output":{"arrow_keys":{"_0":"down_arrow"}}},"id":"3AEDBF48-9B1F-4AA9-97E3-BC38AB8F2956"},"row2":[{"id":"0410B551-CEC8-4B84-8993-377728407125","toDetailCollection":{},"fromDetail":{"output":{"number_keys":{"_0":"seven"}},"display":"7"}},{"toDetailCollection":{},"fromDetail":{"display":"delete.left","output":{"controls_and_symbols":{"_0":"delete_or_backspace"}},"isSFSymbol":true},"id":"BD52E89E-DD1A-43E2-9F31-F659329B46F4","unitSize":1.5},{"id":"6A74A45C-B719-4565-B4AA-197B59EDE6EC","fromDetail":{"display":"0","output":{"number_keys":{"_0":"zero"}}},"toDetailCollection":{}},{"toDetailCollection":{},"id":"60CF02D5-1C5D-4F79-83D6-7BD70A29EF05","fromDetail":{"output":{"number_keys":{"_0":"six"}},"display":"6"}},{"id":"6FEE012A-5394-442E-8B76-2ECCCBF8626D","fromDetail":{"output":{"number_keys":{"_0":"one"}},"display":"1"},"toDetailCollection":{}},{"fromDetail":{"display":"2","output":{"number_keys":{"_0":"two"}}},"id":"BE1328C8-AE48-4DC0-BBE1-7334DBC41C9A","toDetailCollection":{}},{"toDetailCollection":{},"fromDetail":{"display":"5","output":{"number_keys":{"_0":"five"}}},"id":"5014729A-CA91-4DD8-A7A8-0A00F1F757E0"},{"fromDetail":{"display":"9","output":{"number_keys":{"_0":"nine"}}},"toDetailCollection":{},"id":"750A73CB-BE0D-4DEE-8AE0-74307D81CA3A"},{"id":"7295B254-9C14-4C4C-8BDD-37F55BFE7BF8","fromDetail":{"output":{"controls_and_symbols":{"_0":"hyphen"}},"display":"-"},"toDetailCollection":{"condition0":{"layer0":{"isCustomized_tap":true,"outputAndDisplay_tap":{"output":{"controls_and_symbols":{"_0":"slash"}},"display":"\/","layerKey":"layer0"},"withModifier_tap":{}}}}},{"id":"F79CC730-9261-4760-8AC3-1DF1E685D7F9","fromDetail":{"output":{"controls_and_symbols":{"_0":"equal_sign_or_caret"}},"display":"="},"toDetailCollection":{}},{"id":"B89C6C4E-9227-4ACA-819C-08D6B0B6E99D","toDetailCollection":{},"fromDetail":{"output":{"number_keys":{"_0":"eight"}},"display":"8"}},{"id":"D07A1DD9-9339-464E-90BF-FC4BEC4F1CCC","fromDetail":{"display":"4","output":{"number_keys":{"_0":"four"}}},"toDetailCollection":{}},{"fromDetail":{"output":{"number_keys":{"_0":"three"}},"display":"3"},"id":"7AFEB9C8-69D0-412B-93A5-567569E92237","toDetailCollection":{}},{"toDetailCollection":{},"fromDetail":{"display":"§","output":{"controls_and_symbols":{"_0":"section"}}},"id":"5A2BF53E-DC37-40FB-8C39-582E2BB1CE07"}],"idsInOrderRow2":[{"id":"5A2BF53E-DC37-40FB-8C39-582E2BB1CE07"},{"id":"6FEE012A-5394-442E-8B76-2ECCCBF8626D"},{"id":"BE1328C8-AE48-4DC0-BBE1-7334DBC41C9A"},{"id":"7AFEB9C8-69D0-412B-93A5-567569E92237"},{"id":"D07A1DD9-9339-464E-90BF-FC4BEC4F1CCC"},{"id":"5014729A-CA91-4DD8-A7A8-0A00F1F757E0"},{"id":"60CF02D5-1C5D-4F79-83D6-7BD70A29EF05"},{"id":"0410B551-CEC8-4B84-8993-377728407125"},{"id":"B89C6C4E-9227-4ACA-819C-08D6B0B6E99D"},{"id":"750A73CB-BE0D-4DEE-8AE0-74307D81CA3A"},{"id":"6A74A45C-B719-4565-B4AA-197B59EDE6EC"},{"id":"7295B254-9C14-4C4C-8BDD-37F55BFE7BF8"},{"id":"F79CC730-9261-4760-8AC3-1DF1E685D7F9"},{"id":"BD52E89E-DD1A-43E2-9F31-F659329B46F4"}],"idsInOrderRow1":[{"id":"E1972C80-EC6C-42B6-8E82-8ED5A42C0EEA"},{"id":"8AF8FF7A-2041-490E-A732-F10580E8CE27"},{"id":"83DC6E05-6A2F-4428-A35F-DE1DAEEEE32B"},{"id":"88DCC1DE-4EC8-4C70-86D0-0BE61851FAD9"},{"id":"E45F7771-532D-48C2-9F57-622910E9ED41"},{"id":"96861C8C-0A2E-4A5E-9BCD-B13540D77A50"},{"id":"68ABE015-2040-4409-A1E7-DC85094B1DCE"},{"id":"264E04F6-1FE8-4D87-9E25-7B960F3610D8"},{"id":"FFB4C1D1-1D0D-47BB-978A-FA502ECA798B"},{"id":"3022807B-DA3B-4BA4-802F-87B146618527"},{"id":"50A9F7B8-73A3-4AE0-9E0C-2AD131C67E5A"},{"id":"BCC83FC4-C408-4565-AFDD-CDBC38019394"},{"id":"177A07AF-B1C7-4639-BFD8-844C3F085186"}],"row5":[{"fromDetail":{"display":"`","output":{"controls_and_symbols":{"_0":"grave_accent"}}},"toDetailCollection":{},"id":"533064D5-8B47-4AC4-ACBA-73FC84A7F775"},{"id":"354CBBCC-D8AA-4FE1-B058-7D167BB91A7F","fromDetail":{"display":"C","output":{"letter_keys":{"_0":"c"}}},"toDetailCollection":{"condition0":{"layer0":{"isCustomized_tap":true,"outputAndDisplay_tap":{"layerKey":"layer0","display":"-","output":{"controls_and_symbols":{"_0":"hyphen"}}},"withModifier_tap":{}}}}},{"unitSize":2.25,"id":"00CC0D13-858D-46F2-828A-23DDC5E22C59","fromDetail":{"isSFSymbol":true,"output":{"modifier_keys":{"_0":"right_shift"}},"display":"shift"},"toDetailCollection":{}},{"id":"EB9BD571-73DC-4E01-BAF6-13B24BEE0DF2","fromDetail":{"output":{"letter_keys":{"_0":"z"}},"display":"Z"},"toDetailCollection":{}},{"fromDetail":{"output":{"letter_keys":{"_0":"m"}},"display":"M"},"id":"4114A522-F365-4628-93DA-D3EF971B1A05","toDetailCollection":{"condition0":{"layer0":{"withModifier_tap":{},"isCustomized_tap":true,"outputAndDisplay_tap":{"layerKey":"layer0","display":"L","output":{"letter_keys":{"_0":"l"}}}}}}},{"toDetailCollection":{"condition0":{"layer0":{"isCustomized_tap":true,"withModifier_tap":{},"outputAndDisplay_tap":{"display":"F","output":{"letter_keys":{"_0":"f"}},"layerKey":"layer0"}}}},"fromDetail":{"display":",","output":{"controls_and_symbols":{"_0":"comma"}}},"id":"C2647E13-6DFA-4094-B516-DFE61157D320"},{"id":"138E4201-0A3F-4D65-A474-33598117E2E1","fromDetail":{"display":"V","output":{"letter_keys":{"_0":"v"}}},"toDetailCollection":{"condition0":{"layer0":{"outputAndDisplay_tap":{"output":{"letter_keys":{"_0":"c"}},"display":"C","layerKey":"layer0"},"isCustomized_tap":true,"withModifier_tap":{}}}}},{"toDetailCollection":{"condition0":{"layer0":{"isCustomized_tap":true,"outputAndDisplay_tap":{"layerKey":"layer0","output":{"letter_keys":{"_0":"v"}},"display":"V"},"withModifier_tap":{}}}},"id":"23D209C7-C76E-4A2E-A0CD-3AA08451D672","fromDetail":{"display":"\/","output":{"controls_and_symbols":{"_0":"slash"}}}},{"id":"5B9621B7-4F47-40FF-9C40-5A1F8255E03F","toDetailCollection":{"condition0":{"layer0":{"outputAndDisplay_tap":{"display":"M","layerKey":"layer0","output":{"letter_keys":{"_0":"m"}}},"isCustomized_tap":true,"withModifier_tap":{}}}},"fromDetail":{"display":"N","output":{"letter_keys":{"_0":"n"}}}},{"toDetailCollection":{"condition0":{"layer0":{"withModifier_tap":{},"isCustomized_tap":true,"outputAndDisplay_tap":{"output":{"letter_keys":{"_0":"b"}},"display":"B","layerKey":"layer0"}}}},"id":"A2F5DD7D-8685-42E0-B773-2EF51ECD2C1A","fromDetail":{"display":".","output":{"controls_and_symbols":{"_0":"period"}}}},{"toDetailCollection":{},"id":"8861A579-5954-4D81-BACA-17C1054A1E3A","fromDetail":{"output":{"modifier_keys":{"_0":"left_shift"}},"display":"shift","isSFSymbol":true},"unitSize":1.25},{"id":"AE6BA4F8-828E-4F49-AEFF-797EFE86ABFD","fromDetail":{"output":{"letter_keys":{"_0":"x"}},"display":"X"},"toDetailCollection":{}},{"fromDetail":{"display":"B","output":{"letter_keys":{"_0":"b"}}},"id":"5B8F02DD-DA29-425C-9179-D23424868781","toDetailCollection":{"condition0":{"layer0":{"isCustomized_tap":true,"outputAndDisplay_tap":{"display":";","output":{"controls_and_symbols":{"_0":"semicolon"}},"layerKey":"layer0"},"withModifier_tap":{}}}}}],"arrow_right":{"fromDetail":{"display":"arrowtriangle.right.fill","isSFSymbol":true,"output":{"arrow_keys":{"_0":"right_arrow"}}},"id":"91ED6922-41CE-43F9-95C5-E9AC3C7DC33D","keyShape":"arrow_LR","toDetailCollection":{}},"row3":[{"toDetailCollection":{"condition0":{"layer0":{"isCustomized_tap":true,"outputAndDisplay_tap":{"output":{"letter_keys":{"_0":"h"}},"display":"H","layerKey":"layer0"},"withModifier_tap":{}}}},"id":"63CBC20D-0DAE-4A78-BFD7-EA57D5685330","fromDetail":{"display":"I","output":{"letter_keys":{"_0":"i"}}}},{"id":"7A5C884E-40E3-40B1-88EE-94CBDA2EB038","toDetailCollection":{"condition0":{"layer0":{"outputAndDisplay_tap":{"output":{"letter_keys":{"_0":"u"}},"layerKey":"layer0","display":"U"},"withModifier_tap":{},"isCustomized_tap":true}}},"fromDetail":{"output":{"letter_keys":{"_0":"e"}},"display":"E"}},{"toDetailCollection":{},"fromDetail":{"display":"]","output":{"controls_and_symbols":{"_0":"close_square_bracket"}}},"id":"CB9A4752-9658-4D54-9401-F51E4CF4CEBA"},{"toDetailCollection":{},"fromDetail":{"output":{"letter_keys":{"_0":"q"}},"display":"Q"},"id":"96585CD5-BBD7-4925-AF5F-FD1C78748407"},{"fromDetail":{"display":"[","output":{"controls_and_symbols":{"_0":"open_square_bracket"}}},"toDetailCollection":{},"id":"D07E866A-27AF-46BA-85A5-6555F7A16F02"},{"fromDetail":{"output":{"letter_keys":{"_0":"t"}},"display":"T"},"id":"1EFBF179-F02E-4A0A-834D-BDD4A4AF4413","toDetailCollection":{"condition0":{"layer0":{"isCustomized_tap":true,"withModifier_tap":{},"outputAndDisplay_tap":{"display":",","output":{"controls_and_symbols":{"_0":"comma"}},"layerKey":"layer0"}}}}},{"id":"53505411-0BA9-47CD-847D-73E8BA55265D","fromDetail":{"display":"Y","output":{"letter_keys":{"_0":"y"}}},"toDetailCollection":{"condition0":{"layer0":{"isCustomized_tap":true,"outputAndDisplay_tap":{"output":{"letter_keys":{"_0":"j"}},"display":"J","layerKey":"layer0"},"withModifier_tap":{}}}}},{"fromDetail":{"output":{"letter_keys":{"_0":"r"}},"display":"R"},"toDetailCollection":{"condition0":{"layer0":{"withModifier_tap":{},"isCustomized_tap":true,"outputAndDisplay_tap":{"output":{"letter_keys":{"_0":"y"}},"display":"Y","layerKey":"layer0"}}}},"id":"DB5EB346-B965-40E8-A04F-7EEC84C33B05"},{"fromDetail":{"output":{"letter_keys":{"_0":"p"}},"display":"P"},"id":"DD1454D5-D7B1-4EF7-B886-425B29C3947B","toDetailCollection":{"condition0":{"layer0":{"isCustomized_tap":true,"outputAndDisplay_tap":{"display":"W","layerKey":"layer0","output":{"letter_keys":{"_0":"w"}}},"withModifier_tap":{}}}}},{"unitSize":1.5,"id":"8FA54259-7D7D-45E8-85B2-EA0BD3BD098E","fromDetail":{"output":{"controls_and_symbols":{"_0":"tab"}},"display":"arrow.right.to.line","isSFSymbol":true},"toDetailCollection":{}},{"id":"6A6D3245-297C-4FDD-8885-BDE17300B637","keyShape":"enter_UK","fromDetail":{"output":{"controls_and_symbols":{"_0":"return_or_enter"}},"isSFSymbol":true,"display":"return"},"toDetailCollection":{}},{"id":"19E6C622-881A-4187-A24D-E802A8E5CB93","toDetailCollection":{"condition0":{"layer0":{"outputAndDisplay_tap":{"display":"P","output":{"letter_keys":{"_0":"p"}},"layerKey":"layer0"},"withModifier_tap":{},"isCustomized_tap":true}}},"fromDetail":{"output":{"letter_keys":{"_0":"w"}},"display":"W"}},{"id":"FA002F70-D217-45D6-9A5B-4B8580BC3BAE","fromDetail":{"display":"U","output":{"letter_keys":{"_0":"u"}}},"toDetailCollection":{"condition0":{"layer0":{"outputAndDisplay_tap":{"layerKey":"layer0","output":{"letter_keys":{"_0":"d"}},"display":"D"},"withModifier_tap":{},"isCustomized_tap":true}}}},{"toDetailCollection":{"condition0":{"layer0":{"outputAndDisplay_tap":{"output":{"letter_keys":{"_0":"g"}},"display":"G","layerKey":"layer0"},"withModifier_tap":{},"isCustomized_tap":true}}},"fromDetail":{"output":{"letter_keys":{"_0":"o"}},"display":"O"},"id":"EA6D9DB6-A2A1-43B8-A599-82972416FCE6"}]}},"keycodeRegion":"ISO"},"name":"Astarte_UK","displayKeySize":65,"comboCollection":{"condition2":{"layer8":{},"layer4":{},"layer7":{},"layer2":{},"layer5":{},"layer0":{},"layer3":{},"layer6":{},"layer1":{}},"condition0":{"layer7":{},"layer0":{},"layer2":{},"layer1":{},"layer5":{},"layer4":{},"layer3":{},"layer6":{},"layer8":{}},"condition9":{"layer6":{},"layer4":{},"layer5":{},"layer0":{},"layer7":{},"layer3":{},"layer8":{},"layer2":{},"layer1":{}},"condition1":{"layer2":{},"layer1":{},"layer3":{},"layer8":{},"layer6":{},"layer7":{},"layer5":{},"layer0":{},"layer4":{}},"condition7":{"layer2":{},"layer6":{},"layer5":{},"layer7":{},"layer1":{},"layer8":{},"layer0":{},"layer4":{},"layer3":{}},"condition4":{"layer0":{},"layer6":{},"layer5":{},"layer1":{},"layer8":{},"layer2":{},"layer4":{},"layer7":{},"layer3":{}},"condition5":{"layer8":{},"layer0":{},"layer5":{},"layer6":{},"layer3":{},"layer2":{},"layer7":{},"layer1":{},"layer4":{}},"condition3":{"layer0":{},"layer3":{},"layer2":{},"layer6":{},"layer7":{},"layer1":{},"layer8":{},"layer4":{},"layer5":{}},"condition6":{"layer0":{},"layer4":{},"layer7":{},"layer6":{},"layer5":{},"layer3":{},"layer2":{},"layer8":{},"layer1":{}},"condition8":{"layer3":{},"layer2":{},"layer5":{},"layer0":{},"layer8":{},"layer4":{},"layer1":{},"layer7":{},"layer6":{}}},"selections":{"combo":{"key_up_order":"insensitive","key_down_order":"insensitive","id":"AE934B3A-8DCA-4ED1-9EDB-2C661D573E37","toDetail":{},"comboThreshold":50},"macro":{"name":"user Macro","id":"D477A08C-AA25-4AFC-93F4-E01891F227DD","dictionary_key":null,"toDetailCollection":{"idsInOrderCollection":[],"_collection":[]}},"condition":"condition0","tab":{"remap":{}},"toDetail_macro":{"indicator":false,"error":false,"id":"D2AADCA0-DD9D-4E00-8EA0-95A93996B034","outputAndDisplay":{"output":{"letter_keys":{"_0":"a"}},"layerKey":"layer0","display":"none"},"withModifier":{}},"keyboardKey":{"id":"C562CCCC-D99D-4CF4-874A-6356D7F0D29B","fromDetail":{"display":"A","output":{"letter_keys":{"_0":"a"}}},"toDetailCollection":{}},"fromTab":{"qwertyKeyboard":{}},"toTab":"qwertyKeyboard","layer":"layer0","macroTab":{"userMacro":{}},"customOrMacroTab":{"customizeKey":{}}},"conditionDetailCollection":{"condition0":{"name":"Default","value":"com.vendor.condition0","isEnabled":true,"type":"Application"},"condition1":{"value":"ja","isEnabled":false,"type":"InputSource","name":"Condition1"},"condition7":{"name":"Condition7","type":"Application","value":"com.vendor.condition7","isEnabled":false},"condition2":{"value":"com.vendor.condition2","name":"Condition2","type":"Application","isEnabled":false},"condition6":{"type":"Application","value":"com.vendor.condition6","name":"Condition6","isEnabled":false},"condition9":{"name":"Condition9","type":"Application","value":"com.vendor.condition9","isEnabled":false},"condition3":{"isEnabled":false,"value":"com.vendor.condition3","name":"Condition3","type":"Application"},"condition4":{"type":"Application","name":"Condition4","isEnabled":false,"value":"com.vendor.condition4"},"condition5":{"value":"com.vendor.condition5","isEnabled":false,"type":"Application","name":"Condition5"},"condition8":{"value":"com.vendor.condition8","type":"Application","name":"Condition8","isEnabled":false}},"macroCollection":{"_collection":[],"idsInOrderCollection":[]}}