{"conditionDetailCollection":{"condition5":{"type":"Application","name":"Condition5","value":"com.vendor.condition5","isEnabled":false},"condition4":{"name":"Condition4","isEnabled":false,"type":"Application","value":"com.vendor.condition4"},"condition1":{"value":"ja","isEnabled":false,"name":"Condition1","type":"InputSource"},"condition8":{"value":"com.vendor.condition8","name":"Condition8","type":"Application","isEnabled":false},"condition3":{"name":"Condition3","value":"com.vendor.condition3","type":"Application","isEnabled":false},"condition2":{"type":"Application","isEnabled":false,"name":"Condition2","value":"com.vendor.condition2"},"condition0":{"type":"Application","name":"Default","isEnabled":true,"value":"com.vendor.condition0"},"condition6":{"type":"Application","value":"com.vendor.condition6","name":"Condition6","isEnabled":false},"condition7":{"value":"com.vendor.condition7","type":"Application","isEnabled":false,"name":"Condition7"},"condition9":{"isEnabled":false,"name":"Condition9","type":"Application","value":"com.vendor.condition9"}},"displayKeySize":65,"keymap":{"mouse":{"subRows":{"row3":[{"fromDetail":{"display":"A","output":{"letter_keys":{"_0":"a"}}},"id":"9BCE0BEE-14A1-4385-A150-B307D3A9431E","toDetailCollection":{}}],"enableArrowKeys":false,"idsInOrderRow2":[{"id":"24DAAFE9-CFBB-432F-927C-6A14C7544797"}],"arrow_left":{"keyShape":"arrow_LR","toDetailCollection":{},"id":"8428ADA7-7E04-45D9-8796-647745F8170D","fromDetail":{"isSFSymbol":true,"display":"arrowtriangle.left.fill","output":{"arrow_keys":{"_0":"left_arrow"}}}},"row5":[{"id":"22DA7CFE-986E-45AB-A585-CB1BC60AE067","fromDetail":{"output":{"letter_keys":{"_0":"a"}},"display":"A"},"toDetailCollection":{}}],"idsInOrderRow6":[{"id":"944E1ABB-3E60-4B9C-9E6B-767C6C445FFA"}],"idsInOrderRow3":[{"id":"9BCE0BEE-14A1-4385-A150-B307D3A9431E"}],"row1":[{"id":"275DCC1E-3A3B-4ABA-B624-D69C9FBCE917","fromDetail":{"output":{"letter_keys":{"_0":"a"}},"display":"A"},"toDetailCollection":{}}],"idsInOrderRow5":[{"id":"22DA7CFE-986E-45AB-A585-CB1BC60AE067"}],"arrow_up":{"toDetailCollection":{},"id":"5B5CB307-1E77-4FD4-A8EA-1A09E142C6BC","keyShape":"arrow_Up","fromDetail":{"display":"arrowtriangle.up.fill","output":{"arrow_keys":{"_0":"up_arrow"}},"isSFSymbol":true}},"row6":[{"id":"944E1ABB-3E60-4B9C-9E6B-767C6C445FFA","toDetailCollection":{},"fromDetail":{"display":"A","output":{"letter_keys":{"_0":"a"}}}}],"arrow_right":{"id":"2734459E-4348-4F1F-8276-60689421E03C","keyShape":"arrow_LR","fromDetail":{"isSFSymbol":true,"output":{"arrow_keys":{"_0":"right_arrow"}},"display":"arrowtriangle.right.fill"},"toDetailCollection":{}},"row2":[{"fromDetail":{"output":{"letter_keys":{"_0":"a"}},"display":"A"},"id":"24DAAFE9-CFBB-432F-927C-6A14C7544797","toDetailCollection":{}}],"idsInOrderRow1":[{"id":"275DCC1E-3A3B-4ABA-B624-D69C9FBCE917"}],"rowIndex_arrow":{"row6":{}},"arrow_down":{"fromDetail":{"isSFSymbol":true,"output":{"arrow_keys":{"_0":"down_arrow"}},"display":"arrowtriangle.down.fill"},"id":"33B8E8C5-E596-4AEE-A80E-C506829F23DB","keyShape":"arrow_Down","toDetailCollection":{}},"idsInOrderRow4":[{"id":"5B934EFB-1D18-4C48-BE37-BFE363847E09"}],"row4":[{"id":"5B934EFB-1D18-4C48-BE37-BFE363847E09","toDetailCollection":{},"fromDetail":{"display":"A","output":{"letter_keys":{"_0":"a"}}}}]},"sectionDetail":{"section":{"mouse":{}},"deviceDetail":{"is_builtin_keyboard":false,"device_name":"mouse","is_product_id_Enabled":false,"vendor_id":"vendor_id","product_id":"product_id","is_vendor_id_Enabled":false,"location_id":"location_id","is_location_id_Enabled":false}},"isEnableSub":false,"tenkeyRows":{"arrow_down":{"fromDetail":{"isSFSymbol":true,"display":"arrowtriangle.down.fill","output":{"arrow_keys":{"_0":"down_arrow"}}},"keyShape":"arrow_Down","id":"BA4EDD9F-05D2-4947-87CF-D920EC5254B9","toDetailCollection":{}},"idsInOrderRow1":[{"id":"17580F71-EAF9-40F7-BC19-6C0DC4D923D9"}],"row1":[{"toDetailCollection":{},"fromDetail":{"display":"A","output":{"letter_keys":{"_0":"a"}}},"id":"17580F71-EAF9-40F7-BC19-6C0DC4D923D9"}],"idsInOrderRow4":[{"id":"3F74322F-93AD-4B62-88D6-7E0B4D6EE15F"}],"arrow_left":{"toDetailCollection":{},"keyShape":"arrow_LR","fromDetail":{"display":"arrowtriangle.left.fill","isSFSymbol":true,"output":{"arrow_keys":{"_0":"left_arrow"}}},"id":"F60DB54B-5CA6-4404-A438-CC25C66AF1EC"},"arrow_up":{"keyShape":"arrow_Up","id":"0D6EA2C4-CD51-4FBF-B79C-236AF813CDB8","toDetailCollection":{},"fromDetail":{"output":{"arrow_keys":{"_0":"up_arrow"}},"display":"arrowtriangle.up.fill","isSFSymbol":true}},"row4":[{"id":"3F74322F-93AD-4B62-88D6-7E0B4D6EE15F","fromDetail":{"display":"A","output":{"letter_keys":{"_0":"a"}}},"toDetailCollection":{}}],"arrow_right":{"id":"3E8E1D09-AE76-4F96-A197-AC34774D44B2","keyShape":"arrow_LR","fromDetail":{"display":"arrowtriangle.right.fill","output":{"arrow_keys":{"_0":"right_arrow"}},"isSFSymbol":true},"toDetailCollection":{}},"row5":[{"fromDetail":{"display":"A","output":{"letter_keys":{"_0":"a"}}},"toDetailCollection":{},"id":"7C81C3D4-FE4B-40C0-8395-B70701DA9FFB"}],"idsInOrderRow2":[{"id":"AB16FFCA-100D-496A-8CB4-B555728553DB"}],"idsInOrderRow6":[{"id":"D0B96FAD-899D-423B-A1F7-20376B9B05D9"}],"row2":[{"id":"AB16FFCA-100D-496A-8CB4-B555728553DB","fromDetail":{"output":{"letter_keys":{"_0":"a"}},"display":"A"},"toDetailCollection":{}}],"row6":[{"id":"D0B96FAD-899D-423B-A1F7-20376B9B05D9","fromDetail":{"display":"A","output":{"letter_keys":{"_0":"a"}}},"toDetailCollection":{}}],"rowIndex_arrow":{"row6":{}},"idsInOrderRow5":[{"id":"7C81C3D4-FE4B-40C0-8395-B70701DA9FFB"}],"row3":[{"fromDetail":{"display":"A","output":{"letter_keys":{"_0":"a"}}},"toDetailCollection":{},"id":"732449F7-A489-4CE0-A112-01D75BBD7140"}],"enableArrowKeys":false,"idsInOrderRow3":[{"id":"732449F7-A489-4CE0-A112-01D75BBD7140"}]},"mainRows":{"idsInOrderRow1":[{"id":"0DC2BF4B-54C8-40A3-B0F7-B598E38E2A8B"},{"id":"E42551FF-509F-444D-A25C-62AD22678121"}],"arrow_up":{"fromDetail":{"output":{"arrow_keys":{"_0":"up_arrow"}},"display":"arrowtriangle.up.fill","isSFSymbol":true},"toDetailCollection":{},"id":"D6794E89-C519-4580-BD71-43515DDEB824","keyShape":"arrow_Up"},"row6":[],"row1":[{"toDetailCollection":{},"id":"E42551FF-509F-444D-A25C-62AD22678121","fromDetail":{"output":{"mouse_buttons":{"_0":"button2"}},"display":"R click"}},{"id":"0DC2BF4B-54C8-40A3-B0F7-B598E38E2A8B","toDetailCollection":{},"fromDetail":{"output":{"mouse_buttons":{"_0":"button1"}},"display":"L click"}}],"row3":[{"id":"84D23CD3-5C23-4A7A-AC0B-688E7ED3EC49","fromDetail":{"display":"A","output":{"letter_keys":{"_0":"a"}}},"toDetailCollection":{},"isSpacer":true}],"idsInOrderRow5":[],"arrow_right":{"fromDetail":{"isSFSymbol":true,"output":{"arrow_keys":{"_0":"right_arrow"}},"display":"arrowtriangle.right.fill"},"id":"0D3AD5B2-3FB6-44E8-BA5E-B45915DD1381","keyShape":"arrow_LR","toDetailCollection":{}},"row5":[],"idsInOrderRow3":[{"id":"84D23CD3-5C23-4A7A-AC0B-688E7ED3EC49"}],"arrow_left":{"toDetailCollection":{},"id":"B23F2E86-CAB9-4CF4-8D59-47B448B0272D","fromDetail":{"isSFSymbol":true,"output":{"arrow_keys":{"_0":"left_arrow"}},"display":"arrowtriangle.left.fill"},"keyShape":"arrow_LR"},"idsInOrderRow2":[{"id":"90625FBE-FEDF-4F04-91C2-110ABB7AA70F"},{"id":"81D1B393-B0D5-4F6C-9FD7-50B95D1978A2"}],"enableArrowKeys":false,"idsInOrderRow4":[{"id":"4BF64F44-69EF-40BA-8296-A07955BE2790"}],"rowIndex_arrow":{"row6":{}},"idsInOrderRow6":[],"row4":[{"toDetailCollection":{},"isSpacer":true,"id":"4BF64F44-69EF-40BA-8296-A07955BE2790","fromDetail":{"display":"A","output":{"letter_keys":{"_0":"a"}}}}],"row2":[{"fromDetail":{"output":{"mouse_buttons":{"_0":"button3"}},"display":"M click"},"toDetailCollection":{},"id":"81D1B393-B0D5-4F6C-9FD7-50B95D1978A2"},{"id":"90625FBE-FEDF-4F04-91C2-110ABB7AA70F","isSpacer":true,"fromDetail":{"output":{"letter_keys":{"_0":"a"}},"display":"A"},"toDetailCollection":{},"unitSize":0.5}],"arrow_down":{"keyShape":"arrow_Down","fromDetail":{"display":"arrowtriangle.down.fill","output":{"arrow_keys":{"_0":"down_arrow"}},"isSFSymbol":true},"id":"DC455099-9E77-41FD-84F8-1E5EA5A5B66D","toDetailCollection":{}}},"isEnableTenkey":false,"isEnableMain":true},"other":{"mainRows":{"idsInOrderRow5":[{"id":"CC9E2A75-E237-4AE5-A3B2-3D5E76DFC299"},{"id":"0BD91D22-BB3C-4088-B761-B71BF3B3C5ED"},{"id":"C0C16EC6-BA02-4D82-A905-A4F13859EA5E"},{"id":"867C34E3-DC9B-46D0-8308-C22BD7B8B1EA"}],"row5":[{"id":"0BD91D22-BB3C-4088-B761-B71BF3B3C5ED","fromDetail":{"output":{"keypad_keys":{"_0":"keypad_2"}},"display":"2"},"toDetailCollection":{}},{"toDetailCollection":{},"id":"C0C16EC6-BA02-4D82-A905-A4F13859EA5E","fromDetail":{"display":"3","output":{"keypad_keys":{"_0":"keypad_3"}}}},{"id":"CC9E2A75-E237-4AE5-A3B2-3D5E76DFC299","fromDetail":{"display":"1","output":{"keypad_keys":{"_0":"keypad_1"}}},"toDetailCollection":{}},{"keyShape":"enter_Tenkey","id":"867C34E3-DC9B-46D0-8308-C22BD7B8B1EA","fromDetail":{"display":"projective","output":{"keypad_keys":{"_0":"keypad_enter"}},"isSFSymbol":true},"toDetailCollection":{}}],"row4":[{"id":"3F318BB8-A837-47D7-8322-DEDF23B35376","fromDetail":{"display":"5","output":{"keypad_keys":{"_0":"keypad_5"}}},"toDetailCollection":{}},{"id":"CB3C3255-DC4C-433E-BF0F-C191551C24AC","toDetailCollection":{},"fromDetail":{"display":"4","output":{"keypad_keys":{"_0":"keypad_4"}}}},{"toDetailCollection":{},"id":"746780EC-E97E-43CE-B40F-89696304211C","fromDetail":{"display":"+","output":{"keypad_keys":{"_0":"keypad_plus"}}}},{"toDetailCollection":{},"id":"50018DB0-3180-493D-B871-40C2899118B5","fromDetail":{"output":{"keypad_keys":{"_0":"keypad_6"}},"display":"6"}}],"row3":[{"id":"1EEF96D3-DFEF-4633-A12F-270E20EC7793","fromDetail":{"display":"-","output":{"keypad_keys":{"_0":"keypad_hyphen"}}},"toDetailCollection":{}},{"fromDetail":{"output":{"keypad_keys":{"_0":"keypad_9"}},"display":"9"},"toDetailCollection":{},"id":"56E5D6E9-CC5E-4652-93EA-535393500BBC"},{"toDetailCollection":{},"fromDetail":{"display":"8","output":{"keypad_keys":{"_0":"keypad_8"}}},"id":"68390247-55A1-43DC-BC91-D8E0A5753247"},{"toDetailCollection":{},"id":"D7C12222-AF63-4064-90E9-D7B392E4C34F","fromDetail":{"display":"7","output":{"keypad_keys":{"_0":"keypad_7"}}}}],"idsInOrderRow2":[{"id":"B714A5F0-1C10-4A21-9DC1-26934E8DFB8C"},{"id":"68165B38-C009-40B8-9FBE-71C3D6CAF3D3"},{"id":"D1E607A6-B48F-4AD0-877B-25A1E971D84C"},{"id":"1B9A0DCB-75E3-4AA3-859D-768D07624802"}],"idsInOrderRow4":[{"id":"CB3C3255-DC4C-433E-BF0F-C191551C24AC"},{"id":"3F318BB8-A837-47D7-8322-DEDF23B35376"},{"id":"50018DB0-3180-493D-B871-40C2899118B5"},{"id":"746780EC-E97E-43CE-B40F-89696304211C"}],"arrow_left":{"id":"520151E9-3578-4C7D-93FF-93FB024793DE","keyShape":"arrow_LR","toDetailCollection":{},"fromDetail":{"isSFSymbol":true,"display":"arrowtriangle.left.fill","output":{"arrow_keys":{"_0":"left_arrow"}}}},"arrow_up":{"keyShape":"arrow_Up","toDetailCollection":{},"fromDetail":{"display":"arrowtriangle.up.fill","output":{"arrow_keys":{"_0":"up_arrow"}},"isSFSymbol":true},"id":"05CF5A3B-BDD1-4C92-ADF8-1B9F1FDD15E0"},"arrow_down":{"id":"21D782CC-0C19-48AC-9323-5FCA55553B21","keyShape":"arrow_Down","toDetailCollection":{},"fromDetail":{"display":"arrowtriangle.down.fill","output":{"arrow_keys":{"_0":"down_arrow"}},"isSFSymbol":true}},"row6":[{"fromDetail":{"display":".","output":{"keypad_keys":{"_0":"keypad_period"}}},"toDetailCollection":{},"id":"557993E0-567D-4586-8A2A-859278119D5C"},{"unitSize":2,"id":"F17C6941-74D2-499F-90AE-77DE27AE8B9E","toDetailCollection":{},"fromDetail":{"display":"0","output":{"keypad_keys":{"_0":"keypad_0"}}}}],"idsInOrderRow3":[{"id":"D7C12222-AF63-4064-90E9-D7B392E4C34F"},{"id":"68390247-55A1-43DC-BC91-D8E0A5753247"},{"id":"56E5D6E9-CC5E-4652-93EA-535393500BBC"},{"id":"1EEF96D3-DFEF-4633-A12F-270E20EC7793"}],"idsInOrderRow6":[{"id":"F17C6941-74D2-499F-90AE-77DE27AE8B9E"},{"id":"557993E0-567D-4586-8A2A-859278119D5C"}],"enableArrowKeys":false,"arrow_right":{"keyShape":"arrow_LR","toDetailCollection":{},"fromDetail":{"output":{"arrow_keys":{"_0":"right_arrow"}},"display":"arrowtriangle.right.fill","isSFSymbol":true},"id":"B1E3BAAE-6921-4BBD-AE3E-110DC5284EAE"},"rowIndex_arrow":{"row6":{}},"row1":[{"toDetailCollection":{},"id":"1E66969E-7C67-491D-8750-686256FD8549","fromDetail":{"display":"F19","output":{"function_keys":{"_0":"f19"}}}},{"fromDetail":{"output":{"function_keys":{"_0":"f17"}},"display":"F17"},"id":"77A880CF-8BF6-467C-9553-94AAE90E7813","toDetailCollection":{}},{"fromDetail":{"display":"F18","output":{"function_keys":{"_0":"f18"}}},"toDetailCollection":{},"id":"62EAF7C3-EFE9-4CE7-B893-DCC14FDD56D5"},{"id":"D114AC56-49F1-4280-B2A3-869C1223FF9E","toDetailCollection":{},"fromDetail":{"output":{"function_keys":{"_0":"f16"}},"display":"F16"}}],"row2":[{"id":"D1E607A6-B48F-4AD0-877B-25A1E971D84C","toDetailCollection":{},"fromDetail":{"display":"\/","output":{"keypad_keys":{"_0":"keypad_slash"}}}},{"id":"B714A5F0-1C10-4A21-9DC1-26934E8DFB8C","fromDetail":{"display":"clear","output":{"others":{"_0":"clear"}}},"toDetailCollection":{}},{"toDetailCollection":{},"fromDetail":{"output":{"keypad_keys":{"_0":"keypad_equal_sign"}},"display":"="},"id":"68165B38-C009-40B8-9FBE-71C3D6CAF3D3"},{"id":"1B9A0DCB-75E3-4AA3-859D-768D07624802","toDetailCollection":{},"fromDetail":{"output":{"keypad_keys":{"_0":"keypad_asterisk"}},"display":"*"}}],"idsInOrderRow1":[{"id":"D114AC56-49F1-4280-B2A3-869C1223FF9E"},{"id":"77A880CF-8BF6-467C-9553-94AAE90E7813"},{"id":"62EAF7C3-EFE9-4CE7-B893-DCC14FDD56D5"},{"id":"1E66969E-7C67-491D-8750-686256FD8549"}]},"isEnableMain":true,"isEnableSub":false,"isEnableTenkey":false,"sectionDetail":{"section":{"other":{}},"deviceDetail":{"vendor_id":"vendor_id","is_product_id_Enabled":false,"location_id":"location_id","is_location_id_Enabled":false,"is_vendor_id_Enabled":false,"device_name":"otherDevice","product_id":"product_id","is_builtin_keyboard":false}},"subRows":{"rowIndex_arrow":{"row6":{}},"idsInOrderRow2":[{"id":"8AFE374A-4AC0-454D-8BA8-FCFBE6948EA1"},{"id":"A2B6C1A0-C299-49FE-9F64-90699310C61A"},{"id":"4EA59F25-DB6C-43E9-9A8C-B93FA9A65B82"}],"row2":[{"fromDetail":{"display":"arrow.up","isSFSymbol":true,"output":{"arrow_keys":{"_0":"page_up"}}},"toDetailCollection":{},"id":"4EA59F25-DB6C-43E9-9A8C-B93FA9A65B82"},{"fromDetail":{"output":{"keys_in_pc_keyboards":{"_0":"insert"}},"isSFSymbol":true,"display":"text.insert"},"id":"8AFE374A-4AC0-454D-8BA8-FCFBE6948EA1","toDetailCollection":{}},{"toDetailCollection":{},"id":"A2B6C1A0-C299-49FE-9F64-90699310C61A","fromDetail":{"isSFSymbol":true,"output":{"arrow_keys":{"_0":"home"}},"display":"arrow.up.to.line"}}],"idsInOrderRow4":[],"arrow_right":{"keyShape":"arrow_LR","fromDetail":{"isSFSymbol":true,"display":"arrowtriangle.right.fill","output":{"arrow_keys":{"_0":"right_arrow"}}},"id":"B299C243-040A-4483-A73E-7AFE5738575D","toDetailCollection":{}},"idsInOrderRow6":[{"id":"C935693C-2E83-471A-80B8-61FDA331CB6B"},{"id":"07BFBE6A-1A68-446B-A8F2-27350B28C96B"},{"id":"024976C7-FACB-4A03-B3D6-83B6456271DF"}],"row3":[{"fromDetail":{"display":"arrow.down.to.line","isSFSymbol":true,"output":{"arrow_keys":{"_0":"end"}}},"id":"C4D8AE13-EECB-4663-9E11-D98BCEC87C3B","toDetailCollection":{}},{"toDetailCollection":{},"id":"BD628AEB-D911-4A21-8F99-2BC7B0AC1AA7","fromDetail":{"display":"arrow.down","isSFSymbol":true,"output":{"arrow_keys":{"_0":"page_down"}}}},{"fromDetail":{"isSFSymbol":true,"display":"delete.right","output":{"controls_and_symbols":{"_0":"delete_forward"}}},"toDetailCollection":{},"id":"25F31E9F-FC61-40AC-9F7B-8B80420AB939"}],"row6":[{"toDetailCollection":{},"fromDetail":{"display":"arrowtriangle.down.fill","isSFSymbol":true,"output":{"arrow_keys":{"_0":"down_arrow"}}},"id":"07BFBE6A-1A68-446B-A8F2-27350B28C96B"},{"toDetailCollection":{},"id":"C935693C-2E83-471A-80B8-61FDA331CB6B","fromDetail":{"isSFSymbol":true,"output":{"arrow_keys":{"_0":"left_arrow"}},"display":"arrowtriangle.left.fill"}},{"id":"024976C7-FACB-4A03-B3D6-83B6456271DF","toDetailCollection":{},"fromDetail":{"output":{"arrow_keys":{"_0":"right_arrow"}},"display":"arrowtriangle.right.fill","isSFSymbol":true}}],"arrow_up":{"keyShape":"arrow_Up","fromDetail":{"output":{"arrow_keys":{"_0":"up_arrow"}},"display":"arrowtriangle.up.fill","isSFSymbol":true},"toDetailCollection":{},"id":"F845A30E-B86A-4338-815E-193FB3ED5D4F"},"row4":[],"arrow_down":{"fromDetail":{"display":"arrowtriangle.down.fill","isSFSymbol":true,"output":{"arrow_keys":{"_0":"down_arrow"}}},"id":"A5CF9B6F-30A9-49B6-9BAA-C5EC26BC2E7A","toDetailCollection":{},"keyShape":"arrow_Down"},"idsInOrderRow1":[{"id":"7D97A70E-3366-48A3-9AE5-C98AF99B90FF"},{"id":"F37CB7E3-563A-4BBB-BFC8-A010D1119ACB"},{"id":"01DA61CC-68E8-442F-9B87-FD7EE4116E10"}],"row5":[{"toDetailCollection":{},"fromDetail":{"isSFSymbol":true,"display":"arrowtriangle.up.fill","output":{"arrow_keys":{"_0":"up_arrow"}}},"id":"4C09EDCE-CDF3-46C1-88F2-F9BBFE82CF75"},{"id":"2A2382C4-41A0-4F94-B152-5FF50E81D3BE","isSpacer":true,"fromDetail":{"output":{"letter_keys":{"_0":"a"}},"display":"A"},"toDetailCollection":{}}],"row1":[{"toDetailCollection":{},"id":"7D97A70E-3366-48A3-9AE5-C98AF99B90FF","fromDetail":{"display":"F13","output":{"function_keys":{"_0":"f13"}}}},{"fromDetail":{"display":"F15","output":{"function_keys":{"_0":"f15"}}},"id":"01DA61CC-68E8-442F-9B87-FD7EE4116E10","toDetailCollection":{}},{"toDetailCollection":{},"fromDetail":{"display":"F14","output":{"function_keys":{"_0":"f14"}}},"id":"F37CB7E3-563A-4BBB-BFC8-A010D1119ACB"}],"enableArrowKeys":false,"idsInOrderRow3":[{"id":"25F31E9F-FC61-40AC-9F7B-8B80420AB939"},{"id":"C4D8AE13-EECB-4663-9E11-D98BCEC87C3B"},{"id":"BD628AEB-D911-4A21-8F99-2BC7B0AC1AA7"}],"arrow_left":{"fromDetail":{"output":{"arrow_keys":{"_0":"left_arrow"}},"isSFSymbol":true,"display":"arrowtriangle.left.fill"},"id":"FA7C73D5-011F-4616-9E3D-DF339B26A08D","keyShape":"arrow_LR","toDetailCollection":{}},"idsInOrderRow5":[{"id":"2A2382C4-41A0-4F94-B152-5FF50E81D3BE"},{"id":"4C09EDCE-CDF3-46C1-88F2-F9BBFE82CF75"}]},"tenkeyRows":{"enableArrowKeys":false,"arrow_right":{"toDetailCollection":{},"keyShape":"arrow_LR","fromDetail":{"display":"arrowtriangle.right.fill","output":{"arrow_keys":{"_0":"right_arrow"}},"isSFSymbol":true},"id":"9DCD95EC-E1A3-4682-B809-AA276834AE4A"},"idsInOrderRow2":[{"id":"15A48D39-26DC-494B-BDAD-8E18B41131A8"},{"id":"951E0242-41E1-4CDF-A3F3-B77465EA8E62"},{"id":"15921285-CF58-4FDB-B239-F26DA72A792C"},{"id":"8F89AE0A-18AE-4D8C-B9AF-79103BB98B83"}],"arrow_left":{"id":"3A1617AB-2974-4D2D-887D-57243CBDB8AE","toDetailCollection":{},"fromDetail":{"display":"arrowtriangle.left.fill","output":{"arrow_keys":{"_0":"left_arrow"}},"isSFSymbol":true},"keyShape":"arrow_LR"},"row4":[{"toDetailCollection":{},"fromDetail":{"output":{"keypad_keys":{"_0":"keypad_plus"}},"display":"+"},"id":"F5E9B11C-8045-4E13-A0DA-2226D1DFE59F"},{"fromDetail":{"output":{"keypad_keys":{"_0":"keypad_6"}},"display":"6"},"toDetailCollection":{},"id":"463E30CC-79BF-49B5-BE1F-1060BD8EABE4"},{"id":"978D4488-46B0-45CA-8B89-92A6AC85D884","fromDetail":{"output":{"keypad_keys":{"_0":"keypad_5"}},"display":"5"},"toDetailCollection":{}},{"toDetailCollection":{},"id":"94B0BE9B-7F06-4F77-AB78-91D1EAD523E9","fromDetail":{"output":{"keypad_keys":{"_0":"keypad_4"}},"display":"4"}}],"row2":[{"toDetailCollection":{},"id":"8F89AE0A-18AE-4D8C-B9AF-79103BB98B83","fromDetail":{"display":"*","output":{"keypad_keys":{"_0":"keypad_asterisk"}}}},{"id":"15921285-CF58-4FDB-B239-F26DA72A792C","toDetailCollection":{},"fromDetail":{"output":{"keypad_keys":{"_0":"keypad_slash"}},"display":"\/"}},{"id":"951E0242-41E1-4CDF-A3F3-B77465EA8E62","fromDetail":{"output":{"keypad_keys":{"_0":"keypad_equal_sign"}},"display":"="},"toDetailCollection":{}},{"toDetailCollection":{},"fromDetail":{"display":"clear","output":{"others":{"_0":"clear"}}},"id":"15A48D39-26DC-494B-BDAD-8E18B41131A8"}],"idsInOrderRow1":[{"id":"4202F057-F239-4257-AFD4-6FFED8D11EED"},{"id":"7C8F786A-6E1C-4A18-9B31-864D245712A6"},{"id":"03E7C8FA-8D15-468C-AED5-CFE918F496AA"},{"id":"5104F17E-3925-43C6-AF39-CDE81EDF97CD"}],"idsInOrderRow5":[{"id":"966F50DD-0DA4-44C9-B422-A03E848681E3"},{"id":"B2904A40-0485-493D-9F4D-14B7084CBF8B"},{"id":"C47B8697-32D9-4469-BF38-B627207C11C0"},{"id":"64C5EC97-947B-473C-9F41-79D9A8D86015"}],"row3":[{"fromDetail":{"display":"-","output":{"keypad_keys":{"_0":"keypad_hyphen"}}},"toDetailCollection":{},"id":"7EF28127-61EC-4952-B381-482C9101C68D"},{"toDetailCollection":{},"fromDetail":{"output":{"keypad_keys":{"_0":"keypad_9"}},"display":"9"},"id":"D0E636A4-AD87-42ED-9297-E8D9EEA54170"},{"toDetailCollection":{},"id":"37059525-A41B-4EA0-B471-AA09EAD32504","fromDetail":{"display":"8","output":{"keypad_keys":{"_0":"keypad_8"}}}},{"toDetailCollection":{},"id":"8AD47D59-7C90-4582-BA7C-3199C24DC1FA","fromDetail":{"output":{"keypad_keys":{"_0":"keypad_7"}},"display":"7"}}],"rowIndex_arrow":{"row6":{}},"idsInOrderRow4":[{"id":"94B0BE9B-7F06-4F77-AB78-91D1EAD523E9"},{"id":"978D4488-46B0-45CA-8B89-92A6AC85D884"},{"id":"463E30CC-79BF-49B5-BE1F-1060BD8EABE4"},{"id":"F5E9B11C-8045-4E13-A0DA-2226D1DFE59F"}],"row6":[{"fromDetail":{"output":{"keypad_keys":{"_0":"keypad_period"}},"display":"."},"id":"46B1F077-33CE-40E3-85D8-FCAA84D7C0F9","toDetailCollection":{}},{"unitSize":2,"fromDetail":{"output":{"keypad_keys":{"_0":"keypad_0"}},"display":"0"},"id":"3745A04B-8C73-4336-A09C-1ECA25D2B2BA","toDetailCollection":{}}],"idsInOrderRow6":[{"id":"3745A04B-8C73-4336-A09C-1ECA25D2B2BA"},{"id":"46B1F077-33CE-40E3-85D8-FCAA84D7C0F9"}],"row5":[{"fromDetail":{"isSFSymbol":true,"output":{"keypad_keys":{"_0":"keypad_enter"}},"display":"projective"},"keyShape":"enter_Tenkey","id":"64C5EC97-947B-473C-9F41-79D9A8D86015","toDetailCollection":{}},{"id":"C47B8697-32D9-4469-BF38-B627207C11C0","toDetailCollection":{},"fromDetail":{"display":"3","output":{"keypad_keys":{"_0":"keypad_3"}}}},{"id":"B2904A40-0485-493D-9F4D-14B7084CBF8B","fromDetail":{"display":"2","output":{"keypad_keys":{"_0":"keypad_2"}}},"toDetailCollection":{}},{"id":"966F50DD-0DA4-44C9-B422-A03E848681E3","toDetailCollection":{},"fromDetail":{"display":"1","output":{"keypad_keys":{"_0":"keypad_1"}}}}],"idsInOrderRow3":[{"id":"8AD47D59-7C90-4582-BA7C-3199C24DC1FA"},{"id":"37059525-A41B-4EA0-B471-AA09EAD32504"},{"id":"D0E636A4-AD87-42ED-9297-E8D9EEA54170"},{"id":"7EF28127-61EC-4952-B381-482C9101C68D"}],"arrow_up":{"toDetailCollection":{},"keyShape":"arrow_Up","fromDetail":{"isSFSymbol":true,"output":{"arrow_keys":{"_0":"up_arrow"}},"display":"arrowtriangle.up.fill"},"id":"0AD6DFBD-37E1-42BF-B0B7-E658B68AD710"},"arrow_down":{"keyShape":"arrow_Down","id":"098D178C-84AC-43C9-8B1E-5F506B071BC8","toDetailCollection":{},"fromDetail":{"output":{"arrow_keys":{"_0":"down_arrow"}},"display":"arrowtriangle.down.fill","isSFSymbol":true}},"row1":[{"id":"5104F17E-3925-43C6-AF39-CDE81EDF97CD","toDetailCollection":{},"fromDetail":{"output":{"function_keys":{"_0":"f19"}},"display":"F19"}},{"fromDetail":{"display":"F18","output":{"function_keys":{"_0":"f18"}}},"toDetailCollection":{},"id":"03E7C8FA-8D15-468C-AED5-CFE918F496AA"},{"toDetailCollection":{},"id":"7C8F786A-6E1C-4A18-9B31-864D245712A6","fromDetail":{"display":"F17","output":{"function_keys":{"_0":"f17"}}}},{"toDetailCollection":{},"fromDetail":{"output":{"function_keys":{"_0":"f16"}},"display":"F16"},"id":"4202F057-F239-4257-AFD4-6FFED8D11EED"}]}},"validSections":{"sections":[{"main":{}}]},"keycodeRegion":"ANSI","main":{"mainRows":{"enableArrowKeys":true,"rowIndex_arrow":{"row6":{}},"arrow_down":{"fromDetail":{"display":"arrowtriangle.down.fill","isSFSymbol":true,"output":{"arrow_keys":{"_0":"down_arrow"}}},"id":"CFECBD07-F550-45F8-92A9-64C8AAF8891B","toDetailCollection":{},"keyShape":"arrow_Down"},"row2":[{"fromDetail":{"display":"8","output":{"number_keys":{"_0":"eight"}}},"toDetailCollection":{},"id":"F20B9F09-A8F7-42B0-B193-84999056E39E"},{"fromDetail":{"output":{"number_keys":{"_0":"zero"}},"display":"0"},"toDetailCollection":{},"id":"02858800-36E7-466B-83F8-02FCD3A0DAA1"},{"id":"DFB225ED-44C8-4DAA-9374-5890E3F32214","toDetailCollection":{},"fromDetail":{"display":"1","output":{"number_keys":{"_0":"one"}}}},{"fromDetail":{"display":"6","output":{"number_keys":{"_0":"six"}}},"toDetailCollection":{},"id":"0FDFE613-54DC-4C2D-BBAB-E029F3A40674"},{"id":"FA9EDBC7-576B-4571-91E6-D4DFF92772E9","fromDetail":{"output":{"number_keys":{"_0":"three"}},"display":"3"},"toDetailCollection":{}},{"toDetailCollection":{},"id":"8C107ACD-48FE-4381-9620-7FD5A16B16C7","fromDetail":{"output":{"number_keys":{"_0":"seven"}},"display":"7"}},{"fromDetail":{"output":{"number_keys":{"_0":"two"}},"display":"2"},"id":"72E6FB93-675B-4C69-B0D3-F2B68C4D24F1","toDetailCollection":{}},{"toDetailCollection":{},"id":"4B7E7AE4-2D8C-4994-826A-69361C180CDF","fromDetail":{"display":"4","output":{"number_keys":{"_0":"four"}}}},{"fromDetail":{"isSFSymbol":true,"output":{"controls_and_symbols":{"_0":"delete_or_backspace"}},"display":"delete.left"},"unitSize":1.5,"id":"117E08B1-47BC-499C-8606-0371376E1FAE","toDetailCollection":{}},{"toDetailCollection":{},"id":"5D0405F3-22D4-4512-839E-1BEEE38DA1C1","fromDetail":{"display":"5","output":{"number_keys":{"_0":"five"}}}},{"fromDetail":{"display":"9","output":{"number_keys":{"_0":"nine"}}},"id":"0539EA98-9911-4DEF-A6E1-B464F6BA75C8","toDetailCollection":{}},{"id":"07B2106B-94DA-4BC4-BBB0-B681BD8A363F","fromDetail":{"display":"=","output":{"controls_and_symbols":{"_0":"equal_sign_or_caret"}}},"toDetailCollection":{}},{"id":"E46725EA-89D4-4A25-AA7B-512A6CB97202","fromDetail":{"output":{"controls_and_symbols":{"_0":"hyphen"}},"display":"-"},"toDetailCollection":{"condition0":{"layer0":{"withModifier_tap":{},"isCustomized_tap":true,"outputAndDisplay_tap":{"layerKey":"layer0","display":"\/","output":{"controls_and_symbols":{"_0":"slash"}}}}}}},{"id":"C7828A26-2A54-4EA4-9E3C-0D02B99F06C6","toDetailCollection":{},"fromDetail":{"output":{"controls_and_symbols":{"_0":"grave_accent"}},"display":"`"}}],"idsInOrderRow1":[{"id":"0E21AEEE-5649-4D0F-9765-97CD8072DC28"},{"id":"A7FAF1DD-58A3-4479-9E47-2DB20795EA65"},{"id":"28C1309F-E5CC-46D8-8715-EB2CADB65E50"},{"id":"44BABFDD-B1BD-46FC-BDF2-A0C24E85DC58"},{"id":"8F1E1436-EDB0-4B22-877D-79AA23A0AFB8"},{"id":"4CF76AFD-D20C-4AAB-8873-736B17CC4E8F"},{"id":"0B10C6E2-C7B2-40D1-BB22-FE4D406161E5"},{"id":"5F5392D1-3621-42FB-A54B-69B2140F2BB4"},{"id":"3CCF396C-61C4-47E6-8795-1278B6635FAF"},{"id":"9B7B6775-2D1E-40D1-8E66-4AED6C8B90EE"},{"id":"E7838BF3-E0A6-488D-AEF3-AF1904A18BC7"},{"id":"3CBEA183-461C-41E1-81B1-7DD7FE74BEB2"},{"id":"A57692A1-3120-474C-9BB9-DD951DDF0167"}],"row5":[{"unitSize":2.25,"id":"B776A660-FB6F-47BC-A40C-DD0771AA5A40","toDetailCollection":{},"fromDetail":{"output":{"modifier_keys":{"_0":"right_shift"}},"isSFSymbol":true,"display":"shift"}},{"id":"529979AA-D5DE-4C6E-944E-75CCFE295C5B","fromDetail":{"output":{"controls_and_symbols":{"_0":"slash"}},"display":"\/"},"toDetailCollection":{"condition0":{"layer0":{"withModifier_tap":{},"isCustomized_tap":true,"outputAndDisplay_tap":{"display":"V","output":{"letter_keys":{"_0":"v"}},"layerKey":"layer0"}}}}},{"id":"91E06D5C-A35D-471E-8E53-B94D2EBCBC26","fromDetail":{"display":"X","output":{"letter_keys":{"_0":"x"}}},"toDetailCollection":{}},{"id":"22C32187-0BD1-495D-BD7E-F3F40DB7891C","toDetailCollection":{"condition0":{"layer0":{"isCustomized_tap":true,"outputAndDisplay_tap":{"display":"-","layerKey":"layer0","output":{"controls_and_symbols":{"_0":"hyphen"}}},"withModifier_tap":{}}}},"fromDetail":{"display":"C","output":{"letter_keys":{"_0":"c"}}}},{"toDetailCollection":{"condition0":{"layer0":{"isCustomized_tap":true,"outputAndDisplay_tap":{"display":"L","output":{"letter_keys":{"_0":"l"}},"layerKey":"layer0"},"withModifier_tap":{}}}},"fromDetail":{"display":"M","output":{"letter_keys":{"_0":"m"}}},"id":"A89A4BCC-8751-4A6C-8F0B-0BB7AE21161A"},{"fromDetail":{"output":{"letter_keys":{"_0":"n"}},"display":"N"},"id":"D390D253-2B9A-4684-9228-EFD6A32917B7","toDetailCollection":{"condition0":{"layer0":{"isCustomized_tap":true,"outputAndDisplay_tap":{"layerKey":"layer0","output":{"letter_keys":{"_0":"m"}},"display":"M"},"withModifier_tap":{}}}}},{"id":"2D774C61-E6D7-4AFE-AFBF-0D3676BB01EF","fromDetail":{"display":".","output":{"controls_and_symbols":{"_0":"period"}}},"toDetailCollection":{"condition0":{"layer0":{"withModifier_tap":{},"isCustomized_tap":true,"outputAndDisplay_tap":{"layerKey":"layer0","output":{"letter_keys":{"_0":"b"}},"display":"B"}}}}},{"fromDetail":{"output":{"letter_keys":{"_0":"b"}},"display":"B"},"id":"EDD8DC0D-FDCB-43E6-905E-B89E0C40556B","toDetailCollection":{"condition0":{"layer0":{"isCustomized_tap":true,"withModifier_tap":{},"outputAndDisplay_tap":{"layerKey":"layer0","output":{"controls_and_symbols":{"_0":"semicolon"}},"display":";"}}}}},{"id":"1DB16D20-10EB-4069-9FD9-9797AC6F1FC2","unitSize":2.25,"fromDetail":{"output":{"modifier_keys":{"_0":"left_shift"}},"isSFSymbol":true,"display":"shift"},"toDetailCollection":{}},{"fromDetail":{"output":{"letter_keys":{"_0":"z"}},"display":"Z"},"id":"98568696-8766-46B2-AD4F-71143CF18267","toDetailCollection":{}},{"id":"8FD0A19A-8CE8-446B-B32C-0F3409426FE2","fromDetail":{"output":{"controls_and_symbols":{"_0":"comma"}},"display":","},"toDetailCollection":{"condition0":{"layer0":{"isCustomized_tap":true,"outputAndDisplay_tap":{"output":{"letter_keys":{"_0":"f"}},"display":"F","layerKey":"layer0"},"withModifier_tap":{}}}}},{"fromDetail":{"display":"V","output":{"letter_keys":{"_0":"v"}}},"toDetailCollection":{"condition0":{"layer0":{"withModifier_tap":{},"outputAndDisplay_tap":{"output":{"letter_keys":{"_0":"c"}},"display":"C","layerKey":"layer0"},"isCustomized_tap":true}}},"id":"D311DFE9-B71C-4725-9F78-96D26EC367AA"}],"idsInOrderRow3":[{"id":"174A2CA7-7BCE-4C85-9FCA-473062705623"},{"id":"E4C0CAB6-D145-4565-965E-7FC154EDA79E"},{"id":"D7B1BA41-3FA3-44EE-89AF-0D437DC49F56"},{"id":"7DD26097-A0B6-4F45-9344-14F1A1E1BD37"},{"id":"E48C0ADA-27F5-4A4A-BCDC-71F3ACCD746F"},{"id":"2AF3432A-7221-48D2-8999-31F1D71ADBE2"},{"id":"A12167D2-1F55-4675-BEDE-16D690DF2878"},{"id":"33FB706A-15AE-4090-B037-885758C9AF9F"},{"id":"5F7B9645-DB9A-48F3-80DA-5F0CC7DA226C"},{"id":"26731BAA-8264-4C95-BE69-7146CFDB524A"},{"id":"E06D148A-BEE5-4907-AF10-33FD84EF661B"},{"id":"693CE78A-EBF6-405E-B01E-4EE5177B9378"},{"id":"639D4D12-C56B-47C8-8D5F-F745E5018120"},{"id":"93F33BFD-EEDA-4B00-9BBA-F19FD79455B7"}],"row4":[{"id":"65719F4E-60FE-4EA6-B016-7CDC980FCF18","fromDetail":{"output":{"letter_keys":{"_0":"j"}},"display":"J"},"toDetailCollection":{"condition0":{"layer0":{"outputAndDisplay_tap":{"output":{"letter_keys":{"_0":"t"}},"display":"T","layerKey":"layer0"},"withModifier_tap":{},"isCustomized_tap":true}}}},{"id":"F4865FF0-A83C-4C39-94BF-D0F75EC36EC0","fromDetail":{"output":{"controls_and_symbols":{"_0":"single_quotation_or_colon"}},"display":"'"},"toDetailCollection":{}},{"toDetailCollection":{"condition0":{"layer0":{"withModifier_tap":{},"outputAndDisplay_tap":{"output":{"controls_and_symbols":{"_0":"period"}},"layerKey":"layer0","display":"."},"isCustomized_tap":true}}},"id":"85A1AAD5-0E8C-4DBF-A045-4D0AAA47601C","fromDetail":{"display":"G","output":{"letter_keys":{"_0":"g"}}}},{"id":"63E8B669-846A-4173-8602-F2EF8F11CC07","unitSize":1.75,"toDetailCollection":{},"fromDetail":{"display":"capslock","isSFSymbol":true,"output":{"modifier_keys":{"_0":"caps_lock"}}}},{"toDetailCollection":{"condition0":{"layer0":{"withModifier_tap":{},"outputAndDisplay_tap":{"output":{"letter_keys":{"_0":"o"}},"display":"O","layerKey":"layer0"},"isCustomized_tap":true}}},"id":"220600AA-FD03-476C-ACD3-A86718B51670","fromDetail":{"output":{"letter_keys":{"_0":"s"}},"display":"S"}},{"toDetailCollection":{"condition0":{"layer0":{"isCustomized_tap":true,"outputAndDisplay_tap":{"output":{"letter_keys":{"_0":"n"}},"display":"N","layerKey":"layer0"},"withModifier_tap":{}}}},"id":"630817C3-3939-4FCE-940D-9DBE70DCF6CB","fromDetail":{"display":"K","output":{"letter_keys":{"_0":"k"}}}},{"toDetailCollection":{"condition0":{"layer0":{"outputAndDisplay_tap":{"output":{"letter_keys":{"_0":"a"}},"display":"A","layerKey":"layer0"},"isCustomized_tap":true,"withModifier_tap":{}}}},"id":"0CDF6355-CA03-440D-AE94-038616C2A2ED","fromDetail":{"display":"F","output":{"letter_keys":{"_0":"f"}}}},{"id":"7EDFF3D1-2624-46A0-8D79-87EA1FBF8622","fromDetail":{"isSFSymbol":true,"output":{"controls_and_symbols":{"_0":"return_or_enter"}},"display":"return"},"toDetailCollection":{},"unitSize":1.75},{"fromDetail":{"output":{"letter_keys":{"_0":"h"}},"display":"H"},"id":"4C3917E2-0FB1-4C25-B127-DF5E73584D71","toDetailCollection":{"condition0":{"layer0":{"outputAndDisplay_tap":{"display":"K","output":{"letter_keys":{"_0":"k"}},"layerKey":"layer0"},"withModifier_tap":{},"isCustomized_tap":true}}}},{"id":"628E9A46-34D1-4B7F-AB43-977DBC5D76E5","toDetailCollection":{"condition0":{"layer0":{"isCustomized_tap":true,"outputAndDisplay_tap":{"output":{"letter_keys":{"_0":"i"}},"display":"I","layerKey":"layer0"},"withModifier_tap":{}}}},"fromDetail":{"output":{"letter_keys":{"_0":"a"}},"display":"A"}},{"id":"FA91957F-678D-4AD4-A5AB-86480C7127C2","fromDetail":{"output":{"letter_keys":{"_0":"d"}},"display":"D"},"toDetailCollection":{"condition0":{"layer0":{"isCustomized_tap":true,"outputAndDisplay_tap":{"output":{"letter_keys":{"_0":"e"}},"display":"E","layerKey":"layer0"},"withModifier_tap":{}}}}},{"fromDetail":{"display":"L","output":{"letter_keys":{"_0":"l"}}},"toDetailCollection":{"condition0":{"layer0":{"withModifier_tap":{},"isCustomized_tap":true,"outputAndDisplay_tap":{"layerKey":"layer0","output":{"letter_keys":{"_0":"s"}},"display":"S"}}}},"id":"F523E464-AEF2-4D43-8043-CA12595C8D54"},{"id":"F23132EB-0A8F-44BB-8CBD-83E66B772A16","fromDetail":{"display":";","output":{"controls_and_symbols":{"_0":"semicolon"}}},"toDetailCollection":{"condition0":{"layer0":{"isCustomized_tap":true,"outputAndDisplay_tap":{"display":"R","output":{"letter_keys":{"_0":"r"}},"layerKey":"layer0"},"withModifier_tap":{}}}}}],"idsInOrderRow4":[{"id":"63E8B669-846A-4173-8602-F2EF8F11CC07"},{"id":"628E9A46-34D1-4B7F-AB43-977DBC5D76E5"},{"id":"220600AA-FD03-476C-ACD3-A86718B51670"},{"id":"FA91957F-678D-4AD4-A5AB-86480C7127C2"},{"id":"0CDF6355-CA03-440D-AE94-038616C2A2ED"},{"id":"85A1AAD5-0E8C-4DBF-A045-4D0AAA47601C"},{"id":"4C3917E2-0FB1-4C25-B127-DF5E73584D71"},{"id":"65719F4E-60FE-4EA6-B016-7CDC980FCF18"},{"id":"630817C3-3939-4FCE-940D-9DBE70DCF6CB"},{"id":"F523E464-AEF2-4D43-8043-CA12595C8D54"},{"id":"F23132EB-0A8F-44BB-8CBD-83E66B772A16"},{"id":"F4865FF0-A83C-4C39-94BF-D0F75EC36EC0"},{"id":"7EDFF3D1-2624-46A0-8D79-87EA1FBF8622"}],"arrow_right":{"fromDetail":{"isSFSymbol":true,"output":{"arrow_keys":{"_0":"right_arrow"}},"display":"arrowtriangle.right.fill"},"toDetailCollection":{},"id":"047BE1B1-D1FC-4B1B-A365-13FE7FBC69F1","keyShape":"arrow_LR"},"arrow_up":{"id":"FE75C143-266C-49FB-AD54-32D373B37C39","toDetailCollection":{},"keyShape":"arrow_Up","fromDetail":{"isSFSymbol":true,"display":"arrowtriangle.up.fill","output":{"arrow_keys":{"_0":"up_arrow"}}}},"row3":[{"id":"93F33BFD-EEDA-4B00-9BBA-F19FD79455B7","fromDetail":{"display":"\\","output":{"controls_and_symbols":{"_0":"backslash_or_yen"}}},"toDetailCollection":{}},{"toDetailCollection":{"condition0":{"layer0":{"withModifier_tap":{},"isCustomized_tap":true,"outputAndDisplay_tap":{"display":"D","layerKey":"layer0","output":{"letter_keys":{"_0":"d"}}}}}},"id":"33FB706A-15AE-4090-B037-885758C9AF9F","fromDetail":{"display":"U","output":{"letter_keys":{"_0":"u"}}}},{"fromDetail":{"output":{"letter_keys":{"_0":"t"}},"display":"T"},"toDetailCollection":{"condition0":{"layer0":{"isCustomized_tap":true,"withModifier_tap":{},"outputAndDisplay_tap":{"display":",","output":{"controls_and_symbols":{"_0":"comma"}},"layerKey":"layer0"}}}},"id":"2AF3432A-7221-48D2-8999-31F1D71ADBE2"},{"toDetailCollection":{"condition0":{"layer0":{"isCustomized_tap":true,"outputAndDisplay_tap":{"output":{"letter_keys":{"_0":"w"}},"display":"W","layerKey":"layer0"},"withModifier_tap":{}}}},"id":"E06D148A-BEE5-4907-AF10-33FD84EF661B","fromDetail":{"output":{"letter_keys":{"_0":"p"}},"display":"P"}},{"id":"A12167D2-1F55-4675-BEDE-16D690DF2878","fromDetail":{"display":"Y","output":{"letter_keys":{"_0":"y"}}},"toDetailCollection":{"condition0":{"layer0":{"withModifier_tap":{},"outputAndDisplay_tap":{"output":{"letter_keys":{"_0":"j"}},"display":"J","layerKey":"layer0"},"isCustomized_tap":true}}}},{"unitSize":1.5,"fromDetail":{"output":{"controls_and_symbols":{"_0":"tab"}},"display":"arrow.right.to.line","isSFSymbol":true},"id":"174A2CA7-7BCE-4C85-9FCA-473062705623","toDetailCollection":{}},{"fromDetail":{"output":{"letter_keys":{"_0":"o"}},"display":"O"},"toDetailCollection":{"condition0":{"layer0":{"withModifier_tap":{},"outputAndDisplay_tap":{"layerKey":"layer0","output":{"letter_keys":{"_0":"g"}},"display":"G"},"isCustomized_tap":true}}},"id":"26731BAA-8264-4C95-BE69-7146CFDB524A"},{"toDetailCollection":{},"id":"639D4D12-C56B-47C8-8D5F-F745E5018120","fromDetail":{"display":"]","output":{"controls_and_symbols":{"_0":"close_square_bracket"}}}},{"fromDetail":{"output":{"controls_and_symbols":{"_0":"open_square_bracket"}},"display":"["},"id":"693CE78A-EBF6-405E-B01E-4EE5177B9378","toDetailCollection":{}},{"toDetailCollection":{"condition0":{"layer0":{"outputAndDisplay_tap":{"display":"Y","layerKey":"layer0","output":{"letter_keys":{"_0":"y"}}},"isCustomized_tap":true,"withModifier_tap":{}}}},"fromDetail":{"output":{"letter_keys":{"_0":"r"}},"display":"R"},"id":"E48C0ADA-27F5-4A4A-BCDC-71F3ACCD746F"},{"id":"5F7B9645-DB9A-48F3-80DA-5F0CC7DA226C","fromDetail":{"display":"I","output":{"letter_keys":{"_0":"i"}}},"toDetailCollection":{"condition0":{"layer0":{"outputAndDisplay_tap":{"layerKey":"layer0","display":"H","output":{"letter_keys":{"_0":"h"}}},"withModifier_tap":{},"isCustomized_tap":true}}}},{"toDetailCollection":{"condition0":{"layer0":{"outputAndDisplay_tap":{"display":"P","layerKey":"layer0","output":{"letter_keys":{"_0":"p"}}},"withModifier_tap":{},"isCustomized_tap":true}}},"id":"D7B1BA41-3FA3-44EE-89AF-0D437DC49F56","fromDetail":{"output":{"letter_keys":{"_0":"w"}},"display":"W"}},{"id":"7DD26097-A0B6-4F45-9344-14F1A1E1BD37","fromDetail":{"display":"E","output":{"letter_keys":{"_0":"e"}}},"toDetailCollection":{"condition0":{"layer0":{"isCustomized_tap":true,"outputAndDisplay_tap":{"output":{"letter_keys":{"_0":"u"}},"display":"U","layerKey":"layer0"},"withModifier_tap":{}}}}},{"toDetailCollection":{},"id":"E4C0CAB6-D145-4565-965E-7FC154EDA79E","fromDetail":{"output":{"letter_keys":{"_0":"q"}},"display":"Q"}}],"idsInOrderRow5":[{"id":"1DB16D20-10EB-4069-9FD9-9797AC6F1FC2"},{"id":"98568696-8766-46B2-AD4F-71143CF18267"},{"id":"91E06D5C-A35D-471E-8E53-B94D2EBCBC26"},{"id":"22C32187-0BD1-495D-BD7E-F3F40DB7891C"},{"id":"D311DFE9-B71C-4725-9F78-96D26EC367AA"},{"id":"EDD8DC0D-FDCB-43E6-905E-B89E0C40556B"},{"id":"D390D253-2B9A-4684-9228-EFD6A32917B7"},{"id":"A89A4BCC-8751-4A6C-8F0B-0BB7AE21161A"},{"id":"8FD0A19A-8CE8-446B-B32C-0F3409426FE2"},{"id":"2D774C61-E6D7-4AFE-AFBF-0D3676BB01EF"},{"id":"529979AA-D5DE-4C6E-944E-75CCFE295C5B"},{"id":"B776A660-FB6F-47BC-A40C-DD0771AA5A40"}],"row1":[{"fromDetail":{"output":{"function_keys":{"_0":"f2"}},"display":"F2"},"id":"28C1309F-E5CC-46D8-8715-EB2CADB65E50","toDetailCollection":{}},{"toDetailCollection":{},"id":"8F1E1436-EDB0-4B22-877D-79AA23A0AFB8","fromDetail":{"output":{"function_keys":{"_0":"f4"}},"display":"F4"}},{"fromDetail":{"display":"F1","output":{"function_keys":{"_0":"f1"}}},"id":"A7FAF1DD-58A3-4479-9E47-2DB20795EA65","toDetailCollection":{}},{"id":"3CCF396C-61C4-47E6-8795-1278B6635FAF","fromDetail":{"display":"F8","output":{"function_keys":{"_0":"f8"}}},"toDetailCollection":{}},{"toDetailCollection":{},"id":"0B10C6E2-C7B2-40D1-BB22-FE4D406161E5","fromDetail":{"output":{"function_keys":{"_0":"f6"}},"display":"F6"}},{"toDetailCollection":{},"fromDetail":{"isSFSymbol":true,"display":"escape","output":{"controls_and_symbols":{"_0":"escape"}}},"id":"0E21AEEE-5649-4D0F-9765-97CD8072DC28","unitSize":1.5},{"toDetailCollection":{},"id":"A57692A1-3120-474C-9BB9-DD951DDF0167","fromDetail":{"display":"F12","output":{"function_keys":{"_0":"f12"}}}},{"fromDetail":{"output":{"function_keys":{"_0":"f3"}},"display":"F3"},"id":"44BABFDD-B1BD-46FC-BDF2-A0C24E85DC58","toDetailCollection":{}},{"toDetailCollection":{},"id":"4CF76AFD-D20C-4AAB-8873-736B17CC4E8F","fromDetail":{"output":{"function_keys":{"_0":"f5"}},"display":"F5"}},{"id":"5F5392D1-3621-42FB-A54B-69B2140F2BB4","toDetailCollection":{},"fromDetail":{"display":"F7","output":{"function_keys":{"_0":"f7"}}}},{"toDetailCollection":{},"fromDetail":{"display":"F9","output":{"function_keys":{"_0":"f9"}}},"id":"9B7B6775-2D1E-40D1-8E66-4AED6C8B90EE"},{"toDetailCollection":{},"id":"E7838BF3-E0A6-488D-AEF3-AF1904A18BC7","fromDetail":{"output":{"function_keys":{"_0":"f10"}},"display":"F10"}},{"fromDetail":{"display":"F11","output":{"function_keys":{"_0":"f11"}}},"id":"3CBEA183-461C-41E1-81B1-7DD7FE74BEB2","toDetailCollection":{}}],"idsInOrderRow6":[{"id":"5FCA02B7-63DA-4C57-93CC-0E80B0A2BABC"},{"id":"4B699C48-667A-4E6D-9279-89AD36076781"},{"id":"E10F86D5-679C-479D-9BE6-94BA916C94A6"},{"id":"E7334646-B636-45E9-AE3F-BBD2313C04F4"},{"id":"AFAFCBEA-1E56-4FB5-A72F-B42FECD78D6F"},{"id":"631B4FB8-2858-48F5-ACAF-67EE2DB3ECF3"},{"id":"D6CC924D-20C3-4F08-96D9-34E30FC16100"}],"row6":[{"fromDetail":{"isSFSymbol":true,"display":"command","output":{"modifier_keys":{"_0":"left_command"}}},"toDetailCollection":{},"unitSize":1.25,"id":"E7334646-B636-45E9-AE3F-BBD2313C04F4"},{"id":"4B699C48-667A-4E6D-9279-89AD36076781","toDetailCollection":{},"fromDetail":{"output":{"modifier_keys":{"_0":"left_control"}},"display":"control","isSFSymbol":true}},{"id":"D6CC924D-20C3-4F08-96D9-34E30FC16100","toDetailCollection":{},"fromDetail":{"isSFSymbol":true,"output":{"modifier_keys":{"_0":"right_option"}},"display":"option"}},{"toDetailCollection":{},"unitSize":5,"fromDetail":{"output":{"controls_and_symbols":{"_0":"spacebar"}},"display":"␣"},"id":"AFAFCBEA-1E56-4FB5-A72F-B42FECD78D6F"},{"id":"5FCA02B7-63DA-4C57-93CC-0E80B0A2BABC","fromDetail":{"display":"globe","isSFSymbol":true,"output":{"modifier_keys":{"_0":"keyboard_fn"}}},"toDetailCollection":{}},{"id":"631B4FB8-2858-48F5-ACAF-67EE2DB3ECF3","toDetailCollection":{},"fromDetail":{"isSFSymbol":true,"display":"command","output":{"modifier_keys":{"_0":"right_command"}}},"unitSize":1.25},{"id":"E10F86D5-679C-479D-9BE6-94BA916C94A6","fromDetail":{"display":"option","isSFSymbol":true,"output":{"modifier_keys":{"_0":"left_option"}}},"toDetailCollection":{}}],"idsInOrderRow2":[{"id":"C7828A26-2A54-4EA4-9E3C-0D02B99F06C6"},{"id":"DFB225ED-44C8-4DAA-9374-5890E3F32214"},{"id":"72E6FB93-675B-4C69-B0D3-F2B68C4D24F1"},{"id":"FA9EDBC7-576B-4571-91E6-D4DFF92772E9"},{"id":"4B7E7AE4-2D8C-4994-826A-69361C180CDF"},{"id":"5D0405F3-22D4-4512-839E-1BEEE38DA1C1"},{"id":"0FDFE613-54DC-4C2D-BBAB-E029F3A40674"},{"id":"8C107ACD-48FE-4381-9620-7FD5A16B16C7"},{"id":"F20B9F09-A8F7-42B0-B193-84999056E39E"},{"id":"0539EA98-9911-4DEF-A6E1-B464F6BA75C8"},{"id":"02858800-36E7-466B-83F8-02FCD3A0DAA1"},{"id":"E46725EA-89D4-4A25-AA7B-512A6CB97202"},{"id":"07B2106B-94DA-4BC4-BBB0-B681BD8A363F"},{"id":"117E08B1-47BC-499C-8606-0371376E1FAE"}],"arrow_left":{"id":"5311711B-72CF-4053-8DAE-2D6CC24EB4D2","keyShape":"arrow_LR","fromDetail":{"output":{"arrow_keys":{"_0":"left_arrow"}},"display":"arrowtriangle.left.fill","isSFSymbol":true},"toDetailCollection":{}}},"isEnableMain":true,"isEnableSub":false,"subRows":{"row3":[{"id":"5F1AB786-8536-423A-A20C-205E963DB55A","fromDetail":{"display":"arrow.down","isSFSymbol":true,"output":{"arrow_keys":{"_0":"page_down"}}},"toDetailCollection":{}},{"toDetailCollection":{},"fromDetail":{"isSFSymbol":true,"output":{"controls_and_symbols":{"_0":"delete_forward"}},"display":"delete.right"},"id":"D66303F6-C4AE-40C9-A142-B730F3E5D77B"},{"fromDetail":{"output":{"arrow_keys":{"_0":"end"}},"display":"arrow.down.to.line","isSFSymbol":true},"id":"2EF94C50-8D37-4A36-BF13-9B9EC1371A9F","toDetailCollection":{}}],"enableArrowKeys":false,"idsInOrderRow1":[{"id":"1214A1CB-921C-4221-B559-401359BCE6BB"},{"id":"0F87E722-9FAF-4969-9DF8-1E1980E1ADB0"},{"id":"DD2462D8-614E-4BC0-886A-69982C405846"}],"row5":[{"id":"7C6E1C61-9F8A-47FE-AD50-AA881CC1F03E","fromDetail":{"output":{"arrow_keys":{"_0":"up_arrow"}},"display":"arrowtriangle.up.fill","isSFSymbol":true},"toDetailCollection":{}},{"isSpacer":true,"toDetailCollection":{},"fromDetail":{"display":"A","output":{"letter_keys":{"_0":"a"}}},"id":"5992FDBB-45AA-49AE-A744-F46E2E0F9E96"}],"idsInOrderRow2":[{"id":"560F1474-7D0C-4B42-A44C-D29B1C8F6E0A"},{"id":"F95EEDF9-0256-48C5-8851-D69E9569EF35"},{"id":"3A472144-1F53-47AB-9F3D-721F56C7C562"}],"row1":[{"id":"DD2462D8-614E-4BC0-886A-69982C405846","fromDetail":{"output":{"function_keys":{"_0":"f15"}},"display":"F15"},"toDetailCollection":{}},{"id":"0F87E722-9FAF-4969-9DF8-1E1980E1ADB0","fromDetail":{"display":"F14","output":{"function_keys":{"_0":"f14"}}},"toDetailCollection":{}},{"fromDetail":{"output":{"function_keys":{"_0":"f13"}},"display":"F13"},"toDetailCollection":{},"id":"1214A1CB-921C-4221-B559-401359BCE6BB"}],"row2":[{"id":"F95EEDF9-0256-48C5-8851-D69E9569EF35","fromDetail":{"display":"arrow.up.to.line","output":{"arrow_keys":{"_0":"home"}},"isSFSymbol":true},"toDetailCollection":{}},{"toDetailCollection":{},"id":"3A472144-1F53-47AB-9F3D-721F56C7C562","fromDetail":{"display":"arrow.up","output":{"arrow_keys":{"_0":"page_up"}},"isSFSymbol":true}},{"fromDetail":{"display":"text.insert","isSFSymbol":true,"output":{"keys_in_pc_keyboards":{"_0":"insert"}}},"id":"560F1474-7D0C-4B42-A44C-D29B1C8F6E0A","toDetailCollection":{}}],"arrow_down":{"keyShape":"arrow_Down","fromDetail":{"output":{"arrow_keys":{"_0":"down_arrow"}},"isSFSymbol":true,"display":"arrowtriangle.down.fill"},"id":"3109616D-213D-4DAE-A724-2CEB1BF433E3","toDetailCollection":{}},"arrow_right":{"toDetailCollection":{},"fromDetail":{"isSFSymbol":true,"output":{"arrow_keys":{"_0":"right_arrow"}},"display":"arrowtriangle.right.fill"},"id":"63FFE16B-D56F-495B-A788-5D394DDD2F8A","keyShape":"arrow_LR"},"idsInOrderRow3":[{"id":"D66303F6-C4AE-40C9-A142-B730F3E5D77B"},{"id":"2EF94C50-8D37-4A36-BF13-9B9EC1371A9F"},{"id":"5F1AB786-8536-423A-A20C-205E963DB55A"}],"idsInOrderRow5":[{"id":"5992FDBB-45AA-49AE-A744-F46E2E0F9E96"},{"id":"7C6E1C61-9F8A-47FE-AD50-AA881CC1F03E"}],"rowIndex_arrow":{"row6":{}},"arrow_left":{"fromDetail":{"output":{"arrow_keys":{"_0":"left_arrow"}},"display":"arrowtriangle.left.fill","isSFSymbol":true},"keyShape":"arrow_LR","id":"4EF4B31D-8440-4C23-A5FB-E4EE77B40F87","toDetailCollection":{}},"row4":[],"arrow_up":{"toDetailCollection":{},"fromDetail":{"display":"arrowtriangle.up.fill","output":{"arrow_keys":{"_0":"up_arrow"}},"isSFSymbol":true},"keyShape":"arrow_Up","id":"741A7167-9EE6-4145-B39C-31BDC1CB17F4"},"row6":[{"toDetailCollection":{},"fromDetail":{"isSFSymbol":true,"output":{"arrow_keys":{"_0":"right_arrow"}},"display":"arrowtriangle.right.fill"},"id":"75699BE0-47DB-4CF1-B9EE-4D4CF6380285"},{"id":"79E1B20D-7111-4159-B5BF-0889F9AECCD3","fromDetail":{"display":"arrowtriangle.left.fill","output":{"arrow_keys":{"_0":"left_arrow"}},"isSFSymbol":true},"toDetailCollection":{}},{"id":"365FD8E2-B6F5-4E90-AADA-192E4DB9369D","toDetailCollection":{},"fromDetail":{"output":{"arrow_keys":{"_0":"down_arrow"}},"isSFSymbol":true,"display":"arrowtriangle.down.fill"}}],"idsInOrderRow4":[],"idsInOrderRow6":[{"id":"79E1B20D-7111-4159-B5BF-0889F9AECCD3"},{"id":"365FD8E2-B6F5-4E90-AADA-192E4DB9369D"},{"id":"75699BE0-47DB-4CF1-B9EE-4D4CF6380285"}]},"isEnableTenkey":false,"sectionDetail":{"deviceDetail":{"is_vendor_id_Enabled":false,"is_product_id_Enabled":false,"vendor_id":"vendor_id","location_id":"location_id","device_name":"mainKeyboard","product_id":"product_id","is_builtin_keyboard":false,"is_location_id_Enabled":false},"section":{"main":{}}},"tenkeyRows":{"row6":[{"unitSize":2,"fromDetail":{"output":{"keypad_keys":{"_0":"keypad_0"}},"display":"0"},"id":"B4260DAF-FBD2-46F7-B2E7-E0BC3CA50248","toDetailCollection":{}},{"toDetailCollection":{},"id":"57A3837F-D994-455D-88A9-CF6D927FBBBF","fromDetail":{"display":".","output":{"keypad_keys":{"_0":"keypad_period"}}}}],"arrow_down":{"keyShape":"arrow_Down","toDetailCollection":{},"fromDetail":{"output":{"arrow_keys":{"_0":"down_arrow"}},"isSFSymbol":true,"display":"arrowtriangle.down.fill"},"id":"1545DCB7-8907-486C-878A-BF3CC2E1EB65"},"idsInOrderRow2":[{"id":"275B7478-C111-4868-9B23-3129C8163C79"},{"id":"D7394DCF-31EE-4A15-B557-91595C88AAD1"},{"id":"2B064E9F-848A-414D-B0FE-899E18B8A854"},{"id":"C2EBF038-5431-49FE-AD45-9365710D6364"}],"idsInOrderRow1":[{"id":"B257F8D4-36D4-45E4-BC67-0545A8B205A2"},{"id":"0051640A-39D0-4A50-B7FC-470A5847C92F"},{"id":"5E447718-A0BF-400D-A505-1E10559ADAAE"},{"id":"9A99D8C4-104C-4061-AB14-6608A30DD1A1"}],"idsInOrderRow6":[{"id":"B4260DAF-FBD2-46F7-B2E7-E0BC3CA50248"},{"id":"57A3837F-D994-455D-88A9-CF6D927FBBBF"}],"row2":[{"fromDetail":{"output":{"keypad_keys":{"_0":"keypad_asterisk"}},"display":"*"},"toDetailCollection":{},"id":"C2EBF038-5431-49FE-AD45-9365710D6364"},{"id":"275B7478-C111-4868-9B23-3129C8163C79","fromDetail":{"output":{"others":{"_0":"clear"}},"display":"clear"},"toDetailCollection":{}},{"id":"2B064E9F-848A-414D-B0FE-899E18B8A854","fromDetail":{"output":{"keypad_keys":{"_0":"keypad_slash"}},"display":"\/"},"toDetailCollection":{}},{"id":"D7394DCF-31EE-4A15-B557-91595C88AAD1","toDetailCollection":{},"fromDetail":{"output":{"keypad_keys":{"_0":"keypad_equal_sign"}},"display":"="}}],"arrow_left":{"id":"52C3ABFE-A21B-48A9-936C-D7E0639C2216","toDetailCollection":{},"fromDetail":{"isSFSymbol":true,"output":{"arrow_keys":{"_0":"left_arrow"}},"display":"arrowtriangle.left.fill"},"keyShape":"arrow_LR"},"row3":[{"id":"6269A68D-79A3-42F0-B6B2-DDA5D34C38B1","toDetailCollection":{},"fromDetail":{"output":{"keypad_keys":{"_0":"keypad_8"}},"display":"8"}},{"fromDetail":{"display":"-","output":{"keypad_keys":{"_0":"keypad_hyphen"}}},"id":"C3740F97-3DE9-4684-BFA9-603B4620D32C","toDetailCollection":{}},{"fromDetail":{"output":{"keypad_keys":{"_0":"keypad_9"}},"display":"9"},"toDetailCollection":{},"id":"12BE363A-9F4F-49E9-92E7-813355CE649C"},{"fromDetail":{"output":{"keypad_keys":{"_0":"keypad_7"}},"display":"7"},"toDetailCollection":{},"id":"F7961218-AC27-41D7-A98C-FCC8974FA33B"}],"arrow_up":{"keyShape":"arrow_Up","id":"75F061CB-0E39-49D2-97EB-67E221DE206A","fromDetail":{"isSFSymbol":true,"output":{"arrow_keys":{"_0":"up_arrow"}},"display":"arrowtriangle.up.fill"},"toDetailCollection":{}},"idsInOrderRow5":[{"id":"CA197FFB-6F63-4D63-A5FD-809D8783A1D8"},{"id":"3998AF3A-C9C2-4D48-B97B-0CBC76A53A43"},{"id":"0B5C92A6-3DF2-4ED6-8E56-37E1D04570C8"},{"id":"4591CD52-5F5F-47C9-B7C2-E9BCBD7D5C08"}],"arrow_right":{"toDetailCollection":{},"fromDetail":{"isSFSymbol":true,"display":"arrowtriangle.right.fill","output":{"arrow_keys":{"_0":"right_arrow"}}},"id":"96C822E8-F715-4F99-B166-FD1D87FCA8BA","keyShape":"arrow_LR"},"row5":[{"id":"CA197FFB-6F63-4D63-A5FD-809D8783A1D8","fromDetail":{"output":{"keypad_keys":{"_0":"keypad_1"}},"display":"1"},"toDetailCollection":{}},{"id":"4591CD52-5F5F-47C9-B7C2-E9BCBD7D5C08","fromDetail":{"display":"projective","output":{"keypad_keys":{"_0":"keypad_enter"}},"isSFSymbol":true},"keyShape":"enter_Tenkey","toDetailCollection":{}},{"fromDetail":{"display":"2","output":{"keypad_keys":{"_0":"keypad_2"}}},"toDetailCollection":{},"id":"3998AF3A-C9C2-4D48-B97B-0CBC76A53A43"},{"fromDetail":{"output":{"keypad_keys":{"_0":"keypad_3"}},"display":"3"},"toDetailCollection":{},"id":"0B5C92A6-3DF2-4ED6-8E56-37E1D04570C8"}],"idsInOrderRow3":[{"id":"F7961218-AC27-41D7-A98C-FCC8974FA33B"},{"id":"6269A68D-79A3-42F0-B6B2-DDA5D34C38B1"},{"id":"12BE363A-9F4F-49E9-92E7-813355CE649C"},{"id":"C3740F97-3DE9-4684-BFA9-603B4620D32C"}],"idsInOrderRow4":[{"id":"2042AB6D-D0C1-4257-927B-8A0AEBF77F4C"},{"id":"EA9CD799-D351-4BCD-A864-8943B2B7BD9A"},{"id":"6BAF08E0-030D-4F3B-ACD9-ACA3AA00A50C"},{"id":"25232525-3362-46A2-908A-B91BF62CF887"}],"row1":[{"fromDetail":{"output":{"function_keys":{"_0":"f16"}},"display":"F16"},"toDetailCollection":{},"id":"B257F8D4-36D4-45E4-BC67-0545A8B205A2"},{"id":"5E447718-A0BF-400D-A505-1E10559ADAAE","toDetailCollection":{},"fromDetail":{"output":{"function_keys":{"_0":"f18"}},"display":"F18"}},{"fromDetail":{"output":{"function_keys":{"_0":"f17"}},"display":"F17"},"id":"0051640A-39D0-4A50-B7FC-470A5847C92F","toDetailCollection":{}},{"id":"9A99D8C4-104C-4061-AB14-6608A30DD1A1","toDetailCollection":{},"fromDetail":{"output":{"function_keys":{"_0":"f19"}},"display":"F19"}}],"rowIndex_arrow":{"row6":{}},"enableArrowKeys":false,"row4":[{"fromDetail":{"display":"+","output":{"keypad_keys":{"_0":"keypad_plus"}}},"toDetailCollection":{},"id":"25232525-3362-46A2-908A-B91BF62CF887"},{"fromDetail":{"display":"6","output":{"keypad_keys":{"_0":"keypad_6"}}},"toDetailCollection":{},"id":"6BAF08E0-030D-4F3B-ACD9-ACA3AA00A50C"},{"id":"EA9CD799-D351-4BCD-A864-8943B2B7BD9A","fromDetail":{"display":"5","output":{"keypad_keys":{"_0":"keypad_5"}}},"toDetailCollection":{}},{"id":"2042AB6D-D0C1-4257-927B-8A0AEBF77F4C","toDetailCollection":{},"fromDetail":{"display":"4","output":{"keypad_keys":{"_0":"keypad_4"}}}}]}}},"macroCollection":{"idsInOrderCollection":[],"_collection":[]},"name":"Astarte_US","comboCollection":{"condition2":{"layer3":{},"layer5":{},"layer8":{},"layer2":{},"layer6":{},"layer0":{},"layer1":{},"layer4":{},"layer7":{}},"condition6":{"layer2":{},"layer3":{},"layer0":{},"layer7":{},"layer6":{},"layer1":{},"layer8":{},"layer5":{},"layer4":{}},"condition7":{"layer7":{},"layer3":{},"layer6":{},"layer4":{},"layer2":{},"layer5":{},"layer8":{},"layer0":{},"layer1":{}},"condition8":{"layer0":{},"layer6":{},"layer4":{},"layer3":{},"layer5":{},"layer7":{},"layer8":{},"layer2":{},"layer1":{}},"condition0":{"layer1":{},"layer2":{},"layer0":{},"layer5":{},"layer6":{},"layer7":{},"layer3":{},"layer4":{},"layer8":{}},"condition4":{"layer5":{},"layer6":{},"layer8":{},"layer7":{},"layer0":{},"layer3":{},"layer4":{},"layer1":{},"layer2":{}},"condition9":{"layer4":{},"layer8":{},"layer1":{},"layer5":{},"layer7":{},"layer2":{},"layer6":{},"layer3":{},"layer0":{}},"condition3":{"layer0":{},"layer5":{},"layer6":{},"layer4":{},"layer7":{},"layer8":{},"layer3":{},"layer1":{},"layer2":{}},"condition1":{"layer1":{},"layer6":{},"layer2":{},"layer8":{},"layer0":{},"layer4":{},"layer3":{},"layer5":{},"layer7":{}},"condition5":{"layer8":{},"layer2":{},"layer1":{},"layer6":{},"layer0":{},"layer5":{},"layer3":{},"layer7":{},"layer4":{}}},"selections":{"macroTab":{"userMacro":{}},"toTab":"qwertyKeyboard","tab":{"remap":{}},"customOrMacroTab":{"customizeKey":{}},"fromTab":{"qwertyKeyboard":{}},"keyboardKey":{"fromDetail":{"output":{"letter_keys":{"_0":"a"}},"display":"A"},"toDetailCollection":{},"id":"C562CCCC-D99D-4CF4-874A-6356D7F0D29B"},"condition":"condition0","layer":"layer0","macro":{"dictionary_key":null,"id":"D477A08C-AA25-4AFC-93F4-E01891F227DD","name":"user Macro","toDetailCollection":{"_collection":[],"idsInOrderCollection":[]}},"combo":{"id":"AE934B3A-8DCA-4ED1-9EDB-2C661D573E37","key_down_order":"insensitive","comboThreshold":50,"key_up_order":"insensitive","toDetail":{}},"toDetail_macro":{"error":false,"indicator":false,"withModifier":{},"outputAndDisplay":{"output":{"letter_keys":{"_0":"a"}},"display":"none","layerKey":"layer0"},"id":"D2AADCA0-DD9D-4E00-8EA0-95A93996B034"}}}