{"conditionDetailCollection":{"condition4":{"isEnabled":false,"type":"Application","name":"Condition4","value":"com.vendor.condition4"},"condition8":{"value":"com.vendor.condition8","type":"Application","isEnabled":false,"name":"Condition8"},"condition3":{"value":"com.vendor.condition3","name":"Condition3","type":"Application","isEnabled":false},"condition7":{"name":"Condition7","value":"com.vendor.condition7","type":"Application","isEnabled":false},"condition6":{"type":"Application","name":"Condition6","value":"com.vendor.condition6","isEnabled":false},"condition5":{"name":"Condition5","isEnabled":false,"type":"Application","value":"com.vendor.condition5"},"condition9":{"name":"Condition9","value":"com.vendor.condition9","isEnabled":false,"type":"Application"},"condition1":{"isEnabled":false,"value":"ja","name":"Condition1","type":"InputSource"},"condition2":{"value":"com.vendor.condition2","name":"Condition2","type":"Application","isEnabled":false},"condition0":{"isEnabled":true,"type":"Application","name":"Default","value":"com.vendor.condition0"}},"selections":{"tab":{"remap":{}},"toTab":"qwertyKeyboard","toDetail_macro":{"error":false,"indicator":false,"withModifier":{},"outputAndDisplay":{"output":{"letter_keys":{"_0":"a"}},"layerKey":"layer0","display":"none"},"id":"D2AADCA0-DD9D-4E00-8EA0-95A93996B034"},"macro":{"dictionary_key":null,"name":"user Macro","id":"D477A08C-AA25-4AFC-93F4-E01891F227DD","toDetailCollection":{"_collection":[],"idsInOrderCollection":[]}},"keyboardKey":{"fromDetail":{"output":{"letter_keys":{"_0":"a"}},"display":"A"},"toDetailCollection":{},"id":"C562CCCC-D99D-4CF4-874A-6356D7F0D29B"},"combo":{"key_down_order":"insensitive","comboThreshold":50,"id":"AE934B3A-8DCA-4ED1-9EDB-2C661D573E37","key_up_order":"insensitive","toDetail":{}},"customOrMacroTab":{"customizeKey":{}},"layer":"layer0","condition":"condition0","fromTab":{"qwertyKeyboard":{}},"macroTab":{"userMacro":{}}},"displayKeySize":65,"comboCollection":{"condition2":{"layer1":{},"layer8":{},"layer3":{},"layer5":{},"layer0":{},"layer4":{},"layer6":{},"layer7":{},"layer2":{}},"condition3":{"layer3":{},"layer6":{},"layer0":{},"layer2":{},"layer8":{},"layer4":{},"layer5":{},"layer7":{},"layer1":{}},"condition4":{"layer0":{},"layer4":{},"layer2":{},"layer1":{},"layer7":{},"layer5":{},"layer8":{},"layer3":{},"layer6":{}},"condition6":{"layer3":{},"layer6":{},"layer7":{},"layer8":{},"layer2":{},"layer1":{},"layer0":{},"layer4":{},"layer5":{}},"condition8":{"layer2":{},"layer5":{},"layer6":{},"layer4":{},"layer3":{},"layer7":{},"layer1":{},"layer8":{},"layer0":{}},"condition7":{"layer0":{},"layer6":{},"layer8":{},"layer4":{},"layer2":{},"layer1":{},"layer3":{},"layer7":{},"layer5":{}},"condition9":{"layer3":{},"layer4":{},"layer1":{},"layer0":{},"layer6":{},"layer8":{},"layer7":{},"layer5":{},"layer2":{}},"condition5":{"layer1":{},"layer0":{},"layer8":{},"layer3":{},"layer2":{},"layer5":{},"layer7":{},"layer6":{},"layer4":{}},"condition0":{"layer3":{},"layer1":{},"layer4":{},"layer2":{},"layer7":{},"layer0":{},"layer8":{},"layer6":{},"layer5":{}},"condition1":{"layer8":{},"layer3":{},"layer5":{},"layer4":{},"layer2":{},"layer7":{},"layer0":{},"layer1":{},"layer6":{}}},"keymap":{"main":{"isEnableMain":true,"subRows":{"row1":[{"fromDetail":{"display":"F15","output":{"function_keys":{"_0":"f15"}}},"id":"9E8918C3-9B6B-4472-ABF9-A646B9DB7C15","toDetailCollection":{}},{"id":"2BBDDAF4-6C38-41DD-A8C5-7EA9FC61D92E","fromDetail":{"output":{"function_keys":{"_0":"f13"}},"display":"F13"},"toDetailCollection":{}},{"id":"2BF12195-ECEB-468F-B034-801A74BE75B8","toDetailCollection":{},"fromDetail":{"output":{"function_keys":{"_0":"f14"}},"display":"F14"}}],"arrow_up":{"fromDetail":{"isSFSymbol":true,"output":{"arrow_keys":{"_0":"up_arrow"}},"display":"arrowtriangle.up.fill"},"keyShape":"arrow_Up","toDetailCollection":{},"id":"8BE36F7C-8211-4670-ABB5-DED180C8A22B"},"idsInOrderRow2":[{"id":"F049E33E-718A-4770-98A8-3B4CF8AB4DF2"},{"id":"9CD0C752-6CCE-47BE-9B54-0A3479B9DD97"},{"id":"73B20436-713B-4EF8-9517-6B6C7ECFBFEF"}],"idsInOrderRow4":[],"row2":[{"id":"73B20436-713B-4EF8-9517-6B6C7ECFBFEF","fromDetail":{"isSFSymbol":true,"output":{"arrow_keys":{"_0":"page_up"}},"display":"arrow.up"},"toDetailCollection":{}},{"toDetailCollection":{},"id":"9CD0C752-6CCE-47BE-9B54-0A3479B9DD97","fromDetail":{"display":"arrow.up.to.line","output":{"arrow_keys":{"_0":"home"}},"isSFSymbol":true}},{"toDetailCollection":{},"id":"F049E33E-718A-4770-98A8-3B4CF8AB4DF2","fromDetail":{"output":{"keys_in_pc_keyboards":{"_0":"insert"}},"display":"text.insert","isSFSymbol":true}}],"row3":[{"fromDetail":{"isSFSymbol":true,"output":{"arrow_keys":{"_0":"page_down"}},"display":"arrow.down"},"id":"E30B6378-51AC-4566-A50F-081EA865F538","toDetailCollection":{}},{"id":"7ACF4CC9-6951-4187-9F1A-717C4B863C1A","fromDetail":{"display":"delete.right","isSFSymbol":true,"output":{"controls_and_symbols":{"_0":"delete_forward"}}},"toDetailCollection":{}},{"fromDetail":{"output":{"arrow_keys":{"_0":"end"}},"isSFSymbol":true,"display":"arrow.down.to.line"},"toDetailCollection":{},"id":"25F78643-0DBC-4CB6-BA17-3F166B3AE707"}],"row4":[],"row6":[{"toDetailCollection":{},"id":"2A065FA4-26FB-43FA-BB15-A95257B590FC","fromDetail":{"output":{"arrow_keys":{"_0":"down_arrow"}},"isSFSymbol":true,"display":"arrowtriangle.down.fill"}},{"id":"529E6AD8-27AB-4085-9C74-45F214E6F65B","toDetailCollection":{},"fromDetail":{"output":{"arrow_keys":{"_0":"left_arrow"}},"display":"arrowtriangle.left.fill","isSFSymbol":true}},{"fromDetail":{"display":"arrowtriangle.right.fill","isSFSymbol":true,"output":{"arrow_keys":{"_0":"right_arrow"}}},"id":"84F32B5B-E4A2-4B65-ABF9-937F72CA4F79","toDetailCollection":{}}],"idsInOrderRow1":[{"id":"2BBDDAF4-6C38-41DD-A8C5-7EA9FC61D92E"},{"id":"2BF12195-ECEB-468F-B034-801A74BE75B8"},{"id":"9E8918C3-9B6B-4472-ABF9-A646B9DB7C15"}],"idsInOrderRow3":[{"id":"7ACF4CC9-6951-4187-9F1A-717C4B863C1A"},{"id":"25F78643-0DBC-4CB6-BA17-3F166B3AE707"},{"id":"E30B6378-51AC-4566-A50F-081EA865F538"}],"enableArrowKeys":false,"row5":[{"toDetailCollection":{},"id":"A0AA16B2-7414-4BF7-B439-6C845746FFC1","fromDetail":{"isSFSymbol":true,"output":{"arrow_keys":{"_0":"up_arrow"}},"display":"arrowtriangle.up.fill"}},{"isSpacer":true,"toDetailCollection":{},"fromDetail":{"output":{"letter_keys":{"_0":"a"}},"display":"A"},"id":"C60ED2BD-3AF7-48F2-BDE9-9F02D7FE5D5D"}],"rowIndex_arrow":{"row6":{}},"arrow_right":{"keyShape":"arrow_LR","fromDetail":{"display":"arrowtriangle.right.fill","isSFSymbol":true,"output":{"arrow_keys":{"_0":"right_arrow"}}},"id":"62F0DD8C-FD43-470A-B7D3-71A55A718036","toDetailCollection":{}},"idsInOrderRow6":[{"id":"529E6AD8-27AB-4085-9C74-45F214E6F65B"},{"id":"2A065FA4-26FB-43FA-BB15-A95257B590FC"},{"id":"84F32B5B-E4A2-4B65-ABF9-937F72CA4F79"}],"idsInOrderRow5":[{"id":"C60ED2BD-3AF7-48F2-BDE9-9F02D7FE5D5D"},{"id":"A0AA16B2-7414-4BF7-B439-6C845746FFC1"}],"arrow_left":{"fromDetail":{"output":{"arrow_keys":{"_0":"left_arrow"}},"isSFSymbol":true,"display":"arrowtriangle.left.fill"},"toDetailCollection":{},"id":"A3575E88-13BE-4215-8B35-BED58C75DB59","keyShape":"arrow_LR"},"arrow_down":{"fromDetail":{"isSFSymbol":true,"display":"arrowtriangle.down.fill","output":{"arrow_keys":{"_0":"down_arrow"}}},"keyShape":"arrow_Down","toDetailCollection":{},"id":"841E71D1-1117-4D1D-8F94-13707BD5B703"}},"isEnableTenkey":false,"mainRows":{"idsInOrderRow5":[{"id":"C8D93E8D-5940-4A4F-8899-4CA497E2657D"},{"id":"18CA66CA-7A84-4E13-82BF-6F7E22A17EA2"},{"id":"0B8A32A8-92ED-4F4F-8100-FC2BA3931FDF"},{"id":"40D7F2BC-B871-4873-9691-6BD91C88CC22"},{"id":"C3D0FD6D-F02B-4388-B8AF-DAB8534C518F"},{"id":"35E23CC7-1533-4505-B435-9AE8595D073D"},{"id":"6D78AB73-72DB-408B-B67C-14CFFF91A651"},{"id":"395FC90D-E1B9-459A-80BA-1B2E3F112271"},{"id":"BD16D5E4-C1DE-466F-BCA4-48EA07A7E4E1"},{"id":"7720B5A5-76A3-4312-98DD-5C646C9BC1D9"},{"id":"A204EEC4-374A-449E-B97D-F61BCCB9E305"},{"id":"B9CD15A8-A770-406E-84FC-C1AE0BAF4181"},{"id":"21F284A5-7911-4DB5-BA53-9766E8E80A2A"}],"rowIndex_arrow":{"row6":{}},"row2":[{"id":"6558A687-3CFD-47D7-AA52-C4AA2B301FB3","unitSize":1.25,"fromDetail":{"output":{"number_keys":{"_0":"one"}},"display":"1"},"toDetailCollection":{}},{"id":"9AA0064C-61B5-4FED-9B6C-F317B351BC1E","fromDetail":{"display":"3","output":{"number_keys":{"_0":"three"}}},"toDetailCollection":{}},{"toDetailCollection":{},"unitSize":1.25,"id":"6518678A-D7DD-49BA-A890-37C8DD330DC0","fromDetail":{"output":{"controls_and_symbols":{"_0":"delete_or_backspace"}},"display":"delete.left","isSFSymbol":true}},{"toDetailCollection":{},"id":"0F6A0973-3796-465A-B4EB-F989C1D60378","fromDetail":{"display":"8","output":{"number_keys":{"_0":"eight"}}}},{"toDetailCollection":{"condition0":{"layer0":{"outputAndDisplay_tap":{"output":{"controls_and_symbols":{"_0":"close_square_bracket"}},"display":"]","layerKey":"layer0"},"isCustomized_tap":true,"withModifier_tap":{}}}},"id":"E309E51F-B9E7-4D8B-85F1-A42C38A7072A","fromDetail":{"display":"^","output":{"controls_and_symbols":{"_0":"equal_sign_or_caret"}}}},{"fromDetail":{"display":"\\","output":{"international_keys":{"_0":"international3"}}},"id":"427CCC64-AD13-4E37-91A5-77A4CDFB5561","toDetailCollection":{}},{"fromDetail":{"output":{"controls_and_symbols":{"_0":"hyphen"}},"display":"-"},"toDetailCollection":{"condition0":{"layer0":{"outputAndDisplay_tap":{"output":{"controls_and_symbols":{"_0":"open_square_bracket"}},"layerKey":"layer0","display":"["},"withModifier_tap":{},"isCustomized_tap":true}}},"id":"B7B6D80F-DBBC-40A0-9A67-0F5EDCA9E6D6"},{"id":"16508ACA-EAF6-4664-B443-A4EF387496C6","fromDetail":{"output":{"number_keys":{"_0":"five"}},"display":"5"},"toDetailCollection":{}},{"toDetailCollection":{},"id":"0BD6EBAD-862F-46F8-847C-864B891F9AD8","fromDetail":{"display":"9","output":{"number_keys":{"_0":"nine"}}}},{"id":"420F2F9D-89F9-4A4D-8734-319E0833B87B","fromDetail":{"display":"0","output":{"number_keys":{"_0":"zero"}}},"toDetailCollection":{}},{"fromDetail":{"output":{"number_keys":{"_0":"six"}},"display":"6"},"toDetailCollection":{},"id":"41C13094-FAF1-4AD8-AAEB-E394A33873AD"},{"id":"B299F529-6AEA-4338-8C76-8AF153788E8D","fromDetail":{"display":"4","output":{"number_keys":{"_0":"four"}}},"toDetailCollection":{}},{"fromDetail":{"display":"7","output":{"number_keys":{"_0":"seven"}}},"id":"E381FF5D-01D2-4C35-B180-2B0740A0E8C4","toDetailCollection":{}},{"toDetailCollection":{},"fromDetail":{"output":{"number_keys":{"_0":"two"}},"display":"2"},"id":"2D7095DB-21B9-4F8B-82E3-57AE8D63E123"}],"row3":[{"toDetailCollection":{"condition0":{"layer0":{"isCustomized_tap":true,"withModifier_tap":{},"outputAndDisplay_tap":{"output":{"controls_and_symbols":{"_0":"period"}},"layerKey":"layer0","display":"."}}}},"fromDetail":{"display":"E","output":{"letter_keys":{"_0":"e"}}},"id":"8553D4DD-96A5-46E0-A126-16291A958321"},{"fromDetail":{"output":{"controls_and_symbols":{"_0":"commercial_at_jis"}},"display":"@"},"id":"C4DD1F47-21F5-4DE9-A59F-671EE938BE39","toDetailCollection":{"condition0":{"layer0":{"isCustomized_tap":true,"outputAndDisplay_tap":{"display":"\/","output":{"controls_and_symbols":{"_0":"slash"}},"layerKey":"layer0"},"withModifier_tap":{}}}}},{"id":"7DFD074F-645D-4BC7-9370-DC4B1746B9B7","fromDetail":{"output":{"letter_keys":{"_0":"w"}},"display":"W"},"toDetailCollection":{"condition0":{"layer0":{"isCustomized_tap":true,"withModifier_tap":{},"outputAndDisplay_tap":{"layerKey":"layer0","output":{"controls_and_symbols":{"_0":"comma"}},"display":","}}}}},{"toDetailCollection":{"condition0":{"layer0":{"outputAndDisplay_tap":{"output":{"letter_keys":{"_0":"r"}},"display":"R","layerKey":"layer0"},"withModifier_tap":{},"isCustomized_tap":true}}},"id":"294E9B8E-0F7A-4EC8-8F0F-A2580787A64C","fromDetail":{"output":{"letter_keys":{"_0":"o"}},"display":"O"}},{"fromDetail":{"output":{"letter_keys":{"_0":"q"}},"display":"Q"},"id":"D05DCE00-4C26-4562-A036-51B4DB843B0B","toDetailCollection":{"condition0":{"layer0":{"withModifier_tap":{},"isCustomized_tap":true,"outputAndDisplay_tap":{"output":{"shift_symbols":{"_0":"colon"}},"display":":","layerKey":"layer0"}}}}},{"toDetailCollection":{},"id":"7C0CDB7C-834E-4FD5-BE9E-8EB6BE69E088","keyShape":"enter_JIS","unitSize":1.5,"fromDetail":{"display":"return","isSFSymbol":true,"output":{"controls_and_symbols":{"_0":"return_or_enter"}}}},{"id":"D76C8548-9C72-49A5-B3F8-35A73C535570","fromDetail":{"output":{"letter_keys":{"_0":"u"}},"display":"U"},"toDetailCollection":{"condition0":{"layer0":{"outputAndDisplay_tap":{"layerKey":"layer0","display":"G","output":{"letter_keys":{"_0":"g"}}},"isCustomized_tap":true,"withModifier_tap":{}}}}},{"fromDetail":{"display":"P","output":{"letter_keys":{"_0":"p"}}},"toDetailCollection":{"condition0":{"layer0":{"withModifier_tap":{},"isCustomized_tap":true,"outputAndDisplay_tap":{"display":"L","output":{"letter_keys":{"_0":"l"}},"layerKey":"layer0"}}}},"id":"A078ACE1-CD3E-48B5-8EEF-95D8B3A601D7"},{"toDetailCollection":{"condition0":{"layer0":{"isCustomized_tap":true,"outputAndDisplay_tap":{"layerKey":"layer0","display":"Y","output":{"letter_keys":{"_0":"y"}}},"withModifier_tap":{}}}},"id":"87D6CD83-5B35-4B43-BB58-D5328DB90A54","fromDetail":{"output":{"letter_keys":{"_0":"t"}},"display":"T"}},{"id":"7561CED1-B1DF-43A0-8734-FE73ECB91C24","fromDetail":{"display":"arrow.right.to.line","isSFSymbol":true,"output":{"controls_and_symbols":{"_0":"tab"}}},"toDetailCollection":{}},{"id":"FC404B47-DE3B-4544-99C5-E07DCF106AE3","toDetailCollection":{"condition0":{"layer0":{"outputAndDisplay_tap":{"output":{"letter_keys":{"_0":"k"}},"display":"K","layerKey":"layer0"},"isCustomized_tap":true,"withModifier_tap":{}}}},"fromDetail":{"display":"I","output":{"letter_keys":{"_0":"i"}}}},{"toDetailCollection":{"condition0":{"layer0":{"isCustomized_tap":true,"withModifier_tap":{},"outputAndDisplay_tap":{"display":"P","output":{"letter_keys":{"_0":"p"}},"layerKey":"layer0"}}}},"fromDetail":{"output":{"letter_keys":{"_0":"r"}},"display":"R"},"id":"191F7052-D08E-4BB8-9141-517462BEB3A1"},{"toDetailCollection":{"condition0":{"layer0":{"outputAndDisplay_tap":{"output":{"letter_keys":{"_0":"f"}},"layerKey":"layer0","display":"F"},"isCustomized_tap":true,"withModifier_tap":{}}}},"id":"3A1042F5-E75C-44F2-94A5-1F4ECB94EFC6","fromDetail":{"output":{"letter_keys":{"_0":"y"}},"display":"Y"}},{"id":"151772BF-261B-4EB8-B354-002257E8B8DF","fromDetail":{"output":{"controls_and_symbols":{"_0":"open_square_bracket_jis"}},"display":"["},"toDetailCollection":{"condition0":{"layer0":{"isCustomized_tap":true,"withModifier_tap":{},"outputAndDisplay_tap":{"layerKey":"layer0","output":{"shift_symbols":{"_0":"caret"}},"display":"^"}}}}}],"arrow_left":{"fromDetail":{"display":"arrowtriangle.left.fill","output":{"arrow_keys":{"_0":"left_arrow"}},"isSFSymbol":true},"keyShape":"arrow_LR","toDetailCollection":{},"id":"A4A41281-0A6D-4D0D-AD4E-966B4C3A3D77"},"enableArrowKeys":true,"arrow_down":{"toDetailCollection":{},"keyShape":"arrow_Down","id":"75814943-5102-4782-AC48-F8FCE31E2F42","fromDetail":{"isSFSymbol":true,"output":{"arrow_keys":{"_0":"down_arrow"}},"display":"arrowtriangle.down.fill"}},"arrow_right":{"fromDetail":{"output":{"arrow_keys":{"_0":"right_arrow"}},"display":"arrowtriangle.right.fill","isSFSymbol":true},"keyShape":"arrow_LR","toDetailCollection":{},"id":"6CF364D8-C444-4F48-A07A-C1DF47CC043E"},"row1":[{"id":"7A52EEA9-093F-47EF-9843-53C9183A9160","fromDetail":{"display":"F11","output":{"function_keys":{"_0":"f11"}}},"toDetailCollection":{}},{"fromDetail":{"output":{"function_keys":{"_0":"f8"}},"display":"F8"},"toDetailCollection":{},"id":"C7E564CB-6F3E-4023-A8C4-A921BBDC8540"},{"toDetailCollection":{},"id":"42355852-F4E7-4CE6-9B3C-590E8CC3808D","fromDetail":{"output":{"function_keys":{"_0":"f6"}},"display":"F6"}},{"unitSize":1.5,"id":"A0AACA34-2C8B-431F-8FE0-AAC9FE3A8FC9","toDetailCollection":{},"fromDetail":{"output":{"controls_and_symbols":{"_0":"escape"}},"display":"escape","isSFSymbol":true}},{"toDetailCollection":{},"fromDetail":{"display":"F9","output":{"function_keys":{"_0":"f9"}}},"id":"D10B4F71-1AAA-4354-A5B9-ADA821C2336E"},{"fromDetail":{"display":"F1","output":{"function_keys":{"_0":"f1"}}},"id":"6B38C3BB-AD50-44EA-A0B6-107BA2667134","toDetailCollection":{}},{"fromDetail":{"display":"F5","output":{"function_keys":{"_0":"f5"}}},"toDetailCollection":{},"id":"606ADA44-4DF9-47A8-9CE3-6A49EF4AD5C7"},{"fromDetail":{"output":{"function_keys":{"_0":"f7"}},"display":"F7"},"id":"CD18FF0C-0D96-4251-BE8B-8530C88AA948","toDetailCollection":{}},{"toDetailCollection":{},"id":"594CF8BE-CC30-4F71-BAB4-C0ADB881410F","fromDetail":{"display":"F10","output":{"function_keys":{"_0":"f10"}}}},{"toDetailCollection":{},"id":"E1FBFE30-64A4-436A-9450-7B8F37DD51CC","fromDetail":{"output":{"function_keys":{"_0":"f4"}},"display":"F4"}},{"fromDetail":{"output":{"function_keys":{"_0":"f12"}},"display":"F12"},"toDetailCollection":{},"id":"92D35117-76AB-455A-987E-4869D8B54E3D"},{"fromDetail":{"output":{"function_keys":{"_0":"f2"}},"display":"F2"},"id":"2EDB1ADD-1E38-4A31-BBEA-7B5E35359620","toDetailCollection":{}},{"fromDetail":{"display":"F3","output":{"function_keys":{"_0":"f3"}}},"id":"ADDAFC63-9703-46FD-9EF1-89338E381639","toDetailCollection":{}}],"row4":[{"id":"8A8E8EED-9E44-4AA8-A5F5-F7970D9FB4C3","fromDetail":{"output":{"letter_keys":{"_0":"a"}},"display":"A"},"toDetailCollection":{}},{"toDetailCollection":{"condition0":{"layer0":{"isCustomized_tap":true,"outputAndDisplay_tap":{"layerKey":"layer0","display":"S","output":{"letter_keys":{"_0":"s"}}},"withModifier_tap":{}}}},"id":"023C8C41-2597-462B-9A44-083FC3B9949B","fromDetail":{"output":{"controls_and_symbols":{"_0":"semicolon"}},"display":";"}},{"id":"607CE34E-D64C-43F7-B4D5-7E9876A6602E","toDetailCollection":{"condition0":{"layer0":{"isCustomized_tap":true,"outputAndDisplay_tap":{"layerKey":"layer0","output":{"letter_keys":{"_0":"u"}},"display":"U"},"withModifier_tap":{}}}},"fromDetail":{"display":"F","output":{"letter_keys":{"_0":"f"}}}},{"id":"4E418C48-03C1-4655-8C0B-D88C0DD603C2","fromDetail":{"display":"G","output":{"letter_keys":{"_0":"g"}}},"toDetailCollection":{"condition0":{"layer0":{"withModifier_tap":{},"isCustomized_tap":true,"outputAndDisplay_tap":{"display":"I","layerKey":"layer0","output":{"letter_keys":{"_0":"i"}}}}}}},{"toDetailCollection":{"condition0":{"layer0":{"withModifier_tap":{},"isCustomized_tap":true,"outputAndDisplay_tap":{"display":"O","layerKey":"layer0","output":{"letter_keys":{"_0":"o"}}}}}},"fromDetail":{"output":{"letter_keys":{"_0":"s"}},"display":"S"},"id":"B97A6EE5-586F-4165-857C-8E3D6E53D50A"},{"fromDetail":{"display":"J","output":{"letter_keys":{"_0":"j"}}},"id":"3A10BB18-A0BB-4D04-9A7E-3C7FAC47B307","toDetailCollection":{"condition0":{"layer0":{"outputAndDisplay_tap":{"output":{"letter_keys":{"_0":"h"}},"display":"H","layerKey":"layer0"},"isCustomized_tap":true,"withModifier_tap":{}}}}},{"fromDetail":{"output":{"letter_keys":{"_0":"d"}},"display":"D"},"id":"C55176E9-67A0-4426-9D1C-DC78AF63DBC4","toDetailCollection":{"condition0":{"layer0":{"isCustomized_tap":true,"outputAndDisplay_tap":{"output":{"letter_keys":{"_0":"e"}},"layerKey":"layer0","display":"E"},"withModifier_tap":{}}}}},{"toDetailCollection":{"condition0":{"layer0":{"isCustomized_tap":true,"outputAndDisplay_tap":{"display":"@","output":{"shift_symbols":{"_0":"commercial_at"}},"layerKey":"layer0"},"withModifier_tap":{}}}},"id":"06B14528-202E-48C5-B523-4FB7718B3165","fromDetail":{"output":{"controls_and_symbols":{"_0":"close_square_bracket_jis"}},"display":"]"}},{"fromDetail":{"display":"L","output":{"letter_keys":{"_0":"l"}}},"toDetailCollection":{"condition0":{"layer0":{"outputAndDisplay_tap":{"output":{"letter_keys":{"_0":"n"}},"display":"N","layerKey":"layer0"},"isCustomized_tap":true,"withModifier_tap":{}}}},"id":"B79D365B-4F3C-431C-9947-B29FE5C8ACE7"},{"toDetailCollection":{"condition0":{"layer0":{"outputAndDisplay_tap":{"display":"T","layerKey":"layer0","output":{"letter_keys":{"_0":"t"}}},"isCustomized_tap":true,"withModifier_tap":{}}}},"fromDetail":{"display":"K","output":{"letter_keys":{"_0":"k"}}},"id":"ADE0BEFF-6DCA-4000-BD3E-E2DD051B39F6"},{"fromDetail":{"isSFSymbol":true,"output":{"modifier_keys":{"_0":"left_control"}},"display":"control"},"unitSize":1.25,"toDetailCollection":{},"id":"6A452004-C3A5-4CD8-9579-EC76A9D9DB96"},{"fromDetail":{"display":"H","output":{"letter_keys":{"_0":"h"}}},"id":"9379EABC-71BB-44B5-9A7F-5D5A79B08E55","toDetailCollection":{"condition0":{"layer0":{"outputAndDisplay_tap":{"display":"D","layerKey":"layer0","output":{"letter_keys":{"_0":"d"}}},"isCustomized_tap":true,"withModifier_tap":{}}}}},{"toDetailCollection":{"condition0":{"layer0":{"outputAndDisplay_tap":{"layerKey":"layer0","output":{"controls_and_symbols":{"_0":"hyphen"}},"display":"-"},"withModifier_tap":{},"isCustomized_tap":true}}},"id":"293637B5-476A-45A7-898B-47E25EF56677","fromDetail":{"output":{"controls_and_symbols":{"_0":"single_quotation_or_colon"}},"display":":"}}],"row5":[{"toDetailCollection":{"condition0":{"layer0":{"outputAndDisplay_tap":{"output":{"letter_keys":{"_0":"j"}},"layerKey":"layer0","display":"J"},"withModifier_tap":{},"isCustomized_tap":true}}},"id":"40D7F2BC-B871-4873-9691-6BD91C88CC22","fromDetail":{"output":{"letter_keys":{"_0":"c"}},"display":"C"}},{"fromDetail":{"display":"Z","output":{"letter_keys":{"_0":"z"}}},"id":"18CA66CA-7A84-4E13-82BF-6F7E22A17EA2","toDetailCollection":{"condition0":{"layer0":{"isCustomized_tap":true,"outputAndDisplay_tap":{"display":";","output":{"controls_and_symbols":{"_0":"semicolon"}},"layerKey":"layer0"},"withModifier_tap":{}}}}},{"toDetailCollection":{"condition0":{"layer0":{"isCustomized_tap":true,"withModifier_tap":{},"outputAndDisplay_tap":{"output":{"letter_keys":{"_0":"b"}},"display":"B","layerKey":"layer0"}}}},"fromDetail":{"display":"N","output":{"letter_keys":{"_0":"n"}}},"id":"6D78AB73-72DB-408B-B67C-14CFFF91A651"},{"toDetailCollection":{"condition0":{"layer0":{"withModifier_tap":{},"isCustomized_tap":true,"outputAndDisplay_tap":{"output":{"letter_keys":{"_0":"z"}},"display":"Z","layerKey":"layer0"}}}},"fromDetail":{"output":{"controls_and_symbols":{"_0":"slash"}},"display":"\/"},"id":"A204EEC4-374A-449E-B97D-F61BCCB9E305"},{"fromDetail":{"output":{"letter_keys":{"_0":"v"}},"display":"V"},"toDetailCollection":{"condition0":{"layer0":{"outputAndDisplay_tap":{"layerKey":"layer0","display":"K","output":{"letter_keys":{"_0":"k"}}},"isCustomized_tap":true,"withModifier_tap":{}}}},"id":"C3D0FD6D-F02B-4388-B8AF-DAB8534C518F"},{"toDetailCollection":{"condition0":{"layer0":{"outputAndDisplay_tap":{"display":"W","output":{"letter_keys":{"_0":"w"}},"layerKey":"layer0"},"withModifier_tap":{},"isCustomized_tap":true}}},"fromDetail":{"output":{"controls_and_symbols":{"_0":"comma"}},"display":","},"id":"BD16D5E4-C1DE-466F-BCA4-48EA07A7E4E1"},{"id":"35E23CC7-1533-4505-B435-9AE8595D073D","fromDetail":{"output":{"letter_keys":{"_0":"b"}},"display":"B"},"toDetailCollection":{"condition0":{"layer0":{"outputAndDisplay_tap":{"layerKey":"layer0","display":"X","output":{"letter_keys":{"_0":"x"}}},"withModifier_tap":{},"isCustomized_tap":true}}}},{"toDetailCollection":{"condition0":{"layer0":{"outputAndDisplay_tap":{"output":{"letter_keys":{"_0":"v"}},"display":"V","layerKey":"layer0"},"isCustomized_tap":true,"withModifier_tap":{}}}},"fromDetail":{"output":{"controls_and_symbols":{"_0":"period"}},"display":"."},"id":"7720B5A5-76A3-4312-98DD-5C646C9BC1D9"},{"fromDetail":{"display":"M","output":{"letter_keys":{"_0":"m"}}},"id":"395FC90D-E1B9-459A-80BA-1B2E3F112271","toDetailCollection":{"condition0":{"layer0":{"withModifier_tap":{},"isCustomized_tap":true,"outputAndDisplay_tap":{"layerKey":"layer0","output":{"letter_keys":{"_0":"m"}},"display":"M"}}}}},{"unitSize":1.75,"id":"21F284A5-7911-4DB5-BA53-9766E8E80A2A","fromDetail":{"output":{"modifier_keys":{"_0":"right_shift"}},"isSFSymbol":true,"display":"shift"},"toDetailCollection":{}},{"fromDetail":{"output":{"international_keys":{"_0":"international1"}},"display":"_"},"toDetailCollection":{},"id":"B9CD15A8-A770-406E-84FC-C1AE0BAF4181"},{"toDetailCollection":{},"unitSize":1.75,"id":"C8D93E8D-5940-4A4F-8899-4CA497E2657D","fromDetail":{"output":{"modifier_keys":{"_0":"left_shift"}},"display":"shift","isSFSymbol":true}},{"toDetailCollection":{"condition0":{"layer0":{"withModifier_tap":{},"isCustomized_tap":true,"outputAndDisplay_tap":{"layerKey":"layer0","output":{"letter_keys":{"_0":"q"}},"display":"Q"}}}},"id":"0B8A32A8-92ED-4F4F-8100-FC2BA3931FDF","fromDetail":{"display":"X","output":{"letter_keys":{"_0":"x"}}}}],"idsInOrderRow4":[{"id":"6A452004-C3A5-4CD8-9579-EC76A9D9DB96"},{"id":"8A8E8EED-9E44-4AA8-A5F5-F7970D9FB4C3"},{"id":"B97A6EE5-586F-4165-857C-8E3D6E53D50A"},{"id":"C55176E9-67A0-4426-9D1C-DC78AF63DBC4"},{"id":"607CE34E-D64C-43F7-B4D5-7E9876A6602E"},{"id":"4E418C48-03C1-4655-8C0B-D88C0DD603C2"},{"id":"9379EABC-71BB-44B5-9A7F-5D5A79B08E55"},{"id":"3A10BB18-A0BB-4D04-9A7E-3C7FAC47B307"},{"id":"ADE0BEFF-6DCA-4000-BD3E-E2DD051B39F6"},{"id":"B79D365B-4F3C-431C-9947-B29FE5C8ACE7"},{"id":"023C8C41-2597-462B-9A44-083FC3B9949B"},{"id":"293637B5-476A-45A7-898B-47E25EF56677"},{"id":"06B14528-202E-48C5-B523-4FB7718B3165"}],"idsInOrderRow1":[{"id":"A0AACA34-2C8B-431F-8FE0-AAC9FE3A8FC9"},{"id":"6B38C3BB-AD50-44EA-A0B6-107BA2667134"},{"id":"2EDB1ADD-1E38-4A31-BBEA-7B5E35359620"},{"id":"ADDAFC63-9703-46FD-9EF1-89338E381639"},{"id":"E1FBFE30-64A4-436A-9450-7B8F37DD51CC"},{"id":"606ADA44-4DF9-47A8-9CE3-6A49EF4AD5C7"},{"id":"42355852-F4E7-4CE6-9B3C-590E8CC3808D"},{"id":"CD18FF0C-0D96-4251-BE8B-8530C88AA948"},{"id":"C7E564CB-6F3E-4023-A8C4-A921BBDC8540"},{"id":"D10B4F71-1AAA-4354-A5B9-ADA821C2336E"},{"id":"594CF8BE-CC30-4F71-BAB4-C0ADB881410F"},{"id":"7A52EEA9-093F-47EF-9843-53C9183A9160"},{"id":"92D35117-76AB-455A-987E-4869D8B54E3D"}],"idsInOrderRow3":[{"id":"7561CED1-B1DF-43A0-8734-FE73ECB91C24"},{"id":"D05DCE00-4C26-4562-A036-51B4DB843B0B"},{"id":"7DFD074F-645D-4BC7-9370-DC4B1746B9B7"},{"id":"8553D4DD-96A5-46E0-A126-16291A958321"},{"id":"191F7052-D08E-4BB8-9141-517462BEB3A1"},{"id":"87D6CD83-5B35-4B43-BB58-D5328DB90A54"},{"id":"3A1042F5-E75C-44F2-94A5-1F4ECB94EFC6"},{"id":"D76C8548-9C72-49A5-B3F8-35A73C535570"},{"id":"FC404B47-DE3B-4544-99C5-E07DCF106AE3"},{"id":"294E9B8E-0F7A-4EC8-8F0F-A2580787A64C"},{"id":"A078ACE1-CD3E-48B5-8EEF-95D8B3A601D7"},{"id":"C4DD1F47-21F5-4DE9-A59F-671EE938BE39"},{"id":"151772BF-261B-4EB8-B354-002257E8B8DF"},{"id":"7C0CDB7C-834E-4FD5-BE9E-8EB6BE69E088"}],"arrow_up":{"toDetailCollection":{},"fromDetail":{"display":"arrowtriangle.up.fill","output":{"arrow_keys":{"_0":"up_arrow"}},"isSFSymbol":true},"id":"9D9D0C54-6262-4B4A-BB3E-DFE64F25EA32","keyShape":"arrow_Up"},"row6":[{"id":"E84FD3EE-F6C2-4A60-9D5B-556AB2900E30","toDetailCollection":{},"fromDetail":{"isSFSymbol":true,"output":{"modifier_keys":{"_0":"caps_lock"}},"display":"capslock"}},{"toDetailCollection":{},"unitSize":1.25,"id":"DF99E8E5-4C7C-4110-BD51-FFA2DBB976F2","fromDetail":{"display":"英数","output":{"japanese":{"_0":"eisuu"}}}},{"unitSize":1.25,"id":"53054E00-FBA1-4DE0-B52C-A75189ABC900","toDetailCollection":{},"fromDetail":{"display":"かな","output":{"japanese":{"_0":"kana"}}}},{"fromDetail":{"display":"command","isSFSymbol":true,"output":{"modifier_keys":{"_0":"right_command"}}},"id":"854B9686-8ABE-4C60-976B-72A0FB435EB0","unitSize":1.25,"toDetailCollection":{}},{"toDetailCollection":{},"unitSize":3.5,"fromDetail":{"display":"␣","output":{"controls_and_symbols":{"_0":"spacebar"}}},"id":"0B31D4A7-089A-4869-9766-061B18219364"},{"id":"4E34B488-0F80-4082-A4BA-A7A4360459E6","toDetailCollection":{},"fromDetail":{"display":"globe","isSFSymbol":true,"output":{"modifier_keys":{"_0":"keyboard_fn"}}}},{"toDetailCollection":{},"id":"D44BC497-308E-40A6-89DF-266A189FC16D","unitSize":1.25,"fromDetail":{"display":"command","isSFSymbol":true,"output":{"modifier_keys":{"_0":"left_command"}}}},{"fromDetail":{"display":"option","isSFSymbol":true,"output":{"modifier_keys":{"_0":"left_option"}}},"toDetailCollection":{},"id":"CEDBBBFA-3784-4A45-9304-A9DD92916C0F"}],"idsInOrderRow6":[{"id":"E84FD3EE-F6C2-4A60-9D5B-556AB2900E30"},{"id":"CEDBBBFA-3784-4A45-9304-A9DD92916C0F"},{"id":"D44BC497-308E-40A6-89DF-266A189FC16D"},{"id":"DF99E8E5-4C7C-4110-BD51-FFA2DBB976F2"},{"id":"0B31D4A7-089A-4869-9766-061B18219364"},{"id":"53054E00-FBA1-4DE0-B52C-A75189ABC900"},{"id":"854B9686-8ABE-4C60-976B-72A0FB435EB0"},{"id":"4E34B488-0F80-4082-A4BA-A7A4360459E6"}],"idsInOrderRow2":[{"id":"6558A687-3CFD-47D7-AA52-C4AA2B301FB3"},{"id":"2D7095DB-21B9-4F8B-82E3-57AE8D63E123"},{"id":"9AA0064C-61B5-4FED-9B6C-F317B351BC1E"},{"id":"B299F529-6AEA-4338-8C76-8AF153788E8D"},{"id":"16508ACA-EAF6-4664-B443-A4EF387496C6"},{"id":"41C13094-FAF1-4AD8-AAEB-E394A33873AD"},{"id":"E381FF5D-01D2-4C35-B180-2B0740A0E8C4"},{"id":"0F6A0973-3796-465A-B4EB-F989C1D60378"},{"id":"0BD6EBAD-862F-46F8-847C-864B891F9AD8"},{"id":"420F2F9D-89F9-4A4D-8734-319E0833B87B"},{"id":"B7B6D80F-DBBC-40A0-9A67-0F5EDCA9E6D6"},{"id":"E309E51F-B9E7-4D8B-85F1-A42C38A7072A"},{"id":"427CCC64-AD13-4E37-91A5-77A4CDFB5561"},{"id":"6518678A-D7DD-49BA-A890-37C8DD330DC0"}]},"isEnableSub":false,"tenkeyRows":{"idsInOrderRow3":[{"id":"670BFEFD-F247-494D-A273-FCFA87E24FD9"},{"id":"54EA133F-C36F-4C46-9969-B47115B1DADE"},{"id":"54259E5A-63D9-4A11-BD36-673304694A4E"},{"id":"C09D41C2-F172-4871-BC04-D2CD00B77D5F"}],"arrow_up":{"id":"42FA3669-5058-4318-8F47-D5A05F5192FC","toDetailCollection":{},"keyShape":"arrow_Up","fromDetail":{"output":{"arrow_keys":{"_0":"up_arrow"}},"display":"arrowtriangle.up.fill","isSFSymbol":true}},"row4":[{"fromDetail":{"output":{"keypad_keys":{"_0":"keypad_plus"}},"display":"+"},"id":"D3CDDAF0-DE87-47A2-A808-822004540B3C","toDetailCollection":{}},{"fromDetail":{"display":"6","output":{"keypad_keys":{"_0":"keypad_6"}}},"id":"3DA48F2F-96F6-4234-BE30-9D2B4724FF85","toDetailCollection":{}},{"toDetailCollection":{},"id":"7E00D114-BE42-46C2-ADCD-0A82033E8E7D","fromDetail":{"output":{"keypad_keys":{"_0":"keypad_5"}},"display":"5"}},{"toDetailCollection":{},"id":"E267136E-E865-4F2B-881A-06DC2C1C8C07","fromDetail":{"display":"4","output":{"keypad_keys":{"_0":"keypad_4"}}}}],"arrow_right":{"keyShape":"arrow_LR","id":"07227A11-6846-4282-BBAF-5E1F1EA13A52","toDetailCollection":{},"fromDetail":{"display":"arrowtriangle.right.fill","isSFSymbol":true,"output":{"arrow_keys":{"_0":"right_arrow"}}}},"arrow_down":{"keyShape":"arrow_Down","id":"9C8AE7AD-954E-42E3-919B-41A80B516A10","fromDetail":{"output":{"arrow_keys":{"_0":"down_arrow"}},"isSFSymbol":true,"display":"arrowtriangle.down.fill"},"toDetailCollection":{}},"row1":[{"id":"8A525785-62B6-4518-96EB-3DF2DF5F5A30","toDetailCollection":{},"fromDetail":{"output":{"function_keys":{"_0":"f19"}},"display":"F19"}},{"id":"B46E4F68-5B62-4726-863A-F49A6C34FCA7","fromDetail":{"output":{"function_keys":{"_0":"f17"}},"display":"F17"},"toDetailCollection":{}},{"id":"41A69A8D-9068-4358-8A13-37D2655B58C7","fromDetail":{"output":{"function_keys":{"_0":"f18"}},"display":"F18"},"toDetailCollection":{}},{"fromDetail":{"display":"F16","output":{"function_keys":{"_0":"f16"}}},"id":"725922FC-1926-4DDA-80A1-6486E285EA14","toDetailCollection":{}}],"enableArrowKeys":false,"idsInOrderRow2":[{"id":"AFC69B16-9D6F-49DB-AC01-DD95E2BA114F"},{"id":"C2D573AA-1DC8-4CFC-8579-DCD959A9E2AD"},{"id":"AB67429B-AAAE-4D94-942C-C9F60BA3F53C"},{"id":"B73FC458-D9EA-4043-8E8A-EAE2AF31EB49"}],"row2":[{"id":"C2D573AA-1DC8-4CFC-8579-DCD959A9E2AD","toDetailCollection":{},"fromDetail":{"output":{"keypad_keys":{"_0":"keypad_equal_sign"}},"display":"="}},{"fromDetail":{"output":{"keypad_keys":{"_0":"keypad_asterisk"}},"display":"*"},"toDetailCollection":{},"id":"B73FC458-D9EA-4043-8E8A-EAE2AF31EB49"},{"fromDetail":{"display":"\/","output":{"keypad_keys":{"_0":"keypad_slash"}}},"id":"AB67429B-AAAE-4D94-942C-C9F60BA3F53C","toDetailCollection":{}},{"fromDetail":{"display":"clear","output":{"others":{"_0":"clear"}}},"id":"AFC69B16-9D6F-49DB-AC01-DD95E2BA114F","toDetailCollection":{}}],"row6":[{"id":"0DE45B95-5C3B-4AC5-A274-B7AB5219184B","fromDetail":{"output":{"keypad_keys":{"_0":"keypad_comma"}},"display":","},"toDetailCollection":{}},{"id":"8F87AE51-618E-4F51-84FD-FC484B920BBE","fromDetail":{"output":{"keypad_keys":{"_0":"keypad_period"}},"display":"."},"toDetailCollection":{}},{"toDetailCollection":{},"id":"FDA1072E-7805-4625-996F-B68EABAC725D","fromDetail":{"output":{"keypad_keys":{"_0":"keypad_0"}},"display":"0"}}],"rowIndex_arrow":{"row6":{}},"idsInOrderRow4":[{"id":"E267136E-E865-4F2B-881A-06DC2C1C8C07"},{"id":"7E00D114-BE42-46C2-ADCD-0A82033E8E7D"},{"id":"3DA48F2F-96F6-4234-BE30-9D2B4724FF85"},{"id":"D3CDDAF0-DE87-47A2-A808-822004540B3C"}],"row5":[{"fromDetail":{"isSFSymbol":true,"output":{"keypad_keys":{"_0":"keypad_enter"}},"display":"projective"},"keyShape":"enter_Tenkey","id":"1DD6E5C2-9B2E-4160-ADCE-D51BB162F957","toDetailCollection":{}},{"toDetailCollection":{},"id":"DBC0C1C9-FAE6-4F54-9F98-143A4D118C17","fromDetail":{"output":{"keypad_keys":{"_0":"keypad_3"}},"display":"3"}},{"toDetailCollection":{},"id":"F5E9206F-87DD-4E40-86F1-E7B8851EB61D","fromDetail":{"display":"2","output":{"keypad_keys":{"_0":"keypad_2"}}}},{"fromDetail":{"display":"1","output":{"keypad_keys":{"_0":"keypad_1"}}},"toDetailCollection":{},"id":"14FEFD79-7099-45F3-AE9B-5C50AFD143C4"}],"idsInOrderRow1":[{"id":"725922FC-1926-4DDA-80A1-6486E285EA14"},{"id":"B46E4F68-5B62-4726-863A-F49A6C34FCA7"},{"id":"41A69A8D-9068-4358-8A13-37D2655B58C7"},{"id":"8A525785-62B6-4518-96EB-3DF2DF5F5A30"}],"idsInOrderRow5":[{"id":"14FEFD79-7099-45F3-AE9B-5C50AFD143C4"},{"id":"F5E9206F-87DD-4E40-86F1-E7B8851EB61D"},{"id":"DBC0C1C9-FAE6-4F54-9F98-143A4D118C17"},{"id":"1DD6E5C2-9B2E-4160-ADCE-D51BB162F957"}],"arrow_left":{"toDetailCollection":{},"fromDetail":{"display":"arrowtriangle.left.fill","output":{"arrow_keys":{"_0":"left_arrow"}},"isSFSymbol":true},"id":"3FD52AFB-A815-4C65-A739-D42EF5B95248","keyShape":"arrow_LR"},"idsInOrderRow6":[{"id":"FDA1072E-7805-4625-996F-B68EABAC725D"},{"id":"0DE45B95-5C3B-4AC5-A274-B7AB5219184B"},{"id":"8F87AE51-618E-4F51-84FD-FC484B920BBE"}],"row3":[{"id":"54EA133F-C36F-4C46-9969-B47115B1DADE","toDetailCollection":{},"fromDetail":{"display":"8","output":{"keypad_keys":{"_0":"keypad_8"}}}},{"toDetailCollection":{},"id":"54259E5A-63D9-4A11-BD36-673304694A4E","fromDetail":{"display":"9","output":{"keypad_keys":{"_0":"keypad_9"}}}},{"toDetailCollection":{},"fromDetail":{"display":"7","output":{"keypad_keys":{"_0":"keypad_7"}}},"id":"670BFEFD-F247-494D-A273-FCFA87E24FD9"},{"id":"C09D41C2-F172-4871-BC04-D2CD00B77D5F","toDetailCollection":{},"fromDetail":{"output":{"keypad_keys":{"_0":"keypad_hyphen"}},"display":"-"}}]},"sectionDetail":{"section":{"main":{}},"deviceDetail":{"is_vendor_id_Enabled":false,"is_product_id_Enabled":false,"is_location_id_Enabled":false,"device_name":"mainKeyboard","vendor_id":"vendor_id","product_id":"product_id","location_id":"location_id","is_builtin_keyboard":false}}},"keycodeRegion":"JIS","other":{"sectionDetail":{"deviceDetail":{"location_id":"location_id","is_vendor_id_Enabled":false,"vendor_id":"vendor_id","device_name":"otherDevice","is_location_id_Enabled":false,"product_id":"product_id","is_product_id_Enabled":false,"is_builtin_keyboard":false},"section":{"other":{}}},"tenkeyRows":{"idsInOrderRow4":[{"id":"C14B3CA4-5EE0-466A-BDCC-9D51AB7BB41E"},{"id":"E6F10E27-3C41-4CED-BDB1-4F2E37B0F6E4"},{"id":"02A2ED2A-62DC-4B28-BC5E-63757EE0D28B"},{"id":"85DBEA65-DD2F-4F1C-BFC1-E4DBBD0AD2BF"}],"arrow_up":{"toDetailCollection":{},"fromDetail":{"isSFSymbol":true,"display":"arrowtriangle.up.fill","output":{"arrow_keys":{"_0":"up_arrow"}}},"keyShape":"arrow_Up","id":"F2A6C7C9-A664-47FA-B384-FEB961FA8974"},"row4":[{"fromDetail":{"output":{"keypad_keys":{"_0":"keypad_plus"}},"display":"+"},"id":"85DBEA65-DD2F-4F1C-BFC1-E4DBBD0AD2BF","toDetailCollection":{}},{"fromDetail":{"output":{"keypad_keys":{"_0":"keypad_4"}},"display":"4"},"id":"C14B3CA4-5EE0-466A-BDCC-9D51AB7BB41E","toDetailCollection":{}},{"toDetailCollection":{},"id":"02A2ED2A-62DC-4B28-BC5E-63757EE0D28B","fromDetail":{"output":{"keypad_keys":{"_0":"keypad_6"}},"display":"6"}},{"id":"E6F10E27-3C41-4CED-BDB1-4F2E37B0F6E4","fromDetail":{"display":"5","output":{"keypad_keys":{"_0":"keypad_5"}}},"toDetailCollection":{}}],"row2":[{"fromDetail":{"display":"=","output":{"keypad_keys":{"_0":"keypad_equal_sign"}}},"toDetailCollection":{},"id":"A0B8D38F-46CC-4338-88AA-1B68214B7575"},{"fromDetail":{"output":{"others":{"_0":"clear"}},"display":"clear"},"toDetailCollection":{},"id":"5AB5A0DE-902B-432B-BEE3-DB8C63621627"},{"toDetailCollection":{},"id":"791FAAB1-D847-45A0-B45E-1FF8F77A4470","fromDetail":{"display":"\/","output":{"keypad_keys":{"_0":"keypad_slash"}}}},{"fromDetail":{"output":{"keypad_keys":{"_0":"keypad_asterisk"}},"display":"*"},"id":"6791172D-51C1-4933-8084-52D6A8744066","toDetailCollection":{}}],"idsInOrderRow1":[{"id":"5B83F52D-F6BA-4463-920A-6D7484CD32C6"},{"id":"0A2FE234-155C-4A8A-A904-8A856E04F1D2"},{"id":"4C6344CF-ABF6-45FD-B9EE-F35468EA7316"},{"id":"436E0133-88AD-4E26-817C-4B08249E2B13"}],"idsInOrderRow3":[{"id":"50E05130-B0E6-40A9-BC84-5F8787D94197"},{"id":"62CF9CE8-3CAF-406C-B8CD-FBBA1AE360FF"},{"id":"85C8AB5B-57CD-42E0-9D56-579759950E89"},{"id":"EDEA552C-D0D9-4FAB-AC56-C12930408FFA"}],"row5":[{"toDetailCollection":{},"fromDetail":{"display":"2","output":{"keypad_keys":{"_0":"keypad_2"}}},"id":"8D284CAF-0F39-4530-B151-4CAE3B9EB815"},{"toDetailCollection":{},"fromDetail":{"output":{"keypad_keys":{"_0":"keypad_3"}},"display":"3"},"id":"E1F3FF1B-8ED5-4EF1-8C88-706D6928F2C0"},{"id":"3165BD70-78A8-4597-8998-0807B320229F","toDetailCollection":{},"fromDetail":{"output":{"keypad_keys":{"_0":"keypad_1"}},"display":"1"}},{"fromDetail":{"display":"projective","isSFSymbol":true,"output":{"keypad_keys":{"_0":"keypad_enter"}}},"keyShape":"enter_Tenkey","id":"196FC75D-F3C8-4939-8974-2F0FCDDD7CE1","toDetailCollection":{}}],"arrow_down":{"id":"6902A082-4910-4D56-AB8F-C61A0923FAE4","toDetailCollection":{},"keyShape":"arrow_Down","fromDetail":{"output":{"arrow_keys":{"_0":"down_arrow"}},"display":"arrowtriangle.down.fill","isSFSymbol":true}},"row3":[{"id":"62CF9CE8-3CAF-406C-B8CD-FBBA1AE360FF","fromDetail":{"display":"8","output":{"keypad_keys":{"_0":"keypad_8"}}},"toDetailCollection":{}},{"toDetailCollection":{},"id":"50E05130-B0E6-40A9-BC84-5F8787D94197","fromDetail":{"display":"7","output":{"keypad_keys":{"_0":"keypad_7"}}}},{"id":"EDEA552C-D0D9-4FAB-AC56-C12930408FFA","toDetailCollection":{},"fromDetail":{"output":{"keypad_keys":{"_0":"keypad_hyphen"}},"display":"-"}},{"toDetailCollection":{},"id":"85C8AB5B-57CD-42E0-9D56-579759950E89","fromDetail":{"output":{"keypad_keys":{"_0":"keypad_9"}},"display":"9"}}],"arrow_left":{"keyShape":"arrow_LR","fromDetail":{"isSFSymbol":true,"output":{"arrow_keys":{"_0":"left_arrow"}},"display":"arrowtriangle.left.fill"},"id":"BE4E9C29-1A3B-4982-84A3-2B06E123C65B","toDetailCollection":{}},"row6":[{"id":"304E5A26-5C76-4C03-9C02-89520D048A5C","toDetailCollection":{},"fromDetail":{"output":{"keypad_keys":{"_0":"keypad_period"}},"display":"."}},{"fromDetail":{"display":"0","output":{"keypad_keys":{"_0":"keypad_0"}}},"id":"70028FF6-A1C5-4FE4-BC9D-5767514612C8","toDetailCollection":{}},{"id":"67FCEAF7-6E9B-4C81-BA0A-41597A768018","toDetailCollection":{},"fromDetail":{"display":",","output":{"keypad_keys":{"_0":"keypad_comma"}}}}],"idsInOrderRow2":[{"id":"5AB5A0DE-902B-432B-BEE3-DB8C63621627"},{"id":"A0B8D38F-46CC-4338-88AA-1B68214B7575"},{"id":"791FAAB1-D847-45A0-B45E-1FF8F77A4470"},{"id":"6791172D-51C1-4933-8084-52D6A8744066"}],"row1":[{"id":"5B83F52D-F6BA-4463-920A-6D7484CD32C6","fromDetail":{"output":{"function_keys":{"_0":"f16"}},"display":"F16"},"toDetailCollection":{}},{"fromDetail":{"output":{"function_keys":{"_0":"f18"}},"display":"F18"},"id":"4C6344CF-ABF6-45FD-B9EE-F35468EA7316","toDetailCollection":{}},{"id":"0A2FE234-155C-4A8A-A904-8A856E04F1D2","fromDetail":{"display":"F17","output":{"function_keys":{"_0":"f17"}}},"toDetailCollection":{}},{"id":"436E0133-88AD-4E26-817C-4B08249E2B13","toDetailCollection":{},"fromDetail":{"output":{"function_keys":{"_0":"f19"}},"display":"F19"}}],"enableArrowKeys":false,"arrow_right":{"fromDetail":{"isSFSymbol":true,"display":"arrowtriangle.right.fill","output":{"arrow_keys":{"_0":"right_arrow"}}},"keyShape":"arrow_LR","id":"177076F4-CA86-47C8-853B-3C9312301155","toDetailCollection":{}},"idsInOrderRow6":[{"id":"70028FF6-A1C5-4FE4-BC9D-5767514612C8"},{"id":"67FCEAF7-6E9B-4C81-BA0A-41597A768018"},{"id":"304E5A26-5C76-4C03-9C02-89520D048A5C"}],"rowIndex_arrow":{"row6":{}},"idsInOrderRow5":[{"id":"3165BD70-78A8-4597-8998-0807B320229F"},{"id":"8D284CAF-0F39-4530-B151-4CAE3B9EB815"},{"id":"E1F3FF1B-8ED5-4EF1-8C88-706D6928F2C0"},{"id":"196FC75D-F3C8-4939-8974-2F0FCDDD7CE1"}]},"isEnableMain":true,"isEnableSub":false,"mainRows":{"rowIndex_arrow":{"row6":{}},"row4":[{"fromDetail":{"output":{"keypad_keys":{"_0":"keypad_5"}},"display":"5"},"toDetailCollection":{},"id":"57174CDD-B87A-41E4-89B9-9E289AC3F149"},{"id":"9DD003E9-AD7D-4D6B-AF53-412FEFBE6061","fromDetail":{"display":"6","output":{"keypad_keys":{"_0":"keypad_6"}}},"toDetailCollection":{}},{"id":"74DD7B3B-E35F-44CF-8FDF-B75853008405","fromDetail":{"display":"4","output":{"keypad_keys":{"_0":"keypad_4"}}},"toDetailCollection":{}},{"fromDetail":{"output":{"keypad_keys":{"_0":"keypad_plus"}},"display":"+"},"id":"BB69AE06-96AB-423C-BB5F-47B3D90C08CE","toDetailCollection":{}}],"arrow_left":{"fromDetail":{"isSFSymbol":true,"output":{"arrow_keys":{"_0":"left_arrow"}},"display":"arrowtriangle.left.fill"},"id":"32178DAC-9605-448E-A4C8-986BB9A911CE","keyShape":"arrow_LR","toDetailCollection":{}},"idsInOrderRow2":[{"id":"FAFB8568-D48B-472B-8B72-8C6EBDA652C5"},{"id":"AD1BAC8F-0612-4633-A340-C346BA70C739"},{"id":"FD7B627F-65D8-402D-A003-8474719E58DC"},{"id":"60AABF88-97EA-4C17-82EE-753C11FF358A"}],"arrow_down":{"toDetailCollection":{},"fromDetail":{"display":"arrowtriangle.down.fill","output":{"arrow_keys":{"_0":"down_arrow"}},"isSFSymbol":true},"keyShape":"arrow_Down","id":"BA9F60D6-A436-4620-A987-D8320A688F0B"},"idsInOrderRow4":[{"id":"74DD7B3B-E35F-44CF-8FDF-B75853008405"},{"id":"57174CDD-B87A-41E4-89B9-9E289AC3F149"},{"id":"9DD003E9-AD7D-4D6B-AF53-412FEFBE6061"},{"id":"BB69AE06-96AB-423C-BB5F-47B3D90C08CE"}],"idsInOrderRow3":[{"id":"41B23F3B-0491-40E7-9401-E2B28DD738F3"},{"id":"EFCDC1BD-436F-432D-ADA5-5F57CADFC1D3"},{"id":"0ABC7F5D-646C-41C1-882F-A1A69F74D357"},{"id":"F97B6830-D5DF-444D-B298-63D354E50248"}],"row3":[{"toDetailCollection":{},"id":"F97B6830-D5DF-444D-B298-63D354E50248","fromDetail":{"display":"-","output":{"keypad_keys":{"_0":"keypad_hyphen"}}}},{"toDetailCollection":{},"fromDetail":{"display":"8","output":{"keypad_keys":{"_0":"keypad_8"}}},"id":"EFCDC1BD-436F-432D-ADA5-5F57CADFC1D3"},{"toDetailCollection":{},"id":"0ABC7F5D-646C-41C1-882F-A1A69F74D357","fromDetail":{"display":"9","output":{"keypad_keys":{"_0":"keypad_9"}}}},{"fromDetail":{"output":{"keypad_keys":{"_0":"keypad_7"}},"display":"7"},"toDetailCollection":{},"id":"41B23F3B-0491-40E7-9401-E2B28DD738F3"}],"row5":[{"keyShape":"enter_Tenkey","fromDetail":{"display":"projective","isSFSymbol":true,"output":{"keypad_keys":{"_0":"keypad_enter"}}},"id":"4BD6732A-F9F8-49B4-B37E-0FE35EAFF70C","toDetailCollection":{}},{"id":"E9CCD642-199D-486E-8EDA-3DB6F5110077","fromDetail":{"output":{"keypad_keys":{"_0":"keypad_2"}},"display":"2"},"toDetailCollection":{}},{"toDetailCollection":{},"fromDetail":{"output":{"keypad_keys":{"_0":"keypad_1"}},"display":"1"},"id":"0247681B-36F2-4492-BC71-282B64021265"},{"id":"55F3C198-3540-49F5-BEDA-4737AFE52FDB","toDetailCollection":{},"fromDetail":{"output":{"keypad_keys":{"_0":"keypad_3"}},"display":"3"}}],"arrow_up":{"keyShape":"arrow_Up","fromDetail":{"output":{"arrow_keys":{"_0":"up_arrow"}},"isSFSymbol":true,"display":"arrowtriangle.up.fill"},"id":"732C1725-C7C7-4DBC-AC01-1E1B0F815658","toDetailCollection":{}},"idsInOrderRow1":[{"id":"1733F700-91E6-4E03-B831-356963925A95"},{"id":"CDB355C0-16F3-4801-A5E5-E71293D0D7B6"},{"id":"2F1F7ACC-8E54-4C80-A186-501B002A5417"},{"id":"9BF2826F-8DC4-40CF-A7AF-0258B85913BE"}],"row6":[{"id":"B8E2675C-E910-420A-AF69-9ED510AF7DAB","fromDetail":{"display":"0","output":{"keypad_keys":{"_0":"keypad_0"}}},"toDetailCollection":{}},{"id":"AFFE0968-41B1-4E25-AF89-A17E296ABD14","fromDetail":{"output":{"keypad_keys":{"_0":"keypad_period"}},"display":"."},"toDetailCollection":{}},{"id":"A9437939-5EB2-4C47-A8DF-3E8D0E560450","fromDetail":{"output":{"keypad_keys":{"_0":"keypad_comma"}},"display":","},"toDetailCollection":{}}],"arrow_right":{"toDetailCollection":{},"fromDetail":{"isSFSymbol":true,"output":{"arrow_keys":{"_0":"right_arrow"}},"display":"arrowtriangle.right.fill"},"keyShape":"arrow_LR","id":"CF4678FE-42E7-4D54-8492-5F170F1BE32B"},"row1":[{"toDetailCollection":{},"id":"1733F700-91E6-4E03-B831-356963925A95","fromDetail":{"display":"F16","output":{"function_keys":{"_0":"f16"}}}},{"fromDetail":{"display":"F18","output":{"function_keys":{"_0":"f18"}}},"id":"2F1F7ACC-8E54-4C80-A186-501B002A5417","toDetailCollection":{}},{"fromDetail":{"output":{"function_keys":{"_0":"f17"}},"display":"F17"},"toDetailCollection":{},"id":"CDB355C0-16F3-4801-A5E5-E71293D0D7B6"},{"toDetailCollection":{},"fromDetail":{"output":{"function_keys":{"_0":"f19"}},"display":"F19"},"id":"9BF2826F-8DC4-40CF-A7AF-0258B85913BE"}],"idsInOrderRow5":[{"id":"0247681B-36F2-4492-BC71-282B64021265"},{"id":"E9CCD642-199D-486E-8EDA-3DB6F5110077"},{"id":"55F3C198-3540-49F5-BEDA-4737AFE52FDB"},{"id":"4BD6732A-F9F8-49B4-B37E-0FE35EAFF70C"}],"row2":[{"fromDetail":{"output":{"keypad_keys":{"_0":"keypad_asterisk"}},"display":"*"},"toDetailCollection":{},"id":"60AABF88-97EA-4C17-82EE-753C11FF358A"},{"fromDetail":{"display":"=","output":{"keypad_keys":{"_0":"keypad_equal_sign"}}},"id":"AD1BAC8F-0612-4633-A340-C346BA70C739","toDetailCollection":{}},{"id":"FD7B627F-65D8-402D-A003-8474719E58DC","toDetailCollection":{},"fromDetail":{"display":"\/","output":{"keypad_keys":{"_0":"keypad_slash"}}}},{"id":"FAFB8568-D48B-472B-8B72-8C6EBDA652C5","fromDetail":{"display":"clear","output":{"others":{"_0":"clear"}}},"toDetailCollection":{}}],"enableArrowKeys":false,"idsInOrderRow6":[{"id":"B8E2675C-E910-420A-AF69-9ED510AF7DAB"},{"id":"A9437939-5EB2-4C47-A8DF-3E8D0E560450"},{"id":"AFFE0968-41B1-4E25-AF89-A17E296ABD14"}]},"subRows":{"rowIndex_arrow":{"row6":{}},"arrow_left":{"fromDetail":{"output":{"arrow_keys":{"_0":"left_arrow"}},"isSFSymbol":true,"display":"arrowtriangle.left.fill"},"toDetailCollection":{},"id":"BD9E9029-0FEF-40DB-B0FF-0FE9100ADCE2","keyShape":"arrow_LR"},"arrow_up":{"toDetailCollection":{},"keyShape":"arrow_Up","fromDetail":{"output":{"arrow_keys":{"_0":"up_arrow"}},"display":"arrowtriangle.up.fill","isSFSymbol":true},"id":"7068CA9A-97B3-4B04-B0AE-3D8D1C773B2D"},"idsInOrderRow4":[],"enableArrowKeys":false,"idsInOrderRow2":[{"id":"1CF41BDF-A1F4-4696-8FCF-242F02906FD7"},{"id":"9D096765-09D6-4A0F-81C6-E4C34DBD5F25"},{"id":"4D902943-37EA-4A12-9EFE-578EFAC95438"}],"arrow_down":{"id":"6960C971-842B-42B5-8A83-8149B9069EBD","keyShape":"arrow_Down","fromDetail":{"display":"arrowtriangle.down.fill","isSFSymbol":true,"output":{"arrow_keys":{"_0":"down_arrow"}}},"toDetailCollection":{}},"idsInOrderRow5":[{"id":"BC6999BD-16AA-4765-AEFA-40BB463775D3"},{"id":"AEE0DF4C-3AEA-4943-A799-E9FB9348DB43"}],"idsInOrderRow6":[{"id":"BBD7EB21-5693-4FDC-86C7-FC38D7B8A28B"},{"id":"084B5553-CF4B-4BA2-B33A-FEC8270CACD8"},{"id":"3300B164-70DB-4F9E-9037-CC2A98053543"}],"row1":[{"toDetailCollection":{},"fromDetail":{"output":{"function_keys":{"_0":"f15"}},"display":"F15"},"id":"575F16E8-5F63-4A5A-9863-ECDE25CD7217"},{"id":"04D28308-CBB3-4BB9-92BB-64F30C179A84","fromDetail":{"output":{"function_keys":{"_0":"f13"}},"display":"F13"},"toDetailCollection":{}},{"id":"2095BCAF-1C3E-400B-994C-7745C97BF866","toDetailCollection":{},"fromDetail":{"output":{"function_keys":{"_0":"f14"}},"display":"F14"}}],"row3":[{"toDetailCollection":{},"id":"C49E2CDF-BC91-4B6E-9B46-74E3234DBF5F","fromDetail":{"output":{"controls_and_symbols":{"_0":"delete_forward"}},"display":"delete.right","isSFSymbol":true}},{"toDetailCollection":{},"id":"6E28EF42-7EF2-4F56-A8C0-76931BC1D9F9","fromDetail":{"isSFSymbol":true,"output":{"arrow_keys":{"_0":"page_down"}},"display":"arrow.down"}},{"id":"9414A8F6-1077-42C2-A9B3-E68FDA349151","fromDetail":{"output":{"arrow_keys":{"_0":"end"}},"display":"arrow.down.to.line","isSFSymbol":true},"toDetailCollection":{}}],"idsInOrderRow3":[{"id":"C49E2CDF-BC91-4B6E-9B46-74E3234DBF5F"},{"id":"9414A8F6-1077-42C2-A9B3-E68FDA349151"},{"id":"6E28EF42-7EF2-4F56-A8C0-76931BC1D9F9"}],"row6":[{"toDetailCollection":{},"fromDetail":{"output":{"arrow_keys":{"_0":"left_arrow"}},"display":"arrowtriangle.left.fill","isSFSymbol":true},"id":"BBD7EB21-5693-4FDC-86C7-FC38D7B8A28B"},{"fromDetail":{"output":{"arrow_keys":{"_0":"right_arrow"}},"isSFSymbol":true,"display":"arrowtriangle.right.fill"},"toDetailCollection":{},"id":"3300B164-70DB-4F9E-9037-CC2A98053543"},{"fromDetail":{"display":"arrowtriangle.down.fill","isSFSymbol":true,"output":{"arrow_keys":{"_0":"down_arrow"}}},"toDetailCollection":{},"id":"084B5553-CF4B-4BA2-B33A-FEC8270CACD8"}],"row4":[],"idsInOrderRow1":[{"id":"04D28308-CBB3-4BB9-92BB-64F30C179A84"},{"id":"2095BCAF-1C3E-400B-994C-7745C97BF866"},{"id":"575F16E8-5F63-4A5A-9863-ECDE25CD7217"}],"arrow_right":{"fromDetail":{"display":"arrowtriangle.right.fill","isSFSymbol":true,"output":{"arrow_keys":{"_0":"right_arrow"}}},"id":"AA0A035E-19F5-4E4B-B542-0CC60C3AC0A3","keyShape":"arrow_LR","toDetailCollection":{}},"row5":[{"id":"AEE0DF4C-3AEA-4943-A799-E9FB9348DB43","fromDetail":{"isSFSymbol":true,"output":{"arrow_keys":{"_0":"up_arrow"}},"display":"arrowtriangle.up.fill"},"toDetailCollection":{}},{"id":"BC6999BD-16AA-4765-AEFA-40BB463775D3","fromDetail":{"output":{"letter_keys":{"_0":"a"}},"display":"A"},"isSpacer":true,"toDetailCollection":{}}],"row2":[{"toDetailCollection":{},"fromDetail":{"output":{"arrow_keys":{"_0":"page_up"}},"display":"arrow.up","isSFSymbol":true},"id":"4D902943-37EA-4A12-9EFE-578EFAC95438"},{"id":"1CF41BDF-A1F4-4696-8FCF-242F02906FD7","toDetailCollection":{},"fromDetail":{"output":{"keys_in_pc_keyboards":{"_0":"insert"}},"display":"text.insert","isSFSymbol":true}},{"toDetailCollection":{},"id":"9D096765-09D6-4A0F-81C6-E4C34DBD5F25","fromDetail":{"output":{"arrow_keys":{"_0":"home"}},"display":"arrow.up.to.line","isSFSymbol":true}}]},"isEnableTenkey":false},"mouse":{"mainRows":{"row5":[],"row6":[],"arrow_right":{"toDetailCollection":{},"keyShape":"arrow_LR","id":"76ECCC6E-596B-4BF6-BF09-A8B616A7247C","fromDetail":{"display":"arrowtriangle.right.fill","output":{"arrow_keys":{"_0":"right_arrow"}},"isSFSymbol":true}},"idsInOrderRow4":[{"id":"12D632B9-11BC-4C46-8AF7-970E71DCB1DF"}],"row3":[{"isSpacer":true,"toDetailCollection":{},"fromDetail":{"output":{"letter_keys":{"_0":"a"}},"display":"A"},"id":"30CEEF68-687B-476F-B504-D3B3AE5D0BE0"}],"row4":[{"toDetailCollection":{},"isSpacer":true,"fromDetail":{"output":{"letter_keys":{"_0":"a"}},"display":"A"},"id":"12D632B9-11BC-4C46-8AF7-970E71DCB1DF"}],"arrow_up":{"keyShape":"arrow_Up","id":"5A7C2509-D9E7-4CB3-ABC8-E31CEEADAE05","fromDetail":{"output":{"arrow_keys":{"_0":"up_arrow"}},"display":"arrowtriangle.up.fill","isSFSymbol":true},"toDetailCollection":{}},"arrow_left":{"keyShape":"arrow_LR","fromDetail":{"isSFSymbol":true,"output":{"arrow_keys":{"_0":"left_arrow"}},"display":"arrowtriangle.left.fill"},"toDetailCollection":{},"id":"535885F9-E263-44CA-9482-524F4558DA7A"},"rowIndex_arrow":{"row6":{}},"row1":[{"id":"E0525AAF-17CA-4852-A258-9CE2EFDD1D72","toDetailCollection":{},"fromDetail":{"output":{"mouse_buttons":{"_0":"button1"}},"display":"L click"}},{"fromDetail":{"display":"R click","output":{"mouse_buttons":{"_0":"button2"}}},"toDetailCollection":{},"id":"68B1A93F-CF9F-438D-B559-77788DFF10FA"}],"enableArrowKeys":false,"idsInOrderRow6":[],"row2":[{"fromDetail":{"output":{"mouse_buttons":{"_0":"button3"}},"display":"M click"},"toDetailCollection":{},"id":"A8B929FC-BF8F-4AB5-A223-C2F0AAAA415E"},{"id":"910FE4E6-60EA-4F60-B026-AC60C74FBBDE","isSpacer":true,"fromDetail":{"display":"A","output":{"letter_keys":{"_0":"a"}}},"toDetailCollection":{},"unitSize":0.5}],"idsInOrderRow2":[{"id":"910FE4E6-60EA-4F60-B026-AC60C74FBBDE"},{"id":"A8B929FC-BF8F-4AB5-A223-C2F0AAAA415E"}],"idsInOrderRow3":[{"id":"30CEEF68-687B-476F-B504-D3B3AE5D0BE0"}],"idsInOrderRow5":[],"idsInOrderRow1":[{"id":"E0525AAF-17CA-4852-A258-9CE2EFDD1D72"},{"id":"68B1A93F-CF9F-438D-B559-77788DFF10FA"}],"arrow_down":{"fromDetail":{"output":{"arrow_keys":{"_0":"down_arrow"}},"isSFSymbol":true,"display":"arrowtriangle.down.fill"},"keyShape":"arrow_Down","id":"C22516D2-E609-41D4-A362-E73F431DB538","toDetailCollection":{}}},"subRows":{"row4":[{"id":"03529BF7-F30B-4809-BF7C-B744ABC7FB16","fromDetail":{"display":"A","output":{"letter_keys":{"_0":"a"}}},"toDetailCollection":{}}],"idsInOrderRow5":[{"id":"8EF73C42-A3A7-40FE-8736-F0FC3FECF43B"}],"arrow_left":{"id":"59A45380-8F10-4B13-A91B-863C61A0D554","fromDetail":{"output":{"arrow_keys":{"_0":"left_arrow"}},"display":"arrowtriangle.left.fill","isSFSymbol":true},"keyShape":"arrow_LR","toDetailCollection":{}},"arrow_down":{"id":"140BA790-CAA9-4223-92EF-6ECE3FCDECBE","toDetailCollection":{},"fromDetail":{"output":{"arrow_keys":{"_0":"down_arrow"}},"display":"arrowtriangle.down.fill","isSFSymbol":true},"keyShape":"arrow_Down"},"idsInOrderRow4":[{"id":"03529BF7-F30B-4809-BF7C-B744ABC7FB16"}],"idsInOrderRow6":[{"id":"28774B32-57CC-4A82-AB17-14155E18E7A9"}],"row5":[{"id":"8EF73C42-A3A7-40FE-8736-F0FC3FECF43B","fromDetail":{"display":"A","output":{"letter_keys":{"_0":"a"}}},"toDetailCollection":{}}],"arrow_up":{"fromDetail":{"output":{"arrow_keys":{"_0":"up_arrow"}},"display":"arrowtriangle.up.fill","isSFSymbol":true},"keyShape":"arrow_Up","id":"1E607C47-8EB8-4407-A24E-430CC585D9F7","toDetailCollection":{}},"arrow_right":{"keyShape":"arrow_LR","toDetailCollection":{},"id":"8482D655-6E48-4DFF-A54C-7A0D3A1E3506","fromDetail":{"display":"arrowtriangle.right.fill","isSFSymbol":true,"output":{"arrow_keys":{"_0":"right_arrow"}}}},"row3":[{"toDetailCollection":{},"fromDetail":{"display":"A","output":{"letter_keys":{"_0":"a"}}},"id":"14CB08CF-D76B-4BE2-A501-8C18AF7BD93C"}],"enableArrowKeys":false,"rowIndex_arrow":{"row6":{}},"idsInOrderRow2":[{"id":"5763ED6C-6B5B-4C90-94F6-040BC7384528"}],"idsInOrderRow1":[{"id":"9ECEF17C-28F2-478B-A252-BFAF53268801"}],"row2":[{"fromDetail":{"output":{"letter_keys":{"_0":"a"}},"display":"A"},"toDetailCollection":{},"id":"5763ED6C-6B5B-4C90-94F6-040BC7384528"}],"idsInOrderRow3":[{"id":"14CB08CF-D76B-4BE2-A501-8C18AF7BD93C"}],"row6":[{"id":"28774B32-57CC-4A82-AB17-14155E18E7A9","toDetailCollection":{},"fromDetail":{"display":"A","output":{"letter_keys":{"_0":"a"}}}}],"row1":[{"toDetailCollection":{},"fromDetail":{"display":"A","output":{"letter_keys":{"_0":"a"}}},"id":"9ECEF17C-28F2-478B-A252-BFAF53268801"}]},"tenkeyRows":{"row6":[{"toDetailCollection":{},"id":"FBD329C1-FC45-44AD-9FC0-7BC22D11FC58","fromDetail":{"display":"A","output":{"letter_keys":{"_0":"a"}}}}],"row3":[{"fromDetail":{"display":"A","output":{"letter_keys":{"_0":"a"}}},"id":"639DE480-F223-4022-869A-52B05EE88F86","toDetailCollection":{}}],"row5":[{"toDetailCollection":{},"fromDetail":{"output":{"letter_keys":{"_0":"a"}},"display":"A"},"id":"9EFAE715-0C0D-4C41-8F4F-EB7B697F99F3"}],"arrow_right":{"fromDetail":{"output":{"arrow_keys":{"_0":"right_arrow"}},"isSFSymbol":true,"display":"arrowtriangle.right.fill"},"toDetailCollection":{},"id":"339DD7DE-A31B-4CF5-B81B-26577925F4ED","keyShape":"arrow_LR"},"rowIndex_arrow":{"row6":{}},"idsInOrderRow4":[{"id":"0A29EF0F-E8AF-416B-8246-A28E9F7BD1BA"}],"row1":[{"id":"DB1F3A47-997B-43DE-A137-AF733F07F374","fromDetail":{"output":{"letter_keys":{"_0":"a"}},"display":"A"},"toDetailCollection":{}}],"enableArrowKeys":false,"arrow_left":{"keyShape":"arrow_LR","id":"82AD832A-910A-41FF-A9AC-859BCA377872","fromDetail":{"output":{"arrow_keys":{"_0":"left_arrow"}},"isSFSymbol":true,"display":"arrowtriangle.left.fill"},"toDetailCollection":{}},"idsInOrderRow1":[{"id":"DB1F3A47-997B-43DE-A137-AF733F07F374"}],"idsInOrderRow2":[{"id":"88417864-0CBC-4090-89A8-0C005F92E5D1"}],"row2":[{"id":"88417864-0CBC-4090-89A8-0C005F92E5D1","fromDetail":{"display":"A","output":{"letter_keys":{"_0":"a"}}},"toDetailCollection":{}}],"row4":[{"fromDetail":{"output":{"letter_keys":{"_0":"a"}},"display":"A"},"id":"0A29EF0F-E8AF-416B-8246-A28E9F7BD1BA","toDetailCollection":{}}],"idsInOrderRow5":[{"id":"9EFAE715-0C0D-4C41-8F4F-EB7B697F99F3"}],"idsInOrderRow3":[{"id":"639DE480-F223-4022-869A-52B05EE88F86"}],"arrow_down":{"fromDetail":{"output":{"arrow_keys":{"_0":"down_arrow"}},"display":"arrowtriangle.down.fill","isSFSymbol":true},"keyShape":"arrow_Down","id":"EB318915-4D99-4669-9505-0B6027058AED","toDetailCollection":{}},"idsInOrderRow6":[{"id":"FBD329C1-FC45-44AD-9FC0-7BC22D11FC58"}],"arrow_up":{"keyShape":"arrow_Up","toDetailCollection":{},"fromDetail":{"output":{"arrow_keys":{"_0":"up_arrow"}},"display":"arrowtriangle.up.fill","isSFSymbol":true},"id":"4D8CE8ED-94CB-4A32-92F7-5B2F15A4A1C4"}},"isEnableMain":true,"isEnableTenkey":false,"sectionDetail":{"section":{"mouse":{}},"deviceDetail":{"vendor_id":"vendor_id","is_builtin_keyboard":false,"is_location_id_Enabled":false,"product_id":"product_id","is_product_id_Enabled":false,"is_vendor_id_Enabled":false,"device_name":"mouse","location_id":"location_id"}},"isEnableSub":false},"validSections":{"sections":[{"main":{}}]}},"macroCollection":{"_collection":[],"idsInOrderCollection":[]},"name":"DvorakJP_JIS"}