{"conditionDetailCollection":{"condition9":{"name":"Condition9","isEnabled":false,"type":"Application","value":"com.vendor.condition9"},"condition0":{"type":"Application","name":"Default","value":"com.vendor.condition0","isEnabled":true},"condition1":{"value":"ja","type":"InputSource","name":"Condition1","isEnabled":false},"condition3":{"type":"Application","isEnabled":false,"name":"Condition3","value":"com.vendor.condition3"},"condition5":{"value":"com.vendor.condition5","name":"Condition5","isEnabled":false,"type":"Application"},"condition6":{"isEnabled":false,"type":"Application","value":"com.vendor.condition6","name":"Condition6"},"condition7":{"isEnabled":false,"value":"com.vendor.condition7","name":"Condition7","type":"Application"},"condition4":{"value":"com.vendor.condition4","name":"Condition4","type":"Application","isEnabled":false},"condition2":{"isEnabled":false,"value":"com.vendor.condition2","type":"Application","name":"Condition2"},"condition8":{"type":"Application","isEnabled":false,"value":"com.vendor.condition8","name":"Condition8"}},"comboCollection":{"condition3":{"layer0":{},"layer1":{},"layer4":{},"layer5":{},"layer8":{},"layer2":{},"layer6":{},"layer3":{},"layer7":{}},"condition6":{"layer2":{},"layer6":{},"layer0":{},"layer7":{},"layer3":{},"layer8":{},"layer4":{},"layer1":{},"layer5":{}},"condition8":{"layer0":{},"layer3":{},"layer5":{},"layer1":{},"layer4":{},"layer6":{},"layer7":{},"layer2":{},"layer8":{}},"condition7":{"layer4":{},"layer1":{},"layer6":{},"layer7":{},"layer3":{},"layer0":{},"layer8":{},"layer5":{},"layer2":{}},"condition1":{"layer0":{},"layer1":{},"layer3":{},"layer5":{},"layer4":{},"layer7":{},"layer2":{},"layer6":{},"layer8":{}},"condition5":{"layer0":{},"layer2":{},"layer5":{},"layer3":{},"layer8":{},"layer1":{},"layer7":{},"layer6":{},"layer4":{}},"condition0":{"layer0":{},"layer4":{},"layer2":{},"layer7":{},"layer1":{},"layer3":{},"layer5":{},"layer6":{},"layer8":{}},"condition9":{"layer1":{},"layer0":{},"layer3":{},"layer7":{},"layer2":{},"layer4":{},"layer5":{},"layer8":{},"layer6":{}},"condition4":{"layer6":{},"layer7":{},"layer2":{},"layer5":{},"layer8":{},"layer4":{},"layer3":{},"layer0":{},"layer1":{}},"condition2":{"layer2":{},"layer5":{},"layer7":{},"layer6":{},"layer8":{},"layer1":{},"layer0":{},"layer4":{},"layer3":{}}},"keymap":{"mouse":{"isEnableSub":false,"mainRows":{"row2":[{"unitSize":0.5,"isSpacer":true,"id":"F6DE17C7-905B-4B14-AC22-D30B47E45365","fromDetail":{"display":"A","output":{"letter_keys":{"_0":"a"}}},"toDetailCollection":{}},{"toDetailCollection":{},"fromDetail":{"output":{"mouse_buttons":{"_0":"button3"}},"display":"M click"},"id":"80560661-F67E-4E35-A3A4-5A3C3C7533D0"}],"idsInOrderRow2":[{"id":"F6DE17C7-905B-4B14-AC22-D30B47E45365"},{"id":"80560661-F67E-4E35-A3A4-5A3C3C7533D0"}],"enableArrowKeys":false,"rowIndex_arrow":{"row6":{}},"row1":[{"toDetailCollection":{},"fromDetail":{"output":{"mouse_buttons":{"_0":"button2"}},"display":"R click"},"id":"78CA6241-6E80-458A-855E-BABF17A1D4D6"},{"id":"AEF1EB2A-CB84-4565-8E53-75379FE2A057","fromDetail":{"display":"L click","output":{"mouse_buttons":{"_0":"button1"}}},"toDetailCollection":{}}],"arrow_down":{"id":"4E5DA688-93BF-4417-A4C3-FB2B9544E8B9","toDetailCollection":{},"keyShape":"arrow_Down","fromDetail":{"output":{"arrow_keys":{"_0":"down_arrow"}},"isSFSymbol":true,"display":"arrowtriangle.down.fill"}},"idsInOrderRow5":[],"idsInOrderRow6":[],"arrow_up":{"id":"DD1419E9-38E9-4AFA-8C65-8E9DCF4BE2BC","toDetailCollection":{},"fromDetail":{"isSFSymbol":true,"display":"arrowtriangle.up.fill","output":{"arrow_keys":{"_0":"up_arrow"}}},"keyShape":"arrow_Up"},"row3":[{"id":"006BBF83-2016-4560-9F97-C40CFEDA40AE","fromDetail":{"output":{"letter_keys":{"_0":"a"}},"display":"A"},"isSpacer":true,"toDetailCollection":{}}],"arrow_right":{"toDetailCollection":{},"keyShape":"arrow_LR","fromDetail":{"display":"arrowtriangle.right.fill","isSFSymbol":true,"output":{"arrow_keys":{"_0":"right_arrow"}}},"id":"0781967A-6D3A-47B2-B19D-3DFEF88E892D"},"row6":[],"idsInOrderRow4":[{"id":"036B474E-738F-4393-9AB7-6C55625BB360"}],"idsInOrderRow1":[{"id":"AEF1EB2A-CB84-4565-8E53-75379FE2A057"},{"id":"78CA6241-6E80-458A-855E-BABF17A1D4D6"}],"idsInOrderRow3":[{"id":"006BBF83-2016-4560-9F97-C40CFEDA40AE"}],"row5":[],"row4":[{"fromDetail":{"display":"A","output":{"letter_keys":{"_0":"a"}}},"toDetailCollection":{},"isSpacer":true,"id":"036B474E-738F-4393-9AB7-6C55625BB360"}],"arrow_left":{"id":"31725298-FAD5-4560-93AA-6B94D4491DAE","keyShape":"arrow_LR","fromDetail":{"isSFSymbol":true,"display":"arrowtriangle.left.fill","output":{"arrow_keys":{"_0":"left_arrow"}}},"toDetailCollection":{}}},"isEnableTenkey":false,"isEnableMain":true,"subRows":{"idsInOrderRow4":[{"id":"028FAF4B-22C2-4988-A321-2563B1843354"}],"row2":[{"fromDetail":{"display":"A","output":{"letter_keys":{"_0":"a"}}},"id":"F959FC4C-F594-40E9-A62F-8D1B42B7D533","toDetailCollection":{}}],"row5":[{"fromDetail":{"output":{"letter_keys":{"_0":"a"}},"display":"A"},"id":"DEBAEAAD-E695-4015-9490-D8FDB051CA93","toDetailCollection":{}}],"idsInOrderRow6":[{"id":"82E84B53-CC79-46B2-8082-1DC77FA420A8"}],"idsInOrderRow2":[{"id":"F959FC4C-F594-40E9-A62F-8D1B42B7D533"}],"idsInOrderRow5":[{"id":"DEBAEAAD-E695-4015-9490-D8FDB051CA93"}],"arrow_down":{"keyShape":"arrow_Down","id":"4CBC39D4-2CAF-421D-A95E-2423AB6E5B62","fromDetail":{"display":"arrowtriangle.down.fill","output":{"arrow_keys":{"_0":"down_arrow"}},"isSFSymbol":true},"toDetailCollection":{}},"idsInOrderRow3":[{"id":"4A12C5FD-AD37-4B55-BC38-E806C9217AA5"}],"row3":[{"fromDetail":{"output":{"letter_keys":{"_0":"a"}},"display":"A"},"id":"4A12C5FD-AD37-4B55-BC38-E806C9217AA5","toDetailCollection":{}}],"row6":[{"id":"82E84B53-CC79-46B2-8082-1DC77FA420A8","fromDetail":{"output":{"letter_keys":{"_0":"a"}},"display":"A"},"toDetailCollection":{}}],"row4":[{"fromDetail":{"output":{"letter_keys":{"_0":"a"}},"display":"A"},"toDetailCollection":{},"id":"028FAF4B-22C2-4988-A321-2563B1843354"}],"arrow_left":{"id":"3713F256-9654-4B18-AA38-6699FC3F04A4","toDetailCollection":{},"fromDetail":{"output":{"arrow_keys":{"_0":"left_arrow"}},"display":"arrowtriangle.left.fill","isSFSymbol":true},"keyShape":"arrow_LR"},"enableArrowKeys":false,"row1":[{"toDetailCollection":{},"id":"804E737B-21CD-4A2E-AC4A-F5CC20D64743","fromDetail":{"display":"A","output":{"letter_keys":{"_0":"a"}}}}],"rowIndex_arrow":{"row6":{}},"idsInOrderRow1":[{"id":"804E737B-21CD-4A2E-AC4A-F5CC20D64743"}],"arrow_right":{"id":"E03A9D1A-507F-48F2-900C-C8E1F17EBA08","toDetailCollection":{},"fromDetail":{"display":"arrowtriangle.right.fill","output":{"arrow_keys":{"_0":"right_arrow"}},"isSFSymbol":true},"keyShape":"arrow_LR"},"arrow_up":{"id":"84860A61-F504-4CF1-8679-683702D43740","toDetailCollection":{},"keyShape":"arrow_Up","fromDetail":{"isSFSymbol":true,"display":"arrowtriangle.up.fill","output":{"arrow_keys":{"_0":"up_arrow"}}}}},"tenkeyRows":{"arrow_down":{"id":"5C2C0656-FF27-4506-B093-2D532706D718","toDetailCollection":{},"keyShape":"arrow_Down","fromDetail":{"isSFSymbol":true,"output":{"arrow_keys":{"_0":"down_arrow"}},"display":"arrowtriangle.down.fill"}},"row1":[{"id":"8EA34FDA-C6A8-4A0A-A7DA-1F01837FF566","fromDetail":{"output":{"letter_keys":{"_0":"a"}},"display":"A"},"toDetailCollection":{}}],"idsInOrderRow2":[{"id":"25969EC7-6B56-4A65-A57A-7BAF9D71EA92"}],"idsInOrderRow6":[{"id":"EEE06AA6-E2E2-4E4E-9D3D-70430E45DD0A"}],"arrow_right":{"id":"7C52C3D2-BA10-444F-9565-4B1E2BBFC829","fromDetail":{"display":"arrowtriangle.right.fill","output":{"arrow_keys":{"_0":"right_arrow"}},"isSFSymbol":true},"keyShape":"arrow_LR","toDetailCollection":{}},"enableArrowKeys":false,"rowIndex_arrow":{"row6":{}},"row5":[{"fromDetail":{"output":{"letter_keys":{"_0":"a"}},"display":"A"},"toDetailCollection":{},"id":"FC824902-A1AE-4BFE-AD2E-0F4A482FF39D"}],"row2":[{"fromDetail":{"display":"A","output":{"letter_keys":{"_0":"a"}}},"id":"25969EC7-6B56-4A65-A57A-7BAF9D71EA92","toDetailCollection":{}}],"idsInOrderRow3":[{"id":"52DBFC87-38AC-4E24-B7E9-50774C31EF9F"}],"arrow_left":{"toDetailCollection":{},"keyShape":"arrow_LR","id":"FD6506D5-F68A-459C-9299-969DFD2FA572","fromDetail":{"output":{"arrow_keys":{"_0":"left_arrow"}},"display":"arrowtriangle.left.fill","isSFSymbol":true}},"idsInOrderRow4":[{"id":"39BE438A-7251-4623-9C9E-FF964DE91EE6"}],"row4":[{"id":"39BE438A-7251-4623-9C9E-FF964DE91EE6","toDetailCollection":{},"fromDetail":{"display":"A","output":{"letter_keys":{"_0":"a"}}}}],"idsInOrderRow5":[{"id":"FC824902-A1AE-4BFE-AD2E-0F4A482FF39D"}],"row6":[{"id":"EEE06AA6-E2E2-4E4E-9D3D-70430E45DD0A","toDetailCollection":{},"fromDetail":{"output":{"letter_keys":{"_0":"a"}},"display":"A"}}],"arrow_up":{"keyShape":"arrow_Up","toDetailCollection":{},"id":"0FD088BC-A436-49FD-9E48-932F46BAF316","fromDetail":{"isSFSymbol":true,"display":"arrowtriangle.up.fill","output":{"arrow_keys":{"_0":"up_arrow"}}}},"idsInOrderRow1":[{"id":"8EA34FDA-C6A8-4A0A-A7DA-1F01837FF566"}],"row3":[{"fromDetail":{"output":{"letter_keys":{"_0":"a"}},"display":"A"},"toDetailCollection":{},"id":"52DBFC87-38AC-4E24-B7E9-50774C31EF9F"}]},"sectionDetail":{"section":{"mouse":{}},"deviceDetail":{"is_builtin_keyboard":false,"vendor_id":"vendor_id","is_product_id_Enabled":false,"device_name":"mouse","location_id":"location_id","product_id":"product_id","is_location_id_Enabled":false,"is_vendor_id_Enabled":false}}},"main":{"subRows":{"arrow_down":{"keyShape":"arrow_Down","id":"6D0BD87B-5E3F-4C88-BECB-51E11F695257","toDetailCollection":{},"fromDetail":{"isSFSymbol":true,"display":"arrowtriangle.down.fill","output":{"arrow_keys":{"_0":"down_arrow"}}}},"row6":[{"toDetailCollection":{},"id":"159C868D-0669-4D94-BCBB-167F56DD6578","fromDetail":{"output":{"arrow_keys":{"_0":"right_arrow"}},"display":"arrowtriangle.right.fill","isSFSymbol":true}},{"toDetailCollection":{},"fromDetail":{"output":{"arrow_keys":{"_0":"down_arrow"}},"display":"arrowtriangle.down.fill","isSFSymbol":true},"id":"90FEAD1B-7553-4864-BA9F-C5794F5A61DD"},{"toDetailCollection":{},"fromDetail":{"display":"arrowtriangle.left.fill","output":{"arrow_keys":{"_0":"left_arrow"}},"isSFSymbol":true},"id":"F6B3EAB9-4C97-458F-A1B2-398704486DD8"}],"idsInOrderRow6":[{"id":"F6B3EAB9-4C97-458F-A1B2-398704486DD8"},{"id":"90FEAD1B-7553-4864-BA9F-C5794F5A61DD"},{"id":"159C868D-0669-4D94-BCBB-167F56DD6578"}],"arrow_up":{"fromDetail":{"output":{"arrow_keys":{"_0":"up_arrow"}},"isSFSymbol":true,"display":"arrowtriangle.up.fill"},"toDetailCollection":{},"id":"A492992F-4429-4D4F-9A71-C5B849207C0C","keyShape":"arrow_Up"},"row2":[{"id":"1D65D313-9DE5-4015-A142-DDDB213C371C","fromDetail":{"output":{"arrow_keys":{"_0":"page_up"}},"isSFSymbol":true,"display":"arrow.up"},"toDetailCollection":{}},{"fromDetail":{"display":"arrow.up.to.line","isSFSymbol":true,"output":{"arrow_keys":{"_0":"home"}}},"toDetailCollection":{},"id":"D5F69A12-68F6-41E5-AE25-C1C06F613340"},{"id":"2835D143-391F-4CC2-A278-1B8AE25CB4A1","toDetailCollection":{},"fromDetail":{"output":{"keys_in_pc_keyboards":{"_0":"insert"}},"isSFSymbol":true,"display":"text.insert"}}],"row4":[],"enableArrowKeys":false,"row1":[{"fromDetail":{"output":{"function_keys":{"_0":"f15"}},"display":"F15"},"toDetailCollection":{},"id":"7DC07B40-561D-45AE-BE15-FE31772A1430"},{"fromDetail":{"output":{"function_keys":{"_0":"f14"}},"display":"F14"},"toDetailCollection":{},"id":"E205DD64-4D54-498A-857A-8D0E4F5A6CBF"},{"id":"0ED0C822-68E6-4A6B-8417-FE2035FB1B59","fromDetail":{"output":{"function_keys":{"_0":"f13"}},"display":"F13"},"toDetailCollection":{}}],"idsInOrderRow3":[{"id":"14E23F7D-1FAC-409B-A67D-6D805456C5E3"},{"id":"B579B689-EA43-4E46-8A15-A187D1BE002B"},{"id":"0C9611E5-8530-4B18-8350-45B2B52683D0"}],"idsInOrderRow5":[{"id":"ACE03425-C218-4563-AF18-D778EDD5888C"},{"id":"E5D2FEB5-5BB3-48BE-9ECE-F0CB6EEF756B"}],"row5":[{"id":"E5D2FEB5-5BB3-48BE-9ECE-F0CB6EEF756B","toDetailCollection":{},"fromDetail":{"display":"arrowtriangle.up.fill","isSFSymbol":true,"output":{"arrow_keys":{"_0":"up_arrow"}}}},{"fromDetail":{"display":"A","output":{"letter_keys":{"_0":"a"}}},"toDetailCollection":{},"isSpacer":true,"id":"ACE03425-C218-4563-AF18-D778EDD5888C"}],"idsInOrderRow4":[],"arrow_left":{"fromDetail":{"display":"arrowtriangle.left.fill","isSFSymbol":true,"output":{"arrow_keys":{"_0":"left_arrow"}}},"id":"E6D4BE10-17A1-48C0-91FA-25D9D5546C34","keyShape":"arrow_LR","toDetailCollection":{}},"rowIndex_arrow":{"row6":{}},"arrow_right":{"id":"D698198D-636E-43FA-9CF7-9B61486ED7E9","keyShape":"arrow_LR","toDetailCollection":{},"fromDetail":{"display":"arrowtriangle.right.fill","isSFSymbol":true,"output":{"arrow_keys":{"_0":"right_arrow"}}}},"row3":[{"toDetailCollection":{},"id":"0C9611E5-8530-4B18-8350-45B2B52683D0","fromDetail":{"display":"arrow.down","isSFSymbol":true,"output":{"arrow_keys":{"_0":"page_down"}}}},{"id":"B579B689-EA43-4E46-8A15-A187D1BE002B","fromDetail":{"output":{"arrow_keys":{"_0":"end"}},"display":"arrow.down.to.line","isSFSymbol":true},"toDetailCollection":{}},{"fromDetail":{"output":{"controls_and_symbols":{"_0":"delete_forward"}},"isSFSymbol":true,"display":"delete.right"},"id":"14E23F7D-1FAC-409B-A67D-6D805456C5E3","toDetailCollection":{}}],"idsInOrderRow1":[{"id":"0ED0C822-68E6-4A6B-8417-FE2035FB1B59"},{"id":"E205DD64-4D54-498A-857A-8D0E4F5A6CBF"},{"id":"7DC07B40-561D-45AE-BE15-FE31772A1430"}],"idsInOrderRow2":[{"id":"2835D143-391F-4CC2-A278-1B8AE25CB4A1"},{"id":"D5F69A12-68F6-41E5-AE25-C1C06F613340"},{"id":"1D65D313-9DE5-4015-A142-DDDB213C371C"}]},"isEnableMain":true,"mainRows":{"row3":[{"fromDetail":{"display":"R","output":{"letter_keys":{"_0":"r"}}},"toDetailCollection":{"condition0":{"layer0":{"withModifier_tap":{},"outputAndDisplay_tap":{"layerKey":"layer0","output":{"letter_keys":{"_0":"p"}},"display":"P"},"isCustomized_tap":true}}},"id":"A697B539-7729-471B-AB36-F0A01915AB54"},{"toDetailCollection":{"condition0":{"layer0":{"withModifier_tap":{},"isCustomized_tap":true,"outputAndDisplay_tap":{"layerKey":"layer0","display":"L","output":{"letter_keys":{"_0":"l"}}}}}},"id":"C7049345-E2C6-4635-BC33-C3DC08CB4E61","fromDetail":{"display":"P","output":{"letter_keys":{"_0":"p"}}}},{"fromDetail":{"display":"I","output":{"letter_keys":{"_0":"i"}}},"id":"3BF427A4-B7E4-45DA-B7C5-95A8EE2BD81E","toDetailCollection":{"condition0":{"layer0":{"isCustomized_tap":true,"outputAndDisplay_tap":{"display":"C","layerKey":"layer0","output":{"letter_keys":{"_0":"c"}}},"withModifier_tap":{}}}}},{"toDetailCollection":{"condition0":{"layer0":{"isCustomized_tap":true,"withModifier_tap":{},"outputAndDisplay_tap":{"output":{"shift_symbols":{"_0":"colon"}},"display":":","layerKey":"layer0"}}}},"fromDetail":{"output":{"letter_keys":{"_0":"q"}},"display":"Q"},"id":"6F3824E9-66A6-4C5F-98C1-AA9165A21D21"},{"toDetailCollection":{"condition0":{"layer0":{"outputAndDisplay_tap":{"layerKey":"layer0","display":"R","output":{"letter_keys":{"_0":"r"}}},"isCustomized_tap":true,"withModifier_tap":{}}}},"id":"68FE053B-91E5-46EB-BB18-F701F18713B5","fromDetail":{"display":"O","output":{"letter_keys":{"_0":"o"}}}},{"id":"CB1FE79E-0E5D-40A8-8544-D32B59834384","fromDetail":{"display":"W","output":{"letter_keys":{"_0":"w"}}},"toDetailCollection":{"condition0":{"layer0":{"outputAndDisplay_tap":{"display":",","layerKey":"layer0","output":{"controls_and_symbols":{"_0":"comma"}}},"withModifier_tap":{},"isCustomized_tap":true}}}},{"toDetailCollection":{},"fromDetail":{"isSFSymbol":true,"display":"arrow.right.to.line","output":{"controls_and_symbols":{"_0":"tab"}}},"id":"5C9365D3-7CA3-4234-B6A9-63D42EC348F4"},{"fromDetail":{"output":{"controls_and_symbols":{"_0":"open_square_bracket_jis"}},"display":"["},"id":"EA61F090-4386-4B92-B929-F062CDA7C0AE","toDetailCollection":{"condition0":{"layer0":{"isCustomized_tap":true,"withModifier_tap":{},"outputAndDisplay_tap":{"output":{"shift_symbols":{"_0":"caret"}},"display":"^","layerKey":"layer0"}}}}},{"toDetailCollection":{"condition0":{"layer0":{"withModifier_tap":{},"isCustomized_tap":true,"outputAndDisplay_tap":{"display":"G","layerKey":"layer0","output":{"letter_keys":{"_0":"g"}}}}}},"id":"AAD7E744-2F44-403C-B047-EFE9F1BCD5B1","fromDetail":{"display":"U","output":{"letter_keys":{"_0":"u"}}}},{"toDetailCollection":{"condition0":{"layer0":{"withModifier_tap":{},"outputAndDisplay_tap":{"display":"Y","output":{"letter_keys":{"_0":"y"}},"layerKey":"layer0"},"isCustomized_tap":true}}},"id":"14349338-453F-41C1-8B78-883306F24575","fromDetail":{"output":{"letter_keys":{"_0":"t"}},"display":"T"}},{"toDetailCollection":{"condition0":{"layer0":{"withModifier_tap":{},"outputAndDisplay_tap":{"layerKey":"layer0","display":".","output":{"controls_and_symbols":{"_0":"period"}}},"isCustomized_tap":true}}},"fromDetail":{"display":"E","output":{"letter_keys":{"_0":"e"}}},"id":"2B0D58A4-7FC1-4947-AD15-FC460C5EB587"},{"id":"85B1D1D9-11A4-48EE-8387-9B1BA220F438","toDetailCollection":{"condition0":{"layer0":{"withModifier_tap":{},"outputAndDisplay_tap":{"output":{"controls_and_symbols":{"_0":"slash"}},"display":"\/","layerKey":"layer0"},"isCustomized_tap":true}}},"fromDetail":{"display":"@","output":{"controls_and_symbols":{"_0":"commercial_at_jis"}}}},{"toDetailCollection":{"condition0":{"layer0":{"isCustomized_tap":true,"withModifier_tap":{},"outputAndDisplay_tap":{"output":{"letter_keys":{"_0":"f"}},"display":"F","layerKey":"layer0"}}}},"id":"4CB096BE-9BF0-48AC-817C-744D6A984482","fromDetail":{"output":{"letter_keys":{"_0":"y"}},"display":"Y"}},{"id":"719834CB-435A-4D71-860B-A68BDA14604F","unitSize":1.5,"toDetailCollection":{},"keyShape":"enter_JIS","fromDetail":{"output":{"controls_and_symbols":{"_0":"return_or_enter"}},"display":"return","isSFSymbol":true}}],"idsInOrderRow2":[{"id":"3860B4A4-2E63-4934-9F6C-1325CA1CB865"},{"id":"B0853B6A-49BB-40F0-A76D-52D59EC0493E"},{"id":"42889EE9-565F-4229-A8D4-0740FF6A463A"},{"id":"B4613269-E11D-4404-B532-A40F539FA1AC"},{"id":"632F230B-F46D-4D6D-97BC-DF48971FFAFB"},{"id":"DFCC1A73-A87D-4882-9E29-113803354E2F"},{"id":"FB8B101F-B51B-47BA-BDFF-D6397346F653"},{"id":"BA2061AC-4DF2-4118-BD72-1B039DFCAB5B"},{"id":"69869674-CB2C-4626-93E6-F06456CBD732"},{"id":"A40E7554-CEB7-46BD-ABF3-78F31D3FEFDE"},{"id":"BEDA59B2-4179-451D-A442-1BD2E022B953"},{"id":"E54F7CE6-2C2D-425D-B76F-3D391D371AC8"},{"id":"B571F9AD-2A8E-4B38-A54F-B2E6BD5CCB3B"},{"id":"8B08B419-2E9B-4655-94C9-8420EEE7C0E9"}],"arrow_up":{"keyShape":"arrow_Up","id":"BD7DEA17-2AC1-46B8-90EF-E8881C73CB7A","toDetailCollection":{},"fromDetail":{"output":{"arrow_keys":{"_0":"up_arrow"}},"isSFSymbol":true,"display":"arrowtriangle.up.fill"}},"arrow_down":{"fromDetail":{"display":"arrowtriangle.down.fill","isSFSymbol":true,"output":{"arrow_keys":{"_0":"down_arrow"}}},"id":"6BC88092-9AB5-4C4F-A60C-5CC8DB86A7A5","keyShape":"arrow_Down","toDetailCollection":{}},"row4":[{"toDetailCollection":{"condition0":{"layer0":{"isCustomized_tap":true,"outputAndDisplay_tap":{"layerKey":"layer0","display":"T","output":{"letter_keys":{"_0":"t"}}},"withModifier_tap":{}}}},"id":"A5FC2399-6B57-4571-9612-24D96C548BA6","fromDetail":{"output":{"letter_keys":{"_0":"k"}},"display":"K"}},{"fromDetail":{"output":{"letter_keys":{"_0":"g"}},"display":"G"},"toDetailCollection":{"condition0":{"layer0":{"withModifier_tap":{},"outputAndDisplay_tap":{"output":{"letter_keys":{"_0":"i"}},"display":"I","layerKey":"layer0"},"isCustomized_tap":true}}},"id":"0EB31524-1D52-4046-BE78-2B47985880F8"},{"fromDetail":{"output":{"controls_and_symbols":{"_0":"single_quotation_or_colon"}},"display":":"},"toDetailCollection":{"condition0":{"layer0":{"withModifier_tap":{},"isCustomized_tap":true,"outputAndDisplay_tap":{"display":"-","output":{"controls_and_symbols":{"_0":"hyphen"}},"layerKey":"layer0"}}}},"id":"5F920CAB-2CF5-4D12-9874-D3B44F5DFCD5"},{"id":"4C337B7C-3BC2-4D6B-AC8C-1FFAEE3F83D7","fromDetail":{"display":"S","output":{"letter_keys":{"_0":"s"}}},"toDetailCollection":{"condition0":{"layer0":{"isCustomized_tap":true,"outputAndDisplay_tap":{"display":"O","output":{"letter_keys":{"_0":"o"}},"layerKey":"layer0"},"withModifier_tap":{}}}}},{"id":"BFF2AFEA-CC36-4FA7-8FFE-5A0CBC5A652A","fromDetail":{"output":{"controls_and_symbols":{"_0":"close_square_bracket_jis"}},"display":"]"},"toDetailCollection":{"condition0":{"layer0":{"withModifier_tap":{},"isCustomized_tap":true,"outputAndDisplay_tap":{"layerKey":"layer0","output":{"shift_symbols":{"_0":"commercial_at"}},"display":"@"}}}}},{"id":"4D5830AC-5030-46B8-9E12-0EEBE0353B25","unitSize":1.25,"fromDetail":{"display":"control","output":{"modifier_keys":{"_0":"left_control"}},"isSFSymbol":true},"toDetailCollection":{}},{"id":"99040F29-06DD-4316-A6FF-2AC71BB69E03","fromDetail":{"output":{"letter_keys":{"_0":"a"}},"display":"A"},"toDetailCollection":{}},{"id":"8DD915CA-E552-4B4D-874C-B8514A3FF210","toDetailCollection":{"condition0":{"layer0":{"isCustomized_tap":true,"outputAndDisplay_tap":{"display":"D","output":{"letter_keys":{"_0":"d"}},"layerKey":"layer0"},"withModifier_tap":{}}}},"fromDetail":{"output":{"letter_keys":{"_0":"h"}},"display":"H"}},{"id":"3B33259F-F8F2-411E-A377-2E86D3EEDCAD","fromDetail":{"display":"D","output":{"letter_keys":{"_0":"d"}}},"toDetailCollection":{"condition0":{"layer0":{"isCustomized_tap":true,"withModifier_tap":{},"outputAndDisplay_tap":{"display":"E","layerKey":"layer0","output":{"letter_keys":{"_0":"e"}}}}}}},{"id":"569C3D4C-3171-4FF6-BF15-019D29050F00","fromDetail":{"display":"L","output":{"letter_keys":{"_0":"l"}}},"toDetailCollection":{"condition0":{"layer0":{"withModifier_tap":{},"outputAndDisplay_tap":{"display":"N","output":{"letter_keys":{"_0":"n"}},"layerKey":"layer0"},"isCustomized_tap":true}}}},{"fromDetail":{"display":"F","output":{"letter_keys":{"_0":"f"}}},"id":"6EEBC1C6-A230-4DC9-B46E-A779F66DE6B0","toDetailCollection":{"condition0":{"layer0":{"isCustomized_tap":true,"withModifier_tap":{},"outputAndDisplay_tap":{"output":{"letter_keys":{"_0":"u"}},"display":"U","layerKey":"layer0"}}}}},{"id":"64597505-F455-4598-8932-E59A25CDB9CB","fromDetail":{"output":{"letter_keys":{"_0":"j"}},"display":"J"},"toDetailCollection":{"condition0":{"layer0":{"outputAndDisplay_tap":{"layerKey":"layer0","display":"H","output":{"letter_keys":{"_0":"h"}}},"isCustomized_tap":true,"withModifier_tap":{}}}}},{"fromDetail":{"display":";","output":{"controls_and_symbols":{"_0":"semicolon"}}},"id":"74849ABB-B876-4ADA-A09F-81E3BE77F362","toDetailCollection":{"condition0":{"layer0":{"isCustomized_tap":true,"outputAndDisplay_tap":{"display":"S","layerKey":"layer0","output":{"letter_keys":{"_0":"s"}}},"withModifier_tap":{}}}}}],"idsInOrderRow1":[{"id":"B97B535E-3B1B-4801-ACC4-711C22A206AF"},{"id":"844119C3-757F-4F30-AE4F-3BEFDF282A15"},{"id":"CA83DC80-81F6-44C1-863D-6B36A34E1273"},{"id":"AE1A95C9-DA18-4E08-882C-3EB48B4BE952"},{"id":"5C5B066A-9113-49B5-90AE-94CA1EC7466E"},{"id":"DCCE68A2-EB72-4AC9-9A02-07B00C245FAB"},{"id":"9997FD40-68FB-44BA-80F8-C3ABB24CC721"},{"id":"B4F36D51-6AD1-44E8-9A58-271181AA52C4"},{"id":"74EDC25A-CB72-4366-8683-417BD418835A"},{"id":"58A7083C-C851-4457-ABA3-B62E2A34F4B9"},{"id":"9F7868A4-ACF2-4278-BBF5-3C392EEB7EAC"},{"id":"2EFA3FCE-976F-4090-B0FD-4ED7B1562829"},{"id":"2743C1E5-42AF-49CD-8EE5-3D6191DDC207"}],"row1":[{"id":"AE1A95C9-DA18-4E08-882C-3EB48B4BE952","toDetailCollection":{},"fromDetail":{"display":"F3","output":{"function_keys":{"_0":"f3"}}}},{"toDetailCollection":{},"fromDetail":{"display":"F7","output":{"function_keys":{"_0":"f7"}}},"id":"B4F36D51-6AD1-44E8-9A58-271181AA52C4"},{"fromDetail":{"output":{"function_keys":{"_0":"f6"}},"display":"F6"},"id":"9997FD40-68FB-44BA-80F8-C3ABB24CC721","toDetailCollection":{}},{"id":"2EFA3FCE-976F-4090-B0FD-4ED7B1562829","fromDetail":{"display":"F11","output":{"function_keys":{"_0":"f11"}}},"toDetailCollection":{}},{"id":"58A7083C-C851-4457-ABA3-B62E2A34F4B9","toDetailCollection":{},"fromDetail":{"display":"F9","output":{"function_keys":{"_0":"f9"}}}},{"unitSize":1.5,"fromDetail":{"output":{"controls_and_symbols":{"_0":"escape"}},"display":"escape","isSFSymbol":true},"toDetailCollection":{},"id":"B97B535E-3B1B-4801-ACC4-711C22A206AF"},{"fromDetail":{"output":{"function_keys":{"_0":"f1"}},"display":"F1"},"toDetailCollection":{},"id":"844119C3-757F-4F30-AE4F-3BEFDF282A15"},{"toDetailCollection":{},"id":"5C5B066A-9113-49B5-90AE-94CA1EC7466E","fromDetail":{"display":"F4","output":{"function_keys":{"_0":"f4"}}}},{"id":"CA83DC80-81F6-44C1-863D-6B36A34E1273","toDetailCollection":{},"fromDetail":{"display":"F2","output":{"function_keys":{"_0":"f2"}}}},{"id":"DCCE68A2-EB72-4AC9-9A02-07B00C245FAB","toDetailCollection":{},"fromDetail":{"output":{"function_keys":{"_0":"f5"}},"display":"F5"}},{"id":"9F7868A4-ACF2-4278-BBF5-3C392EEB7EAC","fromDetail":{"output":{"function_keys":{"_0":"f10"}},"display":"F10"},"toDetailCollection":{}},{"toDetailCollection":{},"fromDetail":{"output":{"function_keys":{"_0":"f12"}},"display":"F12"},"id":"2743C1E5-42AF-49CD-8EE5-3D6191DDC207"},{"id":"74EDC25A-CB72-4366-8683-417BD418835A","toDetailCollection":{},"fromDetail":{"output":{"function_keys":{"_0":"f8"}},"display":"F8"}}],"arrow_left":{"id":"A50113E8-A285-495C-BE59-9E695E6FEA34","toDetailCollection":{},"fromDetail":{"display":"arrowtriangle.left.fill","output":{"arrow_keys":{"_0":"left_arrow"}},"isSFSymbol":true},"keyShape":"arrow_LR"},"idsInOrderRow5":[{"id":"71816208-FBFB-4F42-B264-E17F6C041B50"},{"id":"B0FA4404-D6B3-4C08-8D44-9C0DFDB3B837"},{"id":"2E915583-14FA-4D13-89AC-1C6D1946AEFA"},{"id":"04A41797-514F-44C8-B928-46243046F60B"},{"id":"0DEB0C88-0D2C-402C-B166-C9A3582AA96E"},{"id":"B08E970F-816D-4A91-AF12-10F539F6000C"},{"id":"FBC89562-8D3E-4F37-8239-76027BA36017"},{"id":"B0874C62-7566-4460-A72E-19AB261EA42B"},{"id":"F5B71541-2929-455C-B2A8-B56C10F2D370"},{"id":"FDD002D8-7CC3-4825-9C9F-733113AC2796"},{"id":"4329BF3F-506E-4D7A-94C3-64145E5AFEEC"},{"id":"A6C0517D-4D83-4B21-8AAB-123B6E60AF6D"},{"id":"E4E9784B-2213-425A-A9EF-19C36C12CA26"}],"row2":[{"id":"B4613269-E11D-4404-B532-A40F539FA1AC","toDetailCollection":{},"fromDetail":{"output":{"number_keys":{"_0":"four"}},"display":"4"}},{"fromDetail":{"display":"7","output":{"number_keys":{"_0":"seven"}}},"toDetailCollection":{},"id":"FB8B101F-B51B-47BA-BDFF-D6397346F653"},{"id":"DFCC1A73-A87D-4882-9E29-113803354E2F","fromDetail":{"output":{"number_keys":{"_0":"six"}},"display":"6"},"toDetailCollection":{}},{"id":"42889EE9-565F-4229-A8D4-0740FF6A463A","fromDetail":{"display":"3","output":{"number_keys":{"_0":"three"}}},"toDetailCollection":{}},{"fromDetail":{"output":{"number_keys":{"_0":"nine"}},"display":"9"},"id":"69869674-CB2C-4626-93E6-F06456CBD732","toDetailCollection":{}},{"toDetailCollection":{},"fromDetail":{"display":"\\","output":{"international_keys":{"_0":"international3"}}},"id":"B571F9AD-2A8E-4B38-A54F-B2E6BD5CCB3B"},{"fromDetail":{"output":{"number_keys":{"_0":"two"}},"display":"2"},"toDetailCollection":{},"id":"B0853B6A-49BB-40F0-A76D-52D59EC0493E"},{"toDetailCollection":{},"id":"A40E7554-CEB7-46BD-ABF3-78F31D3FEFDE","fromDetail":{"display":"0","output":{"number_keys":{"_0":"zero"}}}},{"unitSize":1.25,"fromDetail":{"isSFSymbol":true,"output":{"controls_and_symbols":{"_0":"delete_or_backspace"}},"display":"delete.left"},"toDetailCollection":{},"id":"8B08B419-2E9B-4655-94C9-8420EEE7C0E9"},{"id":"BEDA59B2-4179-451D-A442-1BD2E022B953","fromDetail":{"output":{"controls_and_symbols":{"_0":"hyphen"}},"display":"-"},"toDetailCollection":{"condition0":{"layer0":{"isCustomized_tap":true,"outputAndDisplay_tap":{"layerKey":"layer0","output":{"controls_and_symbols":{"_0":"open_square_bracket"}},"display":"["},"withModifier_tap":{}}}}},{"unitSize":1.25,"toDetailCollection":{},"id":"3860B4A4-2E63-4934-9F6C-1325CA1CB865","fromDetail":{"display":"1","output":{"number_keys":{"_0":"one"}}}},{"fromDetail":{"output":{"number_keys":{"_0":"eight"}},"display":"8"},"id":"BA2061AC-4DF2-4118-BD72-1B039DFCAB5B","toDetailCollection":{}},{"id":"632F230B-F46D-4D6D-97BC-DF48971FFAFB","fromDetail":{"output":{"number_keys":{"_0":"five"}},"display":"5"},"toDetailCollection":{}},{"id":"E54F7CE6-2C2D-425D-B76F-3D391D371AC8","toDetailCollection":{"condition0":{"layer0":{"withModifier_tap":{},"isCustomized_tap":true,"outputAndDisplay_tap":{"output":{"controls_and_symbols":{"_0":"close_square_bracket"}},"layerKey":"layer0","display":"]"}}}},"fromDetail":{"display":"^","output":{"controls_and_symbols":{"_0":"equal_sign_or_caret"}}}}],"row6":[{"toDetailCollection":{},"fromDetail":{"output":{"japanese":{"_0":"eisuu"}},"display":"英数"},"id":"84F583F5-C6FB-4F9A-889D-F2F662F03D14","unitSize":1.25},{"fromDetail":{"output":{"modifier_keys":{"_0":"left_command"}},"display":"command","isSFSymbol":true},"id":"20110E3B-CD79-4F80-A13C-53A2AA66BF9C","unitSize":1.25,"toDetailCollection":{}},{"id":"9D78DF52-150F-43FC-96F3-3269590B9F26","fromDetail":{"isSFSymbol":true,"display":"option","output":{"modifier_keys":{"_0":"left_option"}}},"toDetailCollection":{}},{"toDetailCollection":{},"fromDetail":{"output":{"modifier_keys":{"_0":"keyboard_fn"}},"isSFSymbol":true,"display":"globe"},"id":"D662B933-C6CF-4FFB-A29B-04D5FC44187B"},{"unitSize":1.25,"fromDetail":{"output":{"modifier_keys":{"_0":"right_command"}},"isSFSymbol":true,"display":"command"},"id":"309230C9-E6F1-4E2D-9BD1-F123714FA3D5","toDetailCollection":{}},{"toDetailCollection":{},"unitSize":1.25,"fromDetail":{"output":{"japanese":{"_0":"kana"}},"display":"かな"},"id":"5484C946-0814-480E-8927-57207C13445B"},{"toDetailCollection":{},"id":"B41F7B93-F620-4B89-BA7F-14CA6F226898","fromDetail":{"display":"capslock","output":{"modifier_keys":{"_0":"caps_lock"}},"isSFSymbol":true}},{"fromDetail":{"display":"␣","output":{"controls_and_symbols":{"_0":"spacebar"}}},"toDetailCollection":{},"unitSize":3.5,"id":"EBCEF7EF-EC0A-45FF-ADC4-790102EC656E"}],"idsInOrderRow3":[{"id":"5C9365D3-7CA3-4234-B6A9-63D42EC348F4"},{"id":"6F3824E9-66A6-4C5F-98C1-AA9165A21D21"},{"id":"CB1FE79E-0E5D-40A8-8544-D32B59834384"},{"id":"2B0D58A4-7FC1-4947-AD15-FC460C5EB587"},{"id":"A697B539-7729-471B-AB36-F0A01915AB54"},{"id":"14349338-453F-41C1-8B78-883306F24575"},{"id":"4CB096BE-9BF0-48AC-817C-744D6A984482"},{"id":"AAD7E744-2F44-403C-B047-EFE9F1BCD5B1"},{"id":"3BF427A4-B7E4-45DA-B7C5-95A8EE2BD81E"},{"id":"68FE053B-91E5-46EB-BB18-F701F18713B5"},{"id":"C7049345-E2C6-4635-BC33-C3DC08CB4E61"},{"id":"85B1D1D9-11A4-48EE-8387-9B1BA220F438"},{"id":"EA61F090-4386-4B92-B929-F062CDA7C0AE"},{"id":"719834CB-435A-4D71-860B-A68BDA14604F"}],"idsInOrderRow4":[{"id":"4D5830AC-5030-46B8-9E12-0EEBE0353B25"},{"id":"99040F29-06DD-4316-A6FF-2AC71BB69E03"},{"id":"4C337B7C-3BC2-4D6B-AC8C-1FFAEE3F83D7"},{"id":"3B33259F-F8F2-411E-A377-2E86D3EEDCAD"},{"id":"6EEBC1C6-A230-4DC9-B46E-A779F66DE6B0"},{"id":"0EB31524-1D52-4046-BE78-2B47985880F8"},{"id":"8DD915CA-E552-4B4D-874C-B8514A3FF210"},{"id":"64597505-F455-4598-8932-E59A25CDB9CB"},{"id":"A5FC2399-6B57-4571-9612-24D96C548BA6"},{"id":"569C3D4C-3171-4FF6-BF15-019D29050F00"},{"id":"74849ABB-B876-4ADA-A09F-81E3BE77F362"},{"id":"5F920CAB-2CF5-4D12-9874-D3B44F5DFCD5"},{"id":"BFF2AFEA-CC36-4FA7-8FFE-5A0CBC5A652A"}],"row5":[{"fromDetail":{"output":{"controls_and_symbols":{"_0":"slash"}},"display":"\/"},"toDetailCollection":{"condition0":{"layer0":{"isCustomized_tap":true,"outputAndDisplay_tap":{"layerKey":"layer0","output":{"letter_keys":{"_0":"z"}},"display":"Z"},"withModifier_tap":{}}}},"id":"4329BF3F-506E-4D7A-94C3-64145E5AFEEC"},{"fromDetail":{"display":"B","output":{"letter_keys":{"_0":"b"}}},"id":"B08E970F-816D-4A91-AF12-10F539F6000C","toDetailCollection":{"condition0":{"layer0":{"outputAndDisplay_tap":{"layerKey":"layer0","output":{"letter_keys":{"_0":"x"}},"display":"X"},"isCustomized_tap":true,"withModifier_tap":{}}}}},{"id":"B0874C62-7566-4460-A72E-19AB261EA42B","fromDetail":{"output":{"letter_keys":{"_0":"m"}},"display":"M"},"toDetailCollection":{"condition0":{"layer0":{"isCustomized_tap":true,"outputAndDisplay_tap":{"output":{"letter_keys":{"_0":"m"}},"display":"M","layerKey":"layer0"},"withModifier_tap":{}}}}},{"unitSize":1.75,"toDetailCollection":{},"fromDetail":{"output":{"modifier_keys":{"_0":"right_shift"}},"isSFSymbol":true,"display":"shift"},"id":"E4E9784B-2213-425A-A9EF-19C36C12CA26"},{"fromDetail":{"output":{"letter_keys":{"_0":"z"}},"display":"Z"},"toDetailCollection":{"condition0":{"layer0":{"isCustomized_tap":true,"withModifier_tap":{},"outputAndDisplay_tap":{"display":";","output":{"controls_and_symbols":{"_0":"semicolon"}},"layerKey":"layer0"}}}},"id":"B0FA4404-D6B3-4C08-8D44-9C0DFDB3B837"},{"fromDetail":{"output":{"letter_keys":{"_0":"v"}},"display":"V"},"toDetailCollection":{"condition0":{"layer0":{"withModifier_tap":{},"outputAndDisplay_tap":{"output":{"letter_keys":{"_0":"k"}},"display":"K","layerKey":"layer0"},"isCustomized_tap":true}}},"id":"0DEB0C88-0D2C-402C-B166-C9A3582AA96E"},{"id":"F5B71541-2929-455C-B2A8-B56C10F2D370","toDetailCollection":{"condition0":{"layer0":{"isCustomized_tap":true,"outputAndDisplay_tap":{"layerKey":"layer0","display":"W","output":{"letter_keys":{"_0":"w"}}},"withModifier_tap":{}}}},"fromDetail":{"display":",","output":{"controls_and_symbols":{"_0":"comma"}}}},{"fromDetail":{"output":{"letter_keys":{"_0":"n"}},"display":"N"},"toDetailCollection":{"condition0":{"layer0":{"withModifier_tap":{},"isCustomized_tap":true,"outputAndDisplay_tap":{"layerKey":"layer0","output":{"letter_keys":{"_0":"b"}},"display":"B"}}}},"id":"FBC89562-8D3E-4F37-8239-76027BA36017"},{"toDetailCollection":{},"id":"A6C0517D-4D83-4B21-8AAB-123B6E60AF6D","fromDetail":{"output":{"international_keys":{"_0":"international1"}},"display":"_"}},{"fromDetail":{"output":{"letter_keys":{"_0":"x"}},"display":"X"},"toDetailCollection":{"condition0":{"layer0":{"isCustomized_tap":true,"withModifier_tap":{},"outputAndDisplay_tap":{"output":{"letter_keys":{"_0":"q"}},"display":"Q","layerKey":"layer0"}}}},"id":"2E915583-14FA-4D13-89AC-1C6D1946AEFA"},{"fromDetail":{"output":{"modifier_keys":{"_0":"left_shift"}},"display":"shift","isSFSymbol":true},"toDetailCollection":{},"unitSize":1.75,"id":"71816208-FBFB-4F42-B264-E17F6C041B50"},{"id":"FDD002D8-7CC3-4825-9C9F-733113AC2796","toDetailCollection":{"condition0":{"layer0":{"withModifier_tap":{},"outputAndDisplay_tap":{"display":"V","layerKey":"layer0","output":{"letter_keys":{"_0":"v"}}},"isCustomized_tap":true}}},"fromDetail":{"output":{"controls_and_symbols":{"_0":"period"}},"display":"."}},{"id":"04A41797-514F-44C8-B928-46243046F60B","fromDetail":{"display":"C","output":{"letter_keys":{"_0":"c"}}},"toDetailCollection":{"condition0":{"layer0":{"withModifier_tap":{},"outputAndDisplay_tap":{"output":{"letter_keys":{"_0":"j"}},"layerKey":"layer0","display":"J"},"isCustomized_tap":true}}}}],"enableArrowKeys":true,"rowIndex_arrow":{"row6":{}},"idsInOrderRow6":[{"id":"B41F7B93-F620-4B89-BA7F-14CA6F226898"},{"id":"9D78DF52-150F-43FC-96F3-3269590B9F26"},{"id":"20110E3B-CD79-4F80-A13C-53A2AA66BF9C"},{"id":"84F583F5-C6FB-4F9A-889D-F2F662F03D14"},{"id":"EBCEF7EF-EC0A-45FF-ADC4-790102EC656E"},{"id":"5484C946-0814-480E-8927-57207C13445B"},{"id":"309230C9-E6F1-4E2D-9BD1-F123714FA3D5"},{"id":"D662B933-C6CF-4FFB-A29B-04D5FC44187B"}],"arrow_right":{"id":"86266DA3-C678-429F-A624-F6D2B67B94A7","keyShape":"arrow_LR","fromDetail":{"output":{"arrow_keys":{"_0":"right_arrow"}},"display":"arrowtriangle.right.fill","isSFSymbol":true},"toDetailCollection":{}}},"sectionDetail":{"deviceDetail":{"device_name":"mainKeyboard","is_builtin_keyboard":false,"location_id":"location_id","product_id":"product_id","is_product_id_Enabled":false,"is_vendor_id_Enabled":false,"vendor_id":"vendor_id","is_location_id_Enabled":false},"section":{"main":{}}},"isEnableTenkey":false,"tenkeyRows":{"idsInOrderRow4":[{"id":"F0807643-C223-4C84-9257-33BABC7BD4EC"},{"id":"77FDB8FD-A344-4EDE-998A-3C5D04E9688E"},{"id":"2AC7EF3F-2D20-47C5-BEB7-2D56BEA87CCE"},{"id":"63FA88A7-1119-4958-98AB-CB9E10D34813"}],"idsInOrderRow2":[{"id":"FADA8649-0B2D-4025-B215-B57C1B7A7656"},{"id":"2CC1AC42-DFA0-47A4-8085-2B3B0A2D93A8"},{"id":"70BF90E6-4086-4D94-AA55-E5857750F07D"},{"id":"42375BE0-624C-4858-B800-71965772D5BA"}],"row3":[{"fromDetail":{"output":{"keypad_keys":{"_0":"keypad_9"}},"display":"9"},"toDetailCollection":{},"id":"2DFFD8D9-4D45-4D95-B299-F7EC0565E2E1"},{"fromDetail":{"display":"-","output":{"keypad_keys":{"_0":"keypad_hyphen"}}},"id":"F156781C-F262-49A5-B7B1-BE60DD2EFF02","toDetailCollection":{}},{"toDetailCollection":{},"id":"AC52C826-25C8-4E23-A5AD-A08D4E92A6AD","fromDetail":{"output":{"keypad_keys":{"_0":"keypad_7"}},"display":"7"}},{"fromDetail":{"display":"8","output":{"keypad_keys":{"_0":"keypad_8"}}},"toDetailCollection":{},"id":"63C7AEA5-AE52-4923-9C87-80059E2B4A8A"}],"row5":[{"id":"3E7A0358-CA14-4AAE-A5ED-73442C94B34B","toDetailCollection":{},"fromDetail":{"display":"3","output":{"keypad_keys":{"_0":"keypad_3"}}}},{"id":"32879412-DA73-43E6-A7CE-E228FC64C79D","fromDetail":{"output":{"keypad_keys":{"_0":"keypad_1"}},"display":"1"},"toDetailCollection":{}},{"toDetailCollection":{},"keyShape":"enter_Tenkey","fromDetail":{"output":{"keypad_keys":{"_0":"keypad_enter"}},"display":"projective","isSFSymbol":true},"id":"AEC0D09E-2625-443F-8E28-4EB894D4B34F"},{"toDetailCollection":{},"id":"385AF5A4-E7A8-47BB-AA18-FF2011FCCC9A","fromDetail":{"output":{"keypad_keys":{"_0":"keypad_2"}},"display":"2"}}],"arrow_down":{"id":"B5C63F06-830C-4457-A0DA-D25F38356060","fromDetail":{"isSFSymbol":true,"output":{"arrow_keys":{"_0":"down_arrow"}},"display":"arrowtriangle.down.fill"},"keyShape":"arrow_Down","toDetailCollection":{}},"row2":[{"toDetailCollection":{},"id":"70BF90E6-4086-4D94-AA55-E5857750F07D","fromDetail":{"display":"\/","output":{"keypad_keys":{"_0":"keypad_slash"}}}},{"toDetailCollection":{},"id":"FADA8649-0B2D-4025-B215-B57C1B7A7656","fromDetail":{"output":{"others":{"_0":"clear"}},"display":"clear"}},{"toDetailCollection":{},"fromDetail":{"display":"=","output":{"keypad_keys":{"_0":"keypad_equal_sign"}}},"id":"2CC1AC42-DFA0-47A4-8085-2B3B0A2D93A8"},{"toDetailCollection":{},"id":"42375BE0-624C-4858-B800-71965772D5BA","fromDetail":{"display":"*","output":{"keypad_keys":{"_0":"keypad_asterisk"}}}}],"row4":[{"toDetailCollection":{},"fromDetail":{"output":{"keypad_keys":{"_0":"keypad_4"}},"display":"4"},"id":"F0807643-C223-4C84-9257-33BABC7BD4EC"},{"toDetailCollection":{},"id":"63FA88A7-1119-4958-98AB-CB9E10D34813","fromDetail":{"output":{"keypad_keys":{"_0":"keypad_plus"}},"display":"+"}},{"id":"2AC7EF3F-2D20-47C5-BEB7-2D56BEA87CCE","toDetailCollection":{},"fromDetail":{"output":{"keypad_keys":{"_0":"keypad_6"}},"display":"6"}},{"fromDetail":{"display":"5","output":{"keypad_keys":{"_0":"keypad_5"}}},"toDetailCollection":{},"id":"77FDB8FD-A344-4EDE-998A-3C5D04E9688E"}],"idsInOrderRow5":[{"id":"32879412-DA73-43E6-A7CE-E228FC64C79D"},{"id":"385AF5A4-E7A8-47BB-AA18-FF2011FCCC9A"},{"id":"3E7A0358-CA14-4AAE-A5ED-73442C94B34B"},{"id":"AEC0D09E-2625-443F-8E28-4EB894D4B34F"}],"enableArrowKeys":false,"arrow_right":{"keyShape":"arrow_LR","fromDetail":{"isSFSymbol":true,"output":{"arrow_keys":{"_0":"right_arrow"}},"display":"arrowtriangle.right.fill"},"id":"3E167276-10A7-405E-9F2F-473832382269","toDetailCollection":{}},"row1":[{"fromDetail":{"display":"F16","output":{"function_keys":{"_0":"f16"}}},"toDetailCollection":{},"id":"1DC01E6E-1E6A-4957-B7AA-000BBF3BA965"},{"fromDetail":{"output":{"function_keys":{"_0":"f18"}},"display":"F18"},"toDetailCollection":{},"id":"A585F3DA-2FFA-4174-AA70-F5C720D392F3"},{"id":"7EF3B0F6-A14D-484E-BA12-00EF40E81B5F","fromDetail":{"output":{"function_keys":{"_0":"f17"}},"display":"F17"},"toDetailCollection":{}},{"id":"BAA0B3A1-D5F4-46A7-9736-D2927F76D42E","fromDetail":{"output":{"function_keys":{"_0":"f19"}},"display":"F19"},"toDetailCollection":{}}],"row6":[{"fromDetail":{"display":"0","output":{"keypad_keys":{"_0":"keypad_0"}}},"id":"91C615AF-2E42-4F9A-ACED-DFAE919F7A23","toDetailCollection":{}},{"fromDetail":{"display":",","output":{"keypad_keys":{"_0":"keypad_comma"}}},"id":"459134A2-BCBA-433E-B954-EBDF90BDAF8C","toDetailCollection":{}},{"id":"A6D4E7FF-9B7F-47F8-986E-392476904EAF","toDetailCollection":{},"fromDetail":{"output":{"keypad_keys":{"_0":"keypad_period"}},"display":"."}}],"idsInOrderRow3":[{"id":"AC52C826-25C8-4E23-A5AD-A08D4E92A6AD"},{"id":"63C7AEA5-AE52-4923-9C87-80059E2B4A8A"},{"id":"2DFFD8D9-4D45-4D95-B299-F7EC0565E2E1"},{"id":"F156781C-F262-49A5-B7B1-BE60DD2EFF02"}],"arrow_up":{"fromDetail":{"output":{"arrow_keys":{"_0":"up_arrow"}},"display":"arrowtriangle.up.fill","isSFSymbol":true},"keyShape":"arrow_Up","toDetailCollection":{},"id":"1F93633C-5EA0-4BFA-A310-B6B8D91807FF"},"idsInOrderRow1":[{"id":"1DC01E6E-1E6A-4957-B7AA-000BBF3BA965"},{"id":"7EF3B0F6-A14D-484E-BA12-00EF40E81B5F"},{"id":"A585F3DA-2FFA-4174-AA70-F5C720D392F3"},{"id":"BAA0B3A1-D5F4-46A7-9736-D2927F76D42E"}],"arrow_left":{"fromDetail":{"output":{"arrow_keys":{"_0":"left_arrow"}},"isSFSymbol":true,"display":"arrowtriangle.left.fill"},"keyShape":"arrow_LR","id":"0CC2B362-B7D6-4909-A52D-7539EA528C7E","toDetailCollection":{}},"idsInOrderRow6":[{"id":"91C615AF-2E42-4F9A-ACED-DFAE919F7A23"},{"id":"459134A2-BCBA-433E-B954-EBDF90BDAF8C"},{"id":"A6D4E7FF-9B7F-47F8-986E-392476904EAF"}],"rowIndex_arrow":{"row6":{}}},"isEnableSub":false},"validSections":{"sections":[{"main":{}}]},"keycodeRegion":"JIS","other":{"isEnableSub":false,"tenkeyRows":{"arrow_up":{"keyShape":"arrow_Up","fromDetail":{"output":{"arrow_keys":{"_0":"up_arrow"}},"isSFSymbol":true,"display":"arrowtriangle.up.fill"},"toDetailCollection":{},"id":"29DBCF4A-FD3C-4AF6-B6BA-C585E221D332"},"arrow_down":{"toDetailCollection":{},"keyShape":"arrow_Down","id":"5B86BAF2-F05B-48E2-BAED-68C05E65E291","fromDetail":{"isSFSymbol":true,"output":{"arrow_keys":{"_0":"down_arrow"}},"display":"arrowtriangle.down.fill"}},"row2":[{"id":"38883A77-74EE-40F6-93DC-A4A5D5B71DC7","fromDetail":{"display":"clear","output":{"others":{"_0":"clear"}}},"toDetailCollection":{}},{"toDetailCollection":{},"id":"90492F29-F178-4379-8E9B-85D4EB580BBB","fromDetail":{"display":"*","output":{"keypad_keys":{"_0":"keypad_asterisk"}}}},{"fromDetail":{"output":{"keypad_keys":{"_0":"keypad_slash"}},"display":"\/"},"toDetailCollection":{},"id":"390AF1E7-4CC3-4E2F-8551-93A94030FF27"},{"toDetailCollection":{},"id":"F1B08978-C10F-4BAC-A8C1-385FA16A33F6","fromDetail":{"output":{"keypad_keys":{"_0":"keypad_equal_sign"}},"display":"="}}],"idsInOrderRow6":[{"id":"EB9F2B72-61A2-4FB9-92AD-3058583D1788"},{"id":"7DE21F45-D855-4477-9B07-1AE235C42C5B"},{"id":"D5898C17-A25A-4C5E-B34B-610F40EC24ED"}],"idsInOrderRow3":[{"id":"FB37E6E6-A2C7-40F2-B439-ED0C455104F6"},{"id":"C032E4DA-F222-45A3-A8A4-DDE3F6FCC75E"},{"id":"7A93431C-8CCC-4EC5-8C06-27E28F37C673"},{"id":"846F3891-AEFB-4D49-A4F2-E82D7E68DA6C"}],"row1":[{"fromDetail":{"display":"F18","output":{"function_keys":{"_0":"f18"}}},"id":"71F5B5E8-4BE2-4B2E-A727-989A07E36784","toDetailCollection":{}},{"fromDetail":{"display":"F19","output":{"function_keys":{"_0":"f19"}}},"id":"44E5D495-C187-4700-9375-7BB4587CE77D","toDetailCollection":{}},{"toDetailCollection":{},"id":"AE5665AF-2C93-42FC-99B1-924BEBCE9C23","fromDetail":{"output":{"function_keys":{"_0":"f17"}},"display":"F17"}},{"fromDetail":{"output":{"function_keys":{"_0":"f16"}},"display":"F16"},"toDetailCollection":{},"id":"C791D019-DE61-4364-9525-AC3A08166A90"}],"rowIndex_arrow":{"row6":{}},"arrow_left":{"fromDetail":{"display":"arrowtriangle.left.fill","isSFSymbol":true,"output":{"arrow_keys":{"_0":"left_arrow"}}},"id":"9A9C31FA-1DA3-45F2-B545-ED77DAB18B83","keyShape":"arrow_LR","toDetailCollection":{}},"row6":[{"fromDetail":{"output":{"keypad_keys":{"_0":"keypad_comma"}},"display":","},"toDetailCollection":{},"id":"7DE21F45-D855-4477-9B07-1AE235C42C5B"},{"toDetailCollection":{},"id":"D5898C17-A25A-4C5E-B34B-610F40EC24ED","fromDetail":{"display":".","output":{"keypad_keys":{"_0":"keypad_period"}}}},{"id":"EB9F2B72-61A2-4FB9-92AD-3058583D1788","toDetailCollection":{},"fromDetail":{"output":{"keypad_keys":{"_0":"keypad_0"}},"display":"0"}}],"arrow_right":{"id":"CBAC6CA3-E9E2-4A15-A3E5-B1626CE295B0","toDetailCollection":{},"fromDetail":{"display":"arrowtriangle.right.fill","output":{"arrow_keys":{"_0":"right_arrow"}},"isSFSymbol":true},"keyShape":"arrow_LR"},"enableArrowKeys":false,"row5":[{"toDetailCollection":{},"fromDetail":{"display":"projective","isSFSymbol":true,"output":{"keypad_keys":{"_0":"keypad_enter"}}},"keyShape":"enter_Tenkey","id":"37195684-2260-43E9-B3B3-3B3BB721806C"},{"toDetailCollection":{},"id":"EDBEAD60-597E-4142-BE2D-8C35FC63BCD1","fromDetail":{"output":{"keypad_keys":{"_0":"keypad_1"}},"display":"1"}},{"fromDetail":{"display":"3","output":{"keypad_keys":{"_0":"keypad_3"}}},"toDetailCollection":{},"id":"7A09829B-0CF7-4907-8CFD-7278C1A37CCD"},{"fromDetail":{"display":"2","output":{"keypad_keys":{"_0":"keypad_2"}}},"id":"AFD27D9E-3737-46AF-BD38-3BFFAFE41B0D","toDetailCollection":{}}],"idsInOrderRow4":[{"id":"D342F723-C011-426B-8A1E-66F3171D3780"},{"id":"B3FA9874-9EF6-4C74-B404-3D7E252F56AD"},{"id":"07763875-DCA1-4EBB-8927-AC991B4C8865"},{"id":"6D4F32F4-4A03-4E72-8769-28DC561BE707"}],"idsInOrderRow5":[{"id":"EDBEAD60-597E-4142-BE2D-8C35FC63BCD1"},{"id":"AFD27D9E-3737-46AF-BD38-3BFFAFE41B0D"},{"id":"7A09829B-0CF7-4907-8CFD-7278C1A37CCD"},{"id":"37195684-2260-43E9-B3B3-3B3BB721806C"}],"idsInOrderRow2":[{"id":"38883A77-74EE-40F6-93DC-A4A5D5B71DC7"},{"id":"F1B08978-C10F-4BAC-A8C1-385FA16A33F6"},{"id":"390AF1E7-4CC3-4E2F-8551-93A94030FF27"},{"id":"90492F29-F178-4379-8E9B-85D4EB580BBB"}],"row3":[{"id":"FB37E6E6-A2C7-40F2-B439-ED0C455104F6","toDetailCollection":{},"fromDetail":{"display":"7","output":{"keypad_keys":{"_0":"keypad_7"}}}},{"fromDetail":{"output":{"keypad_keys":{"_0":"keypad_9"}},"display":"9"},"id":"7A93431C-8CCC-4EC5-8C06-27E28F37C673","toDetailCollection":{}},{"toDetailCollection":{},"fromDetail":{"output":{"keypad_keys":{"_0":"keypad_hyphen"}},"display":"-"},"id":"846F3891-AEFB-4D49-A4F2-E82D7E68DA6C"},{"id":"C032E4DA-F222-45A3-A8A4-DDE3F6FCC75E","toDetailCollection":{},"fromDetail":{"output":{"keypad_keys":{"_0":"keypad_8"}},"display":"8"}}],"row4":[{"id":"D342F723-C011-426B-8A1E-66F3171D3780","fromDetail":{"display":"4","output":{"keypad_keys":{"_0":"keypad_4"}}},"toDetailCollection":{}},{"id":"07763875-DCA1-4EBB-8927-AC991B4C8865","toDetailCollection":{},"fromDetail":{"output":{"keypad_keys":{"_0":"keypad_6"}},"display":"6"}},{"id":"B3FA9874-9EF6-4C74-B404-3D7E252F56AD","toDetailCollection":{},"fromDetail":{"display":"5","output":{"keypad_keys":{"_0":"keypad_5"}}}},{"toDetailCollection":{},"id":"6D4F32F4-4A03-4E72-8769-28DC561BE707","fromDetail":{"display":"+","output":{"keypad_keys":{"_0":"keypad_plus"}}}}],"idsInOrderRow1":[{"id":"C791D019-DE61-4364-9525-AC3A08166A90"},{"id":"AE5665AF-2C93-42FC-99B1-924BEBCE9C23"},{"id":"71F5B5E8-4BE2-4B2E-A727-989A07E36784"},{"id":"44E5D495-C187-4700-9375-7BB4587CE77D"}]},"subRows":{"enableArrowKeys":false,"row5":[{"toDetailCollection":{},"id":"D8522226-4B7B-45E6-9BF4-4D3FC2B9CCF3","fromDetail":{"isSFSymbol":true,"output":{"arrow_keys":{"_0":"up_arrow"}},"display":"arrowtriangle.up.fill"}},{"fromDetail":{"display":"A","output":{"letter_keys":{"_0":"a"}}},"isSpacer":true,"id":"EC8E9EAD-3F1A-4135-B64B-379A88E9022D","toDetailCollection":{}}],"arrow_right":{"keyShape":"arrow_LR","id":"05AFF13E-5791-4499-B3AE-39CBEA8859CC","fromDetail":{"isSFSymbol":true,"output":{"arrow_keys":{"_0":"right_arrow"}},"display":"arrowtriangle.right.fill"},"toDetailCollection":{}},"row4":[],"arrow_left":{"fromDetail":{"isSFSymbol":true,"output":{"arrow_keys":{"_0":"left_arrow"}},"display":"arrowtriangle.left.fill"},"id":"8104E868-90F5-4814-8740-6E8D87C270AD","keyShape":"arrow_LR","toDetailCollection":{}},"arrow_up":{"fromDetail":{"output":{"arrow_keys":{"_0":"up_arrow"}},"isSFSymbol":true,"display":"arrowtriangle.up.fill"},"keyShape":"arrow_Up","toDetailCollection":{},"id":"CDB77924-43E7-4498-9157-6D626E444A6F"},"idsInOrderRow1":[{"id":"EA460A60-DB65-4472-8FE8-BE9B58630CC8"},{"id":"EC22B3A3-0BDB-4F73-925C-CFFD2A211DD3"},{"id":"9FB4197E-F0CA-413A-8742-BC279695FF28"}],"idsInOrderRow3":[{"id":"591316BE-9CCB-444C-A494-FACB466EB3D6"},{"id":"8858FE82-4D60-4F2A-8DC8-3AE5279AE027"},{"id":"326AD8FA-4D30-4818-B9CD-FA7A5A179F1F"}],"row2":[{"fromDetail":{"isSFSymbol":true,"output":{"keys_in_pc_keyboards":{"_0":"insert"}},"display":"text.insert"},"toDetailCollection":{},"id":"276BFE69-223B-485E-9452-825CA4FEC05E"},{"toDetailCollection":{},"id":"3D059675-38CE-4814-A5F2-8DBC8E5106F4","fromDetail":{"output":{"arrow_keys":{"_0":"home"}},"display":"arrow.up.to.line","isSFSymbol":true}},{"id":"BDBA4327-4F49-4763-B152-DF9C7279AB67","fromDetail":{"isSFSymbol":true,"display":"arrow.up","output":{"arrow_keys":{"_0":"page_up"}}},"toDetailCollection":{}}],"idsInOrderRow2":[{"id":"276BFE69-223B-485E-9452-825CA4FEC05E"},{"id":"3D059675-38CE-4814-A5F2-8DBC8E5106F4"},{"id":"BDBA4327-4F49-4763-B152-DF9C7279AB67"}],"row3":[{"id":"326AD8FA-4D30-4818-B9CD-FA7A5A179F1F","fromDetail":{"output":{"arrow_keys":{"_0":"page_down"}},"display":"arrow.down","isSFSymbol":true},"toDetailCollection":{}},{"id":"591316BE-9CCB-444C-A494-FACB466EB3D6","toDetailCollection":{},"fromDetail":{"isSFSymbol":true,"display":"delete.right","output":{"controls_and_symbols":{"_0":"delete_forward"}}}},{"toDetailCollection":{},"fromDetail":{"isSFSymbol":true,"output":{"arrow_keys":{"_0":"end"}},"display":"arrow.down.to.line"},"id":"8858FE82-4D60-4F2A-8DC8-3AE5279AE027"}],"row6":[{"id":"06735251-0BFE-4AD8-B42B-D7C1644C81BE","fromDetail":{"isSFSymbol":true,"output":{"arrow_keys":{"_0":"left_arrow"}},"display":"arrowtriangle.left.fill"},"toDetailCollection":{}},{"fromDetail":{"output":{"arrow_keys":{"_0":"right_arrow"}},"display":"arrowtriangle.right.fill","isSFSymbol":true},"id":"B4C42E91-968C-4677-943F-7A50E6E7DFC9","toDetailCollection":{}},{"id":"90377C8E-3AD1-4793-A113-955AD85B38E5","fromDetail":{"isSFSymbol":true,"output":{"arrow_keys":{"_0":"down_arrow"}},"display":"arrowtriangle.down.fill"},"toDetailCollection":{}}],"row1":[{"id":"9FB4197E-F0CA-413A-8742-BC279695FF28","fromDetail":{"output":{"function_keys":{"_0":"f15"}},"display":"F15"},"toDetailCollection":{}},{"toDetailCollection":{},"id":"EC22B3A3-0BDB-4F73-925C-CFFD2A211DD3","fromDetail":{"output":{"function_keys":{"_0":"f14"}},"display":"F14"}},{"toDetailCollection":{},"id":"EA460A60-DB65-4472-8FE8-BE9B58630CC8","fromDetail":{"output":{"function_keys":{"_0":"f13"}},"display":"F13"}}],"idsInOrderRow5":[{"id":"EC8E9EAD-3F1A-4135-B64B-379A88E9022D"},{"id":"D8522226-4B7B-45E6-9BF4-4D3FC2B9CCF3"}],"idsInOrderRow6":[{"id":"06735251-0BFE-4AD8-B42B-D7C1644C81BE"},{"id":"90377C8E-3AD1-4793-A113-955AD85B38E5"},{"id":"B4C42E91-968C-4677-943F-7A50E6E7DFC9"}],"arrow_down":{"keyShape":"arrow_Down","id":"83B7F749-DD5B-4325-8A03-FDCB1BB0E44D","fromDetail":{"isSFSymbol":true,"display":"arrowtriangle.down.fill","output":{"arrow_keys":{"_0":"down_arrow"}}},"toDetailCollection":{}},"rowIndex_arrow":{"row6":{}},"idsInOrderRow4":[]},"isEnableMain":true,"sectionDetail":{"section":{"other":{}},"deviceDetail":{"device_name":"otherDevice","vendor_id":"vendor_id","is_location_id_Enabled":false,"is_vendor_id_Enabled":false,"is_builtin_keyboard":false,"product_id":"product_id","is_product_id_Enabled":false,"location_id":"location_id"}},"mainRows":{"row6":[{"fromDetail":{"display":"0","output":{"keypad_keys":{"_0":"keypad_0"}}},"toDetailCollection":{},"id":"9258D1EB-709E-4E15-9476-28C10A28ADFD"},{"id":"976EEE9B-2CB2-48B2-BA99-621A2B1AA7B6","toDetailCollection":{},"fromDetail":{"output":{"keypad_keys":{"_0":"keypad_period"}},"display":"."}},{"id":"F41D7EF5-F179-40FE-9F63-5BE14BACF532","fromDetail":{"output":{"keypad_keys":{"_0":"keypad_comma"}},"display":","},"toDetailCollection":{}}],"idsInOrderRow3":[{"id":"20CC8258-008D-4415-A6ED-125A96563CC7"},{"id":"9FB7942F-E6AF-418C-88B9-FCFA6993DDA1"},{"id":"F68F8391-1118-494E-A035-CDB65B1FB733"},{"id":"E6381BEE-0974-428D-A2F3-38DAC3D7A9BD"}],"row2":[{"toDetailCollection":{},"id":"6B548A2A-5986-4351-BD0F-524AE3B1341E","fromDetail":{"display":"clear","output":{"others":{"_0":"clear"}}}},{"id":"A90B4B11-EE11-4171-B05F-5D4019BAAEB7","fromDetail":{"display":"\/","output":{"keypad_keys":{"_0":"keypad_slash"}}},"toDetailCollection":{}},{"id":"098348BD-1C44-4BF2-A41E-F79972373135","toDetailCollection":{},"fromDetail":{"output":{"keypad_keys":{"_0":"keypad_asterisk"}},"display":"*"}},{"toDetailCollection":{},"id":"ECD45484-14EE-4CEC-BE97-3C655B78DE5E","fromDetail":{"output":{"keypad_keys":{"_0":"keypad_equal_sign"}},"display":"="}}],"rowIndex_arrow":{"row6":{}},"enableArrowKeys":false,"arrow_down":{"keyShape":"arrow_Down","toDetailCollection":{},"id":"A07D79FF-66C4-45E9-8CCA-9C20BC6AFB41","fromDetail":{"display":"arrowtriangle.down.fill","isSFSymbol":true,"output":{"arrow_keys":{"_0":"down_arrow"}}}},"row3":[{"id":"9FB7942F-E6AF-418C-88B9-FCFA6993DDA1","fromDetail":{"display":"8","output":{"keypad_keys":{"_0":"keypad_8"}}},"toDetailCollection":{}},{"fromDetail":{"display":"7","output":{"keypad_keys":{"_0":"keypad_7"}}},"toDetailCollection":{},"id":"20CC8258-008D-4415-A6ED-125A96563CC7"},{"id":"F68F8391-1118-494E-A035-CDB65B1FB733","toDetailCollection":{},"fromDetail":{"display":"9","output":{"keypad_keys":{"_0":"keypad_9"}}}},{"id":"E6381BEE-0974-428D-A2F3-38DAC3D7A9BD","fromDetail":{"output":{"keypad_keys":{"_0":"keypad_hyphen"}},"display":"-"},"toDetailCollection":{}}],"row4":[{"toDetailCollection":{},"id":"F33E12DD-B282-4511-A615-467841EA7DE5","fromDetail":{"output":{"keypad_keys":{"_0":"keypad_plus"}},"display":"+"}},{"id":"72046117-F60E-4310-AB5A-A6DAAB24B2C6","fromDetail":{"display":"4","output":{"keypad_keys":{"_0":"keypad_4"}}},"toDetailCollection":{}},{"toDetailCollection":{},"fromDetail":{"display":"5","output":{"keypad_keys":{"_0":"keypad_5"}}},"id":"208F39AF-3214-426B-A6CE-F7C20350CFA0"},{"id":"627EABB6-09D3-471C-A600-014B6BE207BF","fromDetail":{"output":{"keypad_keys":{"_0":"keypad_6"}},"display":"6"},"toDetailCollection":{}}],"row1":[{"toDetailCollection":{},"id":"63D11172-933D-4E64-8567-8932EAF924DF","fromDetail":{"output":{"function_keys":{"_0":"f19"}},"display":"F19"}},{"fromDetail":{"display":"F18","output":{"function_keys":{"_0":"f18"}}},"toDetailCollection":{},"id":"D3F9FE67-984A-4DB8-82EF-1710A0FFA8C7"},{"id":"B9C860E3-9293-4EA7-9B81-23D79E88DF68","fromDetail":{"display":"F17","output":{"function_keys":{"_0":"f17"}}},"toDetailCollection":{}},{"fromDetail":{"display":"F16","output":{"function_keys":{"_0":"f16"}}},"toDetailCollection":{},"id":"0B472F1A-6E1F-4D10-B872-8875E18731A0"}],"arrow_left":{"toDetailCollection":{},"id":"545CC5FC-87CA-4312-8369-03ABC6B68967","fromDetail":{"output":{"arrow_keys":{"_0":"left_arrow"}},"display":"arrowtriangle.left.fill","isSFSymbol":true},"keyShape":"arrow_LR"},"idsInOrderRow5":[{"id":"58A8275C-8EC0-4188-BDCD-2AD41C94F0C8"},{"id":"E3ACA0B1-6970-4E6B-8B3B-65F76AFFA3EB"},{"id":"63698CB5-1124-498A-92F7-76200DC76E7D"},{"id":"D3A17FBD-5CB6-4C7E-8932-065667054362"}],"idsInOrderRow2":[{"id":"6B548A2A-5986-4351-BD0F-524AE3B1341E"},{"id":"ECD45484-14EE-4CEC-BE97-3C655B78DE5E"},{"id":"A90B4B11-EE11-4171-B05F-5D4019BAAEB7"},{"id":"098348BD-1C44-4BF2-A41E-F79972373135"}],"idsInOrderRow1":[{"id":"0B472F1A-6E1F-4D10-B872-8875E18731A0"},{"id":"B9C860E3-9293-4EA7-9B81-23D79E88DF68"},{"id":"D3F9FE67-984A-4DB8-82EF-1710A0FFA8C7"},{"id":"63D11172-933D-4E64-8567-8932EAF924DF"}],"arrow_up":{"fromDetail":{"output":{"arrow_keys":{"_0":"up_arrow"}},"display":"arrowtriangle.up.fill","isSFSymbol":true},"keyShape":"arrow_Up","toDetailCollection":{},"id":"73A3992F-F583-477E-B2EB-C6AD944C74E9"},"arrow_right":{"toDetailCollection":{},"id":"C016A1F2-9FFD-4325-8DBE-4E065F0EE869","fromDetail":{"isSFSymbol":true,"display":"arrowtriangle.right.fill","output":{"arrow_keys":{"_0":"right_arrow"}}},"keyShape":"arrow_LR"},"idsInOrderRow6":[{"id":"9258D1EB-709E-4E15-9476-28C10A28ADFD"},{"id":"F41D7EF5-F179-40FE-9F63-5BE14BACF532"},{"id":"976EEE9B-2CB2-48B2-BA99-621A2B1AA7B6"}],"row5":[{"keyShape":"enter_Tenkey","fromDetail":{"isSFSymbol":true,"display":"projective","output":{"keypad_keys":{"_0":"keypad_enter"}}},"id":"D3A17FBD-5CB6-4C7E-8932-065667054362","toDetailCollection":{}},{"id":"63698CB5-1124-498A-92F7-76200DC76E7D","fromDetail":{"display":"3","output":{"keypad_keys":{"_0":"keypad_3"}}},"toDetailCollection":{}},{"toDetailCollection":{},"fromDetail":{"output":{"keypad_keys":{"_0":"keypad_1"}},"display":"1"},"id":"58A8275C-8EC0-4188-BDCD-2AD41C94F0C8"},{"id":"E3ACA0B1-6970-4E6B-8B3B-65F76AFFA3EB","toDetailCollection":{},"fromDetail":{"output":{"keypad_keys":{"_0":"keypad_2"}},"display":"2"}}],"idsInOrderRow4":[{"id":"72046117-F60E-4310-AB5A-A6DAAB24B2C6"},{"id":"208F39AF-3214-426B-A6CE-F7C20350CFA0"},{"id":"627EABB6-09D3-471C-A600-014B6BE207BF"},{"id":"F33E12DD-B282-4511-A615-467841EA7DE5"}]},"isEnableTenkey":false}},"displayKeySize":65,"selections":{"tab":{"remap":{}},"combo":{"id":"AE934B3A-8DCA-4ED1-9EDB-2C661D573E37","key_up_order":"insensitive","toDetail":{},"comboThreshold":50,"key_down_order":"insensitive"},"customOrMacroTab":{"customizeKey":{}},"keyboardKey":{"toDetailCollection":{},"id":"C562CCCC-D99D-4CF4-874A-6356D7F0D29B","fromDetail":{"output":{"letter_keys":{"_0":"a"}},"display":"A"}},"macro":{"toDetailCollection":{"_collection":[],"idsInOrderCollection":[]},"name":"user Macro","dictionary_key":null,"id":"D477A08C-AA25-4AFC-93F4-E01891F227DD"},"toDetail_macro":{"withModifier":{},"id":"D2AADCA0-DD9D-4E00-8EA0-95A93996B034","indicator":false,"error":false,"outputAndDisplay":{"layerKey":"layer0","display":"none","output":{"letter_keys":{"_0":"a"}}}},"macroTab":{"userMacro":{}},"condition":"condition0","toTab":"qwertyKeyboard","layer":"layer0","fromTab":{"qwertyKeyboard":{}}},"name":"Dvorak_JIS","macroCollection":{"_collection":[],"idsInOrderCollection":[]}}