{"displayKeySize":65,"selections":{"customOrMacroTab":{"customizeKey":{}},"combo":{"key_up_order":"insensitive","toDetail":{},"key_down_order":"insensitive","comboThreshold":50,"id":"AE934B3A-8DCA-4ED1-9EDB-2C661D573E37"},"toDetail_macro":{"id":"D2AADCA0-DD9D-4E00-8EA0-95A93996B034","withModifier":{},"indicator":false,"error":false,"outputAndDisplay":{"layerKey":"layer0","display":"none","output":{"letter_keys":{"_0":"a"}}}},"fromTab":{"qwertyKeyboard":{}},"layer":"layer0","keyboardKey":{"fromDetail":{"display":"A","output":{"letter_keys":{"_0":"a"}}},"id":"C562CCCC-D99D-4CF4-874A-6356D7F0D29B","toDetailCollection":{}},"tab":{"remap":{}},"macro":{"toDetailCollection":{"_collection":[],"idsInOrderCollection":[]},"name":"user Macro","dictionary_key":null,"id":"D477A08C-AA25-4AFC-93F4-E01891F227DD"},"toTab":"qwertyKeyboard","macroTab":{"userMacro":{}},"condition":"condition0"},"conditionDetailCollection":{"condition0":{"isEnabled":true,"value":"com.vendor.condition0","name":"Default","type":"Application"},"condition3":{"value":"com.vendor.condition3","type":"Application","name":"Condition3","isEnabled":false},"condition7":{"name":"Condition7","isEnabled":false,"value":"com.vendor.condition7","type":"Application"},"condition2":{"isEnabled":false,"name":"Condition2","type":"Application","value":"com.vendor.condition2"},"condition8":{"name":"Condition8","value":"com.vendor.condition8","type":"Application","isEnabled":false},"condition9":{"name":"Condition9","value":"com.vendor.condition9","type":"Application","isEnabled":false},"condition1":{"name":"Condition1","isEnabled":false,"type":"InputSource","value":"ja"},"condition4":{"value":"com.vendor.condition4","name":"Condition4","type":"Application","isEnabled":false},"condition6":{"value":"com.vendor.condition6","name":"Condition6","type":"Application","isEnabled":false},"condition5":{"type":"Application","name":"Condition5","isEnabled":false,"value":"com.vendor.condition5"}},"macroCollection":{"idsInOrderCollection":[],"_collection":[]},"name":"DvorakJP_UK","comboCollection":{"condition0":{"layer5":{},"layer6":{},"layer2":{},"layer4":{},"layer3":{},"layer0":{},"layer7":{},"layer1":{},"layer8":{}},"condition6":{"layer0":{},"layer5":{},"layer3":{},"layer6":{},"layer4":{},"layer8":{},"layer2":{},"layer1":{},"layer7":{}},"condition1":{"layer2":{},"layer8":{},"layer5":{},"layer1":{},"layer3":{},"layer7":{},"layer0":{},"layer4":{},"layer6":{}},"condition8":{"layer3":{},"layer0":{},"layer7":{},"layer4":{},"layer5":{},"layer2":{},"layer1":{},"layer8":{},"layer6":{}},"condition3":{"layer2":{},"layer3":{},"layer7":{},"layer5":{},"layer6":{},"layer4":{},"layer0":{},"layer8":{},"layer1":{}},"condition7":{"layer0":{},"layer1":{},"layer4":{},"layer3":{},"layer7":{},"layer8":{},"layer6":{},"layer5":{},"layer2":{}},"condition4":{"layer0":{},"layer8":{},"layer4":{},"layer1":{},"layer3":{},"layer7":{},"layer6":{},"layer5":{},"layer2":{}},"condition5":{"layer0":{},"layer3":{},"layer4":{},"layer2":{},"layer1":{},"layer7":{},"layer5":{},"layer6":{},"layer8":{}},"condition9":{"layer5":{},"layer2":{},"layer0":{},"layer1":{},"layer6":{},"layer3":{},"layer4":{},"layer8":{},"layer7":{}},"condition2":{"layer1":{},"layer5":{},"layer0":{},"layer2":{},"layer6":{},"layer8":{},"layer3":{},"layer4":{},"layer7":{}}},"keymap":{"other":{"subRows":{"idsInOrderRow6":[{"id":"640E31E8-38FA-4C2A-974F-31BF08E979CB"},{"id":"8FB6F31E-35EC-4FA8-AE1B-10692593D0F1"},{"id":"40B8FBED-74BE-4332-976C-D1CA77EDBDCD"}],"idsInOrderRow2":[{"id":"F09FC080-6195-4BF5-B7F6-B4A5A89DDE92"},{"id":"EAF05990-9E93-4767-8E55-9B062F332080"},{"id":"1495F68E-585C-47CF-9CC4-0F4B3AF5FDC1"}],"idsInOrderRow4":[],"idsInOrderRow1":[{"id":"B3DA1985-3641-41F0-B535-2A49586A369D"},{"id":"D26378F5-2B81-4C61-B652-3842BBD4F8F0"},{"id":"78B542B8-05CD-45FC-B128-21C19907DAB5"}],"enableArrowKeys":false,"arrow_right":{"id":"E79810BF-5E80-44B6-AC80-1C769E0A0C54","toDetailCollection":{},"keyShape":"arrow_LR","fromDetail":{"isSFSymbol":true,"output":{"arrow_keys":{"_0":"right_arrow"}},"display":"arrowtriangle.right.fill"}},"rowIndex_arrow":{"row6":{}},"row6":[{"id":"8FB6F31E-35EC-4FA8-AE1B-10692593D0F1","fromDetail":{"display":"arrowtriangle.down.fill","output":{"arrow_keys":{"_0":"down_arrow"}},"isSFSymbol":true},"toDetailCollection":{}},{"fromDetail":{"isSFSymbol":true,"display":"arrowtriangle.left.fill","output":{"arrow_keys":{"_0":"left_arrow"}}},"toDetailCollection":{},"id":"640E31E8-38FA-4C2A-974F-31BF08E979CB"},{"toDetailCollection":{},"id":"40B8FBED-74BE-4332-976C-D1CA77EDBDCD","fromDetail":{"display":"arrowtriangle.right.fill","output":{"arrow_keys":{"_0":"right_arrow"}},"isSFSymbol":true}}],"row2":[{"id":"F09FC080-6195-4BF5-B7F6-B4A5A89DDE92","fromDetail":{"isSFSymbol":true,"output":{"keys_in_pc_keyboards":{"_0":"insert"}},"display":"text.insert"},"toDetailCollection":{}},{"id":"EAF05990-9E93-4767-8E55-9B062F332080","toDetailCollection":{},"fromDetail":{"output":{"arrow_keys":{"_0":"home"}},"isSFSymbol":true,"display":"arrow.up.to.line"}},{"id":"1495F68E-585C-47CF-9CC4-0F4B3AF5FDC1","fromDetail":{"output":{"arrow_keys":{"_0":"page_up"}},"display":"arrow.up","isSFSymbol":true},"toDetailCollection":{}}],"idsInOrderRow5":[{"id":"32BE3292-5369-49CF-9C6B-1DD66F235308"},{"id":"E485D49E-962C-435F-AEAE-C6903D12E313"}],"arrow_up":{"toDetailCollection":{},"id":"C837F732-66CA-40E1-8625-D47CA1A94C41","keyShape":"arrow_Up","fromDetail":{"display":"arrowtriangle.up.fill","isSFSymbol":true,"output":{"arrow_keys":{"_0":"up_arrow"}}}},"row5":[{"fromDetail":{"output":{"arrow_keys":{"_0":"up_arrow"}},"display":"arrowtriangle.up.fill","isSFSymbol":true},"toDetailCollection":{},"id":"E485D49E-962C-435F-AEAE-C6903D12E313"},{"isSpacer":true,"id":"32BE3292-5369-49CF-9C6B-1DD66F235308","toDetailCollection":{},"fromDetail":{"output":{"letter_keys":{"_0":"a"}},"display":"A"}}],"row1":[{"id":"B3DA1985-3641-41F0-B535-2A49586A369D","fromDetail":{"output":{"function_keys":{"_0":"f13"}},"display":"F13"},"toDetailCollection":{}},{"fromDetail":{"output":{"function_keys":{"_0":"f14"}},"display":"F14"},"toDetailCollection":{},"id":"D26378F5-2B81-4C61-B652-3842BBD4F8F0"},{"fromDetail":{"output":{"function_keys":{"_0":"f15"}},"display":"F15"},"id":"78B542B8-05CD-45FC-B128-21C19907DAB5","toDetailCollection":{}}],"row4":[],"idsInOrderRow3":[{"id":"7645A1FF-94ED-48A2-B5D3-2004D48BFA3B"},{"id":"2019B160-31DC-4140-ADA3-35A2F204BC2D"},{"id":"B39567EF-0DA2-49E8-8A07-61153320CCD9"}],"arrow_down":{"toDetailCollection":{},"fromDetail":{"output":{"arrow_keys":{"_0":"down_arrow"}},"isSFSymbol":true,"display":"arrowtriangle.down.fill"},"id":"AA07B65E-82CC-456A-93C9-727645199812","keyShape":"arrow_Down"},"arrow_left":{"toDetailCollection":{},"fromDetail":{"output":{"arrow_keys":{"_0":"left_arrow"}},"isSFSymbol":true,"display":"arrowtriangle.left.fill"},"keyShape":"arrow_LR","id":"A891B56F-1F18-467A-AF29-E4D6CF13F6A9"},"row3":[{"toDetailCollection":{},"id":"B39567EF-0DA2-49E8-8A07-61153320CCD9","fromDetail":{"display":"arrow.down","output":{"arrow_keys":{"_0":"page_down"}},"isSFSymbol":true}},{"id":"7645A1FF-94ED-48A2-B5D3-2004D48BFA3B","fromDetail":{"output":{"controls_and_symbols":{"_0":"delete_forward"}},"display":"delete.right","isSFSymbol":true},"toDetailCollection":{}},{"fromDetail":{"display":"arrow.down.to.line","output":{"arrow_keys":{"_0":"end"}},"isSFSymbol":true},"toDetailCollection":{},"id":"2019B160-31DC-4140-ADA3-35A2F204BC2D"}]},"isEnableTenkey":false,"isEnableSub":false,"tenkeyRows":{"idsInOrderRow4":[{"id":"E9C0AA44-F292-47CA-87CC-A41A68E1C025"},{"id":"60597216-9C99-4DEF-B3A5-B1D36D027A76"},{"id":"161C3070-F0B1-4FE8-AD6C-61289F9CF1A4"},{"id":"E3F3A484-7D87-43E6-9D29-3630B14D1B9F"}],"enableArrowKeys":false,"idsInOrderRow5":[{"id":"16911C30-9E83-485B-9462-DE21C7541D1F"},{"id":"01137C3C-6892-49A4-97EF-C5E98CE6636D"},{"id":"E503334B-30C2-4336-8E0B-F405F50DCEBE"},{"id":"84E3DE63-14A0-4A54-A925-ECCAFD12021A"}],"row5":[{"id":"16911C30-9E83-485B-9462-DE21C7541D1F","fromDetail":{"output":{"keypad_keys":{"_0":"keypad_1"}},"display":"1"},"toDetailCollection":{}},{"keyShape":"enter_Tenkey","id":"84E3DE63-14A0-4A54-A925-ECCAFD12021A","toDetailCollection":{},"fromDetail":{"display":"projective","output":{"keypad_keys":{"_0":"keypad_enter"}},"isSFSymbol":true}},{"id":"E503334B-30C2-4336-8E0B-F405F50DCEBE","toDetailCollection":{},"fromDetail":{"output":{"keypad_keys":{"_0":"keypad_3"}},"display":"3"}},{"fromDetail":{"output":{"keypad_keys":{"_0":"keypad_2"}},"display":"2"},"toDetailCollection":{},"id":"01137C3C-6892-49A4-97EF-C5E98CE6636D"}],"row2":[{"toDetailCollection":{},"id":"1C8F22D9-02F8-4093-BC1E-78B239453DF2","fromDetail":{"output":{"keypad_keys":{"_0":"keypad_slash"}},"display":"\/"}},{"fromDetail":{"display":"*","output":{"keypad_keys":{"_0":"keypad_asterisk"}}},"toDetailCollection":{},"id":"567CCFAF-AD97-4455-AF6C-4AE85FB0E9BE"},{"id":"B2A1736B-B1CE-4822-AF39-34BED7328F7D","fromDetail":{"display":"=","output":{"keypad_keys":{"_0":"keypad_equal_sign"}}},"toDetailCollection":{}},{"fromDetail":{"display":"clear","output":{"others":{"_0":"clear"}}},"toDetailCollection":{},"id":"98264F7F-1646-4EF0-A6BF-98BB1BCBDADD"}],"idsInOrderRow6":[{"id":"11FF9FCA-E603-4BE6-A3D5-94F404707246"},{"id":"8F4F2DCC-9BE7-4304-8930-11334895B530"}],"idsInOrderRow3":[{"id":"B8692B1D-6615-46BC-BDCD-541F62EB4433"},{"id":"09436D37-0B9E-435D-B871-4894629B4B17"},{"id":"52768BFF-6689-4ABC-8C31-DDED34C95508"},{"id":"7F4434CE-8462-4131-ACC7-A8677B4B0636"}],"rowIndex_arrow":{"row6":{}},"arrow_left":{"keyShape":"arrow_LR","id":"CB325ACF-869B-40DB-A7AB-6FA985A92910","toDetailCollection":{},"fromDetail":{"output":{"arrow_keys":{"_0":"left_arrow"}},"display":"arrowtriangle.left.fill","isSFSymbol":true}},"arrow_up":{"toDetailCollection":{},"id":"AF2E20F5-38BA-4D99-9C2F-362299AA1164","fromDetail":{"output":{"arrow_keys":{"_0":"up_arrow"}},"display":"arrowtriangle.up.fill","isSFSymbol":true},"keyShape":"arrow_Up"},"arrow_down":{"keyShape":"arrow_Down","id":"28654B99-EC6E-44E8-86E7-8AE4E3B84AF7","fromDetail":{"output":{"arrow_keys":{"_0":"down_arrow"}},"display":"arrowtriangle.down.fill","isSFSymbol":true},"toDetailCollection":{}},"idsInOrderRow2":[{"id":"98264F7F-1646-4EF0-A6BF-98BB1BCBDADD"},{"id":"B2A1736B-B1CE-4822-AF39-34BED7328F7D"},{"id":"1C8F22D9-02F8-4093-BC1E-78B239453DF2"},{"id":"567CCFAF-AD97-4455-AF6C-4AE85FB0E9BE"}],"row4":[{"toDetailCollection":{},"id":"60597216-9C99-4DEF-B3A5-B1D36D027A76","fromDetail":{"display":"5","output":{"keypad_keys":{"_0":"keypad_5"}}}},{"fromDetail":{"output":{"keypad_keys":{"_0":"keypad_plus"}},"display":"+"},"toDetailCollection":{},"id":"E3F3A484-7D87-43E6-9D29-3630B14D1B9F"},{"id":"161C3070-F0B1-4FE8-AD6C-61289F9CF1A4","fromDetail":{"output":{"keypad_keys":{"_0":"keypad_6"}},"display":"6"},"toDetailCollection":{}},{"id":"E9C0AA44-F292-47CA-87CC-A41A68E1C025","toDetailCollection":{},"fromDetail":{"display":"4","output":{"keypad_keys":{"_0":"keypad_4"}}}}],"row6":[{"fromDetail":{"display":"0","output":{"keypad_keys":{"_0":"keypad_0"}}},"unitSize":2,"id":"11FF9FCA-E603-4BE6-A3D5-94F404707246","toDetailCollection":{}},{"toDetailCollection":{},"fromDetail":{"output":{"keypad_keys":{"_0":"keypad_period"}},"display":"."},"id":"8F4F2DCC-9BE7-4304-8930-11334895B530"}],"idsInOrderRow1":[{"id":"B90DF971-B834-48B5-A85B-6484D959A5A7"},{"id":"9490C3B2-516F-4923-AB1A-EBAF525FA151"},{"id":"29B9E734-39C7-4405-9CE2-92CF47F97A87"},{"id":"6B063448-0F56-4910-BEA5-850B27CD6454"}],"row1":[{"toDetailCollection":{},"id":"B90DF971-B834-48B5-A85B-6484D959A5A7","fromDetail":{"display":"F16","output":{"function_keys":{"_0":"f16"}}}},{"fromDetail":{"display":"F19","output":{"function_keys":{"_0":"f19"}}},"toDetailCollection":{},"id":"6B063448-0F56-4910-BEA5-850B27CD6454"},{"fromDetail":{"display":"F18","output":{"function_keys":{"_0":"f18"}}},"id":"29B9E734-39C7-4405-9CE2-92CF47F97A87","toDetailCollection":{}},{"fromDetail":{"display":"F17","output":{"function_keys":{"_0":"f17"}}},"id":"9490C3B2-516F-4923-AB1A-EBAF525FA151","toDetailCollection":{}}],"arrow_right":{"keyShape":"arrow_LR","id":"D3D0C644-4476-417F-826A-F2EECFA418FC","toDetailCollection":{},"fromDetail":{"isSFSymbol":true,"display":"arrowtriangle.right.fill","output":{"arrow_keys":{"_0":"right_arrow"}}}},"row3":[{"id":"B8692B1D-6615-46BC-BDCD-541F62EB4433","toDetailCollection":{},"fromDetail":{"output":{"keypad_keys":{"_0":"keypad_7"}},"display":"7"}},{"id":"7F4434CE-8462-4131-ACC7-A8677B4B0636","fromDetail":{"output":{"keypad_keys":{"_0":"keypad_hyphen"}},"display":"-"},"toDetailCollection":{}},{"toDetailCollection":{},"fromDetail":{"display":"9","output":{"keypad_keys":{"_0":"keypad_9"}}},"id":"52768BFF-6689-4ABC-8C31-DDED34C95508"},{"fromDetail":{"display":"8","output":{"keypad_keys":{"_0":"keypad_8"}}},"toDetailCollection":{},"id":"09436D37-0B9E-435D-B871-4894629B4B17"}]},"sectionDetail":{"deviceDetail":{"is_builtin_keyboard":false,"device_name":"otherDevice","is_location_id_Enabled":false,"is_vendor_id_Enabled":false,"is_product_id_Enabled":false,"location_id":"location_id","product_id":"product_id","vendor_id":"vendor_id"},"section":{"other":{}}},"mainRows":{"row2":[{"id":"DE8D7B9A-8406-4A1C-8073-ED7796205084","fromDetail":{"display":"\/","output":{"keypad_keys":{"_0":"keypad_slash"}}},"toDetailCollection":{}},{"id":"629504EA-D326-46C0-8962-9C641A1E39F4","fromDetail":{"display":"=","output":{"keypad_keys":{"_0":"keypad_equal_sign"}}},"toDetailCollection":{}},{"id":"60284CC2-30F4-4C6F-8CF2-2DB17F5A95C1","fromDetail":{"display":"*","output":{"keypad_keys":{"_0":"keypad_asterisk"}}},"toDetailCollection":{}},{"fromDetail":{"display":"clear","output":{"others":{"_0":"clear"}}},"toDetailCollection":{},"id":"EAE97BA5-A6A8-44C9-80C0-377F20C44769"}],"idsInOrderRow2":[{"id":"EAE97BA5-A6A8-44C9-80C0-377F20C44769"},{"id":"629504EA-D326-46C0-8962-9C641A1E39F4"},{"id":"DE8D7B9A-8406-4A1C-8073-ED7796205084"},{"id":"60284CC2-30F4-4C6F-8CF2-2DB17F5A95C1"}],"idsInOrderRow1":[{"id":"85B14565-D9F2-4F7A-8927-76B8789FD034"},{"id":"839AA10B-F5B4-4CAC-B563-0241B580B6DF"},{"id":"D7095E0D-7935-47E2-A95E-6AA9CCA27595"},{"id":"976A1C49-7236-4B43-A890-916EFAD77725"}],"idsInOrderRow3":[{"id":"9EF6700B-E9DE-473E-94DC-F7AAD1242002"},{"id":"70FA26D9-2331-4489-B5CA-2139F03A1572"},{"id":"5E2435E2-D7A9-4CA3-AB66-359934D6CE2D"},{"id":"EF06118F-35DB-445A-B897-85397C9DDDD7"}],"enableArrowKeys":false,"arrow_down":{"toDetailCollection":{},"fromDetail":{"display":"arrowtriangle.down.fill","output":{"arrow_keys":{"_0":"down_arrow"}},"isSFSymbol":true},"keyShape":"arrow_Down","id":"BD01D192-7B11-4ECD-8383-73E759805DC0"},"rowIndex_arrow":{"row6":{}},"idsInOrderRow4":[{"id":"697E5BCA-ADBE-44A1-912A-0D096CCCC10A"},{"id":"19EF9059-3013-404F-8690-D8DF105A5526"},{"id":"2CF7C9F7-85CD-49E0-B612-0B3473F28650"},{"id":"3E10C58D-043E-4321-B5EA-151FA328D77D"}],"arrow_left":{"keyShape":"arrow_LR","toDetailCollection":{},"id":"79BA3CB6-6580-42DF-9FDC-A8AA30B046CF","fromDetail":{"output":{"arrow_keys":{"_0":"left_arrow"}},"display":"arrowtriangle.left.fill","isSFSymbol":true}},"row4":[{"fromDetail":{"display":"6","output":{"keypad_keys":{"_0":"keypad_6"}}},"toDetailCollection":{},"id":"2CF7C9F7-85CD-49E0-B612-0B3473F28650"},{"toDetailCollection":{},"id":"697E5BCA-ADBE-44A1-912A-0D096CCCC10A","fromDetail":{"output":{"keypad_keys":{"_0":"keypad_4"}},"display":"4"}},{"toDetailCollection":{},"id":"3E10C58D-043E-4321-B5EA-151FA328D77D","fromDetail":{"output":{"keypad_keys":{"_0":"keypad_plus"}},"display":"+"}},{"id":"19EF9059-3013-404F-8690-D8DF105A5526","fromDetail":{"display":"5","output":{"keypad_keys":{"_0":"keypad_5"}}},"toDetailCollection":{}}],"arrow_up":{"id":"C72A4680-8EB9-4700-9139-FAB3BF2B3DE7","keyShape":"arrow_Up","toDetailCollection":{},"fromDetail":{"display":"arrowtriangle.up.fill","output":{"arrow_keys":{"_0":"up_arrow"}},"isSFSymbol":true}},"idsInOrderRow6":[{"id":"B3372517-F1CA-4D15-A7CE-0C59AE85039A"},{"id":"9BC03A14-C75D-4616-974D-3D2611B9D7D6"}],"idsInOrderRow5":[{"id":"D512F13C-1507-4AF8-A419-E059EC5A90C9"},{"id":"F8FC20E9-30A6-44C9-8165-0177C126BCED"},{"id":"0A2393DA-1E6F-44C3-A9CF-0EAA3C1A5A93"},{"id":"FC9DB94E-A230-4B9D-A264-E1E8EE1058E3"}],"arrow_right":{"keyShape":"arrow_LR","id":"0CD800F8-3FDE-4311-8EC3-2BAC483145CE","toDetailCollection":{},"fromDetail":{"isSFSymbol":true,"display":"arrowtriangle.right.fill","output":{"arrow_keys":{"_0":"right_arrow"}}}},"row5":[{"id":"0A2393DA-1E6F-44C3-A9CF-0EAA3C1A5A93","fromDetail":{"display":"3","output":{"keypad_keys":{"_0":"keypad_3"}}},"toDetailCollection":{}},{"fromDetail":{"output":{"keypad_keys":{"_0":"keypad_2"}},"display":"2"},"toDetailCollection":{},"id":"F8FC20E9-30A6-44C9-8165-0177C126BCED"},{"toDetailCollection":{},"fromDetail":{"display":"1","output":{"keypad_keys":{"_0":"keypad_1"}}},"id":"D512F13C-1507-4AF8-A419-E059EC5A90C9"},{"id":"FC9DB94E-A230-4B9D-A264-E1E8EE1058E3","keyShape":"enter_Tenkey","fromDetail":{"output":{"keypad_keys":{"_0":"keypad_enter"}},"display":"projective","isSFSymbol":true},"toDetailCollection":{}}],"row3":[{"id":"9EF6700B-E9DE-473E-94DC-F7AAD1242002","fromDetail":{"display":"7","output":{"keypad_keys":{"_0":"keypad_7"}}},"toDetailCollection":{}},{"toDetailCollection":{},"id":"EF06118F-35DB-445A-B897-85397C9DDDD7","fromDetail":{"output":{"keypad_keys":{"_0":"keypad_hyphen"}},"display":"-"}},{"fromDetail":{"output":{"keypad_keys":{"_0":"keypad_8"}},"display":"8"},"toDetailCollection":{},"id":"70FA26D9-2331-4489-B5CA-2139F03A1572"},{"toDetailCollection":{},"fromDetail":{"output":{"keypad_keys":{"_0":"keypad_9"}},"display":"9"},"id":"5E2435E2-D7A9-4CA3-AB66-359934D6CE2D"}],"row1":[{"id":"85B14565-D9F2-4F7A-8927-76B8789FD034","fromDetail":{"output":{"function_keys":{"_0":"f16"}},"display":"F16"},"toDetailCollection":{}},{"fromDetail":{"display":"F17","output":{"function_keys":{"_0":"f17"}}},"toDetailCollection":{},"id":"839AA10B-F5B4-4CAC-B563-0241B580B6DF"},{"id":"D7095E0D-7935-47E2-A95E-6AA9CCA27595","fromDetail":{"display":"F18","output":{"function_keys":{"_0":"f18"}}},"toDetailCollection":{}},{"id":"976A1C49-7236-4B43-A890-916EFAD77725","fromDetail":{"output":{"function_keys":{"_0":"f19"}},"display":"F19"},"toDetailCollection":{}}],"row6":[{"fromDetail":{"output":{"keypad_keys":{"_0":"keypad_0"}},"display":"0"},"toDetailCollection":{},"unitSize":2,"id":"B3372517-F1CA-4D15-A7CE-0C59AE85039A"},{"toDetailCollection":{},"fromDetail":{"output":{"keypad_keys":{"_0":"keypad_period"}},"display":"."},"id":"9BC03A14-C75D-4616-974D-3D2611B9D7D6"}]},"isEnableMain":true},"mouse":{"mainRows":{"row3":[{"toDetailCollection":{},"isSpacer":true,"id":"023E2525-21C8-4072-9D82-41420640AD6A","fromDetail":{"display":"A","output":{"letter_keys":{"_0":"a"}}}}],"arrow_up":{"keyShape":"arrow_Up","fromDetail":{"display":"arrowtriangle.up.fill","isSFSymbol":true,"output":{"arrow_keys":{"_0":"up_arrow"}}},"toDetailCollection":{},"id":"C3F45786-7450-46A1-972F-9C676E5D41D9"},"idsInOrderRow1":[{"id":"04D45189-8DC1-47A1-8717-A5A4E7FA7EE6"},{"id":"6376EECF-B660-4AB4-850A-56820699020E"}],"idsInOrderRow6":[],"enableArrowKeys":false,"idsInOrderRow2":[{"id":"5E26D26D-2BD0-4A95-85CB-F91BA9B74F9F"},{"id":"973C81BF-ABA0-4A10-8B69-F7ACC798D6D8"}],"arrow_left":{"fromDetail":{"isSFSymbol":true,"output":{"arrow_keys":{"_0":"left_arrow"}},"display":"arrowtriangle.left.fill"},"keyShape":"arrow_LR","toDetailCollection":{},"id":"9B96B5E1-250C-4993-92FF-04A98C8AC06C"},"row4":[{"isSpacer":true,"toDetailCollection":{},"fromDetail":{"display":"A","output":{"letter_keys":{"_0":"a"}}},"id":"728DD8ED-7BAC-45C6-85CD-E61D7478BAA5"}],"rowIndex_arrow":{"row6":{}},"row1":[{"toDetailCollection":{},"id":"6376EECF-B660-4AB4-850A-56820699020E","fromDetail":{"output":{"mouse_buttons":{"_0":"button2"}},"display":"R click"}},{"id":"04D45189-8DC1-47A1-8717-A5A4E7FA7EE6","toDetailCollection":{},"fromDetail":{"output":{"mouse_buttons":{"_0":"button1"}},"display":"L click"}}],"row2":[{"id":"973C81BF-ABA0-4A10-8B69-F7ACC798D6D8","toDetailCollection":{},"fromDetail":{"output":{"mouse_buttons":{"_0":"button3"}},"display":"M click"}},{"isSpacer":true,"toDetailCollection":{},"unitSize":0.5,"fromDetail":{"output":{"letter_keys":{"_0":"a"}},"display":"A"},"id":"5E26D26D-2BD0-4A95-85CB-F91BA9B74F9F"}],"idsInOrderRow3":[{"id":"023E2525-21C8-4072-9D82-41420640AD6A"}],"arrow_down":{"toDetailCollection":{},"keyShape":"arrow_Down","id":"867E9CCE-B15D-4E8E-81D5-85BCB0E1C69E","fromDetail":{"isSFSymbol":true,"display":"arrowtriangle.down.fill","output":{"arrow_keys":{"_0":"down_arrow"}}}},"idsInOrderRow5":[],"row5":[],"arrow_right":{"id":"3A7DB0AF-DECF-4857-9A12-4660F33CD115","fromDetail":{"display":"arrowtriangle.right.fill","isSFSymbol":true,"output":{"arrow_keys":{"_0":"right_arrow"}}},"toDetailCollection":{},"keyShape":"arrow_LR"},"idsInOrderRow4":[{"id":"728DD8ED-7BAC-45C6-85CD-E61D7478BAA5"}],"row6":[]},"isEnableTenkey":false,"tenkeyRows":{"row6":[{"fromDetail":{"display":"A","output":{"letter_keys":{"_0":"a"}}},"toDetailCollection":{},"id":"C5015D03-9E26-4F02-8979-1F7365CA5CD1"}],"row1":[{"toDetailCollection":{},"fromDetail":{"output":{"letter_keys":{"_0":"a"}},"display":"A"},"id":"F7DD453D-C6C6-4C46-9E6C-EA71E6B484CA"}],"idsInOrderRow2":[{"id":"DCE6489C-9ACC-4BD7-A1F5-AF421CF6DC6F"}],"idsInOrderRow1":[{"id":"F7DD453D-C6C6-4C46-9E6C-EA71E6B484CA"}],"enableArrowKeys":false,"arrow_down":{"toDetailCollection":{},"keyShape":"arrow_Down","id":"F6615386-848D-4DE5-9F99-C79D1D3D6E44","fromDetail":{"isSFSymbol":true,"output":{"arrow_keys":{"_0":"down_arrow"}},"display":"arrowtriangle.down.fill"}},"arrow_left":{"fromDetail":{"isSFSymbol":true,"display":"arrowtriangle.left.fill","output":{"arrow_keys":{"_0":"left_arrow"}}},"id":"8A5669E0-EF81-4672-8B59-0C77E093F98C","toDetailCollection":{},"keyShape":"arrow_LR"},"arrow_up":{"keyShape":"arrow_Up","id":"8E4EFCEB-E1A7-429C-BFF4-6D6D7A9169B4","fromDetail":{"display":"arrowtriangle.up.fill","output":{"arrow_keys":{"_0":"up_arrow"}},"isSFSymbol":true},"toDetailCollection":{}},"idsInOrderRow4":[{"id":"3F87372A-C6B9-4BB0-AF67-9F2D5C3A10B4"}],"row3":[{"id":"4A21A7E4-F11B-488B-A618-F18C6DDBED2E","toDetailCollection":{},"fromDetail":{"display":"A","output":{"letter_keys":{"_0":"a"}}}}],"row4":[{"id":"3F87372A-C6B9-4BB0-AF67-9F2D5C3A10B4","toDetailCollection":{},"fromDetail":{"output":{"letter_keys":{"_0":"a"}},"display":"A"}}],"idsInOrderRow6":[{"id":"C5015D03-9E26-4F02-8979-1F7365CA5CD1"}],"row2":[{"fromDetail":{"output":{"letter_keys":{"_0":"a"}},"display":"A"},"toDetailCollection":{},"id":"DCE6489C-9ACC-4BD7-A1F5-AF421CF6DC6F"}],"row5":[{"toDetailCollection":{},"id":"9D6A2D97-44F5-4304-B1B9-C16FF6AB788D","fromDetail":{"display":"A","output":{"letter_keys":{"_0":"a"}}}}],"idsInOrderRow5":[{"id":"9D6A2D97-44F5-4304-B1B9-C16FF6AB788D"}],"idsInOrderRow3":[{"id":"4A21A7E4-F11B-488B-A618-F18C6DDBED2E"}],"rowIndex_arrow":{"row6":{}},"arrow_right":{"toDetailCollection":{},"id":"01425162-038C-4E9B-9F71-722118A70AD5","keyShape":"arrow_LR","fromDetail":{"isSFSymbol":true,"display":"arrowtriangle.right.fill","output":{"arrow_keys":{"_0":"right_arrow"}}}}},"subRows":{"arrow_up":{"toDetailCollection":{},"keyShape":"arrow_Up","fromDetail":{"output":{"arrow_keys":{"_0":"up_arrow"}},"isSFSymbol":true,"display":"arrowtriangle.up.fill"},"id":"90A3D417-1187-48A3-8E9E-01C970C76D61"},"row5":[{"toDetailCollection":{},"id":"7529688E-984B-46CA-98D6-14225F24BC91","fromDetail":{"output":{"letter_keys":{"_0":"a"}},"display":"A"}}],"arrow_down":{"keyShape":"arrow_Down","fromDetail":{"output":{"arrow_keys":{"_0":"down_arrow"}},"display":"arrowtriangle.down.fill","isSFSymbol":true},"toDetailCollection":{},"id":"B55DD408-25AE-49E2-A123-5E89B092E83A"},"row3":[{"id":"345D4A9F-6B83-4105-9EC7-F4D73E533391","fromDetail":{"display":"A","output":{"letter_keys":{"_0":"a"}}},"toDetailCollection":{}}],"arrow_right":{"toDetailCollection":{},"fromDetail":{"output":{"arrow_keys":{"_0":"right_arrow"}},"display":"arrowtriangle.right.fill","isSFSymbol":true},"keyShape":"arrow_LR","id":"D204BDFD-C9C0-40B7-89E6-A0467BD40F9F"},"row4":[{"toDetailCollection":{},"id":"954FF17C-52D5-4873-A94C-7E0DCC147D8B","fromDetail":{"output":{"letter_keys":{"_0":"a"}},"display":"A"}}],"arrow_left":{"toDetailCollection":{},"keyShape":"arrow_LR","fromDetail":{"output":{"arrow_keys":{"_0":"left_arrow"}},"isSFSymbol":true,"display":"arrowtriangle.left.fill"},"id":"AC14F500-DE14-4003-80F5-8819D7EB19E7"},"row6":[{"id":"21FC653B-25CA-4EC6-80C4-DB4447BE1EC7","fromDetail":{"output":{"letter_keys":{"_0":"a"}},"display":"A"},"toDetailCollection":{}}],"idsInOrderRow4":[{"id":"954FF17C-52D5-4873-A94C-7E0DCC147D8B"}],"row1":[{"toDetailCollection":{},"fromDetail":{"output":{"letter_keys":{"_0":"a"}},"display":"A"},"id":"742EB73E-4096-49F3-99F3-5F16DECB76DD"}],"idsInOrderRow5":[{"id":"7529688E-984B-46CA-98D6-14225F24BC91"}],"enableArrowKeys":false,"row2":[{"fromDetail":{"output":{"letter_keys":{"_0":"a"}},"display":"A"},"id":"E349AAAF-0930-4B1A-BFDF-98547B7D045A","toDetailCollection":{}}],"idsInOrderRow1":[{"id":"742EB73E-4096-49F3-99F3-5F16DECB76DD"}],"idsInOrderRow6":[{"id":"21FC653B-25CA-4EC6-80C4-DB4447BE1EC7"}],"idsInOrderRow2":[{"id":"E349AAAF-0930-4B1A-BFDF-98547B7D045A"}],"idsInOrderRow3":[{"id":"345D4A9F-6B83-4105-9EC7-F4D73E533391"}],"rowIndex_arrow":{"row6":{}}},"sectionDetail":{"deviceDetail":{"is_vendor_id_Enabled":false,"device_name":"mouse","vendor_id":"vendor_id","is_product_id_Enabled":false,"is_builtin_keyboard":false,"is_location_id_Enabled":false,"product_id":"product_id","location_id":"location_id"},"section":{"mouse":{}}},"isEnableMain":true,"isEnableSub":false},"main":{"mainRows":{"idsInOrderRow2":[{"id":"53FC0E51-822F-4A56-9F80-78483B8E894B"},{"id":"86D260C5-FBA1-4F58-9445-DCDC8B93D7F0"},{"id":"3B848E74-CAC4-43D0-9280-6A40DDA72159"},{"id":"7C047F4B-6497-4CDC-814E-0EE0EA49EA4E"},{"id":"2EDBEE20-E859-46F6-BCD1-BA45D89891BE"},{"id":"EC0053E2-6071-46A0-8599-30ABF44625C7"},{"id":"09574DBC-389C-44B7-9144-98ABCB4082A0"},{"id":"FA653622-FBEE-4583-8ACC-E3B2135C5FBE"},{"id":"5F13DC60-FB71-49BF-A631-8543237CBAC3"},{"id":"0DC85484-9614-410A-B24D-5F702FF30637"},{"id":"3598C074-BE22-4F73-9B34-C8B392D9D123"},{"id":"30AC636F-8363-48C5-A689-15153F25DCF2"},{"id":"576725C9-0925-4BBA-8AF9-CFDAD8F6FBD5"},{"id":"15F29B60-211B-4560-9E13-E53D94F9F7B6"}],"arrow_down":{"keyShape":"arrow_Down","fromDetail":{"isSFSymbol":true,"display":"arrowtriangle.down.fill","output":{"arrow_keys":{"_0":"down_arrow"}}},"toDetailCollection":{},"id":"C2D03095-1761-4369-A3BD-DA5822681C17"},"idsInOrderRow1":[{"id":"8E948252-87DD-4DFE-A154-EF444CF7FB8E"},{"id":"B9890E3B-C69E-4B73-A4D1-ABC687CD40DD"},{"id":"328A6B26-C844-44D0-9148-D455655F0411"},{"id":"D89432D5-4928-4DA8-9E93-4183A3E19C1F"},{"id":"CEE8BF9A-AE20-4731-8768-DAC6619C290D"},{"id":"2C40DC43-DAFC-46B5-AA0C-0290B3F13439"},{"id":"C417F2C5-F872-4201-8542-F4204F17F4A0"},{"id":"A8ACE524-2171-46CF-A1DA-525BF836D76A"},{"id":"55F2BFFD-D89F-4AD9-94A6-A6A81D01A544"},{"id":"CC94C9E7-5532-4BBE-9DFA-93A1FC17B5FD"},{"id":"22E50D09-97BB-4647-91F4-D9F471E84332"},{"id":"4D0FE063-E294-44B8-9196-B88E7FDA183A"},{"id":"1D871257-F55C-4172-B6B9-286474849001"}],"row1":[{"id":"8E948252-87DD-4DFE-A154-EF444CF7FB8E","unitSize":1.5,"fromDetail":{"isSFSymbol":true,"display":"escape","output":{"controls_and_symbols":{"_0":"escape"}}},"toDetailCollection":{}},{"toDetailCollection":{},"id":"B9890E3B-C69E-4B73-A4D1-ABC687CD40DD","fromDetail":{"output":{"function_keys":{"_0":"f1"}},"display":"F1"}},{"toDetailCollection":{},"id":"328A6B26-C844-44D0-9148-D455655F0411","fromDetail":{"output":{"function_keys":{"_0":"f2"}},"display":"F2"}},{"id":"D89432D5-4928-4DA8-9E93-4183A3E19C1F","fromDetail":{"display":"F3","output":{"function_keys":{"_0":"f3"}}},"toDetailCollection":{}},{"fromDetail":{"display":"F4","output":{"function_keys":{"_0":"f4"}}},"toDetailCollection":{},"id":"CEE8BF9A-AE20-4731-8768-DAC6619C290D"},{"fromDetail":{"output":{"function_keys":{"_0":"f5"}},"display":"F5"},"id":"2C40DC43-DAFC-46B5-AA0C-0290B3F13439","toDetailCollection":{}},{"id":"C417F2C5-F872-4201-8542-F4204F17F4A0","fromDetail":{"display":"F6","output":{"function_keys":{"_0":"f6"}}},"toDetailCollection":{}},{"fromDetail":{"display":"F7","output":{"function_keys":{"_0":"f7"}}},"id":"A8ACE524-2171-46CF-A1DA-525BF836D76A","toDetailCollection":{}},{"toDetailCollection":{},"id":"55F2BFFD-D89F-4AD9-94A6-A6A81D01A544","fromDetail":{"output":{"function_keys":{"_0":"f8"}},"display":"F8"}},{"id":"CC94C9E7-5532-4BBE-9DFA-93A1FC17B5FD","fromDetail":{"output":{"function_keys":{"_0":"f9"}},"display":"F9"},"toDetailCollection":{}},{"id":"22E50D09-97BB-4647-91F4-D9F471E84332","fromDetail":{"display":"F10","output":{"function_keys":{"_0":"f10"}}},"toDetailCollection":{}},{"toDetailCollection":{},"fromDetail":{"display":"F11","output":{"function_keys":{"_0":"f11"}}},"id":"4D0FE063-E294-44B8-9196-B88E7FDA183A"},{"fromDetail":{"output":{"function_keys":{"_0":"f12"}},"display":"F12"},"toDetailCollection":{},"id":"1D871257-F55C-4172-B6B9-286474849001"}],"idsInOrderRow4":[{"id":"6E7CE1A3-7FD0-46B9-BAAF-96B9FB4E9168"},{"id":"3B155A94-35DA-47B3-A2B8-BFB9F80B5739"},{"id":"7F9FE069-93C4-4D57-912A-98B1D85C2E14"},{"id":"5C630DEB-CAED-4A9D-BEE3-AAFA77D7E798"},{"id":"353D550D-3A0E-4AE3-9165-3F18FF44605C"},{"id":"650E54B8-7561-4C59-9E42-250BA92D8941"},{"id":"6B8316CD-855B-4F0F-A4BB-725D2BD3D105"},{"id":"1186EA93-920E-40A0-ACB8-0FC5E4B2C6AC"},{"id":"75E049AE-C5D9-4F43-8A1A-2D51EF17BA39"},{"id":"5DFB3604-99EB-49D8-AAA9-70EAD0D445A2"},{"id":"28EB6175-994E-4712-A10F-E89891D7CC37"},{"id":"28C4A95B-EAE1-4699-B9B6-E97A95755F3A"},{"id":"A44BC0F0-0CBE-4328-925E-A706840FF584"}],"idsInOrderRow5":[{"id":"3C345BC4-F4A5-4993-A567-191A69500A96"},{"id":"F8EB964E-3076-427C-BAD6-9EED2A999447"},{"id":"08DC0B9E-C7C7-4147-AABA-9868BCA0617D"},{"id":"A0642F38-0042-4ACA-8F20-58D297F3D444"},{"id":"E30CA695-4BE9-4DD0-BA7E-5E0BBFD2A742"},{"id":"3EB854B0-72E9-4DF7-A2A1-E368A7B51F98"},{"id":"6777C9E2-3ED3-45D2-BA79-35F4AAA17FF7"},{"id":"8F4D6F6D-C815-4505-9236-52262F60CDFF"},{"id":"8A3D5C8B-5B6C-421E-9265-4C5AC20B1027"},{"id":"47BB01C7-A591-4168-9937-986589A6899F"},{"id":"A0B951B2-1BDF-427A-A27D-37DC7D5592BF"},{"id":"E86ABD2D-A759-4F1D-BEC8-C4FF057220E7"},{"id":"91FD864A-F37D-498B-A776-0EDD449CFCFA"}],"idsInOrderRow3":[{"id":"BE347FAE-29ED-4886-A2E9-B9BA0C4B38EC"},{"id":"61CC890A-249F-4C89-A8A4-F4D21A8EFEB3"},{"id":"0B31F778-DBD8-4F8C-A5D8-3A7954FAFA52"},{"id":"0A2D5E0E-0466-43F0-8A61-8ABE9F2F22EF"},{"id":"D66348CE-98C9-40D7-AF42-E2D335B84CC8"},{"id":"A0F99904-CCCD-4B86-9D9F-8E8A4255D25D"},{"id":"BCCD1163-FC3F-4F55-A26A-61C6361E8310"},{"id":"63F052CF-026B-4EC0-AD53-961823C8D2A2"},{"id":"AE3C93BE-F034-4A20-A464-55D362B08B85"},{"id":"C09519EE-5519-4946-9B18-FFE1F988101C"},{"id":"7D01E34D-7B59-4E61-B100-A7075DB32772"},{"id":"64BCC27A-79FF-4B26-A5D1-B67FD9EAFC95"},{"id":"55BC57BD-014E-4C43-9F56-6E41B4D12785"},{"id":"48F24AB6-93F6-4439-9A5F-EEBC33B74A63"}],"row6":[{"fromDetail":{"display":"control","output":{"modifier_keys":{"_0":"left_control"}},"isSFSymbol":true},"toDetailCollection":{},"id":"974281F7-E3C1-41DC-AF7C-202CBA067111"},{"id":"07B89CF9-3404-4D58-BFEC-C72FDA11DA29","unitSize":1.25,"toDetailCollection":{},"fromDetail":{"display":"command","isSFSymbol":true,"output":{"modifier_keys":{"_0":"right_command"}}}},{"id":"777730C2-D577-45C7-BB50-B682D70B4B7A","fromDetail":{"display":"option","isSFSymbol":true,"output":{"modifier_keys":{"_0":"right_option"}}},"toDetailCollection":{}},{"fromDetail":{"output":{"modifier_keys":{"_0":"keyboard_fn"}},"display":"globe","isSFSymbol":true},"toDetailCollection":{},"id":"F738DADF-86C1-4B20-A4A0-BD3E95D0B175"},{"id":"F5917DB9-61A5-440C-AD00-22B19B20B3FD","fromDetail":{"output":{"controls_and_symbols":{"_0":"spacebar"}},"display":"␣"},"toDetailCollection":{},"unitSize":5},{"fromDetail":{"output":{"modifier_keys":{"_0":"left_option"}},"display":"option","isSFSymbol":true},"id":"B8F684BA-2232-4797-8D22-B7E023A4F754","toDetailCollection":{}},{"unitSize":1.25,"toDetailCollection":{},"fromDetail":{"isSFSymbol":true,"display":"command","output":{"modifier_keys":{"_0":"left_command"}}},"id":"972A2E1D-A194-41BC-BBBF-28B4F40BDFE7"}],"arrow_right":{"toDetailCollection":{},"keyShape":"arrow_LR","fromDetail":{"output":{"arrow_keys":{"_0":"right_arrow"}},"display":"arrowtriangle.right.fill","isSFSymbol":true},"id":"55FAFFEC-554E-4591-B429-A2218F6C99C2"},"row2":[{"id":"53FC0E51-822F-4A56-9F80-78483B8E894B","fromDetail":{"output":{"controls_and_symbols":{"_0":"section"}},"display":"§"},"toDetailCollection":{}},{"id":"0DC85484-9614-410A-B24D-5F702FF30637","toDetailCollection":{},"fromDetail":{"display":"9","output":{"number_keys":{"_0":"nine"}}}},{"toDetailCollection":{},"id":"FA653622-FBEE-4583-8ACC-E3B2135C5FBE","fromDetail":{"display":"7","output":{"number_keys":{"_0":"seven"}}}},{"fromDetail":{"output":{"number_keys":{"_0":"one"}},"display":"1"},"id":"86D260C5-FBA1-4F58-9445-DCDC8B93D7F0","toDetailCollection":{}},{"toDetailCollection":{},"id":"5F13DC60-FB71-49BF-A631-8543237CBAC3","fromDetail":{"output":{"number_keys":{"_0":"eight"}},"display":"8"}},{"id":"2EDBEE20-E859-46F6-BCD1-BA45D89891BE","fromDetail":{"display":"4","output":{"number_keys":{"_0":"four"}}},"toDetailCollection":{}},{"id":"30AC636F-8363-48C5-A689-15153F25DCF2","fromDetail":{"output":{"controls_and_symbols":{"_0":"hyphen"}},"display":"-"},"toDetailCollection":{"condition0":{"layer0":{"outputAndDisplay_tap":{"layerKey":"layer0","output":{"controls_and_symbols":{"_0":"open_square_bracket"}},"display":"["},"isCustomized_tap":true,"withModifier_tap":{}}}}},{"id":"576725C9-0925-4BBA-8AF9-CFDAD8F6FBD5","toDetailCollection":{"condition0":{"layer0":{"outputAndDisplay_tap":{"layerKey":"layer0","display":"]","output":{"controls_and_symbols":{"_0":"close_square_bracket"}}},"isCustomized_tap":true,"withModifier_tap":{}}}},"fromDetail":{"display":"=","output":{"controls_and_symbols":{"_0":"equal_sign_or_caret"}}}},{"fromDetail":{"output":{"number_keys":{"_0":"two"}},"display":"2"},"toDetailCollection":{},"id":"3B848E74-CAC4-43D0-9280-6A40DDA72159"},{"unitSize":1.5,"fromDetail":{"isSFSymbol":true,"output":{"controls_and_symbols":{"_0":"delete_or_backspace"}},"display":"delete.left"},"toDetailCollection":{},"id":"15F29B60-211B-4560-9E13-E53D94F9F7B6"},{"toDetailCollection":{},"fromDetail":{"display":"3","output":{"number_keys":{"_0":"three"}}},"id":"7C047F4B-6497-4CDC-814E-0EE0EA49EA4E"},{"fromDetail":{"display":"6","output":{"number_keys":{"_0":"six"}}},"toDetailCollection":{},"id":"09574DBC-389C-44B7-9144-98ABCB4082A0"},{"fromDetail":{"output":{"number_keys":{"_0":"zero"}},"display":"0"},"toDetailCollection":{},"id":"3598C074-BE22-4F73-9B34-C8B392D9D123"},{"id":"EC0053E2-6071-46A0-8599-30ABF44625C7","toDetailCollection":{},"fromDetail":{"output":{"number_keys":{"_0":"five"}},"display":"5"}}],"idsInOrderRow6":[{"id":"F738DADF-86C1-4B20-A4A0-BD3E95D0B175"},{"id":"974281F7-E3C1-41DC-AF7C-202CBA067111"},{"id":"B8F684BA-2232-4797-8D22-B7E023A4F754"},{"id":"972A2E1D-A194-41BC-BBBF-28B4F40BDFE7"},{"id":"F5917DB9-61A5-440C-AD00-22B19B20B3FD"},{"id":"07B89CF9-3404-4D58-BFEC-C72FDA11DA29"},{"id":"777730C2-D577-45C7-BB50-B682D70B4B7A"}],"row5":[{"toDetailCollection":{"condition0":{"layer0":{"isCustomized_tap":true,"withModifier_tap":{},"outputAndDisplay_tap":{"display":"V","layerKey":"layer0","output":{"letter_keys":{"_0":"v"}}}}}},"id":"A0B951B2-1BDF-427A-A27D-37DC7D5592BF","fromDetail":{"output":{"controls_and_symbols":{"_0":"period"}},"display":"."}},{"id":"8A3D5C8B-5B6C-421E-9265-4C5AC20B1027","fromDetail":{"display":"M","output":{"letter_keys":{"_0":"m"}}},"toDetailCollection":{"condition0":{"layer0":{"outputAndDisplay_tap":{"layerKey":"layer0","display":"M","output":{"letter_keys":{"_0":"m"}}},"withModifier_tap":{},"isCustomized_tap":true}}}},{"fromDetail":{"display":"B","output":{"letter_keys":{"_0":"b"}}},"toDetailCollection":{"condition0":{"layer0":{"isCustomized_tap":true,"withModifier_tap":{},"outputAndDisplay_tap":{"output":{"letter_keys":{"_0":"x"}},"display":"X","layerKey":"layer0"}}}},"id":"6777C9E2-3ED3-45D2-BA79-35F4AAA17FF7"},{"toDetailCollection":{},"fromDetail":{"display":"`","output":{"controls_and_symbols":{"_0":"grave_accent"}}},"id":"F8EB964E-3076-427C-BAD6-9EED2A999447"},{"toDetailCollection":{"condition0":{"layer0":{"isCustomized_tap":true,"outputAndDisplay_tap":{"output":{"controls_and_symbols":{"_0":"semicolon"}},"display":";","layerKey":"layer0"},"withModifier_tap":{}}}},"id":"08DC0B9E-C7C7-4147-AABA-9868BCA0617D","fromDetail":{"output":{"letter_keys":{"_0":"z"}},"display":"Z"}},{"id":"A0642F38-0042-4ACA-8F20-58D297F3D444","fromDetail":{"display":"X","output":{"letter_keys":{"_0":"x"}}},"toDetailCollection":{"condition0":{"layer0":{"withModifier_tap":{},"isCustomized_tap":true,"outputAndDisplay_tap":{"output":{"letter_keys":{"_0":"q"}},"display":"Q","layerKey":"layer0"}}}}},{"toDetailCollection":{"condition0":{"layer0":{"outputAndDisplay_tap":{"display":"B","output":{"letter_keys":{"_0":"b"}},"layerKey":"layer0"},"withModifier_tap":{},"isCustomized_tap":true}}},"id":"8F4D6F6D-C815-4505-9236-52262F60CDFF","fromDetail":{"output":{"letter_keys":{"_0":"n"}},"display":"N"}},{"fromDetail":{"display":"shift","isSFSymbol":true,"output":{"modifier_keys":{"_0":"right_shift"}}},"unitSize":2.25,"toDetailCollection":{},"id":"91FD864A-F37D-498B-A776-0EDD449CFCFA"},{"fromDetail":{"output":{"letter_keys":{"_0":"v"}},"display":"V"},"toDetailCollection":{"condition0":{"layer0":{"isCustomized_tap":true,"outputAndDisplay_tap":{"layerKey":"layer0","output":{"letter_keys":{"_0":"k"}},"display":"K"},"withModifier_tap":{}}}},"id":"3EB854B0-72E9-4DF7-A2A1-E368A7B51F98"},{"id":"3C345BC4-F4A5-4993-A567-191A69500A96","unitSize":1.25,"fromDetail":{"display":"shift","output":{"modifier_keys":{"_0":"left_shift"}},"isSFSymbol":true},"toDetailCollection":{}},{"id":"47BB01C7-A591-4168-9937-986589A6899F","fromDetail":{"output":{"controls_and_symbols":{"_0":"comma"}},"display":","},"toDetailCollection":{"condition0":{"layer0":{"withModifier_tap":{},"isCustomized_tap":true,"outputAndDisplay_tap":{"output":{"letter_keys":{"_0":"w"}},"display":"W","layerKey":"layer0"}}}}},{"fromDetail":{"output":{"controls_and_symbols":{"_0":"slash"}},"display":"\/"},"toDetailCollection":{"condition0":{"layer0":{"isCustomized_tap":true,"outputAndDisplay_tap":{"layerKey":"layer0","output":{"letter_keys":{"_0":"z"}},"display":"Z"},"withModifier_tap":{}}}},"id":"E86ABD2D-A759-4F1D-BEC8-C4FF057220E7"},{"fromDetail":{"output":{"letter_keys":{"_0":"c"}},"display":"C"},"toDetailCollection":{"condition0":{"layer0":{"outputAndDisplay_tap":{"display":"J","layerKey":"layer0","output":{"letter_keys":{"_0":"j"}}},"isCustomized_tap":true,"withModifier_tap":{}}}},"id":"E30CA695-4BE9-4DD0-BA7E-5E0BBFD2A742"}],"enableArrowKeys":true,"arrow_left":{"keyShape":"arrow_LR","id":"2AB496E9-36FC-4EBC-AA77-2EED76C4B720","toDetailCollection":{},"fromDetail":{"output":{"arrow_keys":{"_0":"left_arrow"}},"display":"arrowtriangle.left.fill","isSFSymbol":true}},"rowIndex_arrow":{"row6":{}},"row4":[{"fromDetail":{"display":";","output":{"controls_and_symbols":{"_0":"semicolon"}}},"id":"28EB6175-994E-4712-A10F-E89891D7CC37","toDetailCollection":{"condition0":{"layer0":{"outputAndDisplay_tap":{"display":"S","layerKey":"layer0","output":{"letter_keys":{"_0":"s"}}},"withModifier_tap":{},"isCustomized_tap":true}}}},{"id":"353D550D-3A0E-4AE3-9165-3F18FF44605C","toDetailCollection":{"condition0":{"layer0":{"withModifier_tap":{},"outputAndDisplay_tap":{"layerKey":"layer0","output":{"letter_keys":{"_0":"u"}},"display":"U"},"isCustomized_tap":true}}},"fromDetail":{"output":{"letter_keys":{"_0":"f"}},"display":"F"}},{"toDetailCollection":{"condition0":{"layer0":{"withModifier_tap":{},"outputAndDisplay_tap":{"output":{"letter_keys":{"_0":"h"}},"display":"H","layerKey":"layer0"},"isCustomized_tap":true}}},"id":"1186EA93-920E-40A0-ACB8-0FC5E4B2C6AC","fromDetail":{"output":{"letter_keys":{"_0":"j"}},"display":"J"}},{"fromDetail":{"display":"L","output":{"letter_keys":{"_0":"l"}}},"id":"5DFB3604-99EB-49D8-AAA9-70EAD0D445A2","toDetailCollection":{"condition0":{"layer0":{"outputAndDisplay_tap":{"display":"N","output":{"letter_keys":{"_0":"n"}},"layerKey":"layer0"},"withModifier_tap":{},"isCustomized_tap":true}}}},{"toDetailCollection":{"condition0":{"layer0":{"withModifier_tap":{},"isCustomized_tap":true,"outputAndDisplay_tap":{"layerKey":"layer0","output":{"letter_keys":{"_0":"o"}},"display":"O"}}}},"id":"7F9FE069-93C4-4D57-912A-98B1D85C2E14","fromDetail":{"display":"S","output":{"letter_keys":{"_0":"s"}}}},{"id":"75E049AE-C5D9-4F43-8A1A-2D51EF17BA39","fromDetail":{"display":"K","output":{"letter_keys":{"_0":"k"}}},"toDetailCollection":{"condition0":{"layer0":{"outputAndDisplay_tap":{"output":{"letter_keys":{"_0":"t"}},"display":"T","layerKey":"layer0"},"isCustomized_tap":true,"withModifier_tap":{}}}}},{"id":"6B8316CD-855B-4F0F-A4BB-725D2BD3D105","fromDetail":{"display":"H","output":{"letter_keys":{"_0":"h"}}},"toDetailCollection":{"condition0":{"layer0":{"withModifier_tap":{},"isCustomized_tap":true,"outputAndDisplay_tap":{"display":"D","layerKey":"layer0","output":{"letter_keys":{"_0":"d"}}}}}}},{"fromDetail":{"output":{"letter_keys":{"_0":"a"}},"display":"A"},"id":"3B155A94-35DA-47B3-A2B8-BFB9F80B5739","toDetailCollection":{}},{"toDetailCollection":{"condition0":{"layer0":{"withModifier_tap":{},"outputAndDisplay_tap":{"output":{"letter_keys":{"_0":"i"}},"display":"I","layerKey":"layer0"},"isCustomized_tap":true}}},"id":"650E54B8-7561-4C59-9E42-250BA92D8941","fromDetail":{"output":{"letter_keys":{"_0":"g"}},"display":"G"}},{"id":"5C630DEB-CAED-4A9D-BEE3-AAFA77D7E798","fromDetail":{"output":{"letter_keys":{"_0":"d"}},"display":"D"},"toDetailCollection":{"condition0":{"layer0":{"isCustomized_tap":true,"outputAndDisplay_tap":{"display":"E","output":{"letter_keys":{"_0":"e"}},"layerKey":"layer0"},"withModifier_tap":{}}}}},{"id":"A44BC0F0-0CBE-4328-925E-A706840FF584","fromDetail":{"output":{"controls_and_symbols":{"_0":"backslash_or_yen"}},"display":"\\"},"toDetailCollection":{}},{"id":"28C4A95B-EAE1-4699-B9B6-E97A95755F3A","fromDetail":{"display":"'","output":{"controls_and_symbols":{"_0":"single_quotation_or_colon"}}},"toDetailCollection":{"condition0":{"layer0":{"isCustomized_tap":true,"withModifier_tap":{},"outputAndDisplay_tap":{"output":{"controls_and_symbols":{"_0":"hyphen"}},"layerKey":"layer0","display":"-"}}}}},{"id":"6E7CE1A3-7FD0-46B9-BAAF-96B9FB4E9168","fromDetail":{"output":{"modifier_keys":{"_0":"caps_lock"}},"display":"capslock","isSFSymbol":true},"unitSize":1.75,"toDetailCollection":{}}],"arrow_up":{"id":"5D5C42A3-354E-456A-A4A6-606B2E83B43E","toDetailCollection":{},"fromDetail":{"display":"arrowtriangle.up.fill","isSFSymbol":true,"output":{"arrow_keys":{"_0":"up_arrow"}}},"keyShape":"arrow_Up"},"row3":[{"id":"7D01E34D-7B59-4E61-B100-A7075DB32772","fromDetail":{"output":{"letter_keys":{"_0":"p"}},"display":"P"},"toDetailCollection":{"condition0":{"layer0":{"outputAndDisplay_tap":{"output":{"letter_keys":{"_0":"l"}},"display":"L","layerKey":"layer0"},"isCustomized_tap":true,"withModifier_tap":{}}}}},{"fromDetail":{"output":{"letter_keys":{"_0":"o"}},"display":"O"},"toDetailCollection":{"condition0":{"layer0":{"withModifier_tap":{},"isCustomized_tap":true,"outputAndDisplay_tap":{"display":"R","layerKey":"layer0","output":{"letter_keys":{"_0":"r"}}}}}},"id":"C09519EE-5519-4946-9B18-FFE1F988101C"},{"fromDetail":{"display":"R","output":{"letter_keys":{"_0":"r"}}},"id":"D66348CE-98C9-40D7-AF42-E2D335B84CC8","toDetailCollection":{"condition0":{"layer0":{"withModifier_tap":{},"isCustomized_tap":true,"outputAndDisplay_tap":{"display":"P","layerKey":"layer0","output":{"letter_keys":{"_0":"p"}}}}}}},{"fromDetail":{"display":"E","output":{"letter_keys":{"_0":"e"}}},"toDetailCollection":{"condition0":{"layer0":{"withModifier_tap":{},"isCustomized_tap":true,"outputAndDisplay_tap":{"output":{"controls_and_symbols":{"_0":"period"}},"layerKey":"layer0","display":"."}}}},"id":"0A2D5E0E-0466-43F0-8A61-8ABE9F2F22EF"},{"fromDetail":{"display":"]","output":{"controls_and_symbols":{"_0":"close_square_bracket"}}},"toDetailCollection":{"condition0":{"layer0":{"outputAndDisplay_tap":{"layerKey":"layer0","display":"=","output":{"controls_and_symbols":{"_0":"equal_sign"}}},"isCustomized_tap":true,"withModifier_tap":{}}}},"id":"55BC57BD-014E-4C43-9F56-6E41B4D12785"},{"fromDetail":{"output":{"controls_and_symbols":{"_0":"tab"}},"display":"arrow.right.to.line","isSFSymbol":true},"unitSize":1.5,"toDetailCollection":{},"id":"BE347FAE-29ED-4886-A2E9-B9BA0C4B38EC"},{"fromDetail":{"output":{"letter_keys":{"_0":"t"}},"display":"T"},"id":"A0F99904-CCCD-4B86-9D9F-8E8A4255D25D","toDetailCollection":{"condition0":{"layer0":{"outputAndDisplay_tap":{"layerKey":"layer0","display":"Y","output":{"letter_keys":{"_0":"y"}}},"withModifier_tap":{},"isCustomized_tap":true}}}},{"toDetailCollection":{"condition0":{"layer0":{"withModifier_tap":{},"outputAndDisplay_tap":{"output":{"letter_keys":{"_0":"f"}},"display":"F","layerKey":"layer0"},"isCustomized_tap":true}}},"fromDetail":{"output":{"letter_keys":{"_0":"y"}},"display":"Y"},"id":"BCCD1163-FC3F-4F55-A26A-61C6361E8310"},{"fromDetail":{"display":"[","output":{"controls_and_symbols":{"_0":"open_square_bracket"}}},"id":"64BCC27A-79FF-4B26-A5D1-B67FD9EAFC95","toDetailCollection":{"condition0":{"layer0":{"isCustomized_tap":true,"outputAndDisplay_tap":{"output":{"controls_and_symbols":{"_0":"slash"}},"layerKey":"layer0","display":"\/"},"withModifier_tap":{}}}}},{"toDetailCollection":{"condition0":{"layer0":{"withModifier_tap":{},"isCustomized_tap":true,"outputAndDisplay_tap":{"display":",","output":{"controls_and_symbols":{"_0":"comma"}},"layerKey":"layer0"}}}},"fromDetail":{"display":"W","output":{"letter_keys":{"_0":"w"}}},"id":"0B31F778-DBD8-4F8C-A5D8-3A7954FAFA52"},{"fromDetail":{"output":{"letter_keys":{"_0":"q"}},"display":"Q"},"id":"61CC890A-249F-4C89-A8A4-F4D21A8EFEB3","toDetailCollection":{"condition0":{"layer0":{"isCustomized_tap":true,"outputAndDisplay_tap":{"layerKey":"layer0","display":"'","output":{"controls_and_symbols":{"_0":"single_quotation"}}},"withModifier_tap":{}}}}},{"fromDetail":{"display":"I","output":{"letter_keys":{"_0":"i"}}},"toDetailCollection":{"condition0":{"layer0":{"outputAndDisplay_tap":{"output":{"letter_keys":{"_0":"k"}},"layerKey":"layer0","display":"K"},"withModifier_tap":{},"isCustomized_tap":true}}},"id":"AE3C93BE-F034-4A20-A464-55D362B08B85"},{"id":"63F052CF-026B-4EC0-AD53-961823C8D2A2","fromDetail":{"display":"U","output":{"letter_keys":{"_0":"u"}}},"toDetailCollection":{"condition0":{"layer0":{"outputAndDisplay_tap":{"output":{"letter_keys":{"_0":"g"}},"display":"G","layerKey":"layer0"},"isCustomized_tap":true,"withModifier_tap":{}}}}},{"fromDetail":{"display":"return","isSFSymbol":true,"output":{"controls_and_symbols":{"_0":"return_or_enter"}}},"id":"48F24AB6-93F6-4439-9A5F-EEBC33B74A63","toDetailCollection":{},"keyShape":"enter_UK"}]},"isEnableMain":true,"subRows":{"row4":[],"row3":[{"toDetailCollection":{},"id":"800C28BE-CE46-4EE2-9AFF-519848896A41","fromDetail":{"isSFSymbol":true,"display":"arrow.down","output":{"arrow_keys":{"_0":"page_down"}}}},{"toDetailCollection":{},"id":"C2F49623-5291-403B-804D-F26674569ED0","fromDetail":{"isSFSymbol":true,"output":{"controls_and_symbols":{"_0":"delete_forward"}},"display":"delete.right"}},{"toDetailCollection":{},"id":"3ADEF896-2425-498D-A522-5546FF25088B","fromDetail":{"isSFSymbol":true,"display":"arrow.down.to.line","output":{"arrow_keys":{"_0":"end"}}}}],"idsInOrderRow4":[],"enableArrowKeys":false,"arrow_left":{"fromDetail":{"output":{"arrow_keys":{"_0":"left_arrow"}},"isSFSymbol":true,"display":"arrowtriangle.left.fill"},"keyShape":"arrow_LR","toDetailCollection":{},"id":"FDF1C004-CD9D-43FA-AB89-7D9840D44E15"},"idsInOrderRow2":[{"id":"A43F1021-46CB-4E26-B300-4680B0D973A7"},{"id":"B314A58D-6054-4DFE-A9D8-42C1762B5D88"},{"id":"150AAE14-36D7-4279-971A-F46B9752FF0E"}],"rowIndex_arrow":{"row6":{}},"arrow_down":{"id":"7D74F800-F411-4CB7-9FD8-78A5F5CD3ACD","fromDetail":{"isSFSymbol":true,"display":"arrowtriangle.down.fill","output":{"arrow_keys":{"_0":"down_arrow"}}},"toDetailCollection":{},"keyShape":"arrow_Down"},"row6":[{"toDetailCollection":{},"id":"22A25E72-988E-45B5-BD1F-7D1241B40AFE","fromDetail":{"isSFSymbol":true,"output":{"arrow_keys":{"_0":"right_arrow"}},"display":"arrowtriangle.right.fill"}},{"toDetailCollection":{},"fromDetail":{"output":{"arrow_keys":{"_0":"left_arrow"}},"isSFSymbol":true,"display":"arrowtriangle.left.fill"},"id":"F752785B-15D6-4840-80BE-2D52442598DF"},{"toDetailCollection":{},"id":"BD62B367-5D27-44FB-A26A-6FDED4FA2B85","fromDetail":{"display":"arrowtriangle.down.fill","output":{"arrow_keys":{"_0":"down_arrow"}},"isSFSymbol":true}}],"row5":[{"isSpacer":true,"fromDetail":{"output":{"letter_keys":{"_0":"a"}},"display":"A"},"toDetailCollection":{},"id":"13BD4C7F-52E6-45D6-A8F2-3AE61B8E7D02"},{"fromDetail":{"output":{"arrow_keys":{"_0":"up_arrow"}},"display":"arrowtriangle.up.fill","isSFSymbol":true},"id":"06BDA00E-0593-4380-9543-C7DBAC6AE919","toDetailCollection":{}}],"row1":[{"id":"6F4CC00C-7D5B-418C-B14F-B4FA520A9961","toDetailCollection":{},"fromDetail":{"display":"F15","output":{"function_keys":{"_0":"f15"}}}},{"toDetailCollection":{},"id":"CE75D4F2-0A69-434E-8184-2B88FCBB2082","fromDetail":{"output":{"function_keys":{"_0":"f14"}},"display":"F14"}},{"id":"03CCA246-7AD4-4E13-8511-25282D19470D","fromDetail":{"output":{"function_keys":{"_0":"f13"}},"display":"F13"},"toDetailCollection":{}}],"idsInOrderRow5":[{"id":"13BD4C7F-52E6-45D6-A8F2-3AE61B8E7D02"},{"id":"06BDA00E-0593-4380-9543-C7DBAC6AE919"}],"arrow_up":{"id":"468E04DC-6257-4024-AC6F-0BC46D51EE86","fromDetail":{"output":{"arrow_keys":{"_0":"up_arrow"}},"display":"arrowtriangle.up.fill","isSFSymbol":true},"toDetailCollection":{},"keyShape":"arrow_Up"},"arrow_right":{"keyShape":"arrow_LR","id":"E1C17ED5-B8B9-4B0B-AE5D-8BAEB20E115F","toDetailCollection":{},"fromDetail":{"display":"arrowtriangle.right.fill","isSFSymbol":true,"output":{"arrow_keys":{"_0":"right_arrow"}}}},"row2":[{"id":"B314A58D-6054-4DFE-A9D8-42C1762B5D88","fromDetail":{"display":"arrow.up.to.line","isSFSymbol":true,"output":{"arrow_keys":{"_0":"home"}}},"toDetailCollection":{}},{"id":"150AAE14-36D7-4279-971A-F46B9752FF0E","fromDetail":{"isSFSymbol":true,"output":{"arrow_keys":{"_0":"page_up"}},"display":"arrow.up"},"toDetailCollection":{}},{"id":"A43F1021-46CB-4E26-B300-4680B0D973A7","fromDetail":{"isSFSymbol":true,"output":{"keys_in_pc_keyboards":{"_0":"insert"}},"display":"text.insert"},"toDetailCollection":{}}],"idsInOrderRow1":[{"id":"03CCA246-7AD4-4E13-8511-25282D19470D"},{"id":"CE75D4F2-0A69-434E-8184-2B88FCBB2082"},{"id":"6F4CC00C-7D5B-418C-B14F-B4FA520A9961"}],"idsInOrderRow3":[{"id":"C2F49623-5291-403B-804D-F26674569ED0"},{"id":"3ADEF896-2425-498D-A522-5546FF25088B"},{"id":"800C28BE-CE46-4EE2-9AFF-519848896A41"}],"idsInOrderRow6":[{"id":"F752785B-15D6-4840-80BE-2D52442598DF"},{"id":"BD62B367-5D27-44FB-A26A-6FDED4FA2B85"},{"id":"22A25E72-988E-45B5-BD1F-7D1241B40AFE"}]},"isEnableSub":false,"isEnableTenkey":false,"tenkeyRows":{"enableArrowKeys":false,"row5":[{"toDetailCollection":{},"fromDetail":{"display":"projective","output":{"keypad_keys":{"_0":"keypad_enter"}},"isSFSymbol":true},"keyShape":"enter_Tenkey","id":"47F7EA85-94BC-42C1-A4E6-7286B29CD779"},{"id":"05A96099-6398-42A2-8E59-925CE805F42C","fromDetail":{"display":"1","output":{"keypad_keys":{"_0":"keypad_1"}}},"toDetailCollection":{}},{"toDetailCollection":{},"id":"C75B4041-8B68-4184-BCD5-FFA12682F7B1","fromDetail":{"display":"3","output":{"keypad_keys":{"_0":"keypad_3"}}}},{"id":"30168A83-8165-4AE0-9AFA-FAA9A2ED91DE","toDetailCollection":{},"fromDetail":{"output":{"keypad_keys":{"_0":"keypad_2"}},"display":"2"}}],"row2":[{"fromDetail":{"display":"=","output":{"keypad_keys":{"_0":"keypad_equal_sign"}}},"id":"0AF0D033-D36B-4BB4-9965-59DA27C3705D","toDetailCollection":{}},{"fromDetail":{"display":"\/","output":{"keypad_keys":{"_0":"keypad_slash"}}},"id":"27DF3484-EB2E-4139-AE8C-0014FA80AF9F","toDetailCollection":{}},{"id":"434A43CC-6E62-4D41-AC53-41F8C81B0EE6","fromDetail":{"display":"*","output":{"keypad_keys":{"_0":"keypad_asterisk"}}},"toDetailCollection":{}},{"toDetailCollection":{},"id":"DBE4DA24-00A4-4D1F-AA4B-3C5E33F40A00","fromDetail":{"output":{"others":{"_0":"clear"}},"display":"clear"}}],"arrow_right":{"fromDetail":{"display":"arrowtriangle.right.fill","output":{"arrow_keys":{"_0":"right_arrow"}},"isSFSymbol":true},"toDetailCollection":{},"keyShape":"arrow_LR","id":"01FA16E0-49FA-42F0-925E-85C4AB83104F"},"idsInOrderRow5":[{"id":"05A96099-6398-42A2-8E59-925CE805F42C"},{"id":"30168A83-8165-4AE0-9AFA-FAA9A2ED91DE"},{"id":"C75B4041-8B68-4184-BCD5-FFA12682F7B1"},{"id":"47F7EA85-94BC-42C1-A4E6-7286B29CD779"}],"idsInOrderRow1":[{"id":"4E63ECEE-B2A9-4472-9F3E-B5903C2A2F20"},{"id":"AC1CD144-6154-4898-A578-723F0E7F3D40"},{"id":"54194DCF-3C9C-433C-853C-7580BA640A61"},{"id":"674A85BF-32BB-4D45-B29B-B1F99918D58E"}],"arrow_up":{"keyShape":"arrow_Up","id":"FA3B8466-F150-4035-B7E6-CA74920A022F","fromDetail":{"display":"arrowtriangle.up.fill","isSFSymbol":true,"output":{"arrow_keys":{"_0":"up_arrow"}}},"toDetailCollection":{}},"row3":[{"toDetailCollection":{},"id":"99F28CE4-8C75-4DD6-BA4C-FFFE17250272","fromDetail":{"output":{"keypad_keys":{"_0":"keypad_7"}},"display":"7"}},{"id":"52643BBF-2F22-4E66-B9F4-48A273F1C914","fromDetail":{"display":"-","output":{"keypad_keys":{"_0":"keypad_hyphen"}}},"toDetailCollection":{}},{"toDetailCollection":{},"fromDetail":{"output":{"keypad_keys":{"_0":"keypad_8"}},"display":"8"},"id":"CC1FC490-7371-4848-A714-EB60A8CAF715"},{"id":"DBD2C2A7-25F8-4BFA-A783-B6C609E02C87","toDetailCollection":{},"fromDetail":{"display":"9","output":{"keypad_keys":{"_0":"keypad_9"}}}}],"idsInOrderRow4":[{"id":"83501E4E-C3B6-42D4-8ABA-7570D6005544"},{"id":"9A04A885-8C71-4721-8E24-415D674B5156"},{"id":"69B6C839-6259-4DC1-B6DD-7695744BAD5B"},{"id":"7DB361C6-886C-4D06-87B5-0B174FEDAE34"}],"arrow_down":{"keyShape":"arrow_Down","id":"2034616E-9BB7-4786-A570-DF5388F930A8","fromDetail":{"isSFSymbol":true,"output":{"arrow_keys":{"_0":"down_arrow"}},"display":"arrowtriangle.down.fill"},"toDetailCollection":{}},"arrow_left":{"fromDetail":{"display":"arrowtriangle.left.fill","output":{"arrow_keys":{"_0":"left_arrow"}},"isSFSymbol":true},"toDetailCollection":{},"id":"1D5DC305-0898-44F0-ACDE-8E3A17C90B6F","keyShape":"arrow_LR"},"idsInOrderRow3":[{"id":"99F28CE4-8C75-4DD6-BA4C-FFFE17250272"},{"id":"CC1FC490-7371-4848-A714-EB60A8CAF715"},{"id":"DBD2C2A7-25F8-4BFA-A783-B6C609E02C87"},{"id":"52643BBF-2F22-4E66-B9F4-48A273F1C914"}],"rowIndex_arrow":{"row6":{}},"idsInOrderRow6":[{"id":"38DAC2B5-7428-4136-BC49-1D5FCD91BC2D"},{"id":"F72CCDDA-F02C-430F-AA5A-E0B74336763C"}],"row4":[{"fromDetail":{"display":"5","output":{"keypad_keys":{"_0":"keypad_5"}}},"id":"9A04A885-8C71-4721-8E24-415D674B5156","toDetailCollection":{}},{"toDetailCollection":{},"id":"83501E4E-C3B6-42D4-8ABA-7570D6005544","fromDetail":{"output":{"keypad_keys":{"_0":"keypad_4"}},"display":"4"}},{"id":"7DB361C6-886C-4D06-87B5-0B174FEDAE34","fromDetail":{"display":"+","output":{"keypad_keys":{"_0":"keypad_plus"}}},"toDetailCollection":{}},{"fromDetail":{"output":{"keypad_keys":{"_0":"keypad_6"}},"display":"6"},"id":"69B6C839-6259-4DC1-B6DD-7695744BAD5B","toDetailCollection":{}}],"idsInOrderRow2":[{"id":"DBE4DA24-00A4-4D1F-AA4B-3C5E33F40A00"},{"id":"0AF0D033-D36B-4BB4-9965-59DA27C3705D"},{"id":"27DF3484-EB2E-4139-AE8C-0014FA80AF9F"},{"id":"434A43CC-6E62-4D41-AC53-41F8C81B0EE6"}],"row6":[{"id":"F72CCDDA-F02C-430F-AA5A-E0B74336763C","toDetailCollection":{},"fromDetail":{"output":{"keypad_keys":{"_0":"keypad_period"}},"display":"."}},{"fromDetail":{"output":{"keypad_keys":{"_0":"keypad_0"}},"display":"0"},"toDetailCollection":{},"unitSize":2,"id":"38DAC2B5-7428-4136-BC49-1D5FCD91BC2D"}],"row1":[{"toDetailCollection":{},"id":"4E63ECEE-B2A9-4472-9F3E-B5903C2A2F20","fromDetail":{"output":{"function_keys":{"_0":"f16"}},"display":"F16"}},{"toDetailCollection":{},"id":"AC1CD144-6154-4898-A578-723F0E7F3D40","fromDetail":{"display":"F17","output":{"function_keys":{"_0":"f17"}}}},{"toDetailCollection":{},"id":"674A85BF-32BB-4D45-B29B-B1F99918D58E","fromDetail":{"output":{"function_keys":{"_0":"f19"}},"display":"F19"}},{"toDetailCollection":{},"id":"54194DCF-3C9C-433C-853C-7580BA640A61","fromDetail":{"output":{"function_keys":{"_0":"f18"}},"display":"F18"}}]},"sectionDetail":{"deviceDetail":{"is_vendor_id_Enabled":false,"product_id":"product_id","is_product_id_Enabled":false,"is_builtin_keyboard":false,"location_id":"location_id","vendor_id":"vendor_id","is_location_id_Enabled":false,"device_name":"mainKeyboard"},"section":{"main":{}}}},"validSections":{"sections":[{"main":{}}]},"keycodeRegion":"ISO"}}