{"comboCollection":{"condition5":{"layer5":{},"layer4":{},"layer7":{},"layer3":{},"layer6":{},"layer0":{},"layer1":{},"layer2":{},"layer8":{}},"condition7":{"layer3":{},"layer6":{},"layer7":{},"layer8":{},"layer5":{},"layer1":{},"layer2":{},"layer4":{},"layer0":{}},"condition0":{"layer4":{},"layer5":{},"layer3":{},"layer0":{},"layer1":{},"layer2":{},"layer7":{},"layer8":{},"layer6":{}},"condition6":{"layer1":{},"layer0":{},"layer3":{},"layer7":{},"layer8":{},"layer4":{},"layer2":{},"layer5":{},"layer6":{}},"condition8":{"layer4":{},"layer0":{},"layer2":{},"layer1":{},"layer3":{},"layer7":{},"layer6":{},"layer5":{},"layer8":{}},"condition9":{"layer1":{},"layer5":{},"layer0":{},"layer3":{},"layer8":{},"layer2":{},"layer4":{},"layer7":{},"layer6":{}},"condition2":{"layer7":{},"layer2":{},"layer0":{},"layer5":{},"layer6":{},"layer8":{},"layer3":{},"layer4":{},"layer1":{}},"condition3":{"layer8":{},"layer1":{},"layer0":{},"layer4":{},"layer5":{},"layer7":{},"layer3":{},"layer6":{},"layer2":{}},"condition4":{"layer5":{},"layer2":{},"layer0":{},"layer6":{},"layer8":{},"layer3":{},"layer7":{},"layer4":{},"layer1":{}},"condition1":{"layer1":{},"layer4":{},"layer8":{},"layer6":{},"layer0":{},"layer7":{},"layer3":{},"layer2":{},"layer5":{}}},"displayKeySize":65,"macroCollection":{"_collection":[{"toDetailCollection":{"idsInOrderCollection":[{"id":"A18CBB62-ACA3-44AC-8421-FAF1AE54DAA5"},{"id":"C126E265-CB22-4E04-99F2-282EBF568476"}],"_collection":[{"outputAndDisplay":{"layerKey":"layer0","display":"arrowtriangle.left.fill","isSFSymbol":true,"output":{"arrow_keys":{"_0":"left_arrow"}}},"withModifier":{"isWithCommand":true,"isWithShift":true,"isWithModifier":true},"id":"A18CBB62-ACA3-44AC-8421-FAF1AE54DAA5","error":false,"indicator":false},{"error":false,"withModifier":{"isWithCommand":true,"isWithModifier":true},"id":"C126E265-CB22-4E04-99F2-282EBF568476","outputAndDisplay":{"output":{"letter_keys":{"_0":"x"}},"display":"X","layerKey":"layer0"},"indicator":false}]},"name":"Cut2A","dictionary_key":null,"id":"A4CF6F60-C6F1-4354-91DA-ED277EFE9B02"},{"toDetailCollection":{"idsInOrderCollection":[{"id":"5D63C30D-8C9E-4879-A4C2-DFB0869C9D82"},{"id":"F9234513-00D5-47E7-AF49-A1D17FFD8163"}],"_collection":[{"outputAndDisplay":{"layerKey":"layer0","display":"arrowtriangle.right.fill","isSFSymbol":true,"output":{"arrow_keys":{"_0":"right_arrow"}}},"indicator":false,"withModifier":{"isWithShift":true,"isWithModifier":true,"isWithCommand":true},"id":"5D63C30D-8C9E-4879-A4C2-DFB0869C9D82","error":false},{"outputAndDisplay":{"layerKey":"layer0","display":"X","output":{"letter_keys":{"_0":"x"}}},"withModifier":{"isWithModifier":true,"isWithCommand":true},"error":false,"indicator":false,"id":"F9234513-00D5-47E7-AF49-A1D17FFD8163"}]},"name":"Cut2Z","dictionary_key":null,"id":"374F6997-DDBC-479D-9D0E-FE3DC37F066C"}],"idsInOrderCollection":[{"id":"A4CF6F60-C6F1-4354-91DA-ED277EFE9B02"},{"id":"374F6997-DDBC-479D-9D0E-FE3DC37F066C"}]},"selections":{"condition":"condition0","keyboardKey":{"id":"2230C935-5A70-4B6A-9611-DB56F45BE5C5","fromDetail":{"output":{"letter_keys":{"_0":"a"}},"display":"A"},"toDetailCollection":{}},"macro":{"dictionary_key":null,"name":"Cut2A","id":"A4CF6F60-C6F1-4354-91DA-ED277EFE9B02","toDetailCollection":{"idsInOrderCollection":[{"id":"A18CBB62-ACA3-44AC-8421-FAF1AE54DAA5"},{"id":"C126E265-CB22-4E04-99F2-282EBF568476"}],"_collection":[{"outputAndDisplay":{"output":{"arrow_keys":{"_0":"left_arrow"}},"isSFSymbol":true,"display":"arrowtriangle.left.fill","layerKey":"layer0"},"error":false,"id":"A18CBB62-ACA3-44AC-8421-FAF1AE54DAA5","withModifier":{"isWithShift":true,"isWithCommand":true,"isWithModifier":true},"indicator":false},{"outputAndDisplay":{"output":{"letter_keys":{"_0":"x"}},"display":"X","layerKey":"layer0"},"error":false,"id":"C126E265-CB22-4E04-99F2-282EBF568476","withModifier":{"isWithModifier":true,"isWithCommand":true},"indicator":false}]}},"combo":{"key_up_order":"insensitive","id":"5F43BB11-8D84-4167-9A02-2ADD6960B484","comboThreshold":50,"key_down_order":"insensitive","toDetail":{}},"tab":{"remap":{}},"toTab":"qwertyKeyboard","macroTab":{"userMacro":{}},"fromTab":{"qwertyKeyboard":{}},"customOrMacroTab":{"customizeKey":{}},"toDetail_macro":{"error":false,"indicator":false,"id":"12AB05B6-EF08-41A5-8B6E-531F6B0C712B","outputAndDisplay":{"display":"none","layerKey":"layer0","output":{"letter_keys":{"_0":"a"}}},"withModifier":{}},"layer":"layer1"},"name":"LayerSample_UK","conditionDetailCollection":{"condition9":{"isEnabled":false,"type":"Application","name":"Condition9","value":"com.vendor.condition9"},"condition4":{"value":"com.vendor.condition4","name":"Condition4","type":"Application","isEnabled":false},"condition6":{"isEnabled":false,"type":"Application","name":"Condition6","value":"com.vendor.condition6"},"condition7":{"type":"Application","name":"Condition7","value":"com.vendor.condition7","isEnabled":false},"condition0":{"name":"Default","value":"com.vendor.condition0","type":"Application","isEnabled":true},"condition3":{"name":"Condition3","type":"Application","value":"com.vendor.condition3","isEnabled":false},"condition1":{"name":"Condition1","value":"ja","isEnabled":false,"type":"InputSource"},"condition5":{"isEnabled":false,"value":"com.vendor.condition5","type":"Application","name":"Condition5"},"condition2":{"isEnabled":false,"type":"Application","name":"Condition2","value":"com.vendor.condition2"},"condition8":{"isEnabled":false,"type":"Application","value":"com.vendor.condition8","name":"Condition8"}},"keymap":{"validSections":{"sections":[{"main":{}}]},"main":{"isEnableTenkey":false,"subRows":{"arrow_down":{"keyShape":"arrow_Down","id":"36E01CA7-03C7-4D7F-85DF-3E29E9283520","toDetailCollection":{},"fromDetail":{"output":{"arrow_keys":{"_0":"down_arrow"}},"isSFSymbol":true,"display":"arrowtriangle.down.fill"}},"row5":[{"fromDetail":{"display":"A","output":{"letter_keys":{"_0":"a"}}},"toDetailCollection":{},"isSpacer":true,"id":"68946973-DEF9-43B1-BF04-8A8BBDFFE807"},{"fromDetail":{"output":{"arrow_keys":{"_0":"up_arrow"}},"display":"arrowtriangle.up.fill","isSFSymbol":true},"id":"13023C6D-3D20-482C-9F5D-825DC1EADF8B","toDetailCollection":{}}],"row6":[{"id":"0CFD1C90-1089-4786-8C18-FC2FAD6FCF6D","toDetailCollection":{},"fromDetail":{"display":"arrowtriangle.left.fill","isSFSymbol":true,"output":{"arrow_keys":{"_0":"left_arrow"}}}},{"toDetailCollection":{},"id":"585C51F0-FF85-4A19-ADED-19E3C55DFE8A","fromDetail":{"display":"arrowtriangle.right.fill","isSFSymbol":true,"output":{"arrow_keys":{"_0":"right_arrow"}}}},{"toDetailCollection":{},"fromDetail":{"display":"arrowtriangle.down.fill","isSFSymbol":true,"output":{"arrow_keys":{"_0":"down_arrow"}}},"id":"7BCE9CE7-3C0E-4A89-B2D7-FE216534B69E"}],"idsInOrderRow4":[],"idsInOrderRow5":[{"id":"68946973-DEF9-43B1-BF04-8A8BBDFFE807"},{"id":"13023C6D-3D20-482C-9F5D-825DC1EADF8B"}],"row1":[{"fromDetail":{"display":"F13","output":{"function_keys":{"_0":"f13"}}},"id":"6A562B94-EF39-4D8C-BCFA-CE113E5C3E70","toDetailCollection":{}},{"id":"9402FAFA-F039-4CBA-8E5D-64102B41E41B","fromDetail":{"output":{"function_keys":{"_0":"f14"}},"display":"F14"},"toDetailCollection":{}},{"id":"C9322FB1-A45F-4684-8199-FAE5E23A7768","fromDetail":{"output":{"function_keys":{"_0":"f15"}},"display":"F15"},"toDetailCollection":{}}],"idsInOrderRow2":[{"id":"80A78F5B-5DA3-4A83-9088-B7B7676F4C4B"},{"id":"A710D156-7D58-46DE-A661-D6AAF411A69F"},{"id":"427EF931-F915-4574-80E6-1AC2620C7C0E"}],"row4":[],"row2":[{"fromDetail":{"display":"arrow.up","isSFSymbol":true,"output":{"arrow_keys":{"_0":"page_up"}}},"toDetailCollection":{},"id":"427EF931-F915-4574-80E6-1AC2620C7C0E"},{"toDetailCollection":{},"fromDetail":{"output":{"keys_in_pc_keyboards":{"_0":"insert"}},"isSFSymbol":true,"display":"text.insert"},"id":"80A78F5B-5DA3-4A83-9088-B7B7676F4C4B"},{"id":"A710D156-7D58-46DE-A661-D6AAF411A69F","fromDetail":{"output":{"arrow_keys":{"_0":"home"}},"display":"arrow.up.to.line","isSFSymbol":true},"toDetailCollection":{}}],"rowIndex_arrow":{"row6":{}},"idsInOrderRow6":[{"id":"0CFD1C90-1089-4786-8C18-FC2FAD6FCF6D"},{"id":"7BCE9CE7-3C0E-4A89-B2D7-FE216534B69E"},{"id":"585C51F0-FF85-4A19-ADED-19E3C55DFE8A"}],"enableArrowKeys":false,"row3":[{"fromDetail":{"display":"delete.right","isSFSymbol":true,"output":{"controls_and_symbols":{"_0":"delete_forward"}}},"toDetailCollection":{},"id":"EA093F84-302C-405D-A595-B35A0DE2DE4D"},{"fromDetail":{"output":{"arrow_keys":{"_0":"page_down"}},"display":"arrow.down","isSFSymbol":true},"id":"1072B0CB-19C2-41D8-85E0-ACB00679A498","toDetailCollection":{}},{"toDetailCollection":{},"fromDetail":{"output":{"arrow_keys":{"_0":"end"}},"display":"arrow.down.to.line","isSFSymbol":true},"id":"D8048B12-EBB7-4E71-8456-53B8C5F1D59C"}],"arrow_left":{"fromDetail":{"output":{"arrow_keys":{"_0":"left_arrow"}},"display":"arrowtriangle.left.fill","isSFSymbol":true},"id":"0BD8E962-CA53-4B64-BF6D-FD55960C4DDA","keyShape":"arrow_LR","toDetailCollection":{}},"idsInOrderRow3":[{"id":"EA093F84-302C-405D-A595-B35A0DE2DE4D"},{"id":"D8048B12-EBB7-4E71-8456-53B8C5F1D59C"},{"id":"1072B0CB-19C2-41D8-85E0-ACB00679A498"}],"arrow_up":{"keyShape":"arrow_Up","toDetailCollection":{},"fromDetail":{"isSFSymbol":true,"display":"arrowtriangle.up.fill","output":{"arrow_keys":{"_0":"up_arrow"}}},"id":"49C72F39-3DD5-435D-B828-9EF632B20EDB"},"idsInOrderRow1":[{"id":"6A562B94-EF39-4D8C-BCFA-CE113E5C3E70"},{"id":"9402FAFA-F039-4CBA-8E5D-64102B41E41B"},{"id":"C9322FB1-A45F-4684-8199-FAE5E23A7768"}],"arrow_right":{"toDetailCollection":{},"keyShape":"arrow_LR","id":"EA0D5CFA-6705-436D-8A5D-81E682CA8C4E","fromDetail":{"output":{"arrow_keys":{"_0":"right_arrow"}},"display":"arrowtriangle.right.fill","isSFSymbol":true}}},"mainRows":{"row6":[{"fromDetail":{"output":{"modifier_keys":{"_0":"keyboard_fn"}},"display":"globe","isSFSymbol":true},"toDetailCollection":{},"id":"97FA5475-9122-4B57-B776-DEE17B5346E3"},{"fromDetail":{"isSFSymbol":true,"output":{"modifier_keys":{"_0":"left_control"}},"display":"control"},"id":"C34A3CAD-FBBC-4750-97DB-1BA534B369FF","toDetailCollection":{}},{"toDetailCollection":{},"id":"8A1EB6F9-DD77-4931-BFFC-CF413FD9D06A","unitSize":1.25,"fromDetail":{"output":{"modifier_keys":{"_0":"left_command"}},"isSFSymbol":true,"display":"command"}},{"fromDetail":{"output":{"modifier_keys":{"_0":"right_option"}},"isSFSymbol":true,"display":"option"},"id":"D2F7E677-5E65-40F9-8513-069D100F4173","toDetailCollection":{}},{"unitSize":5,"id":"656F9D6E-3B92-4959-8914-096396E1EC9D","fromDetail":{"output":{"controls_and_symbols":{"_0":"spacebar"}},"display":"␣"},"toDetailCollection":{"condition0":{"layer0":{"outputAndDisplay_hold":{"output":{"layer_keys":{"_0":"layer1"}},"display":"1.square","isSFSymbol":true},"withModifier_tap":{},"isTapHoldEnabled":true,"tapHoldType":"chord","isCustomized_hold":true,"isCustomized_tap":true,"outputAndDisplay_tap":{"output":{"controls_and_symbols":{"_0":"spacebar"}},"display":"␣","layerKey":"layer0"},"withModifier_hold":{}}}}},{"toDetailCollection":{},"fromDetail":{"display":"option","output":{"modifier_keys":{"_0":"left_option"}},"isSFSymbol":true},"id":"F4FC44DF-DFCB-4512-8B04-9A34757A143A"},{"unitSize":1.25,"fromDetail":{"isSFSymbol":true,"display":"command","output":{"modifier_keys":{"_0":"right_command"}}},"toDetailCollection":{},"id":"237898E7-D413-4BCA-8117-E37F11C0F581"}],"row4":[{"toDetailCollection":{"condition0":{"layer1":{"withModifier_tap":{},"isCustomized_tap":true,"outputAndDisplay_tap":{"isSFSymbol":true,"layerKey":"layer0","output":{"arrow_keys":{"_0":"right_arrow"}},"display":"arrowtriangle.right.fill"}}}},"fromDetail":{"display":"L","output":{"letter_keys":{"_0":"l"}}},"id":"BA9D446A-06DA-40DF-A9D2-694055A9B549"},{"id":"738D5C75-C7BF-48D3-9030-2D8D4430A88C","fromDetail":{"output":{"letter_keys":{"_0":"f"}},"display":"F"},"toDetailCollection":{"condition0":{"layer1":{"outputAndDisplay_tap":{"display":"6","output":{"number_keys":{"_0":"six"}},"layerKey":"layer0"},"isCustomized_tap":true,"withModifier_tap":{}}}}},{"toDetailCollection":{"condition0":{"layer1":{"outputAndDisplay_tap":{"display":"0","layerKey":"layer0","output":{"number_keys":{"_0":"zero"}}},"isCustomized_tap":true,"withModifier_tap":{}}}},"fromDetail":{"display":"G","output":{"letter_keys":{"_0":"g"}}},"id":"3E3B9C74-43D7-4A2A-82B0-539B9502F47B"},{"toDetailCollection":{"condition0":{"layer1":{"withModifier_tap":{"isWithModifier":true,"isWithCommand":true},"outputAndDisplay_tap":{"display":"arrow.right.to.line","layerKey":"layer0","isSFSymbol":true,"output":{"controls_and_symbols":{"_0":"tab"}}},"isCustomized_tap":true}}},"id":"BC9E2931-118E-4268-99A1-43D6D45501C9","fromDetail":{"display":";","output":{"controls_and_symbols":{"_0":"semicolon"}}}},{"id":"248386F6-362C-4DD8-80D1-7AF4EC851410","fromDetail":{"output":{"letter_keys":{"_0":"j"}},"display":"J"},"toDetailCollection":{"condition0":{"layer1":{"outputAndDisplay_tap":{"isSFSymbol":true,"output":{"arrow_keys":{"_0":"left_arrow"}},"display":"arrowtriangle.left.fill","layerKey":"layer0"},"withModifier_tap":{},"isCustomized_tap":true}}}},{"id":"C5080A8A-B626-48F9-BDBE-286D03709583","fromDetail":{"display":"capslock","output":{"modifier_keys":{"_0":"caps_lock"}},"isSFSymbol":true},"unitSize":1.75,"toDetailCollection":{}},{"fromDetail":{"output":{"letter_keys":{"_0":"h"}},"display":"H"},"id":"51F53050-74E9-4C96-B1B4-D3CC56961ED9","toDetailCollection":{"condition0":{"layer1":{"withModifier_tap":{"isWithShift":true,"isWithCommand":true,"isWithModifier":true},"outputAndDisplay_tap":{"output":{"controls_and_symbols":{"_0":"tab"}},"display":"arrow.right.to.line","isSFSymbol":true,"layerKey":"layer0"},"isCustomized_tap":true}}}},{"toDetailCollection":{},"fromDetail":{"output":{"controls_and_symbols":{"_0":"single_quotation_or_colon"}},"display":"'"},"id":"4D66B875-4D79-4AD7-AE58-2E344051B5E1"},{"fromDetail":{"display":"S","output":{"letter_keys":{"_0":"s"}}},"toDetailCollection":{"condition0":{"layer1":{"withModifier_tap":{},"outputAndDisplay_tap":{"layerKey":"layer0","output":{"number_keys":{"_0":"four"}},"display":"4"},"isCustomized_tap":true}}},"id":"D35130A2-25EA-4CCD-9571-4A3038615C06"},{"toDetailCollection":{"condition0":{"layer1":{"withModifier_tap":{},"outputAndDisplay_tap":{"isSFSymbol":true,"layerKey":"layer0","output":{"arrow_keys":{"_0":"down_arrow"}},"display":"arrowtriangle.down.fill"},"isCustomized_tap":true}}},"fromDetail":{"display":"K","output":{"letter_keys":{"_0":"k"}}},"id":"AC954FE2-43C6-4E88-8D9C-3557A1470B0F"},{"id":"B0C7B2E0-B26D-40C3-9C64-32C52368E569","toDetailCollection":{},"fromDetail":{"output":{"controls_and_symbols":{"_0":"backslash_or_yen"}},"display":"\\"}},{"id":"AD85DAA6-67E6-447B-87BA-4DFF8D79C63D","fromDetail":{"output":{"letter_keys":{"_0":"a"}},"display":"A"},"toDetailCollection":{"condition0":{"layer1":{"outputAndDisplay_tap":{"output":{"controls_and_symbols":{"_0":"period"}},"layerKey":"layer0","display":"."},"isCustomized_tap":true,"withModifier_tap":{}}}}},{"fromDetail":{"output":{"letter_keys":{"_0":"d"}},"display":"D"},"toDetailCollection":{"condition0":{"layer1":{"isCustomized_tap":true,"outputAndDisplay_tap":{"output":{"number_keys":{"_0":"five"}},"layerKey":"layer0","display":"5"},"withModifier_tap":{}}}},"id":"F91795FF-F9F9-4951-B773-154D3CA0B251"}],"arrow_left":{"keyShape":"arrow_LR","fromDetail":{"output":{"arrow_keys":{"_0":"left_arrow"}},"display":"arrowtriangle.left.fill","isSFSymbol":true},"id":"A0D53D33-7176-4D7C-AC1F-A3CA612F044E","toDetailCollection":{}},"idsInOrderRow2":[{"id":"7E08D666-8B52-4579-811C-281E8AA09AF0"},{"id":"7AAD6935-DCCC-4D0D-A3A2-C4BD02C46311"},{"id":"941C9F61-68A1-4120-8856-A1540CDDA9E2"},{"id":"FB250736-23EC-4B67-BFB7-DD5DFEDCC269"},{"id":"19EF5197-0CA9-4D29-929D-C61FD154A87A"},{"id":"62CB1BD2-F7C1-4064-8DF6-AC777A73B3CD"},{"id":"CF362BB7-9975-4515-868A-61952EB169A9"},{"id":"951C6AB9-7A5A-4B30-A22E-41FA7EA31231"},{"id":"76D85827-E612-473E-8690-994E195277E6"},{"id":"88752C90-FADE-43C6-86A3-17075EFBE96E"},{"id":"6CEFF1BA-EEEC-4463-BFF2-1A42BE3D54A2"},{"id":"B7B3B061-7A34-4B2D-AB57-4F2509CF8D74"},{"id":"FFA69BC4-3EB7-47F5-AF5B-A61AB5FF0A2E"},{"id":"B8A45125-328F-4638-848E-8AA6CBA4256C"}],"arrow_up":{"fromDetail":{"isSFSymbol":true,"display":"arrowtriangle.up.fill","output":{"arrow_keys":{"_0":"up_arrow"}}},"toDetailCollection":{},"keyShape":"arrow_Up","id":"DD65E5ED-5A4A-4952-9B42-BFBA93908462"},"row3":[{"fromDetail":{"output":{"letter_keys":{"_0":"p"}},"display":"P"},"toDetailCollection":{"condition0":{"layer1":{"withModifier_tap":{"isWithControl":true,"isWithModifier":true},"isCustomized_tap":true,"outputAndDisplay_tap":{"output":{"arrow_keys":{"_0":"right_arrow"}},"isSFSymbol":true,"layerKey":"layer0","display":"arrowtriangle.right.fill"}}}},"id":"7285FFA6-AA00-4EDD-93EE-45901D8A6AB1"},{"id":"95C58C78-AC75-42CC-972B-23C1D16BA038","fromDetail":{"output":{"letter_keys":{"_0":"r"}},"display":"R"},"toDetailCollection":{"condition0":{"layer1":{"withModifier_tap":{},"outputAndDisplay_tap":{"output":{"number_keys":{"_0":"three"}},"display":"3","layerKey":"layer0"},"isCustomized_tap":true}}}},{"toDetailCollection":{"condition0":{"layer1":{"withModifier_tap":{"isWithModifier":true,"isWithOption":true},"isCustomized_tap":true,"outputAndDisplay_tap":{"isSFSymbol":true,"output":{"arrow_keys":{"_0":"right_arrow"}},"display":"arrowtriangle.right.fill","layerKey":"layer0"}}}},"id":"CD95D8CC-5A83-46E2-86B7-10BF87BC9966","fromDetail":{"display":"O","output":{"letter_keys":{"_0":"o"}}}},{"fromDetail":{"output":{"letter_keys":{"_0":"q"}},"display":"Q"},"id":"144DD062-6C99-41C1-BF07-2BDF0CA8E72E","toDetailCollection":{"condition0":{"layer1":{"outputAndDisplay_tap":{"display":"return","output":{"controls_and_symbols":{"_0":"return_or_enter"}},"layerKey":"layer0","isSFSymbol":true},"isCustomized_tap":true,"withModifier_tap":{}}}}},{"fromDetail":{"output":{"letter_keys":{"_0":"t"}},"display":"T"},"id":"270EAD7C-58B1-4D85-A2C8-E94713F077FB","toDetailCollection":{"condition0":{"layer1":{"outputAndDisplay_tap":{"display":"delete.left","layerKey":"layer0","output":{"controls_and_symbols":{"_0":"delete_or_backspace"}},"isSFSymbol":true},"isCustomized_tap":true,"withModifier_tap":{}}}}},{"toDetailCollection":{},"id":"549D8D48-15D7-4435-899E-EB65BDADEBB4","fromDetail":{"output":{"controls_and_symbols":{"_0":"open_square_bracket"}},"display":"["}},{"id":"751A33F7-AE60-457B-A15E-5A115C799B1D","unitSize":1.5,"toDetailCollection":{},"fromDetail":{"output":{"controls_and_symbols":{"_0":"tab"}},"isSFSymbol":true,"display":"arrow.right.to.line"}},{"fromDetail":{"output":{"letter_keys":{"_0":"y"}},"display":"Y"},"toDetailCollection":{"condition0":{"layer1":{"isCustomized_tap":true,"withModifier_tap":{"isWithModifier":true,"isWithControl":true},"outputAndDisplay_tap":{"isSFSymbol":true,"output":{"arrow_keys":{"_0":"left_arrow"}},"layerKey":"layer0","display":"arrowtriangle.left.fill"}}}},"id":"9E3800CD-5A2A-4C68-B344-A41BF66BEF7B"},{"toDetailCollection":{"condition0":{"layer1":{"isCustomized_tap":true,"withModifier_tap":{},"outputAndDisplay_tap":{"layerKey":"layer0","display":"1","output":{"number_keys":{"_0":"one"}}}}}},"id":"F5C0B977-3C60-4283-9F79-07B719E5FA72","fromDetail":{"output":{"letter_keys":{"_0":"w"}},"display":"W"}},{"id":"1B5872D8-C73E-42F1-B4AC-AC61CB192B7F","fromDetail":{"display":"U","output":{"letter_keys":{"_0":"u"}}},"toDetailCollection":{"condition0":{"layer1":{"withModifier_tap":{"isWithModifier":true,"isWithOption":true},"isCustomized_tap":true,"outputAndDisplay_tap":{"display":"arrowtriangle.left.fill","layerKey":"layer0","isSFSymbol":true,"output":{"arrow_keys":{"_0":"left_arrow"}}}}}}},{"fromDetail":{"output":{"controls_and_symbols":{"_0":"close_square_bracket"}},"display":"]"},"id":"35785A06-2276-4D54-97C0-74A2A7716D0A","toDetailCollection":{}},{"toDetailCollection":{"condition0":{"layer1":{"outputAndDisplay_tap":{"layerKey":"layer0","display":"2","output":{"number_keys":{"_0":"two"}}},"withModifier_tap":{},"isCustomized_tap":true}}},"fromDetail":{"output":{"letter_keys":{"_0":"e"}},"display":"E"},"id":"B9777937-6C71-47E3-9CB0-3A98E5AAF27E"},{"fromDetail":{"display":"I","output":{"letter_keys":{"_0":"i"}}},"id":"3F29A110-4A8D-4151-9470-58B45088E45D","toDetailCollection":{"condition0":{"layer1":{"withModifier_tap":{},"isCustomized_tap":true,"outputAndDisplay_tap":{"layerKey":"layer0","isSFSymbol":true,"output":{"arrow_keys":{"_0":"up_arrow"}},"display":"arrowtriangle.up.fill"}}}}},{"id":"9845FC1D-EDF9-45AB-8D4E-D64C4D8B5729","fromDetail":{"output":{"controls_and_symbols":{"_0":"return_or_enter"}},"display":"return","isSFSymbol":true},"keyShape":"enter_UK","toDetailCollection":{}}],"idsInOrderRow4":[{"id":"C5080A8A-B626-48F9-BDBE-286D03709583"},{"id":"AD85DAA6-67E6-447B-87BA-4DFF8D79C63D"},{"id":"D35130A2-25EA-4CCD-9571-4A3038615C06"},{"id":"F91795FF-F9F9-4951-B773-154D3CA0B251"},{"id":"738D5C75-C7BF-48D3-9030-2D8D4430A88C"},{"id":"3E3B9C74-43D7-4A2A-82B0-539B9502F47B"},{"id":"51F53050-74E9-4C96-B1B4-D3CC56961ED9"},{"id":"248386F6-362C-4DD8-80D1-7AF4EC851410"},{"id":"AC954FE2-43C6-4E88-8D9C-3557A1470B0F"},{"id":"BA9D446A-06DA-40DF-A9D2-694055A9B549"},{"id":"BC9E2931-118E-4268-99A1-43D6D45501C9"},{"id":"4D66B875-4D79-4AD7-AE58-2E344051B5E1"},{"id":"B0C7B2E0-B26D-40C3-9C64-32C52368E569"}],"idsInOrderRow5":[{"id":"F13F1C1F-8D2D-46D5-AFD0-E57BC441CF98"},{"id":"3A8BC2E3-2E02-46A6-B1CE-E4FBE078AA4C"},{"id":"7AB73A63-1208-4171-AC9D-DDF162AADF63"},{"id":"250E3B0C-F73F-4EC1-84A7-6F522CFADCAE"},{"id":"1C70E585-3979-4FEF-A123-2822515C946A"},{"id":"E69172E8-064E-4E13-9F6A-B05E42A2B397"},{"id":"81864AFB-B495-4A6F-B8B3-4B718C433BB8"},{"id":"47492622-8487-47F9-9E5F-64FFE89373FD"},{"id":"D885F217-98E6-401C-B70D-5056917D936C"},{"id":"64EF3659-3360-433C-821E-13A0778E666C"},{"id":"79753982-6E6A-4F1B-AE65-D557D9175FE7"},{"id":"93062DB0-E67C-4826-A6B0-CCE8CDFAAA31"},{"id":"B6D032B9-0390-4D01-BD14-F54E47E1FB36"}],"arrow_right":{"id":"6586639B-D642-4213-AB21-A9914A10CD5E","fromDetail":{"display":"arrowtriangle.right.fill","isSFSymbol":true,"output":{"arrow_keys":{"_0":"right_arrow"}}},"keyShape":"arrow_LR","toDetailCollection":{}},"arrow_down":{"keyShape":"arrow_Down","fromDetail":{"display":"arrowtriangle.down.fill","output":{"arrow_keys":{"_0":"down_arrow"}},"isSFSymbol":true},"toDetailCollection":{},"id":"6CC14931-F2BA-4A03-8CA2-FBD32CFACC84"},"idsInOrderRow1":[{"id":"B826E024-3239-49D6-9271-9AEE63D58CF7"},{"id":"B0941AE3-8497-47AF-BEAE-EF351C6A0492"},{"id":"3CF0EEEA-762A-40ED-AC42-47441FF5F9B6"},{"id":"6240488D-0726-4CCB-A358-9F2B0E21F3FD"},{"id":"EB8AA1B4-66FE-4D4D-B30A-EC5AE62BC66D"},{"id":"0B05AD3A-D3BA-44B7-8E50-67E2EEC39C26"},{"id":"579D42FD-27E0-490F-9A11-7813569FD0C8"},{"id":"F20E0663-9641-4B62-8E2C-79DA812D39D9"},{"id":"FE3AC488-0C0A-4467-84D5-9B440390DE89"},{"id":"D5678732-3DDC-47A5-8A38-9C3A8748BFB1"},{"id":"7D2ABB02-4A88-4B37-A1F9-626258752C3E"},{"id":"4EBF4890-5432-4023-8EB0-3D8A461F1483"},{"id":"6224EEE5-810A-41C6-807E-E2107065A2B3"}],"row1":[{"id":"B826E024-3239-49D6-9271-9AEE63D58CF7","fromDetail":{"output":{"controls_and_symbols":{"_0":"escape"}},"display":"escape","isSFSymbol":true},"toDetailCollection":{},"unitSize":1.5},{"fromDetail":{"display":"F1","output":{"function_keys":{"_0":"f1"}}},"id":"B0941AE3-8497-47AF-BEAE-EF351C6A0492","toDetailCollection":{}},{"toDetailCollection":{},"fromDetail":{"display":"F2","output":{"function_keys":{"_0":"f2"}}},"id":"3CF0EEEA-762A-40ED-AC42-47441FF5F9B6"},{"id":"6240488D-0726-4CCB-A358-9F2B0E21F3FD","fromDetail":{"output":{"function_keys":{"_0":"f3"}},"display":"F3"},"toDetailCollection":{}},{"id":"EB8AA1B4-66FE-4D4D-B30A-EC5AE62BC66D","fromDetail":{"output":{"function_keys":{"_0":"f4"}},"display":"F4"},"toDetailCollection":{}},{"id":"0B05AD3A-D3BA-44B7-8E50-67E2EEC39C26","fromDetail":{"output":{"function_keys":{"_0":"f5"}},"display":"F5"},"toDetailCollection":{}},{"id":"579D42FD-27E0-490F-9A11-7813569FD0C8","fromDetail":{"output":{"function_keys":{"_0":"f6"}},"display":"F6"},"toDetailCollection":{}},{"id":"F20E0663-9641-4B62-8E2C-79DA812D39D9","fromDetail":{"display":"F7","output":{"function_keys":{"_0":"f7"}}},"toDetailCollection":{}},{"id":"FE3AC488-0C0A-4467-84D5-9B440390DE89","fromDetail":{"display":"F8","output":{"function_keys":{"_0":"f8"}}},"toDetailCollection":{}},{"id":"D5678732-3DDC-47A5-8A38-9C3A8748BFB1","toDetailCollection":{},"fromDetail":{"output":{"function_keys":{"_0":"f9"}},"display":"F9"}},{"fromDetail":{"output":{"function_keys":{"_0":"f10"}},"display":"F10"},"toDetailCollection":{},"id":"7D2ABB02-4A88-4B37-A1F9-626258752C3E"},{"id":"4EBF4890-5432-4023-8EB0-3D8A461F1483","fromDetail":{"output":{"function_keys":{"_0":"f11"}},"display":"F11"},"toDetailCollection":{}},{"fromDetail":{"output":{"function_keys":{"_0":"f12"}},"display":"F12"},"id":"6224EEE5-810A-41C6-807E-E2107065A2B3","toDetailCollection":{}}],"idsInOrderRow3":[{"id":"751A33F7-AE60-457B-A15E-5A115C799B1D"},{"id":"144DD062-6C99-41C1-BF07-2BDF0CA8E72E"},{"id":"F5C0B977-3C60-4283-9F79-07B719E5FA72"},{"id":"B9777937-6C71-47E3-9CB0-3A98E5AAF27E"},{"id":"95C58C78-AC75-42CC-972B-23C1D16BA038"},{"id":"270EAD7C-58B1-4D85-A2C8-E94713F077FB"},{"id":"9E3800CD-5A2A-4C68-B344-A41BF66BEF7B"},{"id":"1B5872D8-C73E-42F1-B4AC-AC61CB192B7F"},{"id":"3F29A110-4A8D-4151-9470-58B45088E45D"},{"id":"CD95D8CC-5A83-46E2-86B7-10BF87BC9966"},{"id":"7285FFA6-AA00-4EDD-93EE-45901D8A6AB1"},{"id":"549D8D48-15D7-4435-899E-EB65BDADEBB4"},{"id":"35785A06-2276-4D54-97C0-74A2A7716D0A"},{"id":"9845FC1D-EDF9-45AB-8D4E-D64C4D8B5729"}],"row5":[{"fromDetail":{"output":{"letter_keys":{"_0":"n"}},"display":"N"},"toDetailCollection":{"condition0":{"layer1":{"isCustomized_tap":true,"withModifier_tap":{},"isMacro_tap":true,"outputAndDisplay_tap":{"layerKey":"layer0","display":"arrowtriangle.left.fill","isSFSymbol":true,"output":{"arrow_keys":{"_0":"left_arrow"}}},"macro_id_tap":"A4CF6F60-C6F1-4354-91DA-ED277EFE9B02"}}},"id":"47492622-8487-47F9-9E5F-64FFE89373FD"},{"id":"3A8BC2E3-2E02-46A6-B1CE-E4FBE078AA4C","fromDetail":{"output":{"controls_and_symbols":{"_0":"grave_accent"}},"display":"`"},"toDetailCollection":{}},{"fromDetail":{"output":{"modifier_keys":{"_0":"right_shift"}},"display":"shift","isSFSymbol":true},"toDetailCollection":{},"unitSize":2.25,"id":"B6D032B9-0390-4D01-BD14-F54E47E1FB36"},{"fromDetail":{"display":"B","output":{"letter_keys":{"_0":"b"}}},"id":"81864AFB-B495-4A6F-B8B3-4B718C433BB8","toDetailCollection":{"condition0":{"layer1":{"outputAndDisplay_tap":{"layerKey":"layer0","output":{"controls_and_symbols":{"_0":"delete_forward"}},"display":"delete.right","isSFSymbol":true},"withModifier_tap":{},"isCustomized_tap":true}}}},{"toDetailCollection":{"condition0":{"layer1":{"outputAndDisplay_tap":{"display":"none","layerKey":"layer0"},"withModifier_tap":{},"macro_id_tap":"374F6997-DDBC-479D-9D0E-FE3DC37F066C","isCustomized_tap":true,"isMacro_tap":true}}},"fromDetail":{"display":"\/","output":{"controls_and_symbols":{"_0":"slash"}}},"id":"93062DB0-E67C-4826-A6B0-CCE8CDFAAA31"},{"id":"79753982-6E6A-4F1B-AE65-D557D9175FE7","fromDetail":{"output":{"controls_and_symbols":{"_0":"period"}},"display":"."},"toDetailCollection":{"condition0":{"layer1":{"isCustomized_tap":true,"outputAndDisplay_tap":{"output":{"arrow_keys":{"_0":"right_arrow"}},"display":"arrowtriangle.right.fill","isSFSymbol":true,"layerKey":"layer0"},"withModifier_tap":{"isWithCommand":true,"isWithModifier":true}}}}},{"toDetailCollection":{"condition0":{"layer1":{"outputAndDisplay_tap":{"output":{"number_keys":{"_0":"eight"}},"display":"8","layerKey":"layer0"},"isCustomized_tap":true,"withModifier_tap":{}}}},"fromDetail":{"output":{"letter_keys":{"_0":"c"}},"display":"C"},"id":"1C70E585-3979-4FEF-A123-2822515C946A"},{"id":"7AB73A63-1208-4171-AC9D-DDF162AADF63","fromDetail":{"display":"Z","output":{"letter_keys":{"_0":"z"}}},"toDetailCollection":{"condition0":{"layer1":{"withModifier_tap":{},"isCustomized_tap":true,"outputAndDisplay_tap":{"display":",","output":{"controls_and_symbols":{"_0":"comma"}},"layerKey":"layer0"}}}}},{"fromDetail":{"output":{"controls_and_symbols":{"_0":"comma"}},"display":","},"id":"64EF3659-3360-433C-821E-13A0778E666C","toDetailCollection":{"condition0":{"layer1":{"isCustomized_tap":true,"withModifier_tap":{},"outputAndDisplay_tap":{"display":"escape","output":{"controls_and_symbols":{"_0":"escape"}},"isSFSymbol":true,"layerKey":"layer0"}}}}},{"fromDetail":{"display":"shift","isSFSymbol":true,"output":{"modifier_keys":{"_0":"left_shift"}}},"id":"F13F1C1F-8D2D-46D5-AFD0-E57BC441CF98","unitSize":1.25,"toDetailCollection":{}},{"toDetailCollection":{"condition0":{"layer1":{"withModifier_tap":{"isWithCommand":true,"isWithModifier":true},"outputAndDisplay_tap":{"display":"arrowtriangle.left.fill","layerKey":"layer0","output":{"arrow_keys":{"_0":"left_arrow"}},"isSFSymbol":true},"isCustomized_tap":true}}},"fromDetail":{"display":"M","output":{"letter_keys":{"_0":"m"}}},"id":"D885F217-98E6-401C-B70D-5056917D936C"},{"toDetailCollection":{"condition0":{"layer1":{"outputAndDisplay_tap":{"layerKey":"layer0","display":"9","output":{"number_keys":{"_0":"nine"}}},"withModifier_tap":{},"isCustomized_tap":true}}},"id":"E69172E8-064E-4E13-9F6A-B05E42A2B397","fromDetail":{"display":"V","output":{"letter_keys":{"_0":"v"}}}},{"id":"250E3B0C-F73F-4EC1-84A7-6F522CFADCAE","fromDetail":{"display":"X","output":{"letter_keys":{"_0":"x"}}},"toDetailCollection":{"condition0":{"layer1":{"isCustomized_tap":true,"outputAndDisplay_tap":{"output":{"number_keys":{"_0":"seven"}},"display":"7","layerKey":"layer0"},"withModifier_tap":{}}}}}],"row2":[{"id":"941C9F61-68A1-4120-8856-A1540CDDA9E2","fromDetail":{"output":{"number_keys":{"_0":"two"}},"display":"2"},"toDetailCollection":{}},{"id":"62CB1BD2-F7C1-4064-8DF6-AC777A73B3CD","fromDetail":{"display":"5","output":{"number_keys":{"_0":"five"}}},"toDetailCollection":{"condition0":{"layer1":{"withModifier_tap":{"isWithModifier":true,"isWithShift":true,"isWithCommand":true},"outputAndDisplay_tap":{"output":{"number_keys":{"_0":"five"}},"display":"5","layerKey":"layer0"},"isCustomized_tap":true}}}},{"toDetailCollection":{},"id":"951C6AB9-7A5A-4B30-A22E-41FA7EA31231","fromDetail":{"output":{"number_keys":{"_0":"seven"}},"display":"7"}},{"fromDetail":{"output":{"number_keys":{"_0":"one"}},"display":"1"},"toDetailCollection":{},"id":"7AAD6935-DCCC-4D0D-A3A2-C4BD02C46311"},{"fromDetail":{"display":"4","output":{"number_keys":{"_0":"four"}}},"toDetailCollection":{"condition0":{"layer1":{"isCustomized_tap":true,"outputAndDisplay_tap":{"display":"4","layerKey":"layer0","output":{"number_keys":{"_0":"four"}}},"withModifier_tap":{"isWithModifier":true,"isWithShift":true,"isWithCommand":true}}}},"id":"19EF5197-0CA9-4D29-929D-C61FD154A87A"},{"toDetailCollection":{},"id":"6CEFF1BA-EEEC-4463-BFF2-1A42BE3D54A2","fromDetail":{"output":{"number_keys":{"_0":"zero"}},"display":"0"}},{"fromDetail":{"display":"=","output":{"controls_and_symbols":{"_0":"equal_sign_or_caret"}}},"toDetailCollection":{},"id":"FFA69BC4-3EB7-47F5-AF5B-A61AB5FF0A2E"},{"id":"88752C90-FADE-43C6-86A3-17075EFBE96E","toDetailCollection":{},"fromDetail":{"display":"9","output":{"number_keys":{"_0":"nine"}}}},{"id":"FB250736-23EC-4B67-BFB7-DD5DFEDCC269","fromDetail":{"display":"3","output":{"number_keys":{"_0":"three"}}},"toDetailCollection":{"condition0":{"layer1":{"outputAndDisplay_tap":{"output":{"number_keys":{"_0":"three"}},"layerKey":"layer0","display":"3"},"isCustomized_tap":true,"withModifier_tap":{"isWithModifier":true,"isWithShift":true,"isWithCommand":true}}}}},{"fromDetail":{"output":{"controls_and_symbols":{"_0":"hyphen"}},"display":"-"},"id":"B7B3B061-7A34-4B2D-AB57-4F2509CF8D74","toDetailCollection":{}},{"fromDetail":{"output":{"number_keys":{"_0":"eight"}},"display":"8"},"id":"76D85827-E612-473E-8690-994E195277E6","toDetailCollection":{}},{"unitSize":1.5,"toDetailCollection":{},"fromDetail":{"output":{"controls_and_symbols":{"_0":"delete_or_backspace"}},"display":"delete.left","isSFSymbol":true},"id":"B8A45125-328F-4638-848E-8AA6CBA4256C"},{"fromDetail":{"display":"6","output":{"number_keys":{"_0":"six"}}},"id":"CF362BB7-9975-4515-868A-61952EB169A9","toDetailCollection":{}},{"toDetailCollection":{},"fromDetail":{"display":"§","output":{"controls_and_symbols":{"_0":"section"}}},"id":"7E08D666-8B52-4579-811C-281E8AA09AF0"}],"rowIndex_arrow":{"row6":{}},"enableArrowKeys":true,"idsInOrderRow6":[{"id":"97FA5475-9122-4B57-B776-DEE17B5346E3"},{"id":"C34A3CAD-FBBC-4750-97DB-1BA534B369FF"},{"id":"F4FC44DF-DFCB-4512-8B04-9A34757A143A"},{"id":"8A1EB6F9-DD77-4931-BFFC-CF413FD9D06A"},{"id":"656F9D6E-3B92-4959-8914-096396E1EC9D"},{"id":"237898E7-D413-4BCA-8117-E37F11C0F581"},{"id":"D2F7E677-5E65-40F9-8513-069D100F4173"}]},"isEnableMain":true,"sectionDetail":{"section":{"main":{}},"deviceDetail":{"vendor_id":"vendor_id","is_location_id_Enabled":false,"is_builtin_keyboard":false,"device_name":"mainKeyboard","is_vendor_id_Enabled":false,"product_id":"product_id","location_id":"location_id","is_product_id_Enabled":false}},"tenkeyRows":{"row2":[{"id":"8B3BBB65-53CE-4B5A-B540-B961604EE126","toDetailCollection":{},"fromDetail":{"output":{"keypad_keys":{"_0":"keypad_slash"}},"display":"\/"}},{"id":"FDD4897C-30D7-44F6-94D6-C7C37B67A424","toDetailCollection":{},"fromDetail":{"display":"=","output":{"keypad_keys":{"_0":"keypad_equal_sign"}}}},{"id":"6480692C-7B66-45CE-9417-B4FFB9640F1A","toDetailCollection":{},"fromDetail":{"display":"clear","output":{"others":{"_0":"clear"}}}},{"id":"9532491D-E335-4E39-984C-86AF2651207F","fromDetail":{"output":{"keypad_keys":{"_0":"keypad_asterisk"}},"display":"*"},"toDetailCollection":{}}],"row4":[{"fromDetail":{"display":"5","output":{"keypad_keys":{"_0":"keypad_5"}}},"id":"17CC3777-7655-4070-9CEB-0D51F5F2EC48","toDetailCollection":{}},{"toDetailCollection":{},"id":"423A762C-1F1B-4BC8-8C9F-43099BEBAE3A","fromDetail":{"display":"+","output":{"keypad_keys":{"_0":"keypad_plus"}}}},{"fromDetail":{"output":{"keypad_keys":{"_0":"keypad_4"}},"display":"4"},"toDetailCollection":{},"id":"0511F916-796E-404D-8007-3EF2D38F2947"},{"toDetailCollection":{},"fromDetail":{"output":{"keypad_keys":{"_0":"keypad_6"}},"display":"6"},"id":"97849223-390B-4ABF-AE23-2AA4949F22D5"}],"idsInOrderRow3":[{"id":"8384842D-0802-4A59-A0A4-576E09986A42"},{"id":"2E394D64-9E8E-4787-AFB5-84AAF894A5F1"},{"id":"82ACA8BD-3B07-4B2D-8FF7-B97EFF98C333"},{"id":"7279781E-B86A-4B65-9644-02CD7A159E98"}],"idsInOrderRow5":[{"id":"74EFDE7F-693C-4EDC-88D0-2E1E9BD4F8D1"},{"id":"517495B5-50E5-4663-9AE3-74D4BC3271F8"},{"id":"8244AABA-B000-4DE9-B0D1-1A7C28998CA2"},{"id":"0ED229D8-FBC2-41B2-8830-31DA6D4B0298"}],"rowIndex_arrow":{"row6":{}},"arrow_left":{"id":"057EA459-F23F-4996-9DDE-6577FE4B5ACE","keyShape":"arrow_LR","toDetailCollection":{},"fromDetail":{"display":"arrowtriangle.left.fill","isSFSymbol":true,"output":{"arrow_keys":{"_0":"left_arrow"}}}},"arrow_up":{"toDetailCollection":{},"fromDetail":{"isSFSymbol":true,"output":{"arrow_keys":{"_0":"up_arrow"}},"display":"arrowtriangle.up.fill"},"id":"F24D4A17-3AE1-4C3F-8C5E-AA34B6F73E8D","keyShape":"arrow_Up"},"idsInOrderRow6":[{"id":"3B7E2D04-3027-41E4-AA7A-DA76EF7AFF32"},{"id":"9DE2FA58-BEE7-44FF-BD7C-CB123170A4A0"}],"row5":[{"toDetailCollection":{},"id":"517495B5-50E5-4663-9AE3-74D4BC3271F8","fromDetail":{"display":"2","output":{"keypad_keys":{"_0":"keypad_2"}}}},{"toDetailCollection":{},"id":"74EFDE7F-693C-4EDC-88D0-2E1E9BD4F8D1","fromDetail":{"output":{"keypad_keys":{"_0":"keypad_1"}},"display":"1"}},{"toDetailCollection":{},"id":"8244AABA-B000-4DE9-B0D1-1A7C28998CA2","fromDetail":{"output":{"keypad_keys":{"_0":"keypad_3"}},"display":"3"}},{"id":"0ED229D8-FBC2-41B2-8830-31DA6D4B0298","toDetailCollection":{},"keyShape":"enter_Tenkey","fromDetail":{"display":"projective","output":{"keypad_keys":{"_0":"keypad_enter"}},"isSFSymbol":true}}],"idsInOrderRow1":[{"id":"55ECDAFF-89A7-4865-8BA0-5744571FAA41"},{"id":"8F80FEBF-F901-4D6A-A7C2-0EA41174130C"},{"id":"C99CBF88-2E6D-4F2B-9BBC-EC9F01AD43F9"},{"id":"FFC57D88-5681-40C9-BDB5-26EEC4254AE4"}],"enableArrowKeys":false,"arrow_down":{"fromDetail":{"isSFSymbol":true,"output":{"arrow_keys":{"_0":"down_arrow"}},"display":"arrowtriangle.down.fill"},"id":"189F8609-9DFA-4AE6-916D-65FB6639E8D2","keyShape":"arrow_Down","toDetailCollection":{}},"arrow_right":{"toDetailCollection":{},"id":"D74E10BE-9EB9-4FF0-AB44-D0D38DB603B3","keyShape":"arrow_LR","fromDetail":{"output":{"arrow_keys":{"_0":"right_arrow"}},"display":"arrowtriangle.right.fill","isSFSymbol":true}},"row3":[{"id":"2E394D64-9E8E-4787-AFB5-84AAF894A5F1","fromDetail":{"display":"8","output":{"keypad_keys":{"_0":"keypad_8"}}},"toDetailCollection":{}},{"toDetailCollection":{},"id":"8384842D-0802-4A59-A0A4-576E09986A42","fromDetail":{"output":{"keypad_keys":{"_0":"keypad_7"}},"display":"7"}},{"id":"7279781E-B86A-4B65-9644-02CD7A159E98","toDetailCollection":{},"fromDetail":{"output":{"keypad_keys":{"_0":"keypad_hyphen"}},"display":"-"}},{"toDetailCollection":{},"id":"82ACA8BD-3B07-4B2D-8FF7-B97EFF98C333","fromDetail":{"output":{"keypad_keys":{"_0":"keypad_9"}},"display":"9"}}],"idsInOrderRow2":[{"id":"6480692C-7B66-45CE-9417-B4FFB9640F1A"},{"id":"FDD4897C-30D7-44F6-94D6-C7C37B67A424"},{"id":"8B3BBB65-53CE-4B5A-B540-B961604EE126"},{"id":"9532491D-E335-4E39-984C-86AF2651207F"}],"row1":[{"fromDetail":{"display":"F16","output":{"function_keys":{"_0":"f16"}}},"toDetailCollection":{},"id":"55ECDAFF-89A7-4865-8BA0-5744571FAA41"},{"id":"C99CBF88-2E6D-4F2B-9BBC-EC9F01AD43F9","fromDetail":{"output":{"function_keys":{"_0":"f18"}},"display":"F18"},"toDetailCollection":{}},{"fromDetail":{"output":{"function_keys":{"_0":"f19"}},"display":"F19"},"toDetailCollection":{},"id":"FFC57D88-5681-40C9-BDB5-26EEC4254AE4"},{"toDetailCollection":{},"id":"8F80FEBF-F901-4D6A-A7C2-0EA41174130C","fromDetail":{"display":"F17","output":{"function_keys":{"_0":"f17"}}}}],"row6":[{"fromDetail":{"display":".","output":{"keypad_keys":{"_0":"keypad_period"}}},"toDetailCollection":{},"id":"9DE2FA58-BEE7-44FF-BD7C-CB123170A4A0"},{"id":"3B7E2D04-3027-41E4-AA7A-DA76EF7AFF32","fromDetail":{"output":{"keypad_keys":{"_0":"keypad_0"}},"display":"0"},"toDetailCollection":{},"unitSize":2}],"idsInOrderRow4":[{"id":"0511F916-796E-404D-8007-3EF2D38F2947"},{"id":"17CC3777-7655-4070-9CEB-0D51F5F2EC48"},{"id":"97849223-390B-4ABF-AE23-2AA4949F22D5"},{"id":"423A762C-1F1B-4BC8-8C9F-43099BEBAE3A"}]},"isEnableSub":false},"other":{"isEnableSub":false,"isEnableTenkey":false,"sectionDetail":{"section":{"other":{}},"deviceDetail":{"is_product_id_Enabled":false,"location_id":"location_id","is_builtin_keyboard":false,"is_location_id_Enabled":false,"device_name":"otherDevice","is_vendor_id_Enabled":false,"vendor_id":"vendor_id","product_id":"product_id"}},"subRows":{"arrow_up":{"id":"CA2F1018-A4BA-4191-815E-939576E1BADC","fromDetail":{"isSFSymbol":true,"display":"arrowtriangle.up.fill","output":{"arrow_keys":{"_0":"up_arrow"}}},"toDetailCollection":{},"keyShape":"arrow_Up"},"row2":[{"toDetailCollection":{},"id":"FB882E96-FC16-423C-91A5-619E21BC1D1C","fromDetail":{"output":{"arrow_keys":{"_0":"page_up"}},"isSFSymbol":true,"display":"arrow.up"}},{"fromDetail":{"output":{"keys_in_pc_keyboards":{"_0":"insert"}},"display":"text.insert","isSFSymbol":true},"id":"25AE4B65-182A-4553-B08B-CB45E35D49E7","toDetailCollection":{}},{"id":"8EFE7FA5-AD1A-46D7-9323-F6703BC0B169","fromDetail":{"display":"arrow.up.to.line","isSFSymbol":true,"output":{"arrow_keys":{"_0":"home"}}},"toDetailCollection":{}}],"idsInOrderRow2":[{"id":"25AE4B65-182A-4553-B08B-CB45E35D49E7"},{"id":"8EFE7FA5-AD1A-46D7-9323-F6703BC0B169"},{"id":"FB882E96-FC16-423C-91A5-619E21BC1D1C"}],"idsInOrderRow4":[],"idsInOrderRow6":[{"id":"CA7758B9-178E-41B8-8BF4-538CEA7322D9"},{"id":"3480FF4F-7080-4308-98FE-1D269B9D29FF"},{"id":"A0CC3D3D-4366-4C39-9D29-717D2BCB69DD"}],"idsInOrderRow1":[{"id":"3356242C-576B-4EFD-BF46-FD872DC33054"},{"id":"F0B12E43-FE20-487C-ABFF-55CEF3A85A92"},{"id":"E437E861-6474-4716-8725-0DC9F1ED6F57"}],"row4":[],"idsInOrderRow3":[{"id":"C4E95793-4E09-492A-81F3-F7FE55A87919"},{"id":"63AF59DE-82AD-427F-AA02-5EC295C79921"},{"id":"E6D76BD7-FB8E-4221-99D3-BBED001B1C76"}],"row5":[{"isSpacer":true,"fromDetail":{"output":{"letter_keys":{"_0":"a"}},"display":"A"},"id":"2F1F34C0-57FD-4EB9-9D48-EAF1A4BF97CF","toDetailCollection":{}},{"id":"04C9F0B6-841E-4904-9B7B-0EEA8CCF6983","fromDetail":{"output":{"arrow_keys":{"_0":"up_arrow"}},"display":"arrowtriangle.up.fill","isSFSymbol":true},"toDetailCollection":{}}],"row1":[{"fromDetail":{"display":"F15","output":{"function_keys":{"_0":"f15"}}},"id":"E437E861-6474-4716-8725-0DC9F1ED6F57","toDetailCollection":{}},{"fromDetail":{"output":{"function_keys":{"_0":"f14"}},"display":"F14"},"id":"F0B12E43-FE20-487C-ABFF-55CEF3A85A92","toDetailCollection":{}},{"id":"3356242C-576B-4EFD-BF46-FD872DC33054","toDetailCollection":{},"fromDetail":{"output":{"function_keys":{"_0":"f13"}},"display":"F13"}}],"enableArrowKeys":false,"row3":[{"id":"C4E95793-4E09-492A-81F3-F7FE55A87919","toDetailCollection":{},"fromDetail":{"output":{"controls_and_symbols":{"_0":"delete_forward"}},"display":"delete.right","isSFSymbol":true}},{"fromDetail":{"output":{"arrow_keys":{"_0":"end"}},"isSFSymbol":true,"display":"arrow.down.to.line"},"toDetailCollection":{},"id":"63AF59DE-82AD-427F-AA02-5EC295C79921"},{"id":"E6D76BD7-FB8E-4221-99D3-BBED001B1C76","fromDetail":{"isSFSymbol":true,"output":{"arrow_keys":{"_0":"page_down"}},"display":"arrow.down"},"toDetailCollection":{}}],"arrow_right":{"keyShape":"arrow_LR","toDetailCollection":{},"fromDetail":{"output":{"arrow_keys":{"_0":"right_arrow"}},"isSFSymbol":true,"display":"arrowtriangle.right.fill"},"id":"14F00646-4B19-46E2-A822-F6B054D8E0C6"},"idsInOrderRow5":[{"id":"2F1F34C0-57FD-4EB9-9D48-EAF1A4BF97CF"},{"id":"04C9F0B6-841E-4904-9B7B-0EEA8CCF6983"}],"rowIndex_arrow":{"row6":{}},"arrow_left":{"fromDetail":{"output":{"arrow_keys":{"_0":"left_arrow"}},"isSFSymbol":true,"display":"arrowtriangle.left.fill"},"id":"82DAD9ED-8731-4D49-A125-626D55E10B21","toDetailCollection":{},"keyShape":"arrow_LR"},"arrow_down":{"id":"E1A194C7-50E8-4964-B10B-D523FA5F4697","toDetailCollection":{},"fromDetail":{"isSFSymbol":true,"display":"arrowtriangle.down.fill","output":{"arrow_keys":{"_0":"down_arrow"}}},"keyShape":"arrow_Down"},"row6":[{"id":"3480FF4F-7080-4308-98FE-1D269B9D29FF","fromDetail":{"output":{"arrow_keys":{"_0":"down_arrow"}},"display":"arrowtriangle.down.fill","isSFSymbol":true},"toDetailCollection":{}},{"toDetailCollection":{},"id":"CA7758B9-178E-41B8-8BF4-538CEA7322D9","fromDetail":{"isSFSymbol":true,"display":"arrowtriangle.left.fill","output":{"arrow_keys":{"_0":"left_arrow"}}}},{"toDetailCollection":{},"id":"A0CC3D3D-4366-4C39-9D29-717D2BCB69DD","fromDetail":{"output":{"arrow_keys":{"_0":"right_arrow"}},"isSFSymbol":true,"display":"arrowtriangle.right.fill"}}]},"tenkeyRows":{"idsInOrderRow5":[{"id":"47944D7A-1E7C-4790-81AC-AFF828194ADA"},{"id":"F767161D-C5B2-40EA-A460-31D90B60B3D0"},{"id":"5EE1EDD6-DC4A-4078-8060-016F65B762C4"},{"id":"BE2D51A2-6DC7-49D6-A954-2B17F552A011"}],"row2":[{"fromDetail":{"display":"=","output":{"keypad_keys":{"_0":"keypad_equal_sign"}}},"toDetailCollection":{},"id":"90738F3F-CC3C-4875-A8B9-CA8A77DADD05"},{"id":"740C922A-92EE-4172-BDB4-D6EBBBC42AC7","fromDetail":{"display":"*","output":{"keypad_keys":{"_0":"keypad_asterisk"}}},"toDetailCollection":{}},{"toDetailCollection":{},"fromDetail":{"output":{"keypad_keys":{"_0":"keypad_slash"}},"display":"\/"},"id":"E7E53771-7C42-48A8-8EA4-446A252E35C4"},{"fromDetail":{"output":{"others":{"_0":"clear"}},"display":"clear"},"toDetailCollection":{},"id":"32ACA351-3787-4BC6-9E8D-394D3BD688AF"}],"row5":[{"keyShape":"enter_Tenkey","fromDetail":{"display":"projective","output":{"keypad_keys":{"_0":"keypad_enter"}},"isSFSymbol":true},"toDetailCollection":{},"id":"BE2D51A2-6DC7-49D6-A954-2B17F552A011"},{"id":"5EE1EDD6-DC4A-4078-8060-016F65B762C4","fromDetail":{"display":"3","output":{"keypad_keys":{"_0":"keypad_3"}}},"toDetailCollection":{}},{"id":"47944D7A-1E7C-4790-81AC-AFF828194ADA","fromDetail":{"output":{"keypad_keys":{"_0":"keypad_1"}},"display":"1"},"toDetailCollection":{}},{"fromDetail":{"output":{"keypad_keys":{"_0":"keypad_2"}},"display":"2"},"toDetailCollection":{},"id":"F767161D-C5B2-40EA-A460-31D90B60B3D0"}],"row1":[{"fromDetail":{"output":{"function_keys":{"_0":"f19"}},"display":"F19"},"id":"F81DE30D-FA51-42E9-8C4B-4902B76CD84C","toDetailCollection":{}},{"id":"EB6757E6-39CF-4C68-BE99-DA405A08E6A0","fromDetail":{"output":{"function_keys":{"_0":"f18"}},"display":"F18"},"toDetailCollection":{}},{"toDetailCollection":{},"fromDetail":{"display":"F17","output":{"function_keys":{"_0":"f17"}}},"id":"578F80A1-3939-4783-A885-5463925DD3AE"},{"toDetailCollection":{},"id":"D36ABD0E-6F5C-42B5-BA8F-3E0D8B323680","fromDetail":{"output":{"function_keys":{"_0":"f16"}},"display":"F16"}}],"row6":[{"toDetailCollection":{},"fromDetail":{"output":{"keypad_keys":{"_0":"keypad_period"}},"display":"."},"id":"7ADE4B4E-18DB-48AC-A595-3573E28B57F0"},{"unitSize":2,"id":"91B80290-8721-4456-AC68-665A9F3280AD","toDetailCollection":{},"fromDetail":{"output":{"keypad_keys":{"_0":"keypad_0"}},"display":"0"}}],"idsInOrderRow3":[{"id":"DFB7A3D7-1906-46DF-A299-6A4FB8607AF6"},{"id":"650E3139-FD2B-4788-8D4C-89E50CFCC4DE"},{"id":"062095B5-6CB4-4ECB-AF0E-318981EC46B1"},{"id":"C73A570B-D28D-4DB6-B68A-C864B8819F83"}],"enableArrowKeys":false,"row4":[{"id":"E3E0CF24-7C90-40A1-8D64-07C7D3F6BFB3","toDetailCollection":{},"fromDetail":{"output":{"keypad_keys":{"_0":"keypad_5"}},"display":"5"}},{"id":"B1593FCE-25AB-4948-8EBA-D669DF93232E","fromDetail":{"display":"+","output":{"keypad_keys":{"_0":"keypad_plus"}}},"toDetailCollection":{}},{"id":"6510661B-6158-4D40-B2FA-5119A8C34264","fromDetail":{"display":"6","output":{"keypad_keys":{"_0":"keypad_6"}}},"toDetailCollection":{}},{"toDetailCollection":{},"id":"5400FE0E-A390-481A-875F-F839F8C60E38","fromDetail":{"output":{"keypad_keys":{"_0":"keypad_4"}},"display":"4"}}],"idsInOrderRow6":[{"id":"91B80290-8721-4456-AC68-665A9F3280AD"},{"id":"7ADE4B4E-18DB-48AC-A595-3573E28B57F0"}],"arrow_right":{"fromDetail":{"isSFSymbol":true,"display":"arrowtriangle.right.fill","output":{"arrow_keys":{"_0":"right_arrow"}}},"keyShape":"arrow_LR","id":"0A8E264F-F063-48F8-8573-57A80AFE6588","toDetailCollection":{}},"idsInOrderRow1":[{"id":"D36ABD0E-6F5C-42B5-BA8F-3E0D8B323680"},{"id":"578F80A1-3939-4783-A885-5463925DD3AE"},{"id":"EB6757E6-39CF-4C68-BE99-DA405A08E6A0"},{"id":"F81DE30D-FA51-42E9-8C4B-4902B76CD84C"}],"idsInOrderRow4":[{"id":"5400FE0E-A390-481A-875F-F839F8C60E38"},{"id":"E3E0CF24-7C90-40A1-8D64-07C7D3F6BFB3"},{"id":"6510661B-6158-4D40-B2FA-5119A8C34264"},{"id":"B1593FCE-25AB-4948-8EBA-D669DF93232E"}],"row3":[{"toDetailCollection":{},"id":"C73A570B-D28D-4DB6-B68A-C864B8819F83","fromDetail":{"display":"-","output":{"keypad_keys":{"_0":"keypad_hyphen"}}}},{"fromDetail":{"output":{"keypad_keys":{"_0":"keypad_9"}},"display":"9"},"id":"062095B5-6CB4-4ECB-AF0E-318981EC46B1","toDetailCollection":{}},{"id":"DFB7A3D7-1906-46DF-A299-6A4FB8607AF6","fromDetail":{"output":{"keypad_keys":{"_0":"keypad_7"}},"display":"7"},"toDetailCollection":{}},{"fromDetail":{"output":{"keypad_keys":{"_0":"keypad_8"}},"display":"8"},"id":"650E3139-FD2B-4788-8D4C-89E50CFCC4DE","toDetailCollection":{}}],"arrow_left":{"toDetailCollection":{},"fromDetail":{"display":"arrowtriangle.left.fill","isSFSymbol":true,"output":{"arrow_keys":{"_0":"left_arrow"}}},"keyShape":"arrow_LR","id":"E5AADAEE-C07D-43A1-B83A-4967D1894F49"},"rowIndex_arrow":{"row6":{}},"arrow_up":{"keyShape":"arrow_Up","id":"E50E2A51-EB2A-49DA-8D82-479C7D67EEFF","fromDetail":{"output":{"arrow_keys":{"_0":"up_arrow"}},"display":"arrowtriangle.up.fill","isSFSymbol":true},"toDetailCollection":{}},"arrow_down":{"toDetailCollection":{},"keyShape":"arrow_Down","fromDetail":{"display":"arrowtriangle.down.fill","output":{"arrow_keys":{"_0":"down_arrow"}},"isSFSymbol":true},"id":"910377B1-C7A8-42FE-8FEB-ED22FDB278CC"},"idsInOrderRow2":[{"id":"32ACA351-3787-4BC6-9E8D-394D3BD688AF"},{"id":"90738F3F-CC3C-4875-A8B9-CA8A77DADD05"},{"id":"E7E53771-7C42-48A8-8EA4-446A252E35C4"},{"id":"740C922A-92EE-4172-BDB4-D6EBBBC42AC7"}]},"mainRows":{"arrow_left":{"id":"9E9045AE-2032-45F1-863B-AD2F0986FDE6","fromDetail":{"display":"arrowtriangle.left.fill","isSFSymbol":true,"output":{"arrow_keys":{"_0":"left_arrow"}}},"keyShape":"arrow_LR","toDetailCollection":{}},"row5":[{"keyShape":"enter_Tenkey","toDetailCollection":{},"id":"CEBD5014-BE68-4375-9426-0122724D18A3","fromDetail":{"output":{"keypad_keys":{"_0":"keypad_enter"}},"display":"projective","isSFSymbol":true}},{"toDetailCollection":{},"fromDetail":{"output":{"keypad_keys":{"_0":"keypad_3"}},"display":"3"},"id":"BD9DA803-769F-4E6C-BF5D-253AD37EFC4C"},{"id":"FD652972-B17F-425B-B552-EE66833F12C5","fromDetail":{"output":{"keypad_keys":{"_0":"keypad_2"}},"display":"2"},"toDetailCollection":{}},{"toDetailCollection":{},"id":"099E899F-7310-4747-AC7A-CC3ED4DE8756","fromDetail":{"output":{"keypad_keys":{"_0":"keypad_1"}},"display":"1"}}],"row3":[{"toDetailCollection":{},"id":"86B079DA-0AC0-4A6F-B8F6-38D663A61F4D","fromDetail":{"display":"-","output":{"keypad_keys":{"_0":"keypad_hyphen"}}}},{"id":"B04982DB-A047-4CD0-8E8F-BF05CC585898","fromDetail":{"display":"9","output":{"keypad_keys":{"_0":"keypad_9"}}},"toDetailCollection":{}},{"id":"2DD4265C-5396-4317-B270-4DCB6E3339EB","toDetailCollection":{},"fromDetail":{"output":{"keypad_keys":{"_0":"keypad_8"}},"display":"8"}},{"toDetailCollection":{},"id":"C2CF03A9-EF9F-4851-B7EF-EAE1D09DFFD3","fromDetail":{"output":{"keypad_keys":{"_0":"keypad_7"}},"display":"7"}}],"idsInOrderRow2":[{"id":"CD5C9954-8EC0-41B5-9BE0-1657F143F6FA"},{"id":"F08BA1A4-96CD-4FEC-86C8-47A3EB08AE67"},{"id":"25FB690D-BFD3-4207-AF6C-2EA9E45AA576"},{"id":"8359CC6E-402A-423E-BC86-DC3E7851ABF4"}],"idsInOrderRow6":[{"id":"EE430FD4-7503-4687-93D1-5F2D642E4ED2"},{"id":"9DD64D5A-1C76-4FF5-A88E-737E7B661DDF"}],"row2":[{"toDetailCollection":{},"id":"8359CC6E-402A-423E-BC86-DC3E7851ABF4","fromDetail":{"output":{"keypad_keys":{"_0":"keypad_asterisk"}},"display":"*"}},{"fromDetail":{"output":{"keypad_keys":{"_0":"keypad_slash"}},"display":"\/"},"toDetailCollection":{},"id":"25FB690D-BFD3-4207-AF6C-2EA9E45AA576"},{"fromDetail":{"output":{"keypad_keys":{"_0":"keypad_equal_sign"}},"display":"="},"toDetailCollection":{},"id":"F08BA1A4-96CD-4FEC-86C8-47A3EB08AE67"},{"id":"CD5C9954-8EC0-41B5-9BE0-1657F143F6FA","fromDetail":{"display":"clear","output":{"others":{"_0":"clear"}}},"toDetailCollection":{}}],"row1":[{"fromDetail":{"display":"F19","output":{"function_keys":{"_0":"f19"}}},"toDetailCollection":{},"id":"418E99B6-866B-4690-A35B-FBB95E026EE9"},{"fromDetail":{"output":{"function_keys":{"_0":"f18"}},"display":"F18"},"toDetailCollection":{},"id":"D3B75465-6883-4FF3-80B2-0BDE33B8C4F3"},{"id":"C393A912-C11B-4ED5-8C35-9815341CBE9C","toDetailCollection":{},"fromDetail":{"output":{"function_keys":{"_0":"f17"}},"display":"F17"}},{"fromDetail":{"display":"F16","output":{"function_keys":{"_0":"f16"}}},"toDetailCollection":{},"id":"FF3462B9-B677-4CB8-B039-94498F662FBF"}],"row6":[{"id":"9DD64D5A-1C76-4FF5-A88E-737E7B661DDF","fromDetail":{"output":{"keypad_keys":{"_0":"keypad_period"}},"display":"."},"toDetailCollection":{}},{"unitSize":2,"toDetailCollection":{},"fromDetail":{"output":{"keypad_keys":{"_0":"keypad_0"}},"display":"0"},"id":"EE430FD4-7503-4687-93D1-5F2D642E4ED2"}],"idsInOrderRow5":[{"id":"099E899F-7310-4747-AC7A-CC3ED4DE8756"},{"id":"FD652972-B17F-425B-B552-EE66833F12C5"},{"id":"BD9DA803-769F-4E6C-BF5D-253AD37EFC4C"},{"id":"CEBD5014-BE68-4375-9426-0122724D18A3"}],"idsInOrderRow1":[{"id":"FF3462B9-B677-4CB8-B039-94498F662FBF"},{"id":"C393A912-C11B-4ED5-8C35-9815341CBE9C"},{"id":"D3B75465-6883-4FF3-80B2-0BDE33B8C4F3"},{"id":"418E99B6-866B-4690-A35B-FBB95E026EE9"}],"arrow_up":{"id":"3CF264D8-7356-47D3-92E5-DC29F1A2B586","keyShape":"arrow_Up","fromDetail":{"output":{"arrow_keys":{"_0":"up_arrow"}},"isSFSymbol":true,"display":"arrowtriangle.up.fill"},"toDetailCollection":{}},"arrow_down":{"id":"C07DCA1C-F7B5-4B0C-8057-C23B2E9A09BD","toDetailCollection":{},"keyShape":"arrow_Down","fromDetail":{"isSFSymbol":true,"output":{"arrow_keys":{"_0":"down_arrow"}},"display":"arrowtriangle.down.fill"}},"rowIndex_arrow":{"row6":{}},"row4":[{"id":"819F2BBB-37A9-495A-8388-8F62A49E5523","fromDetail":{"display":"+","output":{"keypad_keys":{"_0":"keypad_plus"}}},"toDetailCollection":{}},{"toDetailCollection":{},"id":"661A7FBC-4C1F-4896-A7CF-09447A808487","fromDetail":{"output":{"keypad_keys":{"_0":"keypad_6"}},"display":"6"}},{"toDetailCollection":{},"fromDetail":{"output":{"keypad_keys":{"_0":"keypad_5"}},"display":"5"},"id":"4A65014D-07C6-433C-B181-0FF6F5C9DDF8"},{"fromDetail":{"display":"4","output":{"keypad_keys":{"_0":"keypad_4"}}},"toDetailCollection":{},"id":"88ADD99F-F49B-4CE7-A6BA-65653076C93E"}],"arrow_right":{"keyShape":"arrow_LR","fromDetail":{"output":{"arrow_keys":{"_0":"right_arrow"}},"display":"arrowtriangle.right.fill","isSFSymbol":true},"toDetailCollection":{},"id":"078FD971-FBA3-4CA4-B462-444A3145AB11"},"idsInOrderRow3":[{"id":"C2CF03A9-EF9F-4851-B7EF-EAE1D09DFFD3"},{"id":"2DD4265C-5396-4317-B270-4DCB6E3339EB"},{"id":"B04982DB-A047-4CD0-8E8F-BF05CC585898"},{"id":"86B079DA-0AC0-4A6F-B8F6-38D663A61F4D"}],"idsInOrderRow4":[{"id":"88ADD99F-F49B-4CE7-A6BA-65653076C93E"},{"id":"4A65014D-07C6-433C-B181-0FF6F5C9DDF8"},{"id":"661A7FBC-4C1F-4896-A7CF-09447A808487"},{"id":"819F2BBB-37A9-495A-8388-8F62A49E5523"}],"enableArrowKeys":false},"isEnableMain":true},"keycodeRegion":"ANSI","mouse":{"isEnableSub":false,"sectionDetail":{"section":{"mouse":{}},"deviceDetail":{"location_id":"location_id","is_product_id_Enabled":false,"is_builtin_keyboard":false,"is_location_id_Enabled":false,"is_vendor_id_Enabled":false,"device_name":"mouse","vendor_id":"vendor_id","product_id":"product_id"}},"isEnableMain":true,"isEnableTenkey":false,"subRows":{"arrow_down":{"keyShape":"arrow_Down","toDetailCollection":{},"fromDetail":{"display":"arrowtriangle.down.fill","isSFSymbol":true,"output":{"arrow_keys":{"_0":"down_arrow"}}},"id":"49B93424-E123-4100-B8CB-C16096790F4F"},"idsInOrderRow3":[{"id":"6A951D5A-7277-4195-A7AA-175AF5D41043"}],"row3":[{"fromDetail":{"display":"A","output":{"letter_keys":{"_0":"a"}}},"toDetailCollection":{},"id":"6A951D5A-7277-4195-A7AA-175AF5D41043"}],"arrow_up":{"toDetailCollection":{},"fromDetail":{"isSFSymbol":true,"output":{"arrow_keys":{"_0":"up_arrow"}},"display":"arrowtriangle.up.fill"},"keyShape":"arrow_Up","id":"573EE39B-E4D8-44A3-957D-76EAE9C5585C"},"idsInOrderRow6":[{"id":"69F97279-89D1-4B1F-B2BC-A94A4A4290D1"}],"idsInOrderRow2":[{"id":"F392BB3C-6091-4212-AB5C-BB947A7C9E25"}],"rowIndex_arrow":{"row6":{}},"idsInOrderRow5":[{"id":"6F31FB76-E28F-48EA-9F09-03EB02C16AB6"}],"row1":[{"id":"3650CA47-EEA5-4E0A-B019-DFA4691605F8","fromDetail":{"display":"A","output":{"letter_keys":{"_0":"a"}}},"toDetailCollection":{}}],"row5":[{"fromDetail":{"display":"A","output":{"letter_keys":{"_0":"a"}}},"toDetailCollection":{},"id":"6F31FB76-E28F-48EA-9F09-03EB02C16AB6"}],"row4":[{"toDetailCollection":{},"fromDetail":{"output":{"letter_keys":{"_0":"a"}},"display":"A"},"id":"B8653DEB-CDA5-41F3-8D3C-CB47D219AFCD"}],"row2":[{"id":"F392BB3C-6091-4212-AB5C-BB947A7C9E25","toDetailCollection":{},"fromDetail":{"display":"A","output":{"letter_keys":{"_0":"a"}}}}],"enableArrowKeys":false,"row6":[{"fromDetail":{"output":{"letter_keys":{"_0":"a"}},"display":"A"},"toDetailCollection":{},"id":"69F97279-89D1-4B1F-B2BC-A94A4A4290D1"}],"arrow_left":{"keyShape":"arrow_LR","id":"FB970062-8312-4535-B8FA-8AFA82BF09B7","fromDetail":{"display":"arrowtriangle.left.fill","output":{"arrow_keys":{"_0":"left_arrow"}},"isSFSymbol":true},"toDetailCollection":{}},"arrow_right":{"id":"D2E29200-5BEB-4753-88F8-37443A3168B2","toDetailCollection":{},"fromDetail":{"display":"arrowtriangle.right.fill","output":{"arrow_keys":{"_0":"right_arrow"}},"isSFSymbol":true},"keyShape":"arrow_LR"},"idsInOrderRow1":[{"id":"3650CA47-EEA5-4E0A-B019-DFA4691605F8"}],"idsInOrderRow4":[{"id":"B8653DEB-CDA5-41F3-8D3C-CB47D219AFCD"}]},"tenkeyRows":{"row2":[{"fromDetail":{"display":"A","output":{"letter_keys":{"_0":"a"}}},"toDetailCollection":{},"id":"B510970B-3580-4F8F-AB5A-31DED4A71244"}],"arrow_left":{"fromDetail":{"display":"arrowtriangle.left.fill","output":{"arrow_keys":{"_0":"left_arrow"}},"isSFSymbol":true},"toDetailCollection":{},"keyShape":"arrow_LR","id":"AB892CEE-6912-4BF7-BDAE-DDCEDAEDD3AA"},"enableArrowKeys":false,"rowIndex_arrow":{"row6":{}},"idsInOrderRow1":[{"id":"A1BE05F5-3BF9-45AB-845C-D47CC250655B"}],"idsInOrderRow3":[{"id":"CE34A130-864C-4DA9-A035-968A3CDCDE1A"}],"row4":[{"toDetailCollection":{},"fromDetail":{"display":"A","output":{"letter_keys":{"_0":"a"}}},"id":"91294D64-E589-4A8B-96E1-3C88D3C75F07"}],"idsInOrderRow6":[{"id":"155CEB30-9B60-4842-8B32-5698351AE75F"}],"row5":[{"fromDetail":{"display":"A","output":{"letter_keys":{"_0":"a"}}},"toDetailCollection":{},"id":"3C263E2B-4E34-47ED-906F-7FF0BEE636CE"}],"row6":[{"id":"155CEB30-9B60-4842-8B32-5698351AE75F","fromDetail":{"display":"A","output":{"letter_keys":{"_0":"a"}}},"toDetailCollection":{}}],"arrow_up":{"toDetailCollection":{},"id":"9846900A-7994-4C52-B13A-37E7F5AC3F4D","fromDetail":{"isSFSymbol":true,"output":{"arrow_keys":{"_0":"up_arrow"}},"display":"arrowtriangle.up.fill"},"keyShape":"arrow_Up"},"row3":[{"toDetailCollection":{},"id":"CE34A130-864C-4DA9-A035-968A3CDCDE1A","fromDetail":{"output":{"letter_keys":{"_0":"a"}},"display":"A"}}],"arrow_down":{"fromDetail":{"output":{"arrow_keys":{"_0":"down_arrow"}},"display":"arrowtriangle.down.fill","isSFSymbol":true},"keyShape":"arrow_Down","id":"6227DB82-DC49-4A84-B9CD-9D1908910A1E","toDetailCollection":{}},"idsInOrderRow5":[{"id":"3C263E2B-4E34-47ED-906F-7FF0BEE636CE"}],"arrow_right":{"toDetailCollection":{},"keyShape":"arrow_LR","id":"DFD5D9C5-3E93-4305-9F26-DFD9F8C34DC2","fromDetail":{"display":"arrowtriangle.right.fill","isSFSymbol":true,"output":{"arrow_keys":{"_0":"right_arrow"}}}},"idsInOrderRow2":[{"id":"B510970B-3580-4F8F-AB5A-31DED4A71244"}],"row1":[{"id":"A1BE05F5-3BF9-45AB-845C-D47CC250655B","fromDetail":{"output":{"letter_keys":{"_0":"a"}},"display":"A"},"toDetailCollection":{}}],"idsInOrderRow4":[{"id":"91294D64-E589-4A8B-96E1-3C88D3C75F07"}]},"mainRows":{"arrow_right":{"id":"D126F116-263D-4FDA-8F6E-D10F67BD33C1","toDetailCollection":{},"fromDetail":{"output":{"arrow_keys":{"_0":"right_arrow"}},"display":"arrowtriangle.right.fill","isSFSymbol":true},"keyShape":"arrow_LR"},"row3":[{"fromDetail":{"output":{"letter_keys":{"_0":"a"}},"display":"A"},"toDetailCollection":{},"isSpacer":true,"id":"03856138-C8F7-46EB-9DB3-C20DC6C27739"}],"idsInOrderRow5":[],"arrow_left":{"toDetailCollection":{},"fromDetail":{"isSFSymbol":true,"display":"arrowtriangle.left.fill","output":{"arrow_keys":{"_0":"left_arrow"}}},"id":"6FA6A447-799D-4AA9-899C-B548B826BF12","keyShape":"arrow_LR"},"arrow_up":{"id":"B3F59583-3535-4AAF-87FF-796099878A2E","fromDetail":{"output":{"arrow_keys":{"_0":"up_arrow"}},"display":"arrowtriangle.up.fill","isSFSymbol":true},"keyShape":"arrow_Up","toDetailCollection":{}},"row6":[],"idsInOrderRow3":[{"id":"03856138-C8F7-46EB-9DB3-C20DC6C27739"}],"idsInOrderRow2":[{"id":"D92EDB63-C7FE-4CBA-8F04-18D8A91F040A"},{"id":"38B54C0C-F2B1-4589-8C78-C7343D3D322D"}],"idsInOrderRow4":[{"id":"6D15AD51-71FE-4414-8D9A-50561768F045"}],"idsInOrderRow1":[{"id":"24284151-58A1-4420-90E8-75913F9A3A76"},{"id":"78B86BB7-1E7F-4844-B05B-C7580D2CE90E"}],"enableArrowKeys":false,"idsInOrderRow6":[],"arrow_down":{"fromDetail":{"display":"arrowtriangle.down.fill","output":{"arrow_keys":{"_0":"down_arrow"}},"isSFSymbol":true},"keyShape":"arrow_Down","toDetailCollection":{},"id":"59E7FA6D-3B3B-4332-BBD5-67A06713A1F5"},"row2":[{"fromDetail":{"display":"M click","output":{"mouse_buttons":{"_0":"button3"}}},"toDetailCollection":{},"id":"38B54C0C-F2B1-4589-8C78-C7343D3D322D"},{"fromDetail":{"output":{"letter_keys":{"_0":"a"}},"display":"A"},"isSpacer":true,"id":"D92EDB63-C7FE-4CBA-8F04-18D8A91F040A","unitSize":0.5,"toDetailCollection":{}}],"row4":[{"fromDetail":{"output":{"letter_keys":{"_0":"a"}},"display":"A"},"isSpacer":true,"toDetailCollection":{},"id":"6D15AD51-71FE-4414-8D9A-50561768F045"}],"row1":[{"toDetailCollection":{},"id":"78B86BB7-1E7F-4844-B05B-C7580D2CE90E","fromDetail":{"display":"R click","output":{"mouse_buttons":{"_0":"button2"}}}},{"fromDetail":{"output":{"mouse_buttons":{"_0":"button1"}},"display":"L click"},"id":"24284151-58A1-4420-90E8-75913F9A3A76","toDetailCollection":{}}],"rowIndex_arrow":{"row6":{}},"row5":[]}}}}