{"comboCollection":{"condition6":{"layer1":{},"layer8":{},"layer0":{},"layer3":{},"layer2":{},"layer6":{},"layer7":{},"layer4":{},"layer5":{}},"condition3":{"layer5":{},"layer4":{},"layer1":{},"layer8":{},"layer2":{},"layer3":{},"layer7":{},"layer0":{},"layer6":{}},"condition0":{"layer2":{},"layer0":{},"layer8":{},"layer5":{},"layer4":{},"layer6":{},"layer7":{},"layer3":{},"layer1":{}},"condition4":{"layer5":{},"layer6":{},"layer8":{},"layer0":{},"layer3":{},"layer2":{},"layer4":{},"layer1":{},"layer7":{}},"condition7":{"layer1":{},"layer3":{},"layer0":{},"layer7":{},"layer2":{},"layer8":{},"layer5":{},"layer4":{},"layer6":{}},"condition2":{"layer6":{},"layer4":{},"layer5":{},"layer1":{},"layer3":{},"layer8":{},"layer0":{},"layer7":{},"layer2":{}},"condition8":{"layer3":{},"layer2":{},"layer8":{},"layer5":{},"layer1":{},"layer0":{},"layer4":{},"layer6":{},"layer7":{}},"condition5":{"layer5":{},"layer6":{},"layer7":{},"layer2":{},"layer4":{},"layer0":{},"layer8":{},"layer1":{},"layer3":{}},"condition9":{"layer3":{},"layer6":{},"layer7":{},"layer4":{},"layer2":{},"layer8":{},"layer1":{},"layer5":{},"layer0":{}},"condition1":{"layer6":{},"layer0":{},"layer7":{},"layer8":{},"layer4":{},"layer1":{},"layer5":{},"layer2":{},"layer3":{}}},"conditionDetailCollection":{"condition0":{"name":"Default","type":"Application","isEnabled":true,"value":"com.vendor.condition0"},"condition2":{"name":"Condition2","isEnabled":false,"type":"Application","value":"com.vendor.condition2"},"condition8":{"type":"Application","value":"com.vendor.condition8","isEnabled":false,"name":"Condition8"},"condition9":{"type":"Application","value":"com.vendor.condition9","isEnabled":false,"name":"Condition9"},"condition3":{"type":"Application","isEnabled":false,"value":"com.vendor.condition3","name":"Condition3"},"condition7":{"name":"Condition7","isEnabled":false,"value":"com.vendor.condition7","type":"Application"},"condition4":{"isEnabled":false,"name":"Condition4","value":"com.vendor.condition4","type":"Application"},"condition1":{"name":"Condition1","type":"InputSource","isEnabled":false,"value":"ja"},"condition5":{"isEnabled":false,"name":"Condition5","value":"com.vendor.condition5","type":"Application"},"condition6":{"value":"com.vendor.condition6","name":"Condition6","isEnabled":false,"type":"Application"}},"displayKeySize":65,"macroCollection":{"idsInOrderCollection":[{"id":"C72956CF-65D4-4394-9F42-C132FD25A9B7"},{"id":"C4BDDF90-4D47-489F-8CA9-9F247E80DF68"},{"id":"14C47C64-7873-4F31-8086-C35D3736F656"}],"_collection":[{"dictionary_key":null,"name":"ai","id":"14C47C64-7873-4F31-8086-C35D3736F656","toDetailCollection":{"_collection":[{"id":"7618AC95-0D8B-4D75-9C50-E2EEDF150331","outputAndDisplay":{"output":{"letter_keys":{"_0":"a"}},"display":"A","layerKey":"layer0"},"error":false,"withModifier":{},"indicator":false},{"withModifier":{},"error":false,"outputAndDisplay":{"display":"I","layerKey":"layer0","output":{"letter_keys":{"_0":"i"}}},"indicator":false,"id":"ECB5AB67-3B3D-46D2-9B05-B754F3278810"}],"idsInOrderCollection":[{"id":"7618AC95-0D8B-4D75-9C50-E2EEDF150331"},{"id":"ECB5AB67-3B3D-46D2-9B05-B754F3278810"}]}},{"toDetailCollection":{"_collection":[{"withModifier":{},"id":"4BE165ED-E76B-4C87-9ED8-01EB7F4789B7","outputAndDisplay":{"display":"E","layerKey":"layer0","output":{"letter_keys":{"_0":"e"}}},"error":false,"indicator":false},{"outputAndDisplay":{"display":"I","layerKey":"layer0","output":{"letter_keys":{"_0":"i"}}},"error":false,"withModifier":{},"id":"A0F0B972-2959-4266-B3BB-C53756577982","indicator":false}],"idsInOrderCollection":[{"id":"4BE165ED-E76B-4C87-9ED8-01EB7F4789B7"},{"id":"A0F0B972-2959-4266-B3BB-C53756577982"}]},"name":"ei","dictionary_key":null,"id":"C72956CF-65D4-4394-9F42-C132FD25A9B7"},{"name":"ou","id":"C4BDDF90-4D47-489F-8CA9-9F247E80DF68","toDetailCollection":{"idsInOrderCollection":[{"id":"1BE86772-490C-4780-B60D-DB4A67000931"},{"id":"77A32CA1-4A02-4BE2-8B23-9B0DC65C59EC"}],"_collection":[{"withModifier":{},"outputAndDisplay":{"output":{"letter_keys":{"_0":"o"}},"display":"O","layerKey":"layer0"},"id":"1BE86772-490C-4780-B60D-DB4A67000931","indicator":false,"error":false},{"error":false,"withModifier":{},"outputAndDisplay":{"display":"U","layerKey":"layer0","output":{"letter_keys":{"_0":"u"}}},"id":"77A32CA1-4A02-4BE2-8B23-9B0DC65C59EC","indicator":false}]},"dictionary_key":null}]},"name":"M_Shiki_UK","keymap":{"keycodeRegion":"ISO","validSections":{"sections":[{"main":{}}]},"main":{"sectionDetail":{"deviceDetail":{"device_name":"mainKeyboard","product_id":"product_id","vendor_id":"vendor_id","is_location_id_Enabled":false,"location_id":"location_id","is_product_id_Enabled":false,"is_builtin_keyboard":false,"is_vendor_id_Enabled":false},"section":{"main":{}}},"mainRows":{"idsInOrderRow5":[{"id":"FAC9EEDD-4B93-4DED-AD0D-0DB9CA1471B0"},{"id":"F9611E1E-4109-403E-97A5-F46C0CB29737"},{"id":"DAADA6F0-E1E4-479A-9F7D-DA1E79AE3C82"},{"id":"D7DEFF52-F96B-415A-8331-76E4898D8CE8"},{"id":"F350C988-CB00-4E4C-A393-70C2898BC520"},{"id":"6E42A1C2-0388-4157-A44E-026ABC0313B5"},{"id":"5312F654-14E3-41BE-8CC5-ECF7C262C631"},{"id":"E9CC67E2-D3BE-4D6E-8417-8972C50EBE20"},{"id":"B594833D-10E0-4858-9DD0-5CE0BDCA9DEC"},{"id":"6F77E2C5-1267-4FAC-86D8-5DB7C5C3EF5E"},{"id":"3209865F-215F-4FBD-806C-BF90065CAAFB"},{"id":"B6AA1D67-EAC3-49DF-B8D1-D313C7F81A7E"},{"id":"00A5D624-10FE-4548-85A5-8A28976D2D1D"}],"row4":[{"fromDetail":{"output":{"letter_keys":{"_0":"f"}},"display":"F"},"toDetailCollection":{"condition0":{"layer0":{"isCustomized_tap":true,"outputAndDisplay_tap":{"display":"A","output":{"letter_keys":{"_0":"a"}},"layerKey":"layer0"},"withModifier_tap":{}}}},"id":"642224FE-2951-4B3D-ADEE-655B96E4901D"},{"id":"80464D4A-9F89-469D-831F-2E2C8CAC2FCC","fromDetail":{"output":{"letter_keys":{"_0":"l"}},"display":"L"},"toDetailCollection":{"condition0":{"layer0":{"withModifier_tap":{},"outputAndDisplay_tap":{"output":{"letter_keys":{"_0":"n"}},"display":"N","layerKey":"layer0"},"isCustomized_tap":true}}}},{"toDetailCollection":{},"fromDetail":{"display":"'","output":{"controls_and_symbols":{"_0":"single_quotation_or_colon"}}},"id":"7420A0D1-25BD-43AE-8DC2-30A4586C8ACD"},{"id":"6BFE66D3-118C-4971-B7F5-F04B2EA5F708","fromDetail":{"output":{"letter_keys":{"_0":"d"}},"display":"D"},"toDetailCollection":{"condition0":{"layer0":{"isCustomized_tap":true,"withModifier_tap":{},"outputAndDisplay_tap":{"output":{"letter_keys":{"_0":"i"}},"layerKey":"layer0","display":"I"}}}}},{"toDetailCollection":{"condition0":{"layer0":{"outputAndDisplay_tap":{"display":"T","layerKey":"layer0","output":{"letter_keys":{"_0":"t"}}},"isCustomized_tap":true,"withModifier_tap":{}}}},"fromDetail":{"display":"K","output":{"letter_keys":{"_0":"k"}}},"id":"CEA0875C-FE5E-4B82-9119-377BD8C01377"},{"id":"A5E85575-8245-4328-8050-D914A8CD8863","toDetailCollection":{"condition0":{"layer0":{"outputAndDisplay_tap":{"display":"H","layerKey":"layer0","output":{"letter_keys":{"_0":"h"}}},"withModifier_tap":{},"isCustomized_tap":true}}},"fromDetail":{"display":";","output":{"controls_and_symbols":{"_0":"semicolon"}}}},{"id":"57B62E3C-C779-46B9-8313-4A7175F3F0A6","toDetailCollection":{"condition0":{"layer0":{"isCustomized_tap":true,"withModifier_tap":{},"outputAndDisplay_tap":{"output":{"letter_keys":{"_0":"u"}},"layerKey":"layer0","display":"U"}}}},"fromDetail":{"output":{"letter_keys":{"_0":"s"}},"display":"S"}},{"fromDetail":{"output":{"letter_keys":{"_0":"j"}},"display":"J"},"toDetailCollection":{"condition0":{"layer0":{"withModifier_tap":{},"isCustomized_tap":true,"outputAndDisplay_tap":{"output":{"letter_keys":{"_0":"s"}},"display":"S","layerKey":"layer0"}}}},"id":"A5A0145D-60FD-463B-9D75-7DE150BD3F5D"},{"fromDetail":{"output":{"letter_keys":{"_0":"h"}},"display":"H"},"toDetailCollection":{"condition0":{"layer0":{"withModifier_tap":{},"outputAndDisplay_tap":{"output":{"letter_keys":{"_0":"k"}},"layerKey":"layer0","display":"K"},"isCustomized_tap":true}}},"id":"CAE0361A-AD68-4783-9F58-CE44ABDCC2BD"},{"id":"E815ACE1-34C7-485D-88E6-01A2AE80574D","toDetailCollection":{"condition0":{"layer0":{"outputAndDisplay_tap":{"layerKey":"layer0","output":{"letter_keys":{"_0":"e"}},"display":"E"},"isCustomized_tap":true,"withModifier_tap":{}}}},"fromDetail":{"display":"A","output":{"letter_keys":{"_0":"a"}}}},{"fromDetail":{"output":{"letter_keys":{"_0":"g"}},"display":"G"},"toDetailCollection":{"condition0":{"layer0":{"outputAndDisplay_tap":{"layerKey":"layer0","display":"O","output":{"letter_keys":{"_0":"o"}}},"withModifier_tap":{},"isCustomized_tap":true}}},"id":"9825A922-8D91-48FC-BFD1-999888EE205D"},{"id":"6DC7B5BE-6393-4377-9A52-DF373CC102D4","fromDetail":{"output":{"controls_and_symbols":{"_0":"backslash_or_yen"}},"display":"\\"},"toDetailCollection":{}},{"id":"AB741473-5145-4B00-87E4-88F0FA0765FC","fromDetail":{"display":"capslock","isSFSymbol":true,"output":{"modifier_keys":{"_0":"caps_lock"}}},"unitSize":1.75,"toDetailCollection":{}}],"idsInOrderRow4":[{"id":"AB741473-5145-4B00-87E4-88F0FA0765FC"},{"id":"E815ACE1-34C7-485D-88E6-01A2AE80574D"},{"id":"57B62E3C-C779-46B9-8313-4A7175F3F0A6"},{"id":"6BFE66D3-118C-4971-B7F5-F04B2EA5F708"},{"id":"642224FE-2951-4B3D-ADEE-655B96E4901D"},{"id":"9825A922-8D91-48FC-BFD1-999888EE205D"},{"id":"CAE0361A-AD68-4783-9F58-CE44ABDCC2BD"},{"id":"A5A0145D-60FD-463B-9D75-7DE150BD3F5D"},{"id":"CEA0875C-FE5E-4B82-9119-377BD8C01377"},{"id":"80464D4A-9F89-469D-831F-2E2C8CAC2FCC"},{"id":"A5E85575-8245-4328-8050-D914A8CD8863"},{"id":"7420A0D1-25BD-43AE-8DC2-30A4586C8ACD"},{"id":"6DC7B5BE-6393-4377-9A52-DF373CC102D4"}],"row6":[{"fromDetail":{"display":"command","isSFSymbol":true,"output":{"modifier_keys":{"_0":"left_command"}}},"id":"5BF46D86-2BD9-4B44-BBFA-852B0B5BC129","unitSize":1.25,"toDetailCollection":{}},{"id":"27512780-6DDA-4802-9CA0-74EDD116A05B","toDetailCollection":{},"fromDetail":{"output":{"modifier_keys":{"_0":"right_command"}},"display":"command","isSFSymbol":true},"unitSize":1.25},{"id":"8615ED79-E23E-4EDF-8C94-D7852FA17829","fromDetail":{"display":"option","output":{"modifier_keys":{"_0":"right_option"}},"isSFSymbol":true},"toDetailCollection":{}},{"id":"FC9062FC-B236-4D16-B89D-918BA865DB85","toDetailCollection":{},"fromDetail":{"isSFSymbol":true,"output":{"modifier_keys":{"_0":"left_control"}},"display":"control"}},{"toDetailCollection":{},"id":"04ED92D4-E109-4BC5-8D53-5CC7034E5879","fromDetail":{"display":"globe","isSFSymbol":true,"output":{"modifier_keys":{"_0":"keyboard_fn"}}}},{"fromDetail":{"output":{"modifier_keys":{"_0":"left_option"}},"display":"option","isSFSymbol":true},"toDetailCollection":{},"id":"CA2DD113-A444-4050-B439-21D12F186844"},{"fromDetail":{"output":{"controls_and_symbols":{"_0":"spacebar"}},"display":"␣"},"toDetailCollection":{},"unitSize":5,"id":"CC409717-11DC-40EB-805B-F6826DDB85DD"}],"arrow_left":{"keyShape":"arrow_LR","id":"8A4F54AE-F52C-451A-AD09-7A4399453F1C","toDetailCollection":{},"fromDetail":{"display":"arrowtriangle.left.fill","output":{"arrow_keys":{"_0":"left_arrow"}},"isSFSymbol":true}},"idsInOrderRow1":[{"id":"4006FC0F-F140-4DD3-9F01-42B17417A72F"},{"id":"A059184B-EF55-4439-BD6B-877F681EB5D4"},{"id":"D9668CCE-3AEA-4670-A7B8-A1BAC01E5852"},{"id":"5CA2DC2C-3335-493A-89CA-47CD0CCE6A0A"},{"id":"0D1218BE-C10E-4541-9CA8-4539264F1B3E"},{"id":"13C86FC9-C376-40D9-908D-C3B3D4DECC07"},{"id":"C9BF2D4C-8716-4352-9362-49F138CE0986"},{"id":"8A02C51C-AA12-4EAF-B229-7FD48F1AE868"},{"id":"C110CB78-9218-47C1-ADDB-8705D235932E"},{"id":"8B96D058-3286-46D8-88CA-17EC2CF56329"},{"id":"78371961-D272-49F1-ADA3-BCF0FE98C28B"},{"id":"2CA8DB6C-ED7D-4CFF-BEDF-0D30EC82475A"},{"id":"44289ECB-836E-4871-98C3-4227A19EE364"}],"row5":[{"id":"00A5D624-10FE-4548-85A5-8A28976D2D1D","unitSize":2.25,"fromDetail":{"display":"shift","isSFSymbol":true,"output":{"modifier_keys":{"_0":"right_shift"}}},"toDetailCollection":{}},{"fromDetail":{"output":{"modifier_keys":{"_0":"left_shift"}},"isSFSymbol":true,"display":"shift"},"unitSize":1.25,"id":"FAC9EEDD-4B93-4DED-AD0D-0DB9CA1471B0","toDetailCollection":{}},{"fromDetail":{"output":{"letter_keys":{"_0":"v"}},"display":"V"},"id":"6E42A1C2-0388-4157-A44E-026ABC0313B5","toDetailCollection":{"condition0":{"layer0":{"outputAndDisplay_tap":{"display":"none","layerKey":"layer0"},"isMacro_tap":true,"withModifier_tap":{},"macro_id_tap":"14C47C64-7873-4F31-8086-C35D3736F656","isCustomized_tap":true}}}},{"fromDetail":{"output":{"controls_and_symbols":{"_0":"comma"}},"display":","},"toDetailCollection":{"condition0":{"layer0":{"outputAndDisplay_tap":{"layerKey":"layer0","output":{"controls_and_symbols":{"_0":"comma"}},"display":","},"withModifier_tap":{},"isCustomized_tap":true}}},"id":"6F77E2C5-1267-4FAC-86D8-5DB7C5C3EF5E"},{"id":"DAADA6F0-E1E4-479A-9F7D-DA1E79AE3C82","fromDetail":{"display":"Z","output":{"letter_keys":{"_0":"z"}}},"toDetailCollection":{"condition0":{"layer0":{"isMacro_tap":true,"macro_id_tap":"C72956CF-65D4-4394-9F42-C132FD25A9B7","outputAndDisplay_tap":{"display":"none","layerKey":"layer0"},"withModifier_tap":{},"isCustomized_tap":true}}}},{"id":"5312F654-14E3-41BE-8CC5-ECF7C262C631","fromDetail":{"output":{"letter_keys":{"_0":"b"}},"display":"B"},"toDetailCollection":{"condition0":{"layer0":{"macro_id_tap":"C4BDDF90-4D47-489F-8CA9-9F247E80DF68","outputAndDisplay_tap":{"display":"none","layerKey":"layer0"},"isCustomized_tap":true,"withModifier_tap":{},"isMacro_tap":true}}}},{"toDetailCollection":{"condition0":{"layer0":{"isCustomized_tap":true,"outputAndDisplay_tap":{"output":{"letter_keys":{"_0":"b"}},"display":"B","layerKey":"layer0"},"withModifier_tap":{}}}},"fromDetail":{"display":".","output":{"controls_and_symbols":{"_0":"period"}}},"id":"3209865F-215F-4FBD-806C-BF90065CAAFB"},{"id":"D7DEFF52-F96B-415A-8331-76E4898D8CE8","fromDetail":{"output":{"letter_keys":{"_0":"x"}},"display":"X"},"toDetailCollection":{}},{"toDetailCollection":{"condition0":{"layer0":{"outputAndDisplay_tap":{"output":{"letter_keys":{"_0":"g"}},"display":"G","layerKey":"layer0"},"withModifier_tap":{},"isCustomized_tap":true}}},"id":"E9CC67E2-D3BE-4D6E-8417-8972C50EBE20","fromDetail":{"output":{"letter_keys":{"_0":"n"}},"display":"N"}},{"id":"B6AA1D67-EAC3-49DF-B8D1-D313C7F81A7E","fromDetail":{"output":{"controls_and_symbols":{"_0":"slash"}},"display":"\/"},"toDetailCollection":{}},{"toDetailCollection":{},"fromDetail":{"output":{"controls_and_symbols":{"_0":"grave_accent"}},"display":"`"},"id":"F9611E1E-4109-403E-97A5-F46C0CB29737"},{"id":"F350C988-CB00-4E4C-A393-70C2898BC520","fromDetail":{"display":"C","output":{"letter_keys":{"_0":"c"}}},"toDetailCollection":{"condition0":{"layer0":{"isCustomized_tap":true,"withModifier_tap":{},"outputAndDisplay_tap":{"display":"V","layerKey":"layer0","output":{"letter_keys":{"_0":"v"}}}}}}},{"toDetailCollection":{"condition0":{"layer0":{"withModifier_tap":{},"isCustomized_tap":true,"outputAndDisplay_tap":{"display":"Z","layerKey":"layer0","output":{"letter_keys":{"_0":"z"}}}}}},"fromDetail":{"display":"M","output":{"letter_keys":{"_0":"m"}}},"id":"B594833D-10E0-4858-9DD0-5CE0BDCA9DEC"}],"row1":[{"toDetailCollection":{},"id":"8B96D058-3286-46D8-88CA-17EC2CF56329","fromDetail":{"output":{"function_keys":{"_0":"f9"}},"display":"F9"}},{"fromDetail":{"display":"F7","output":{"function_keys":{"_0":"f7"}}},"toDetailCollection":{},"id":"8A02C51C-AA12-4EAF-B229-7FD48F1AE868"},{"toDetailCollection":{},"id":"4006FC0F-F140-4DD3-9F01-42B17417A72F","fromDetail":{"output":{"controls_and_symbols":{"_0":"escape"}},"display":"escape","isSFSymbol":true},"unitSize":1.5},{"fromDetail":{"output":{"function_keys":{"_0":"f6"}},"display":"F6"},"toDetailCollection":{},"id":"C9BF2D4C-8716-4352-9362-49F138CE0986"},{"toDetailCollection":{},"fromDetail":{"output":{"function_keys":{"_0":"f2"}},"display":"F2"},"id":"D9668CCE-3AEA-4670-A7B8-A1BAC01E5852"},{"toDetailCollection":{},"id":"0D1218BE-C10E-4541-9CA8-4539264F1B3E","fromDetail":{"output":{"function_keys":{"_0":"f4"}},"display":"F4"}},{"toDetailCollection":{},"id":"44289ECB-836E-4871-98C3-4227A19EE364","fromDetail":{"display":"F12","output":{"function_keys":{"_0":"f12"}}}},{"toDetailCollection":{},"fromDetail":{"output":{"function_keys":{"_0":"f10"}},"display":"F10"},"id":"78371961-D272-49F1-ADA3-BCF0FE98C28B"},{"id":"C110CB78-9218-47C1-ADDB-8705D235932E","toDetailCollection":{},"fromDetail":{"output":{"function_keys":{"_0":"f8"}},"display":"F8"}},{"id":"5CA2DC2C-3335-493A-89CA-47CD0CCE6A0A","fromDetail":{"output":{"function_keys":{"_0":"f3"}},"display":"F3"},"toDetailCollection":{}},{"fromDetail":{"output":{"function_keys":{"_0":"f1"}},"display":"F1"},"id":"A059184B-EF55-4439-BD6B-877F681EB5D4","toDetailCollection":{}},{"fromDetail":{"output":{"function_keys":{"_0":"f5"}},"display":"F5"},"id":"13C86FC9-C376-40D9-908D-C3B3D4DECC07","toDetailCollection":{}},{"id":"2CA8DB6C-ED7D-4CFF-BEDF-0D30EC82475A","fromDetail":{"display":"F11","output":{"function_keys":{"_0":"f11"}}},"toDetailCollection":{}}],"idsInOrderRow6":[{"id":"04ED92D4-E109-4BC5-8D53-5CC7034E5879"},{"id":"FC9062FC-B236-4D16-B89D-918BA865DB85"},{"id":"CA2DD113-A444-4050-B439-21D12F186844"},{"id":"5BF46D86-2BD9-4B44-BBFA-852B0B5BC129"},{"id":"CC409717-11DC-40EB-805B-F6826DDB85DD"},{"id":"27512780-6DDA-4802-9CA0-74EDD116A05B"},{"id":"8615ED79-E23E-4EDF-8C94-D7852FA17829"}],"rowIndex_arrow":{"row6":{}},"idsInOrderRow3":[{"id":"2A70FDF5-8957-4A05-9F50-AB6637110AAF"},{"id":"64466B7C-3926-4D0D-BC98-0C769C7E72DC"},{"id":"A84C9779-5214-4C23-A637-8D4623573EF6"},{"id":"6363E974-2909-400E-9D08-C4900C88628E"},{"id":"A71ECAC1-CE86-47C9-9968-D740D087D8CD"},{"id":"760FB5A0-6C5D-4DCA-80D8-D0FF82FBF189"},{"id":"06D7EC1B-8615-498D-9342-2472F09AA76C"},{"id":"95DAEC04-D7DA-4647-9A8B-D2C1E47CBD5A"},{"id":"B33CC8BA-DC5A-4A3C-ABE1-425F13A0F85F"},{"id":"073FA7BA-95D4-4C19-8C93-3EFC13568495"},{"id":"D0694F28-88C6-4317-BDBE-A89ED38AE71C"},{"id":"CEB3DA81-1C56-44A8-973D-A6E240361A6F"},{"id":"AFE6DD80-7377-4D7F-99DA-FCB1330813D5"},{"id":"BD8224D4-5598-4ECC-82B7-92324DAA1E45"}],"arrow_right":{"fromDetail":{"display":"arrowtriangle.right.fill","isSFSymbol":true,"output":{"arrow_keys":{"_0":"right_arrow"}}},"id":"90022F19-3C12-4C7B-8C24-AC5500BAAA2D","keyShape":"arrow_LR","toDetailCollection":{}},"row2":[{"fromDetail":{"output":{"number_keys":{"_0":"three"}},"display":"3"},"toDetailCollection":{},"id":"F31530B0-28EA-433E-93AE-B6E20996DA0F"},{"toDetailCollection":{},"fromDetail":{"output":{"number_keys":{"_0":"eight"}},"display":"8"},"id":"88CB5ADC-3D7B-44BE-9527-BE2601FFB267"},{"fromDetail":{"output":{"controls_and_symbols":{"_0":"equal_sign_or_caret"}},"display":"="},"toDetailCollection":{},"id":"09325C69-0D7A-429A-9DCE-6E631B584059"},{"id":"03B6AC9A-E6D4-41A9-AF6A-AD9269E51228","fromDetail":{"output":{"controls_and_symbols":{"_0":"section"}},"display":"§"},"toDetailCollection":{}},{"id":"C8F4D701-216F-4F8A-A7E2-7097DE9CE310","toDetailCollection":{},"fromDetail":{"display":"4","output":{"number_keys":{"_0":"four"}}}},{"toDetailCollection":{},"id":"B30E681C-FFD0-45EA-8DCE-9F63EB902461","fromDetail":{"display":"9","output":{"number_keys":{"_0":"nine"}}}},{"fromDetail":{"isSFSymbol":true,"output":{"controls_and_symbols":{"_0":"delete_or_backspace"}},"display":"delete.left"},"unitSize":1.5,"toDetailCollection":{},"id":"E2679855-53E6-491D-A2F2-D64542B6BBCB"},{"toDetailCollection":{},"id":"A67D4F88-A131-4DAC-B6AF-EE9034777006","fromDetail":{"output":{"number_keys":{"_0":"one"}},"display":"1"}},{"fromDetail":{"display":"6","output":{"number_keys":{"_0":"six"}}},"toDetailCollection":{},"id":"E40FC4D6-ACC3-4FA3-BB2B-C75CA58D1BC6"},{"id":"057AFF4A-4B19-481F-B6DA-71915CB3AF03","toDetailCollection":{},"fromDetail":{"output":{"number_keys":{"_0":"zero"}},"display":"0"}},{"toDetailCollection":{},"fromDetail":{"output":{"number_keys":{"_0":"five"}},"display":"5"},"id":"E472527F-3942-44B8-962C-82F26601B083"},{"toDetailCollection":{},"id":"249A4FE7-570C-4F9D-A336-CD2AED46F2CC","fromDetail":{"display":"2","output":{"number_keys":{"_0":"two"}}}},{"fromDetail":{"output":{"number_keys":{"_0":"seven"}},"display":"7"},"id":"7D8DF679-031B-44D4-977D-EDA06AB38E91","toDetailCollection":{}},{"id":"7A805F00-E488-4A16-AECD-3889102DE9DF","toDetailCollection":{},"fromDetail":{"display":"-","output":{"controls_and_symbols":{"_0":"hyphen"}}}}],"arrow_down":{"toDetailCollection":{},"fromDetail":{"display":"arrowtriangle.down.fill","isSFSymbol":true,"output":{"arrow_keys":{"_0":"down_arrow"}}},"keyShape":"arrow_Down","id":"9A9ABFDF-0F0D-474F-BF27-A578754FDDB6"},"idsInOrderRow2":[{"id":"03B6AC9A-E6D4-41A9-AF6A-AD9269E51228"},{"id":"A67D4F88-A131-4DAC-B6AF-EE9034777006"},{"id":"249A4FE7-570C-4F9D-A336-CD2AED46F2CC"},{"id":"F31530B0-28EA-433E-93AE-B6E20996DA0F"},{"id":"C8F4D701-216F-4F8A-A7E2-7097DE9CE310"},{"id":"E472527F-3942-44B8-962C-82F26601B083"},{"id":"E40FC4D6-ACC3-4FA3-BB2B-C75CA58D1BC6"},{"id":"7D8DF679-031B-44D4-977D-EDA06AB38E91"},{"id":"88CB5ADC-3D7B-44BE-9527-BE2601FFB267"},{"id":"B30E681C-FFD0-45EA-8DCE-9F63EB902461"},{"id":"057AFF4A-4B19-481F-B6DA-71915CB3AF03"},{"id":"7A805F00-E488-4A16-AECD-3889102DE9DF"},{"id":"09325C69-0D7A-429A-9DCE-6E631B584059"},{"id":"E2679855-53E6-491D-A2F2-D64542B6BBCB"}],"enableArrowKeys":true,"row3":[{"fromDetail":{"output":{"letter_keys":{"_0":"y"}},"display":"Y"},"toDetailCollection":{"condition0":{"layer0":{"outputAndDisplay_tap":{"layerKey":"layer0","output":{"letter_keys":{"_0":"m"}},"display":"M"},"withModifier_tap":{},"isCustomized_tap":true}}},"id":"06D7EC1B-8615-498D-9342-2472F09AA76C"},{"toDetailCollection":{"condition0":{"layer0":{"isCustomized_tap":true,"outputAndDisplay_tap":{"display":"R","layerKey":"layer0","output":{"letter_keys":{"_0":"r"}}},"withModifier_tap":{}}}},"fromDetail":{"output":{"letter_keys":{"_0":"i"}},"display":"I"},"id":"B33CC8BA-DC5A-4A3C-ABE1-425F13A0F85F"},{"fromDetail":{"output":{"letter_keys":{"_0":"o"}},"display":"O"},"id":"073FA7BA-95D4-4C19-8C93-3EFC13568495","toDetailCollection":{"condition0":{"layer0":{"isCustomized_tap":true,"outputAndDisplay_tap":{"layerKey":"layer0","output":{"letter_keys":{"_0":"w"}},"display":"W"},"withModifier_tap":{}}}}},{"toDetailCollection":{"condition0":{"layer0":{"isCustomized_tap":true,"outputAndDisplay_tap":{"display":"C","layerKey":"layer0","output":{"letter_keys":{"_0":"c"}}},"withModifier_tap":{}}}},"id":"760FB5A0-6C5D-4DCA-80D8-D0FF82FBF189","fromDetail":{"output":{"letter_keys":{"_0":"t"}},"display":"T"}},{"unitSize":1.5,"id":"2A70FDF5-8957-4A05-9F50-AB6637110AAF","fromDetail":{"display":"arrow.right.to.line","isSFSymbol":true,"output":{"controls_and_symbols":{"_0":"tab"}}},"toDetailCollection":{}},{"fromDetail":{"output":{"letter_keys":{"_0":"u"}},"display":"U"},"id":"95DAEC04-D7DA-4647-9A8B-D2C1E47CBD5A","toDetailCollection":{"condition0":{"layer0":{"outputAndDisplay_tap":{"output":{"letter_keys":{"_0":"y"}},"layerKey":"layer0","display":"Y"},"isCustomized_tap":true,"withModifier_tap":{}}}}},{"keyShape":"enter_UK","toDetailCollection":{},"fromDetail":{"isSFSymbol":true,"display":"return","output":{"controls_and_symbols":{"_0":"return_or_enter"}}},"id":"BD8224D4-5598-4ECC-82B7-92324DAA1E45"},{"fromDetail":{"output":{"letter_keys":{"_0":"e"}},"display":"E"},"id":"6363E974-2909-400E-9D08-C4900C88628E","toDetailCollection":{"condition0":{"layer0":{"isCustomized_tap":true,"outputAndDisplay_tap":{"output":{"letter_keys":{"_0":"j"}},"display":"J","layerKey":"layer0"},"withModifier_tap":{}}}}},{"id":"AFE6DD80-7377-4D7F-99DA-FCB1330813D5","fromDetail":{"output":{"controls_and_symbols":{"_0":"close_square_bracket"}},"display":"]"},"toDetailCollection":{}},{"toDetailCollection":{"condition0":{"layer0":{"isCustomized_tap":true,"outputAndDisplay_tap":{"layerKey":"layer0","output":{"letter_keys":{"_0":"f"}},"display":"F"},"withModifier_tap":{}}}},"fromDetail":{"output":{"letter_keys":{"_0":"r"}},"display":"R"},"id":"A71ECAC1-CE86-47C9-9968-D740D087D8CD"},{"id":"64466B7C-3926-4D0D-BC98-0C769C7E72DC","fromDetail":{"display":"Q","output":{"letter_keys":{"_0":"q"}}},"toDetailCollection":{}},{"id":"CEB3DA81-1C56-44A8-973D-A6E240361A6F","fromDetail":{"output":{"controls_and_symbols":{"_0":"open_square_bracket"}},"display":"["},"toDetailCollection":{}},{"fromDetail":{"output":{"letter_keys":{"_0":"w"}},"display":"W"},"toDetailCollection":{"condition0":{"layer0":{"isCustomized_tap":true,"outputAndDisplay_tap":{"output":{"letter_keys":{"_0":"l"}},"display":"L","layerKey":"layer0"},"withModifier_tap":{}}}},"id":"A84C9779-5214-4C23-A637-8D4623573EF6"},{"id":"D0694F28-88C6-4317-BDBE-A89ED38AE71C","toDetailCollection":{},"fromDetail":{"display":"P","output":{"letter_keys":{"_0":"p"}}}}],"arrow_up":{"toDetailCollection":{},"id":"C710BCAA-3AFF-44F8-84F9-545887D9DC2B","fromDetail":{"isSFSymbol":true,"output":{"arrow_keys":{"_0":"up_arrow"}},"display":"arrowtriangle.up.fill"},"keyShape":"arrow_Up"}},"tenkeyRows":{"idsInOrderRow6":[{"id":"E818038D-7706-4285-AE52-6F44865B2683"},{"id":"0A63BF43-875A-4AFA-B217-AA9CB2C41C68"}],"row6":[{"id":"0A63BF43-875A-4AFA-B217-AA9CB2C41C68","fromDetail":{"output":{"keypad_keys":{"_0":"keypad_period"}},"display":"."},"toDetailCollection":{}},{"id":"E818038D-7706-4285-AE52-6F44865B2683","fromDetail":{"output":{"keypad_keys":{"_0":"keypad_0"}},"display":"0"},"toDetailCollection":{},"unitSize":2}],"arrow_right":{"fromDetail":{"display":"arrowtriangle.right.fill","output":{"arrow_keys":{"_0":"right_arrow"}},"isSFSymbol":true},"id":"6A501CE5-4BBF-4C6E-8A8D-8F1A4B1ACD62","keyShape":"arrow_LR","toDetailCollection":{}},"arrow_left":{"fromDetail":{"display":"arrowtriangle.left.fill","isSFSymbol":true,"output":{"arrow_keys":{"_0":"left_arrow"}}},"id":"B5D98091-8F0D-429B-A608-0EDB78662F16","keyShape":"arrow_LR","toDetailCollection":{}},"row4":[{"fromDetail":{"display":"+","output":{"keypad_keys":{"_0":"keypad_plus"}}},"id":"D057B8C5-38C4-4245-BA91-9A5B0F58410A","toDetailCollection":{}},{"id":"34C77AAA-65F3-451B-8E46-78FD895DA4B0","fromDetail":{"display":"6","output":{"keypad_keys":{"_0":"keypad_6"}}},"toDetailCollection":{}},{"id":"BFA5C0F8-A5F3-4605-AB85-8DDC8A1D267E","fromDetail":{"output":{"keypad_keys":{"_0":"keypad_5"}},"display":"5"},"toDetailCollection":{}},{"fromDetail":{"display":"4","output":{"keypad_keys":{"_0":"keypad_4"}}},"toDetailCollection":{},"id":"A47CBD76-8F40-48DA-87E5-165513537DF6"}],"rowIndex_arrow":{"row6":{}},"row5":[{"fromDetail":{"output":{"keypad_keys":{"_0":"keypad_2"}},"display":"2"},"toDetailCollection":{},"id":"4083CABD-CC21-4051-A00F-6F193783EE4F"},{"id":"9A7BE96E-C006-48E5-AF7D-E49A9027E260","keyShape":"enter_Tenkey","toDetailCollection":{},"fromDetail":{"display":"projective","output":{"keypad_keys":{"_0":"keypad_enter"}},"isSFSymbol":true}},{"id":"4BDEF172-73AB-4E04-894F-301EA16F9ED4","toDetailCollection":{},"fromDetail":{"display":"3","output":{"keypad_keys":{"_0":"keypad_3"}}}},{"fromDetail":{"output":{"keypad_keys":{"_0":"keypad_1"}},"display":"1"},"id":"223D08DD-05DC-4C71-8210-DFD1A59E8052","toDetailCollection":{}}],"idsInOrderRow2":[{"id":"9F34495F-0CF2-4B8F-9AFE-E2401BB74E80"},{"id":"A3D0B6F9-F345-48E9-BBDF-811B33DF74F8"},{"id":"F32F1629-A6E8-4B23-97FD-94E0D76BE225"},{"id":"9BB059C4-C212-4BDE-B61A-EEB1C367C9E8"}],"idsInOrderRow5":[{"id":"223D08DD-05DC-4C71-8210-DFD1A59E8052"},{"id":"4083CABD-CC21-4051-A00F-6F193783EE4F"},{"id":"4BDEF172-73AB-4E04-894F-301EA16F9ED4"},{"id":"9A7BE96E-C006-48E5-AF7D-E49A9027E260"}],"row1":[{"fromDetail":{"output":{"function_keys":{"_0":"f18"}},"display":"F18"},"id":"C2B529A5-B401-4D46-8D47-355C4238386E","toDetailCollection":{}},{"toDetailCollection":{},"id":"98DFEF87-EF6D-4A8B-954E-F66A26576971","fromDetail":{"display":"F19","output":{"function_keys":{"_0":"f19"}}}},{"toDetailCollection":{},"id":"7A1B8856-08DC-4996-9D97-FDD6C80BA938","fromDetail":{"output":{"function_keys":{"_0":"f17"}},"display":"F17"}},{"fromDetail":{"output":{"function_keys":{"_0":"f16"}},"display":"F16"},"toDetailCollection":{},"id":"2A83CCEF-B728-46FE-8ECD-DC6E40BD912B"}],"enableArrowKeys":false,"idsInOrderRow1":[{"id":"2A83CCEF-B728-46FE-8ECD-DC6E40BD912B"},{"id":"7A1B8856-08DC-4996-9D97-FDD6C80BA938"},{"id":"C2B529A5-B401-4D46-8D47-355C4238386E"},{"id":"98DFEF87-EF6D-4A8B-954E-F66A26576971"}],"idsInOrderRow4":[{"id":"A47CBD76-8F40-48DA-87E5-165513537DF6"},{"id":"BFA5C0F8-A5F3-4605-AB85-8DDC8A1D267E"},{"id":"34C77AAA-65F3-451B-8E46-78FD895DA4B0"},{"id":"D057B8C5-38C4-4245-BA91-9A5B0F58410A"}],"row2":[{"toDetailCollection":{},"id":"9BB059C4-C212-4BDE-B61A-EEB1C367C9E8","fromDetail":{"display":"*","output":{"keypad_keys":{"_0":"keypad_asterisk"}}}},{"fromDetail":{"display":"\/","output":{"keypad_keys":{"_0":"keypad_slash"}}},"id":"F32F1629-A6E8-4B23-97FD-94E0D76BE225","toDetailCollection":{}},{"id":"A3D0B6F9-F345-48E9-BBDF-811B33DF74F8","toDetailCollection":{},"fromDetail":{"output":{"keypad_keys":{"_0":"keypad_equal_sign"}},"display":"="}},{"toDetailCollection":{},"fromDetail":{"display":"clear","output":{"others":{"_0":"clear"}}},"id":"9F34495F-0CF2-4B8F-9AFE-E2401BB74E80"}],"idsInOrderRow3":[{"id":"BD512784-8541-484E-8FA3-4BCDB7D7D5FC"},{"id":"FFA0716E-543B-4F9D-B55A-148098B4E6DA"},{"id":"4F4A0FE8-AB27-48F6-8B2A-9508C0DAE5AF"},{"id":"551F7DD3-1459-4010-8F08-DDC79F45D66A"}],"arrow_up":{"toDetailCollection":{},"fromDetail":{"isSFSymbol":true,"output":{"arrow_keys":{"_0":"up_arrow"}},"display":"arrowtriangle.up.fill"},"id":"63490153-B685-4718-8E6C-B3F43A6F7A60","keyShape":"arrow_Up"},"row3":[{"fromDetail":{"display":"8","output":{"keypad_keys":{"_0":"keypad_8"}}},"id":"FFA0716E-543B-4F9D-B55A-148098B4E6DA","toDetailCollection":{}},{"toDetailCollection":{},"id":"BD512784-8541-484E-8FA3-4BCDB7D7D5FC","fromDetail":{"display":"7","output":{"keypad_keys":{"_0":"keypad_7"}}}},{"toDetailCollection":{},"fromDetail":{"output":{"keypad_keys":{"_0":"keypad_hyphen"}},"display":"-"},"id":"551F7DD3-1459-4010-8F08-DDC79F45D66A"},{"fromDetail":{"output":{"keypad_keys":{"_0":"keypad_9"}},"display":"9"},"toDetailCollection":{},"id":"4F4A0FE8-AB27-48F6-8B2A-9508C0DAE5AF"}],"arrow_down":{"fromDetail":{"display":"arrowtriangle.down.fill","output":{"arrow_keys":{"_0":"down_arrow"}},"isSFSymbol":true},"keyShape":"arrow_Down","toDetailCollection":{},"id":"37881185-7FB3-4829-9DF7-2FE23BFC795A"}},"subRows":{"row4":[],"idsInOrderRow4":[],"arrow_left":{"toDetailCollection":{},"fromDetail":{"display":"arrowtriangle.left.fill","output":{"arrow_keys":{"_0":"left_arrow"}},"isSFSymbol":true},"id":"A8FB1018-3974-4032-BF01-49C04BFBBE60","keyShape":"arrow_LR"},"row6":[{"fromDetail":{"output":{"arrow_keys":{"_0":"right_arrow"}},"isSFSymbol":true,"display":"arrowtriangle.right.fill"},"toDetailCollection":{},"id":"C40BBEF6-B51D-4367-936D-F00876E168A9"},{"fromDetail":{"output":{"arrow_keys":{"_0":"down_arrow"}},"isSFSymbol":true,"display":"arrowtriangle.down.fill"},"toDetailCollection":{},"id":"D146E11D-CFA7-453B-9421-258CA91358F4"},{"fromDetail":{"display":"arrowtriangle.left.fill","isSFSymbol":true,"output":{"arrow_keys":{"_0":"left_arrow"}}},"toDetailCollection":{},"id":"87D733F4-529B-43DC-A916-CA57F28D7412"}],"row3":[{"fromDetail":{"isSFSymbol":true,"output":{"controls_and_symbols":{"_0":"delete_forward"}},"display":"delete.right"},"toDetailCollection":{},"id":"A899268D-F669-4709-A0E9-6AE76A5E951A"},{"toDetailCollection":{},"id":"FFABD2E3-1A43-4A2C-A067-B63880951EF0","fromDetail":{"display":"arrow.down.to.line","output":{"arrow_keys":{"_0":"end"}},"isSFSymbol":true}},{"toDetailCollection":{},"fromDetail":{"isSFSymbol":true,"output":{"arrow_keys":{"_0":"page_down"}},"display":"arrow.down"},"id":"7F55D494-D20D-4E90-87B1-FE61A563A637"}],"enableArrowKeys":false,"row2":[{"id":"0BA1F26B-0179-4C49-8C01-C1D06A4A04D5","fromDetail":{"isSFSymbol":true,"display":"arrow.up","output":{"arrow_keys":{"_0":"page_up"}}},"toDetailCollection":{}},{"fromDetail":{"output":{"keys_in_pc_keyboards":{"_0":"insert"}},"display":"text.insert","isSFSymbol":true},"toDetailCollection":{},"id":"5599A26B-E6F0-4364-B03D-CF1A91E8CF4F"},{"id":"23C4BA8B-983B-4B99-88B6-22D3261F1FDD","fromDetail":{"display":"arrow.up.to.line","output":{"arrow_keys":{"_0":"home"}},"isSFSymbol":true},"toDetailCollection":{}}],"arrow_up":{"toDetailCollection":{},"id":"1AF018B1-B041-4CF9-BE9D-97813696C9EB","fromDetail":{"output":{"arrow_keys":{"_0":"up_arrow"}},"display":"arrowtriangle.up.fill","isSFSymbol":true},"keyShape":"arrow_Up"},"arrow_down":{"toDetailCollection":{},"id":"E9F32531-8588-4618-A989-A143EF439C3D","keyShape":"arrow_Down","fromDetail":{"isSFSymbol":true,"output":{"arrow_keys":{"_0":"down_arrow"}},"display":"arrowtriangle.down.fill"}},"row1":[{"id":"ECAB20D3-DD46-4B99-BB3B-46869BBBF4C0","fromDetail":{"display":"F13","output":{"function_keys":{"_0":"f13"}}},"toDetailCollection":{}},{"toDetailCollection":{},"id":"63B035FE-130B-432A-AD8D-256ED6246B99","fromDetail":{"display":"F14","output":{"function_keys":{"_0":"f14"}}}},{"fromDetail":{"output":{"function_keys":{"_0":"f15"}},"display":"F15"},"id":"8AD035E1-7480-4B43-806B-FBCA93D420E7","toDetailCollection":{}}],"row5":[{"toDetailCollection":{},"id":"6C773B70-ACCE-42B6-B5A5-7EAC104BA1FA","fromDetail":{"display":"arrowtriangle.up.fill","isSFSymbol":true,"output":{"arrow_keys":{"_0":"up_arrow"}}}},{"fromDetail":{"output":{"letter_keys":{"_0":"a"}},"display":"A"},"isSpacer":true,"id":"54A912A7-A860-46B3-8FF5-290A439DAD71","toDetailCollection":{}}],"idsInOrderRow1":[{"id":"ECAB20D3-DD46-4B99-BB3B-46869BBBF4C0"},{"id":"63B035FE-130B-432A-AD8D-256ED6246B99"},{"id":"8AD035E1-7480-4B43-806B-FBCA93D420E7"}],"idsInOrderRow5":[{"id":"54A912A7-A860-46B3-8FF5-290A439DAD71"},{"id":"6C773B70-ACCE-42B6-B5A5-7EAC104BA1FA"}],"rowIndex_arrow":{"row6":{}},"idsInOrderRow6":[{"id":"87D733F4-529B-43DC-A916-CA57F28D7412"},{"id":"D146E11D-CFA7-453B-9421-258CA91358F4"},{"id":"C40BBEF6-B51D-4367-936D-F00876E168A9"}],"idsInOrderRow3":[{"id":"A899268D-F669-4709-A0E9-6AE76A5E951A"},{"id":"FFABD2E3-1A43-4A2C-A067-B63880951EF0"},{"id":"7F55D494-D20D-4E90-87B1-FE61A563A637"}],"arrow_right":{"id":"FCF5945B-A7A0-4FB7-987F-1A16967810A4","toDetailCollection":{},"fromDetail":{"display":"arrowtriangle.right.fill","isSFSymbol":true,"output":{"arrow_keys":{"_0":"right_arrow"}}},"keyShape":"arrow_LR"},"idsInOrderRow2":[{"id":"5599A26B-E6F0-4364-B03D-CF1A91E8CF4F"},{"id":"23C4BA8B-983B-4B99-88B6-22D3261F1FDD"},{"id":"0BA1F26B-0179-4C49-8C01-C1D06A4A04D5"}]},"isEnableTenkey":false,"isEnableMain":true,"isEnableSub":false},"mouse":{"mainRows":{"row3":[{"toDetailCollection":{},"fromDetail":{"output":{"letter_keys":{"_0":"a"}},"display":"A"},"isSpacer":true,"id":"EFAA1C14-2136-494D-8ADA-33B89F33E84E"}],"idsInOrderRow3":[{"id":"EFAA1C14-2136-494D-8ADA-33B89F33E84E"}],"row6":[],"arrow_down":{"id":"A6FF6149-5E74-49C1-81FC-1B27421CE17E","fromDetail":{"isSFSymbol":true,"display":"arrowtriangle.down.fill","output":{"arrow_keys":{"_0":"down_arrow"}}},"keyShape":"arrow_Down","toDetailCollection":{}},"row4":[{"isSpacer":true,"id":"C03889D1-615B-481A-84E2-656185A6D20F","toDetailCollection":{},"fromDetail":{"output":{"letter_keys":{"_0":"a"}},"display":"A"}}],"idsInOrderRow2":[{"id":"0D6C70A5-2DEB-4B6A-BF48-6F86DB11DFE8"},{"id":"84FFEFFE-EA3C-4FFC-BF65-B5FCE8FBC547"}],"idsInOrderRow5":[],"row1":[{"toDetailCollection":{},"id":"75B8396A-087F-4FFA-A982-23B436EFCD26","fromDetail":{"output":{"mouse_buttons":{"_0":"button2"}},"display":"R click"}},{"id":"2EE94C50-D840-4619-91DE-30B3C2165A6F","toDetailCollection":{},"fromDetail":{"output":{"mouse_buttons":{"_0":"button1"}},"display":"L click"}}],"enableArrowKeys":false,"row2":[{"toDetailCollection":{},"fromDetail":{"display":"M click","output":{"mouse_buttons":{"_0":"button3"}}},"id":"84FFEFFE-EA3C-4FFC-BF65-B5FCE8FBC547"},{"id":"0D6C70A5-2DEB-4B6A-BF48-6F86DB11DFE8","fromDetail":{"display":"A","output":{"letter_keys":{"_0":"a"}}},"unitSize":0.5,"toDetailCollection":{},"isSpacer":true}],"idsInOrderRow1":[{"id":"2EE94C50-D840-4619-91DE-30B3C2165A6F"},{"id":"75B8396A-087F-4FFA-A982-23B436EFCD26"}],"arrow_right":{"keyShape":"arrow_LR","fromDetail":{"output":{"arrow_keys":{"_0":"right_arrow"}},"display":"arrowtriangle.right.fill","isSFSymbol":true},"toDetailCollection":{},"id":"1908B064-4410-43B3-9DA5-24E6EE67D3D2"},"row5":[],"arrow_up":{"keyShape":"arrow_Up","id":"F979359D-BC7C-4031-AC56-B05029CDDFF4","toDetailCollection":{},"fromDetail":{"display":"arrowtriangle.up.fill","output":{"arrow_keys":{"_0":"up_arrow"}},"isSFSymbol":true}},"arrow_left":{"id":"F7A97216-67A0-41FB-B9E2-F20E5111DC97","fromDetail":{"output":{"arrow_keys":{"_0":"left_arrow"}},"isSFSymbol":true,"display":"arrowtriangle.left.fill"},"toDetailCollection":{},"keyShape":"arrow_LR"},"idsInOrderRow6":[],"idsInOrderRow4":[{"id":"C03889D1-615B-481A-84E2-656185A6D20F"}],"rowIndex_arrow":{"row6":{}}},"isEnableSub":false,"subRows":{"idsInOrderRow5":[{"id":"BFA0A562-680D-4013-B059-D2F9EA1868F4"}],"arrow_left":{"id":"19EAC20B-2C10-47B0-9D79-7DF4C86940C1","keyShape":"arrow_LR","fromDetail":{"output":{"arrow_keys":{"_0":"left_arrow"}},"isSFSymbol":true,"display":"arrowtriangle.left.fill"},"toDetailCollection":{}},"row1":[{"toDetailCollection":{},"id":"92818160-BB6D-4A59-B6EA-EC4B9BC3E6D1","fromDetail":{"display":"A","output":{"letter_keys":{"_0":"a"}}}}],"row5":[{"fromDetail":{"display":"A","output":{"letter_keys":{"_0":"a"}}},"toDetailCollection":{},"id":"BFA0A562-680D-4013-B059-D2F9EA1868F4"}],"idsInOrderRow2":[{"id":"8774C9EF-2A5D-4A48-95E1-9F9CAC248ACC"}],"idsInOrderRow1":[{"id":"92818160-BB6D-4A59-B6EA-EC4B9BC3E6D1"}],"row4":[{"toDetailCollection":{},"id":"A9FA7605-A527-4AD7-90F4-97F9FD2F0B1E","fromDetail":{"output":{"letter_keys":{"_0":"a"}},"display":"A"}}],"arrow_right":{"toDetailCollection":{},"keyShape":"arrow_LR","fromDetail":{"output":{"arrow_keys":{"_0":"right_arrow"}},"display":"arrowtriangle.right.fill","isSFSymbol":true},"id":"F0554ECD-AC7C-4573-8427-9CF20F0BD2F5"},"rowIndex_arrow":{"row6":{}},"row6":[{"toDetailCollection":{},"fromDetail":{"display":"A","output":{"letter_keys":{"_0":"a"}}},"id":"238A3F37-F7C1-47CA-BD78-AAA2C72ACC16"}],"arrow_up":{"keyShape":"arrow_Up","toDetailCollection":{},"fromDetail":{"isSFSymbol":true,"output":{"arrow_keys":{"_0":"up_arrow"}},"display":"arrowtriangle.up.fill"},"id":"E0FFFAC8-B6C8-43CD-8C5F-F55E79059E83"},"arrow_down":{"keyShape":"arrow_Down","id":"F1E23773-C00F-4F2C-98FC-FEF6BAD91D7B","fromDetail":{"output":{"arrow_keys":{"_0":"down_arrow"}},"display":"arrowtriangle.down.fill","isSFSymbol":true},"toDetailCollection":{}},"idsInOrderRow3":[{"id":"D4D0F1D4-9DF4-447B-BAA5-EB53C1AAAAEA"}],"enableArrowKeys":false,"idsInOrderRow6":[{"id":"238A3F37-F7C1-47CA-BD78-AAA2C72ACC16"}],"idsInOrderRow4":[{"id":"A9FA7605-A527-4AD7-90F4-97F9FD2F0B1E"}],"row2":[{"toDetailCollection":{},"id":"8774C9EF-2A5D-4A48-95E1-9F9CAC248ACC","fromDetail":{"output":{"letter_keys":{"_0":"a"}},"display":"A"}}],"row3":[{"fromDetail":{"output":{"letter_keys":{"_0":"a"}},"display":"A"},"id":"D4D0F1D4-9DF4-447B-BAA5-EB53C1AAAAEA","toDetailCollection":{}}]},"tenkeyRows":{"idsInOrderRow4":[{"id":"9652A62E-6016-404E-96DF-982B6C272111"}],"idsInOrderRow5":[{"id":"CB2EDE78-AB96-4A37-9D36-3BB9239B9758"}],"row6":[{"fromDetail":{"output":{"letter_keys":{"_0":"a"}},"display":"A"},"id":"730E2745-50DE-4EAD-9AF7-DFBFEDE95F99","toDetailCollection":{}}],"row5":[{"fromDetail":{"display":"A","output":{"letter_keys":{"_0":"a"}}},"id":"CB2EDE78-AB96-4A37-9D36-3BB9239B9758","toDetailCollection":{}}],"rowIndex_arrow":{"row6":{}},"idsInOrderRow1":[{"id":"C1833B1C-ABB0-4930-B235-0C1DB6BF160F"}],"arrow_down":{"keyShape":"arrow_Down","fromDetail":{"output":{"arrow_keys":{"_0":"down_arrow"}},"display":"arrowtriangle.down.fill","isSFSymbol":true},"toDetailCollection":{},"id":"25714C80-61B0-4FA9-958C-E8E15D07377C"},"row3":[{"toDetailCollection":{},"id":"616C32A2-E7F2-4EEE-8D0E-20CFFF18C8B7","fromDetail":{"output":{"letter_keys":{"_0":"a"}},"display":"A"}}],"idsInOrderRow6":[{"id":"730E2745-50DE-4EAD-9AF7-DFBFEDE95F99"}],"arrow_right":{"fromDetail":{"display":"arrowtriangle.right.fill","isSFSymbol":true,"output":{"arrow_keys":{"_0":"right_arrow"}}},"toDetailCollection":{},"id":"7513F534-A8D4-4583-B689-0CDD2499C724","keyShape":"arrow_LR"},"enableArrowKeys":false,"arrow_up":{"id":"E9B8F3FB-7B8D-4AC4-8239-BAC9A0D096EC","fromDetail":{"display":"arrowtriangle.up.fill","isSFSymbol":true,"output":{"arrow_keys":{"_0":"up_arrow"}}},"toDetailCollection":{},"keyShape":"arrow_Up"},"idsInOrderRow3":[{"id":"616C32A2-E7F2-4EEE-8D0E-20CFFF18C8B7"}],"idsInOrderRow2":[{"id":"DFB9B8F6-70A6-4787-88A7-4F71F96B6C98"}],"row4":[{"toDetailCollection":{},"fromDetail":{"display":"A","output":{"letter_keys":{"_0":"a"}}},"id":"9652A62E-6016-404E-96DF-982B6C272111"}],"row1":[{"fromDetail":{"output":{"letter_keys":{"_0":"a"}},"display":"A"},"toDetailCollection":{},"id":"C1833B1C-ABB0-4930-B235-0C1DB6BF160F"}],"row2":[{"fromDetail":{"display":"A","output":{"letter_keys":{"_0":"a"}}},"toDetailCollection":{},"id":"DFB9B8F6-70A6-4787-88A7-4F71F96B6C98"}],"arrow_left":{"id":"4C3289E0-6012-4EF8-8FEE-71D55B57A74B","fromDetail":{"isSFSymbol":true,"output":{"arrow_keys":{"_0":"left_arrow"}},"display":"arrowtriangle.left.fill"},"toDetailCollection":{},"keyShape":"arrow_LR"}},"isEnableMain":true,"isEnableTenkey":false,"sectionDetail":{"deviceDetail":{"is_product_id_Enabled":false,"location_id":"location_id","vendor_id":"vendor_id","device_name":"mouse","is_vendor_id_Enabled":false,"product_id":"product_id","is_builtin_keyboard":false,"is_location_id_Enabled":false},"section":{"mouse":{}}}},"other":{"isEnableSub":false,"isEnableTenkey":false,"subRows":{"arrow_down":{"fromDetail":{"output":{"arrow_keys":{"_0":"down_arrow"}},"display":"arrowtriangle.down.fill","isSFSymbol":true},"keyShape":"arrow_Down","toDetailCollection":{},"id":"A66D6F64-0BE3-4631-A2E1-D1A53A6F1BAA"},"row5":[{"id":"A8538A18-F97B-4403-9BEC-B60A77C07ACF","toDetailCollection":{},"fromDetail":{"display":"arrowtriangle.up.fill","isSFSymbol":true,"output":{"arrow_keys":{"_0":"up_arrow"}}}},{"isSpacer":true,"fromDetail":{"output":{"letter_keys":{"_0":"a"}},"display":"A"},"toDetailCollection":{},"id":"CD20A34D-63B6-491F-B727-3949E511E640"}],"enableArrowKeys":false,"row6":[{"fromDetail":{"output":{"arrow_keys":{"_0":"down_arrow"}},"display":"arrowtriangle.down.fill","isSFSymbol":true},"toDetailCollection":{},"id":"E8B56DF3-18B5-45BA-85AD-EECDDC6469A4"},{"fromDetail":{"output":{"arrow_keys":{"_0":"right_arrow"}},"display":"arrowtriangle.right.fill","isSFSymbol":true},"toDetailCollection":{},"id":"DDC54210-64CB-41AE-8380-091DA6BBC34C"},{"fromDetail":{"output":{"arrow_keys":{"_0":"left_arrow"}},"display":"arrowtriangle.left.fill","isSFSymbol":true},"id":"A975CF0D-7173-4055-83FF-A3B3EA8C512F","toDetailCollection":{}}],"idsInOrderRow5":[{"id":"CD20A34D-63B6-491F-B727-3949E511E640"},{"id":"A8538A18-F97B-4403-9BEC-B60A77C07ACF"}],"rowIndex_arrow":{"row6":{}},"arrow_left":{"id":"55C7135A-9700-49A0-BBDF-C902D7F15E29","keyShape":"arrow_LR","fromDetail":{"isSFSymbol":true,"output":{"arrow_keys":{"_0":"left_arrow"}},"display":"arrowtriangle.left.fill"},"toDetailCollection":{}},"arrow_right":{"id":"47EB7A54-B26B-4CCF-8A18-C60FE9DBC709","keyShape":"arrow_LR","fromDetail":{"isSFSymbol":true,"output":{"arrow_keys":{"_0":"right_arrow"}},"display":"arrowtriangle.right.fill"},"toDetailCollection":{}},"row1":[{"id":"524B0E2C-7063-4E29-B473-76241D8CE622","toDetailCollection":{},"fromDetail":{"output":{"function_keys":{"_0":"f15"}},"display":"F15"}},{"fromDetail":{"display":"F14","output":{"function_keys":{"_0":"f14"}}},"toDetailCollection":{},"id":"85004659-DDC6-4DEC-9769-3A75BEE120C9"},{"id":"690533F2-E022-4F97-B684-9FAB2ECC16AF","fromDetail":{"output":{"function_keys":{"_0":"f13"}},"display":"F13"},"toDetailCollection":{}}],"idsInOrderRow3":[{"id":"B092A09E-0E03-4048-9285-2E0A6F95B5C4"},{"id":"CF10D385-B702-42AC-9E51-9D41EB669044"},{"id":"410C920C-C887-474A-A230-E3EA13259F01"}],"idsInOrderRow6":[{"id":"A975CF0D-7173-4055-83FF-A3B3EA8C512F"},{"id":"E8B56DF3-18B5-45BA-85AD-EECDDC6469A4"},{"id":"DDC54210-64CB-41AE-8380-091DA6BBC34C"}],"arrow_up":{"fromDetail":{"display":"arrowtriangle.up.fill","output":{"arrow_keys":{"_0":"up_arrow"}},"isSFSymbol":true},"id":"822A80EA-4A80-4597-B007-9ACEDD49ABF0","keyShape":"arrow_Up","toDetailCollection":{}},"idsInOrderRow4":[],"row3":[{"fromDetail":{"isSFSymbol":true,"output":{"controls_and_symbols":{"_0":"delete_forward"}},"display":"delete.right"},"id":"B092A09E-0E03-4048-9285-2E0A6F95B5C4","toDetailCollection":{}},{"id":"410C920C-C887-474A-A230-E3EA13259F01","fromDetail":{"output":{"arrow_keys":{"_0":"page_down"}},"display":"arrow.down","isSFSymbol":true},"toDetailCollection":{}},{"toDetailCollection":{},"fromDetail":{"isSFSymbol":true,"display":"arrow.down.to.line","output":{"arrow_keys":{"_0":"end"}}},"id":"CF10D385-B702-42AC-9E51-9D41EB669044"}],"idsInOrderRow1":[{"id":"690533F2-E022-4F97-B684-9FAB2ECC16AF"},{"id":"85004659-DDC6-4DEC-9769-3A75BEE120C9"},{"id":"524B0E2C-7063-4E29-B473-76241D8CE622"}],"row2":[{"toDetailCollection":{},"fromDetail":{"output":{"arrow_keys":{"_0":"page_up"}},"isSFSymbol":true,"display":"arrow.up"},"id":"D9909575-C143-44DF-B681-96239C10870D"},{"id":"0211937C-2518-4A10-B2B1-D2D4B048CF1B","toDetailCollection":{},"fromDetail":{"output":{"arrow_keys":{"_0":"home"}},"isSFSymbol":true,"display":"arrow.up.to.line"}},{"toDetailCollection":{},"id":"34D627DA-CCBF-4E33-822F-D2009464EF95","fromDetail":{"display":"text.insert","isSFSymbol":true,"output":{"keys_in_pc_keyboards":{"_0":"insert"}}}}],"idsInOrderRow2":[{"id":"34D627DA-CCBF-4E33-822F-D2009464EF95"},{"id":"0211937C-2518-4A10-B2B1-D2D4B048CF1B"},{"id":"D9909575-C143-44DF-B681-96239C10870D"}],"row4":[]},"sectionDetail":{"section":{"other":{}},"deviceDetail":{"device_name":"otherDevice","vendor_id":"vendor_id","is_location_id_Enabled":false,"is_product_id_Enabled":false,"product_id":"product_id","location_id":"location_id","is_builtin_keyboard":false,"is_vendor_id_Enabled":false}},"tenkeyRows":{"row2":[{"id":"70E6EC78-0B04-4FF5-AC9F-5CDA267CF425","fromDetail":{"output":{"keypad_keys":{"_0":"keypad_asterisk"}},"display":"*"},"toDetailCollection":{}},{"fromDetail":{"output":{"others":{"_0":"clear"}},"display":"clear"},"toDetailCollection":{},"id":"73AE1879-9E8D-4D99-ABDF-0144B3A5454E"},{"id":"4BD3F7B2-900D-4DA1-976A-CAAD26B837A2","fromDetail":{"display":"\/","output":{"keypad_keys":{"_0":"keypad_slash"}}},"toDetailCollection":{}},{"toDetailCollection":{},"fromDetail":{"output":{"keypad_keys":{"_0":"keypad_equal_sign"}},"display":"="},"id":"D3CBC3D3-80AE-4B07-A690-6B426D756E0E"}],"idsInOrderRow2":[{"id":"73AE1879-9E8D-4D99-ABDF-0144B3A5454E"},{"id":"D3CBC3D3-80AE-4B07-A690-6B426D756E0E"},{"id":"4BD3F7B2-900D-4DA1-976A-CAAD26B837A2"},{"id":"70E6EC78-0B04-4FF5-AC9F-5CDA267CF425"}],"row5":[{"keyShape":"enter_Tenkey","fromDetail":{"output":{"keypad_keys":{"_0":"keypad_enter"}},"display":"projective","isSFSymbol":true},"toDetailCollection":{},"id":"9E6EFECE-A80A-44FD-838F-D24AA275F341"},{"fromDetail":{"output":{"keypad_keys":{"_0":"keypad_3"}},"display":"3"},"toDetailCollection":{},"id":"2E3B3FE9-A10F-4D15-B327-AD4A7FE05E7E"},{"fromDetail":{"output":{"keypad_keys":{"_0":"keypad_2"}},"display":"2"},"toDetailCollection":{},"id":"DD46DD50-E9CB-4C66-A496-D05683795D5B"},{"toDetailCollection":{},"id":"15E7EBB2-AAB4-4CE7-9F7D-2919912D5EB7","fromDetail":{"display":"1","output":{"keypad_keys":{"_0":"keypad_1"}}}}],"row3":[{"toDetailCollection":{},"id":"883A0B1A-B3F1-45FB-A044-CBBCF1D972DA","fromDetail":{"output":{"keypad_keys":{"_0":"keypad_hyphen"}},"display":"-"}},{"fromDetail":{"display":"9","output":{"keypad_keys":{"_0":"keypad_9"}}},"toDetailCollection":{},"id":"17546B2D-1F0A-45B6-9FA1-11B375C98C0B"},{"id":"AB4280BD-7F6B-44BA-84EB-A1584F7FC3E7","toDetailCollection":{},"fromDetail":{"output":{"keypad_keys":{"_0":"keypad_7"}},"display":"7"}},{"id":"33E82CE3-A66C-4226-A608-7126DFC3052E","fromDetail":{"display":"8","output":{"keypad_keys":{"_0":"keypad_8"}}},"toDetailCollection":{}}],"arrow_left":{"id":"E85785E3-718A-4018-A44D-B2B0FC1EE3AE","fromDetail":{"output":{"arrow_keys":{"_0":"left_arrow"}},"display":"arrowtriangle.left.fill","isSFSymbol":true},"toDetailCollection":{},"keyShape":"arrow_LR"},"idsInOrderRow5":[{"id":"15E7EBB2-AAB4-4CE7-9F7D-2919912D5EB7"},{"id":"DD46DD50-E9CB-4C66-A496-D05683795D5B"},{"id":"2E3B3FE9-A10F-4D15-B327-AD4A7FE05E7E"},{"id":"9E6EFECE-A80A-44FD-838F-D24AA275F341"}],"row1":[{"id":"DF323158-9ADA-41C1-8AC2-F8B22A008034","fromDetail":{"output":{"function_keys":{"_0":"f18"}},"display":"F18"},"toDetailCollection":{}},{"toDetailCollection":{},"id":"D8ECFB06-F776-4863-BDD5-BBF5751525B9","fromDetail":{"output":{"function_keys":{"_0":"f17"}},"display":"F17"}},{"id":"AF3E213D-5F61-446C-8092-0D232C63DCF7","toDetailCollection":{},"fromDetail":{"output":{"function_keys":{"_0":"f16"}},"display":"F16"}},{"id":"443CB53B-EC1C-4594-8ACA-D085B1A65A77","fromDetail":{"output":{"function_keys":{"_0":"f19"}},"display":"F19"},"toDetailCollection":{}}],"idsInOrderRow6":[{"id":"F54E833E-23EC-4AFD-A306-A513AF579AF4"},{"id":"B3D2635D-F3EE-4B3C-9DD9-822E7ED59F5C"}],"arrow_up":{"keyShape":"arrow_Up","id":"5EEFCBEC-35F1-4DC0-AAB9-DD773C87AC4A","fromDetail":{"isSFSymbol":true,"output":{"arrow_keys":{"_0":"up_arrow"}},"display":"arrowtriangle.up.fill"},"toDetailCollection":{}},"idsInOrderRow3":[{"id":"AB4280BD-7F6B-44BA-84EB-A1584F7FC3E7"},{"id":"33E82CE3-A66C-4226-A608-7126DFC3052E"},{"id":"17546B2D-1F0A-45B6-9FA1-11B375C98C0B"},{"id":"883A0B1A-B3F1-45FB-A044-CBBCF1D972DA"}],"idsInOrderRow4":[{"id":"9B76BF4D-207F-4447-9295-07324400691C"},{"id":"9A93EEAE-628E-471A-9A6B-798060C720E5"},{"id":"8CF5CD21-9A89-4ED3-8502-2B4AEA016D7F"},{"id":"EC5464E2-2BF6-4444-9686-9A1824DE7699"}],"row6":[{"toDetailCollection":{},"fromDetail":{"display":".","output":{"keypad_keys":{"_0":"keypad_period"}}},"id":"B3D2635D-F3EE-4B3C-9DD9-822E7ED59F5C"},{"fromDetail":{"output":{"keypad_keys":{"_0":"keypad_0"}},"display":"0"},"id":"F54E833E-23EC-4AFD-A306-A513AF579AF4","toDetailCollection":{},"unitSize":2}],"arrow_down":{"fromDetail":{"display":"arrowtriangle.down.fill","isSFSymbol":true,"output":{"arrow_keys":{"_0":"down_arrow"}}},"keyShape":"arrow_Down","id":"E4EC17A1-0D2A-44D0-B3EB-10CCCC0F9AEA","toDetailCollection":{}},"idsInOrderRow1":[{"id":"AF3E213D-5F61-446C-8092-0D232C63DCF7"},{"id":"D8ECFB06-F776-4863-BDD5-BBF5751525B9"},{"id":"DF323158-9ADA-41C1-8AC2-F8B22A008034"},{"id":"443CB53B-EC1C-4594-8ACA-D085B1A65A77"}],"enableArrowKeys":false,"row4":[{"id":"9A93EEAE-628E-471A-9A6B-798060C720E5","fromDetail":{"display":"5","output":{"keypad_keys":{"_0":"keypad_5"}}},"toDetailCollection":{}},{"fromDetail":{"output":{"keypad_keys":{"_0":"keypad_plus"}},"display":"+"},"id":"EC5464E2-2BF6-4444-9686-9A1824DE7699","toDetailCollection":{}},{"id":"8CF5CD21-9A89-4ED3-8502-2B4AEA016D7F","fromDetail":{"output":{"keypad_keys":{"_0":"keypad_6"}},"display":"6"},"toDetailCollection":{}},{"toDetailCollection":{},"id":"9B76BF4D-207F-4447-9295-07324400691C","fromDetail":{"display":"4","output":{"keypad_keys":{"_0":"keypad_4"}}}}],"rowIndex_arrow":{"row6":{}},"arrow_right":{"fromDetail":{"output":{"arrow_keys":{"_0":"right_arrow"}},"display":"arrowtriangle.right.fill","isSFSymbol":true},"keyShape":"arrow_LR","id":"42570BD5-8988-4629-933C-36EF380A3BC0","toDetailCollection":{}}},"mainRows":{"arrow_left":{"toDetailCollection":{},"fromDetail":{"isSFSymbol":true,"output":{"arrow_keys":{"_0":"left_arrow"}},"display":"arrowtriangle.left.fill"},"id":"F6F400D0-B634-49CD-B119-4FAD593B2AF1","keyShape":"arrow_LR"},"row6":[{"id":"39F11623-5E9C-4EEC-BDBA-F7693D0BE5A4","fromDetail":{"display":".","output":{"keypad_keys":{"_0":"keypad_period"}}},"toDetailCollection":{}},{"id":"9FFA0FCE-2761-45FE-812F-59DB8D13287A","unitSize":2,"toDetailCollection":{},"fromDetail":{"display":"0","output":{"keypad_keys":{"_0":"keypad_0"}}}}],"idsInOrderRow5":[{"id":"C8D426D1-B37C-4FE2-8893-EE72D18AF363"},{"id":"57ED0E07-E986-4CCE-84AA-05A02A586103"},{"id":"E746CD84-5D8E-45B5-8F9B-D2424DDCD659"},{"id":"9A2B31AD-86A0-4D37-8C0C-685B9025320F"}],"row4":[{"fromDetail":{"output":{"keypad_keys":{"_0":"keypad_plus"}},"display":"+"},"toDetailCollection":{},"id":"9A7E7D22-EC8C-4EC4-AACE-65281FC4CA83"},{"id":"6DA05235-9D0B-4FE3-9A06-B3BCC3932D1E","fromDetail":{"output":{"keypad_keys":{"_0":"keypad_5"}},"display":"5"},"toDetailCollection":{}},{"fromDetail":{"display":"4","output":{"keypad_keys":{"_0":"keypad_4"}}},"toDetailCollection":{},"id":"9B3A3C24-1628-429A-936F-E04547554C51"},{"id":"3D121416-ACEE-44C0-BBDA-4F635D4B9CAB","fromDetail":{"output":{"keypad_keys":{"_0":"keypad_6"}},"display":"6"},"toDetailCollection":{}}],"row2":[{"fromDetail":{"display":"\/","output":{"keypad_keys":{"_0":"keypad_slash"}}},"toDetailCollection":{},"id":"CB2563E9-01C3-4A9B-A465-B809A7893497"},{"toDetailCollection":{},"id":"7A9B7D67-0CEE-434B-808F-A7438729ADD1","fromDetail":{"output":{"others":{"_0":"clear"}},"display":"clear"}},{"id":"FBFBFF1D-1794-4151-A724-841F76DC4642","fromDetail":{"output":{"keypad_keys":{"_0":"keypad_equal_sign"}},"display":"="},"toDetailCollection":{}},{"id":"90FD742F-16A6-4537-B061-59BCB38F3156","toDetailCollection":{},"fromDetail":{"output":{"keypad_keys":{"_0":"keypad_asterisk"}},"display":"*"}}],"idsInOrderRow2":[{"id":"7A9B7D67-0CEE-434B-808F-A7438729ADD1"},{"id":"FBFBFF1D-1794-4151-A724-841F76DC4642"},{"id":"CB2563E9-01C3-4A9B-A465-B809A7893497"},{"id":"90FD742F-16A6-4537-B061-59BCB38F3156"}],"idsInOrderRow3":[{"id":"5F1D283A-9F56-46FF-B311-68950ED0EFC3"},{"id":"F3613197-B7CA-41DC-88E9-5961AE34E86F"},{"id":"DDF2FB28-9CB2-4F1C-8C41-78DA10944C03"},{"id":"EB528F5F-9E6E-460A-99DB-339839D70614"}],"idsInOrderRow6":[{"id":"9FFA0FCE-2761-45FE-812F-59DB8D13287A"},{"id":"39F11623-5E9C-4EEC-BDBA-F7693D0BE5A4"}],"enableArrowKeys":false,"row3":[{"fromDetail":{"output":{"keypad_keys":{"_0":"keypad_7"}},"display":"7"},"toDetailCollection":{},"id":"5F1D283A-9F56-46FF-B311-68950ED0EFC3"},{"fromDetail":{"display":"8","output":{"keypad_keys":{"_0":"keypad_8"}}},"id":"F3613197-B7CA-41DC-88E9-5961AE34E86F","toDetailCollection":{}},{"toDetailCollection":{},"id":"DDF2FB28-9CB2-4F1C-8C41-78DA10944C03","fromDetail":{"output":{"keypad_keys":{"_0":"keypad_9"}},"display":"9"}},{"id":"EB528F5F-9E6E-460A-99DB-339839D70614","fromDetail":{"output":{"keypad_keys":{"_0":"keypad_hyphen"}},"display":"-"},"toDetailCollection":{}}],"idsInOrderRow1":[{"id":"BFBC8DBA-89E2-4188-830A-E4ACB3E58CD6"},{"id":"C01EADE9-5310-47E3-9E98-59D57C4CE5CF"},{"id":"C24BC673-4E97-4D0A-B2DE-6EB6B9565A35"},{"id":"0784328B-8C55-46D3-8664-8BDBB4A3FD93"}],"arrow_down":{"keyShape":"arrow_Down","toDetailCollection":{},"id":"ED65E118-05C1-4DB2-B439-9FA8C3EAE8BB","fromDetail":{"display":"arrowtriangle.down.fill","output":{"arrow_keys":{"_0":"down_arrow"}},"isSFSymbol":true}},"row5":[{"id":"C8D426D1-B37C-4FE2-8893-EE72D18AF363","toDetailCollection":{},"fromDetail":{"output":{"keypad_keys":{"_0":"keypad_1"}},"display":"1"}},{"fromDetail":{"output":{"keypad_keys":{"_0":"keypad_3"}},"display":"3"},"toDetailCollection":{},"id":"E746CD84-5D8E-45B5-8F9B-D2424DDCD659"},{"fromDetail":{"display":"2","output":{"keypad_keys":{"_0":"keypad_2"}}},"id":"57ED0E07-E986-4CCE-84AA-05A02A586103","toDetailCollection":{}},{"id":"9A2B31AD-86A0-4D37-8C0C-685B9025320F","keyShape":"enter_Tenkey","fromDetail":{"display":"projective","output":{"keypad_keys":{"_0":"keypad_enter"}},"isSFSymbol":true},"toDetailCollection":{}}],"rowIndex_arrow":{"row6":{}},"arrow_up":{"keyShape":"arrow_Up","fromDetail":{"isSFSymbol":true,"output":{"arrow_keys":{"_0":"up_arrow"}},"display":"arrowtriangle.up.fill"},"id":"F2FDF3AB-FE82-4B0F-BAF0-AAFBC0ED2280","toDetailCollection":{}},"idsInOrderRow4":[{"id":"9B3A3C24-1628-429A-936F-E04547554C51"},{"id":"6DA05235-9D0B-4FE3-9A06-B3BCC3932D1E"},{"id":"3D121416-ACEE-44C0-BBDA-4F635D4B9CAB"},{"id":"9A7E7D22-EC8C-4EC4-AACE-65281FC4CA83"}],"row1":[{"fromDetail":{"output":{"function_keys":{"_0":"f19"}},"display":"F19"},"id":"0784328B-8C55-46D3-8664-8BDBB4A3FD93","toDetailCollection":{}},{"fromDetail":{"output":{"function_keys":{"_0":"f17"}},"display":"F17"},"toDetailCollection":{},"id":"C01EADE9-5310-47E3-9E98-59D57C4CE5CF"},{"id":"BFBC8DBA-89E2-4188-830A-E4ACB3E58CD6","fromDetail":{"output":{"function_keys":{"_0":"f16"}},"display":"F16"},"toDetailCollection":{}},{"fromDetail":{"output":{"function_keys":{"_0":"f18"}},"display":"F18"},"id":"C24BC673-4E97-4D0A-B2DE-6EB6B9565A35","toDetailCollection":{}}],"arrow_right":{"id":"5D3F5DD9-47B3-498B-8D0E-2C74237FBA5E","toDetailCollection":{},"fromDetail":{"isSFSymbol":true,"display":"arrowtriangle.right.fill","output":{"arrow_keys":{"_0":"right_arrow"}}},"keyShape":"arrow_LR"}},"isEnableMain":true}},"selections":{"customOrMacroTab":{"macro":{}},"combo":{"key_down_order":"insensitive","key_up_order":"insensitive","comboThreshold":50,"id":"681072DB-130C-49BE-957E-87A1EE515434","toDetail":{}},"layer":"layer0","condition":"condition0","toDetail_macro":{"indicator":false,"id":"A896E724-B4B6-44FC-A01C-03BE9BFC392F","error":false,"outputAndDisplay":{"display":"none","output":{"letter_keys":{"_0":"a"}},"layerKey":"layer0"},"withModifier":{}},"keyboardKey":{"toDetailCollection":{},"fromDetail":{"output":{"letter_keys":{"_0":"a"}},"display":"A"},"id":"A13D87CB-8846-4554-AE80-0CC81EDE7048"},"macro":{"id":"D5396A46-65EC-4550-AA20-EF8DE13FBE84","dictionary_key":null,"toDetailCollection":{"_collection":[],"idsInOrderCollection":[]},"name":"user Macro"},"fromTab":{"qwertyKeyboard":{}},"toTab":"qwertyKeyboard","tab":{"remap":{}},"macroTab":{"userMacro":{}}}}