{"selections":{"layer":"layer0","macro":{"name":"user Macro","id":"D477A08C-AA25-4AFC-93F4-E01891F227DD","toDetailCollection":{"idsInOrderCollection":[],"_collection":[]},"dictionary_key":null},"condition":"condition0","keyboardKey":{"id":"C562CCCC-D99D-4CF4-874A-6356D7F0D29B","toDetailCollection":{},"fromDetail":{"display":"A","output":{"letter_keys":{"_0":"a"}}}},"combo":{"key_down_order":"insensitive","key_up_order":"insensitive","id":"AE934B3A-8DCA-4ED1-9EDB-2C661D573E37","toDetail":{},"comboThreshold":50},"toTab":"qwertyKeyboard","toDetail_macro":{"id":"D2AADCA0-DD9D-4E00-8EA0-95A93996B034","withModifier":{},"error":false,"indicator":false,"outputAndDisplay":{"display":"none","layerKey":"layer0","output":{"letter_keys":{"_0":"a"}}}},"macroTab":{"userMacro":{}},"tab":{"remap":{}},"customOrMacroTab":{"customizeKey":{}},"fromTab":{"qwertyKeyboard":{}}},"macroCollection":{"_collection":[],"idsInOrderCollection":[]},"conditionDetailCollection":{"condition5":{"value":"com.vendor.condition5","isEnabled":false,"type":"Application","name":"Condition5"},"condition9":{"value":"com.vendor.condition9","type":"Application","isEnabled":false,"name":"Condition9"},"condition7":{"isEnabled":false,"type":"Application","value":"com.vendor.condition7","name":"Condition7"},"condition4":{"name":"Condition4","value":"com.vendor.condition4","type":"Application","isEnabled":false},"condition2":{"name":"Condition2","type":"Application","value":"com.vendor.condition2","isEnabled":false},"condition3":{"value":"com.vendor.condition3","isEnabled":false,"name":"Condition3","type":"Application"},"condition1":{"type":"InputSource","name":"Condition1","value":"ja","isEnabled":false},"condition0":{"isEnabled":true,"type":"Application","value":"com.vendor.condition0","name":"Default"},"condition6":{"value":"com.vendor.condition6","name":"Condition6","isEnabled":false,"type":"Application"},"condition8":{"type":"Application","isEnabled":false,"name":"Condition8","value":"com.vendor.condition8"}},"keymap":{"main":{"isEnableSub":false,"mainRows":{"idsInOrderRow3":[{"id":"180EF4CA-FCF2-477D-BC6D-031169746017"},{"id":"CB7BDF7D-247E-4551-A5D4-38463FF0633B"},{"id":"C8178D86-7738-4125-A939-BD92A5A63D84"},{"id":"63895EF3-B1C4-439E-A59D-03D52011F929"},{"id":"2E8C0C47-C082-443B-8BDE-6C885AB27318"},{"id":"80E47A17-DA0F-4E48-AADD-65381879944C"},{"id":"A2D4511D-5713-41B0-811E-D9774BA5B763"},{"id":"A6234113-5118-4AF9-B2AD-19543FA4A1B8"},{"id":"68E36F20-D91A-4F90-A6C2-EE7B0C85B075"},{"id":"8A678B76-1195-4366-AC64-3D127FC6FEF7"},{"id":"FFFF3DFB-BA1D-4A01-BD07-70ED8A7161DA"},{"id":"108A503B-7DBC-4C0B-AF2E-0CAC026FD02B"},{"id":"F60764E6-49D4-4BE9-A7C5-896BA7A024CB"},{"id":"8700950F-00E8-4743-AFC3-D8A0B8B2C552"}],"row3":[{"id":"A2D4511D-5713-41B0-811E-D9774BA5B763","fromDetail":{"display":"Y","output":{"letter_keys":{"_0":"y"}}},"toDetailCollection":{"condition0":{"layer0":{"withModifier_tap":{},"outputAndDisplay_tap":{"output":{"controls_and_symbols":{"_0":"equal_sign"}},"layerKey":"layer0","display":"="},"isCustomized_tap":true}}}},{"id":"63895EF3-B1C4-439E-A59D-03D52011F929","toDetailCollection":{"condition0":{"layer0":{"outputAndDisplay_tap":{"display":"H","output":{"letter_keys":{"_0":"h"}},"layerKey":"layer0"},"withModifier_tap":{},"isCustomized_tap":true}}},"fromDetail":{"output":{"letter_keys":{"_0":"e"}},"display":"E"}},{"fromDetail":{"display":"]","output":{"controls_and_symbols":{"_0":"close_square_bracket"}}},"toDetailCollection":{"condition0":{"layer0":{"isCustomized_tap":true,"outputAndDisplay_tap":{"display":"\/","output":{"controls_and_symbols":{"_0":"slash"}},"layerKey":"layer0"},"withModifier_tap":{}}}},"id":"F60764E6-49D4-4BE9-A7C5-896BA7A024CB"},{"id":"A6234113-5118-4AF9-B2AD-19543FA4A1B8","fromDetail":{"display":"U","output":{"letter_keys":{"_0":"u"}}},"toDetailCollection":{"condition0":{"layer0":{"outputAndDisplay_tap":{"layerKey":"layer0","output":{"letter_keys":{"_0":"p"}},"display":"P"},"isCustomized_tap":true,"withModifier_tap":{}}}}},{"fromDetail":{"display":"Q","output":{"letter_keys":{"_0":"q"}}},"toDetailCollection":{},"id":"CB7BDF7D-247E-4551-A5D4-38463FF0633B"},{"toDetailCollection":{"condition0":{"layer0":{"withModifier_tap":{},"isCustomized_tap":true,"outputAndDisplay_tap":{"layerKey":"layer0","display":"L","output":{"letter_keys":{"_0":"l"}}}}}},"id":"C8178D86-7738-4125-A939-BD92A5A63D84","fromDetail":{"output":{"letter_keys":{"_0":"w"}},"display":"W"}},{"unitSize":1.5,"fromDetail":{"output":{"controls_and_symbols":{"_0":"tab"}},"isSFSymbol":true,"display":"arrow.right.to.line"},"id":"180EF4CA-FCF2-477D-BC6D-031169746017","toDetailCollection":{}},{"toDetailCollection":{"condition0":{"layer0":{"outputAndDisplay_tap":{"display":"B","output":{"letter_keys":{"_0":"b"}},"layerKey":"layer0"},"isCustomized_tap":true,"withModifier_tap":{}}}},"id":"68E36F20-D91A-4F90-A6C2-EE7B0C85B075","fromDetail":{"output":{"letter_keys":{"_0":"i"}},"display":"I"}},{"fromDetail":{"output":{"letter_keys":{"_0":"t"}},"display":"T"},"id":"80E47A17-DA0F-4E48-AADD-65381879944C","toDetailCollection":{"condition0":{"layer0":{"outputAndDisplay_tap":{"output":{"letter_keys":{"_0":"f"}},"display":"F","layerKey":"layer0"},"withModifier_tap":{},"isCustomized_tap":true}}}},{"id":"FFFF3DFB-BA1D-4A01-BD07-70ED8A7161DA","fromDetail":{"output":{"letter_keys":{"_0":"p"}},"display":"P"},"toDetailCollection":{"condition0":{"layer0":{"outputAndDisplay_tap":{"output":{"controls_and_symbols":{"_0":"comma"}},"display":",","layerKey":"layer0"},"isCustomized_tap":true,"withModifier_tap":{}}}}},{"id":"8A678B76-1195-4366-AC64-3D127FC6FEF7","fromDetail":{"display":"O","output":{"letter_keys":{"_0":"o"}}},"toDetailCollection":{"condition0":{"layer0":{"outputAndDisplay_tap":{"display":"U","layerKey":"layer0","output":{"letter_keys":{"_0":"u"}}},"withModifier_tap":{},"isCustomized_tap":true}}}},{"fromDetail":{"display":"\\","output":{"controls_and_symbols":{"_0":"backslash_or_yen"}}},"toDetailCollection":{},"id":"8700950F-00E8-4743-AFC3-D8A0B8B2C552"},{"id":"108A503B-7DBC-4C0B-AF2E-0CAC026FD02B","fromDetail":{"display":"[","output":{"controls_and_symbols":{"_0":"open_square_bracket"}}},"toDetailCollection":{"condition0":{"layer0":{"withModifier_tap":{},"outputAndDisplay_tap":{"layerKey":"layer0","output":{"controls_and_symbols":{"_0":"period"}},"display":"."},"isCustomized_tap":true}}}},{"id":"2E8C0C47-C082-443B-8BDE-6C885AB27318","fromDetail":{"display":"R","output":{"letter_keys":{"_0":"r"}}},"toDetailCollection":{"condition0":{"layer0":{"outputAndDisplay_tap":{"output":{"letter_keys":{"_0":"c"}},"layerKey":"layer0","display":"C"},"withModifier_tap":{},"isCustomized_tap":true}}}}],"idsInOrderRow2":[{"id":"6DC9F003-9D77-49A9-B1BD-C7F449A2221A"},{"id":"62F2108A-15D6-44EB-B24D-C3BED85FEA41"},{"id":"66C7E2A2-A6DC-4038-B870-66E8D9452250"},{"id":"978210A1-A10B-47AE-AE9F-AF70C6BD3E47"},{"id":"211ADF46-D015-46DB-9F55-036F38726BDE"},{"id":"A4BE6470-95D4-472C-A86B-A164517E0515"},{"id":"34AF3174-13CD-43E3-984F-23C4FFA54BEB"},{"id":"797E6FE4-B111-4E2D-8442-F4D1D9D4898E"},{"id":"ABD545E4-10D1-4F4D-BE77-CFBB46D9EE84"},{"id":"E243B9CB-E40B-4E13-834F-C75B90B31DFD"},{"id":"64D00F01-B90C-41A1-9644-5E06E0CC4E82"},{"id":"88975A89-2D1C-48B0-87F3-70E4EE44FC7E"},{"id":"B6253EA9-6DB0-440A-BC74-8EF973474218"},{"id":"E48D22B4-E423-47D4-BE8B-75A551766B06"}],"idsInOrderRow5":[{"id":"21598255-ACAE-4A9F-9A80-283CBF596C67"},{"id":"551D8B71-A764-4F9F-9888-F2652E408BC5"},{"id":"01E84B3A-B58C-4D97-A780-4159700449C2"},{"id":"6064710C-849C-48AD-9605-EBC47EDA49E0"},{"id":"66B98C22-A4A3-43AF-B55D-04085BA448E3"},{"id":"EC894807-216E-4769-A7B2-1DEAA05E5097"},{"id":"2005DF87-9B94-46C4-BC69-16434276DE65"},{"id":"6132FE0C-4E05-4CB8-998B-15F3E0397125"},{"id":"3DE3D7AB-9C4A-4F59-9578-4948828B8C94"},{"id":"33B294F0-4E10-4E05-AF09-221CEC6C8BB8"},{"id":"F03B2C4F-CE81-467D-8D74-5A30E43294FB"},{"id":"95D3C1B1-3B02-4428-8A6B-D1B63B7B470A"}],"arrow_up":{"keyShape":"arrow_Up","fromDetail":{"output":{"arrow_keys":{"_0":"up_arrow"}},"isSFSymbol":true,"display":"arrowtriangle.up.fill"},"toDetailCollection":{},"id":"89C8EF68-7622-47E3-854C-C501517A633C"},"arrow_down":{"id":"11423643-6402-467D-8DC3-FC9E9C549512","fromDetail":{"output":{"arrow_keys":{"_0":"down_arrow"}},"display":"arrowtriangle.down.fill","isSFSymbol":true},"toDetailCollection":{},"keyShape":"arrow_Down"},"row1":[{"toDetailCollection":{},"id":"3DF849C7-68B2-44B1-999E-80135EDF5DC9","unitSize":1.5,"fromDetail":{"isSFSymbol":true,"output":{"controls_and_symbols":{"_0":"escape"}},"display":"escape"}},{"toDetailCollection":{},"id":"238F3A52-CE56-45BB-A28A-24EF5FBBD8AF","fromDetail":{"output":{"function_keys":{"_0":"f1"}},"display":"F1"}},{"id":"3CAADA14-1FD2-42F0-903D-12707B5BDC7E","fromDetail":{"output":{"function_keys":{"_0":"f2"}},"display":"F2"},"toDetailCollection":{}},{"id":"3EB02EC7-FD95-42D7-8E38-85DFA5B253C8","toDetailCollection":{},"fromDetail":{"output":{"function_keys":{"_0":"f3"}},"display":"F3"}},{"id":"C322365C-BDC5-4050-9181-62D03C807D83","toDetailCollection":{},"fromDetail":{"display":"F4","output":{"function_keys":{"_0":"f4"}}}},{"fromDetail":{"display":"F5","output":{"function_keys":{"_0":"f5"}}},"toDetailCollection":{},"id":"1F6077BA-6C14-4C6E-A310-7DD70AD67847"},{"fromDetail":{"output":{"function_keys":{"_0":"f6"}},"display":"F6"},"toDetailCollection":{},"id":"BEEE8A52-4A39-435B-BCAE-ED72CCCCCDD1"},{"fromDetail":{"output":{"function_keys":{"_0":"f7"}},"display":"F7"},"toDetailCollection":{},"id":"630B7760-2B18-4399-B801-930E03A833E6"},{"fromDetail":{"display":"F8","output":{"function_keys":{"_0":"f8"}}},"id":"CE13C03C-F647-432D-8982-FE9C8F9F3477","toDetailCollection":{}},{"fromDetail":{"output":{"function_keys":{"_0":"f9"}},"display":"F9"},"id":"BC94ACF7-F0C5-4E5C-8F66-6B600BE8DF0A","toDetailCollection":{}},{"id":"45299262-96AB-4949-A5FE-15E71719F09E","fromDetail":{"display":"F10","output":{"function_keys":{"_0":"f10"}}},"toDetailCollection":{}},{"fromDetail":{"output":{"function_keys":{"_0":"f11"}},"display":"F11"},"toDetailCollection":{},"id":"D051F3A2-8121-46EE-8477-2EAE1A91F612"},{"fromDetail":{"display":"F12","output":{"function_keys":{"_0":"f12"}}},"toDetailCollection":{},"id":"6FD2DD40-BF64-4711-8F65-6A2F889D3C94"}],"enableArrowKeys":true,"row6":[{"fromDetail":{"isSFSymbol":true,"display":"command","output":{"modifier_keys":{"_0":"left_command"}}},"id":"46D25751-6B4A-41E2-BE0E-1D3C8928A532","toDetailCollection":{},"unitSize":1.25},{"unitSize":1.25,"id":"A48E36E3-7AF7-44DA-8E59-7E3BC9104957","fromDetail":{"output":{"modifier_keys":{"_0":"right_command"}},"display":"command","isSFSymbol":true},"toDetailCollection":{}},{"id":"6C241804-6A3E-4797-A68F-71FDD22E118F","toDetailCollection":{},"fromDetail":{"output":{"modifier_keys":{"_0":"left_control"}},"display":"control","isSFSymbol":true}},{"fromDetail":{"display":"option","isSFSymbol":true,"output":{"modifier_keys":{"_0":"right_option"}}},"id":"A8F67FCE-56B7-430C-9012-5A6084A48B20","toDetailCollection":{}},{"id":"F41A44D8-8AE5-4637-9727-BDC1DBEDA08F","toDetailCollection":{},"fromDetail":{"output":{"modifier_keys":{"_0":"keyboard_fn"}},"display":"globe","isSFSymbol":true}},{"toDetailCollection":{},"unitSize":5,"fromDetail":{"output":{"controls_and_symbols":{"_0":"spacebar"}},"display":"␣"},"id":"A14AB575-62D4-4AEF-ADA8-31B2A0E1E614"},{"toDetailCollection":{},"fromDetail":{"display":"option","isSFSymbol":true,"output":{"modifier_keys":{"_0":"left_option"}}},"id":"AD468B0A-707F-40F8-AB2F-1448D7F910F2"}],"rowIndex_arrow":{"row6":{}},"arrow_left":{"id":"94164734-2030-4BD2-A45B-909FB3DB8054","fromDetail":{"display":"arrowtriangle.left.fill","isSFSymbol":true,"output":{"arrow_keys":{"_0":"left_arrow"}}},"toDetailCollection":{},"keyShape":"arrow_LR"},"arrow_right":{"fromDetail":{"display":"arrowtriangle.right.fill","isSFSymbol":true,"output":{"arrow_keys":{"_0":"right_arrow"}}},"id":"7762C712-AA6A-4922-8292-8AA7C6FDCBE5","toDetailCollection":{},"keyShape":"arrow_LR"},"idsInOrderRow6":[{"id":"F41A44D8-8AE5-4637-9727-BDC1DBEDA08F"},{"id":"6C241804-6A3E-4797-A68F-71FDD22E118F"},{"id":"AD468B0A-707F-40F8-AB2F-1448D7F910F2"},{"id":"46D25751-6B4A-41E2-BE0E-1D3C8928A532"},{"id":"A14AB575-62D4-4AEF-ADA8-31B2A0E1E614"},{"id":"A48E36E3-7AF7-44DA-8E59-7E3BC9104957"},{"id":"A8F67FCE-56B7-430C-9012-5A6084A48B20"}],"row4":[{"id":"18768CAA-6B86-49B7-9C47-8025D91A8F1E","fromDetail":{"output":{"letter_keys":{"_0":"k"}},"display":"K"},"toDetailCollection":{"condition0":{"layer0":{"withModifier_tap":{},"isCustomized_tap":true,"outputAndDisplay_tap":{"output":{"letter_keys":{"_0":"t"}},"display":"T","layerKey":"layer0"}}}}},{"id":"079660FF-6383-41FF-82E3-DD28CE8FF41B","fromDetail":{"output":{"controls_and_symbols":{"_0":"semicolon"}},"display":";"},"toDetailCollection":{"condition0":{"layer0":{"withModifier_tap":{},"isCustomized_tap":true,"outputAndDisplay_tap":{"output":{"letter_keys":{"_0":"o"}},"display":"O","layerKey":"layer0"}}}}},{"fromDetail":{"output":{"letter_keys":{"_0":"f"}},"display":"F"},"id":"C78D5C0D-23AF-41E3-AEC7-1667A1D8EB07","toDetailCollection":{"condition0":{"layer0":{"outputAndDisplay_tap":{"layerKey":"layer0","display":"S","output":{"letter_keys":{"_0":"s"}}},"withModifier_tap":{},"isCustomized_tap":true}}}},{"id":"3279DFFF-249F-42FC-BEB5-4E07A707EF93","toDetailCollection":{},"unitSize":1.75,"fromDetail":{"display":"capslock","isSFSymbol":true,"output":{"modifier_keys":{"_0":"caps_lock"}}}},{"id":"D7D7AFE9-20DC-4566-BBFF-42B577FC87E4","fromDetail":{"display":"H","output":{"letter_keys":{"_0":"h"}}},"toDetailCollection":{"condition0":{"layer0":{"isCustomized_tap":true,"withModifier_tap":{},"outputAndDisplay_tap":{"display":";","layerKey":"layer0","output":{"controls_and_symbols":{"_0":"semicolon"}}}}}}},{"toDetailCollection":{"condition0":{"layer0":{"withModifier_tap":{},"isCustomized_tap":true,"outputAndDisplay_tap":{"layerKey":"layer0","display":"G","output":{"letter_keys":{"_0":"g"}}}}}},"id":"11B73AD3-7497-455C-8476-2B93F3CDEBF7","fromDetail":{"output":{"letter_keys":{"_0":"j"}},"display":"J"}},{"toDetailCollection":{"condition0":{"layer0":{"outputAndDisplay_tap":{"output":{"letter_keys":{"_0":"w"}},"layerKey":"layer0","display":"W"},"withModifier_tap":{},"isCustomized_tap":true}}},"id":"6F49A10B-820A-4017-AAA5-6F909E51F012","fromDetail":{"display":"G","output":{"letter_keys":{"_0":"g"}}}},{"fromDetail":{"output":{"controls_and_symbols":{"_0":"single_quotation_or_colon"}},"display":"'"},"id":"60B7BDD7-E51F-4A68-AA52-5F049AD70050","toDetailCollection":{"condition0":{"layer0":{"isCustomized_tap":true,"outputAndDisplay_tap":{"layerKey":"layer0","output":{"letter_keys":{"_0":"i"}},"display":"I"},"withModifier_tap":{}}}}},{"id":"40A357CC-0E84-4E07-9CF2-F1E7AD277AC7","fromDetail":{"display":"L","output":{"letter_keys":{"_0":"l"}}},"toDetailCollection":{"condition0":{"layer0":{"outputAndDisplay_tap":{"display":"E","output":{"letter_keys":{"_0":"e"}},"layerKey":"layer0"},"withModifier_tap":{},"isCustomized_tap":true}}}},{"id":"CCA9E07F-3037-4D3E-B7E2-B2BBF9132F5B","toDetailCollection":{"condition0":{"layer0":{"withModifier_tap":{},"isCustomized_tap":true,"outputAndDisplay_tap":{"layerKey":"layer0","output":{"letter_keys":{"_0":"r"}},"display":"R"}}}},"fromDetail":{"output":{"letter_keys":{"_0":"d"}},"display":"D"}},{"fromDetail":{"isSFSymbol":true,"output":{"controls_and_symbols":{"_0":"return_or_enter"}},"display":"return"},"id":"4ECB59DC-CA51-4069-8945-3F209EB03AD9","toDetailCollection":{},"unitSize":1.75},{"fromDetail":{"output":{"letter_keys":{"_0":"s"}},"display":"S"},"id":"700F9B4F-370D-4EEA-912F-428B77AA8827","toDetailCollection":{"condition0":{"layer0":{"isCustomized_tap":true,"outputAndDisplay_tap":{"layerKey":"layer0","output":{"letter_keys":{"_0":"n"}},"display":"N"},"withModifier_tap":{}}}}},{"id":"7392FE40-4D06-48D6-A06A-03EF1567556A","fromDetail":{"output":{"letter_keys":{"_0":"a"}},"display":"A"},"toDetailCollection":{}}],"idsInOrderRow1":[{"id":"3DF849C7-68B2-44B1-999E-80135EDF5DC9"},{"id":"238F3A52-CE56-45BB-A28A-24EF5FBBD8AF"},{"id":"3CAADA14-1FD2-42F0-903D-12707B5BDC7E"},{"id":"3EB02EC7-FD95-42D7-8E38-85DFA5B253C8"},{"id":"C322365C-BDC5-4050-9181-62D03C807D83"},{"id":"1F6077BA-6C14-4C6E-A310-7DD70AD67847"},{"id":"BEEE8A52-4A39-435B-BCAE-ED72CCCCCDD1"},{"id":"630B7760-2B18-4399-B801-930E03A833E6"},{"id":"CE13C03C-F647-432D-8982-FE9C8F9F3477"},{"id":"BC94ACF7-F0C5-4E5C-8F66-6B600BE8DF0A"},{"id":"45299262-96AB-4949-A5FE-15E71719F09E"},{"id":"D051F3A2-8121-46EE-8477-2EAE1A91F612"},{"id":"6FD2DD40-BF64-4711-8F65-6A2F889D3C94"}],"idsInOrderRow4":[{"id":"3279DFFF-249F-42FC-BEB5-4E07A707EF93"},{"id":"7392FE40-4D06-48D6-A06A-03EF1567556A"},{"id":"700F9B4F-370D-4EEA-912F-428B77AA8827"},{"id":"CCA9E07F-3037-4D3E-B7E2-B2BBF9132F5B"},{"id":"C78D5C0D-23AF-41E3-AEC7-1667A1D8EB07"},{"id":"6F49A10B-820A-4017-AAA5-6F909E51F012"},{"id":"D7D7AFE9-20DC-4566-BBFF-42B577FC87E4"},{"id":"11B73AD3-7497-455C-8476-2B93F3CDEBF7"},{"id":"18768CAA-6B86-49B7-9C47-8025D91A8F1E"},{"id":"40A357CC-0E84-4E07-9CF2-F1E7AD277AC7"},{"id":"079660FF-6383-41FF-82E3-DD28CE8FF41B"},{"id":"60B7BDD7-E51F-4A68-AA52-5F049AD70050"},{"id":"4ECB59DC-CA51-4069-8945-3F209EB03AD9"}],"row5":[{"id":"6064710C-849C-48AD-9605-EBC47EDA49E0","toDetailCollection":{"condition0":{"layer0":{"withModifier_tap":{},"outputAndDisplay_tap":{"output":{"letter_keys":{"_0":"y"}},"display":"Y","layerKey":"layer0"},"isCustomized_tap":true}}},"fromDetail":{"display":"C","output":{"letter_keys":{"_0":"c"}}}},{"toDetailCollection":{},"fromDetail":{"output":{"modifier_keys":{"_0":"left_shift"}},"display":"shift","isSFSymbol":true},"id":"21598255-ACAE-4A9F-9A80-283CBF596C67","unitSize":2.25},{"fromDetail":{"output":{"letter_keys":{"_0":"n"}},"display":"N"},"id":"2005DF87-9B94-46C4-BC69-16434276DE65","toDetailCollection":{"condition0":{"layer0":{"outputAndDisplay_tap":{"display":"J","layerKey":"layer0","output":{"letter_keys":{"_0":"j"}}},"isCustomized_tap":true,"withModifier_tap":{}}}}},{"id":"66B98C22-A4A3-43AF-B55D-04085BA448E3","fromDetail":{"display":"V","output":{"letter_keys":{"_0":"v"}}},"toDetailCollection":{"condition0":{"layer0":{"isCustomized_tap":true,"outputAndDisplay_tap":{"output":{"letter_keys":{"_0":"m"}},"display":"M","layerKey":"layer0"},"withModifier_tap":{}}}}},{"fromDetail":{"output":{"controls_and_symbols":{"_0":"period"}},"display":"."},"toDetailCollection":{"condition0":{"layer0":{"withModifier_tap":{},"outputAndDisplay_tap":{"display":"'","layerKey":"layer0","output":{"controls_and_symbols":{"_0":"single_quotation"}}},"isCustomized_tap":true}}},"id":"33B294F0-4E10-4E05-AF09-221CEC6C8BB8"},{"fromDetail":{"output":{"letter_keys":{"_0":"b"}},"display":"B"},"id":"EC894807-216E-4769-A7B2-1DEAA05E5097","toDetailCollection":{"condition0":{"layer0":{"outputAndDisplay_tap":{"output":{"letter_keys":{"_0":"v"}},"layerKey":"layer0","display":"V"},"isCustomized_tap":true,"withModifier_tap":{}}}}},{"toDetailCollection":{"condition0":{"layer0":{"withModifier_tap":{},"isCustomized_tap":true,"outputAndDisplay_tap":{"display":"Z","layerKey":"layer0","output":{"letter_keys":{"_0":"z"}}}}}},"id":"01E84B3A-B58C-4D97-A780-4159700449C2","fromDetail":{"output":{"letter_keys":{"_0":"x"}},"display":"X"}},{"fromDetail":{"display":"Z","output":{"letter_keys":{"_0":"z"}}},"toDetailCollection":{"condition0":{"layer0":{"isCustomized_tap":true,"outputAndDisplay_tap":{"output":{"controls_and_symbols":{"_0":"hyphen"}},"display":"-","layerKey":"layer0"},"withModifier_tap":{}}}},"id":"551D8B71-A764-4F9F-9888-F2652E408BC5"},{"fromDetail":{"output":{"controls_and_symbols":{"_0":"slash"}},"display":"\/"},"toDetailCollection":{"condition0":{"layer0":{"isCustomized_tap":true,"withModifier_tap":{},"outputAndDisplay_tap":{"output":{"letter_keys":{"_0":"x"}},"display":"X","layerKey":"layer0"}}}},"id":"F03B2C4F-CE81-467D-8D74-5A30E43294FB"},{"id":"6132FE0C-4E05-4CB8-998B-15F3E0397125","fromDetail":{"output":{"letter_keys":{"_0":"m"}},"display":"M"},"toDetailCollection":{"condition0":{"layer0":{"isCustomized_tap":true,"withModifier_tap":{},"outputAndDisplay_tap":{"display":"K","output":{"letter_keys":{"_0":"k"}},"layerKey":"layer0"}}}}},{"toDetailCollection":{},"unitSize":2.25,"id":"95D3C1B1-3B02-4428-8A6B-D1B63B7B470A","fromDetail":{"display":"shift","isSFSymbol":true,"output":{"modifier_keys":{"_0":"right_shift"}}}},{"id":"3DE3D7AB-9C4A-4F59-9578-4948828B8C94","fromDetail":{"output":{"controls_and_symbols":{"_0":"comma"}},"display":","},"toDetailCollection":{"condition0":{"layer0":{"isCustomized_tap":true,"outputAndDisplay_tap":{"output":{"letter_keys":{"_0":"d"}},"display":"D","layerKey":"layer0"},"withModifier_tap":{}}}}}],"row2":[{"toDetailCollection":{},"id":"978210A1-A10B-47AE-AE9F-AF70C6BD3E47","fromDetail":{"output":{"number_keys":{"_0":"three"}},"display":"3"}},{"toDetailCollection":{},"id":"6DC9F003-9D77-49A9-B1BD-C7F449A2221A","fromDetail":{"display":"`","output":{"controls_and_symbols":{"_0":"grave_accent"}}}},{"toDetailCollection":{},"fromDetail":{"display":"6","output":{"number_keys":{"_0":"six"}}},"id":"34AF3174-13CD-43E3-984F-23C4FFA54BEB"},{"toDetailCollection":{"condition0":{"layer0":{"outputAndDisplay_tap":{"layerKey":"layer0","output":{"controls_and_symbols":{"_0":"close_square_bracket"}},"display":"]"},"withModifier_tap":{},"isCustomized_tap":true}}},"fromDetail":{"output":{"controls_and_symbols":{"_0":"equal_sign_or_caret"}},"display":"="},"id":"B6253EA9-6DB0-440A-BC74-8EF973474218"},{"id":"E243B9CB-E40B-4E13-834F-C75B90B31DFD","toDetailCollection":{},"fromDetail":{"display":"9","output":{"number_keys":{"_0":"nine"}}}},{"id":"797E6FE4-B111-4E2D-8442-F4D1D9D4898E","fromDetail":{"display":"7","output":{"number_keys":{"_0":"seven"}}},"toDetailCollection":{}},{"id":"A4BE6470-95D4-472C-A86B-A164517E0515","fromDetail":{"display":"5","output":{"number_keys":{"_0":"five"}}},"toDetailCollection":{}},{"id":"66C7E2A2-A6DC-4038-B870-66E8D9452250","fromDetail":{"display":"2","output":{"number_keys":{"_0":"two"}}},"toDetailCollection":{}},{"fromDetail":{"display":"delete.left","output":{"controls_and_symbols":{"_0":"delete_or_backspace"}},"isSFSymbol":true},"id":"E48D22B4-E423-47D4-BE8B-75A551766B06","unitSize":1.5,"toDetailCollection":{}},{"id":"211ADF46-D015-46DB-9F55-036F38726BDE","fromDetail":{"output":{"number_keys":{"_0":"four"}},"display":"4"},"toDetailCollection":{}},{"id":"62F2108A-15D6-44EB-B24D-C3BED85FEA41","fromDetail":{"output":{"number_keys":{"_0":"one"}},"display":"1"},"toDetailCollection":{}},{"toDetailCollection":{},"id":"64D00F01-B90C-41A1-9644-5E06E0CC4E82","fromDetail":{"output":{"number_keys":{"_0":"zero"}},"display":"0"}},{"fromDetail":{"display":"8","output":{"number_keys":{"_0":"eight"}}},"toDetailCollection":{},"id":"ABD545E4-10D1-4F4D-BE77-CFBB46D9EE84"},{"fromDetail":{"output":{"controls_and_symbols":{"_0":"hyphen"}},"display":"-"},"toDetailCollection":{"condition0":{"layer0":{"isCustomized_tap":true,"withModifier_tap":{},"outputAndDisplay_tap":{"layerKey":"layer0","display":"[","output":{"controls_and_symbols":{"_0":"open_square_bracket"}}}}}},"id":"88975A89-2D1C-48B0-87F3-70E4EE44FC7E"}]},"isEnableMain":true,"tenkeyRows":{"row2":[{"id":"365D71B5-6E67-4196-823E-7A8608AD7CF0","toDetailCollection":{},"fromDetail":{"output":{"keypad_keys":{"_0":"keypad_asterisk"}},"display":"*"}},{"toDetailCollection":{},"id":"98999E05-089A-4925-836F-785BB2E57006","fromDetail":{"output":{"keypad_keys":{"_0":"keypad_slash"}},"display":"\/"}},{"id":"7D5874BE-6C43-479D-8016-C2F27D3FC276","toDetailCollection":{},"fromDetail":{"output":{"keypad_keys":{"_0":"keypad_equal_sign"}},"display":"="}},{"id":"3171B95F-D1D5-482B-A6B7-7426F5B57B5A","fromDetail":{"display":"clear","output":{"others":{"_0":"clear"}}},"toDetailCollection":{}}],"idsInOrderRow2":[{"id":"3171B95F-D1D5-482B-A6B7-7426F5B57B5A"},{"id":"7D5874BE-6C43-479D-8016-C2F27D3FC276"},{"id":"98999E05-089A-4925-836F-785BB2E57006"},{"id":"365D71B5-6E67-4196-823E-7A8608AD7CF0"}],"row4":[{"toDetailCollection":{},"id":"787F5B43-3600-40B7-AC8B-C0C8E4D8AAD9","fromDetail":{"display":"+","output":{"keypad_keys":{"_0":"keypad_plus"}}}},{"id":"DE522285-0A6A-416A-A7DA-8D20249996D2","fromDetail":{"output":{"keypad_keys":{"_0":"keypad_6"}},"display":"6"},"toDetailCollection":{}},{"toDetailCollection":{},"fromDetail":{"display":"5","output":{"keypad_keys":{"_0":"keypad_5"}}},"id":"158CC163-E76C-4689-ACFD-20104514F52D"},{"id":"E9949489-CDE0-431A-AE14-EA76AB9D7313","fromDetail":{"output":{"keypad_keys":{"_0":"keypad_4"}},"display":"4"},"toDetailCollection":{}}],"arrow_left":{"keyShape":"arrow_LR","toDetailCollection":{},"fromDetail":{"display":"arrowtriangle.left.fill","output":{"arrow_keys":{"_0":"left_arrow"}},"isSFSymbol":true},"id":"59562463-8D09-4F6B-8601-8636685A5F78"},"idsInOrderRow1":[{"id":"D371EEFF-40DF-4016-BAED-61630FD1D655"},{"id":"FBA23073-988E-4A5D-8936-E51409CDFE95"},{"id":"70A84E27-C992-4AB3-AFF9-06AE739F4297"},{"id":"39CFF26E-6E3F-4277-89E5-5129DD3C5769"}],"row6":[{"fromDetail":{"display":".","output":{"keypad_keys":{"_0":"keypad_period"}}},"toDetailCollection":{},"id":"D959EB82-2CA8-4A88-BA37-97B6F125A68F"},{"id":"3DF51287-48C0-4A91-A490-E3A0318E83D9","fromDetail":{"display":"0","output":{"keypad_keys":{"_0":"keypad_0"}}},"toDetailCollection":{},"unitSize":2}],"idsInOrderRow6":[{"id":"3DF51287-48C0-4A91-A490-E3A0318E83D9"},{"id":"D959EB82-2CA8-4A88-BA37-97B6F125A68F"}],"row5":[{"fromDetail":{"display":"1","output":{"keypad_keys":{"_0":"keypad_1"}}},"toDetailCollection":{},"id":"898E839E-ED25-4764-8FC4-EF3EAE7DBA27"},{"id":"A02E9C86-85B3-4EC9-B2C3-C44634EF2B88","toDetailCollection":{},"keyShape":"enter_Tenkey","fromDetail":{"output":{"keypad_keys":{"_0":"keypad_enter"}},"display":"projective","isSFSymbol":true}},{"fromDetail":{"output":{"keypad_keys":{"_0":"keypad_3"}},"display":"3"},"id":"7A60D3BF-F864-4CC2-8467-121DCBF747FD","toDetailCollection":{}},{"id":"6C5B4EC6-6C72-43AF-BA31-3F7949A5DB77","fromDetail":{"output":{"keypad_keys":{"_0":"keypad_2"}},"display":"2"},"toDetailCollection":{}}],"idsInOrderRow5":[{"id":"898E839E-ED25-4764-8FC4-EF3EAE7DBA27"},{"id":"6C5B4EC6-6C72-43AF-BA31-3F7949A5DB77"},{"id":"7A60D3BF-F864-4CC2-8467-121DCBF747FD"},{"id":"A02E9C86-85B3-4EC9-B2C3-C44634EF2B88"}],"row1":[{"fromDetail":{"display":"F18","output":{"function_keys":{"_0":"f18"}}},"toDetailCollection":{},"id":"70A84E27-C992-4AB3-AFF9-06AE739F4297"},{"fromDetail":{"output":{"function_keys":{"_0":"f19"}},"display":"F19"},"toDetailCollection":{},"id":"39CFF26E-6E3F-4277-89E5-5129DD3C5769"},{"fromDetail":{"output":{"function_keys":{"_0":"f17"}},"display":"F17"},"toDetailCollection":{},"id":"FBA23073-988E-4A5D-8936-E51409CDFE95"},{"fromDetail":{"output":{"function_keys":{"_0":"f16"}},"display":"F16"},"toDetailCollection":{},"id":"D371EEFF-40DF-4016-BAED-61630FD1D655"}],"idsInOrderRow4":[{"id":"E9949489-CDE0-431A-AE14-EA76AB9D7313"},{"id":"158CC163-E76C-4689-ACFD-20104514F52D"},{"id":"DE522285-0A6A-416A-A7DA-8D20249996D2"},{"id":"787F5B43-3600-40B7-AC8B-C0C8E4D8AAD9"}],"arrow_down":{"fromDetail":{"output":{"arrow_keys":{"_0":"down_arrow"}},"isSFSymbol":true,"display":"arrowtriangle.down.fill"},"keyShape":"arrow_Down","toDetailCollection":{},"id":"2B1C0607-D473-4122-BBC8-4E56196C5534"},"idsInOrderRow3":[{"id":"AADA687C-6BF9-4AF3-8A8D-49A98F3EB8B9"},{"id":"D56A2006-9776-42C7-A65C-C8A536350A5F"},{"id":"87B54D6E-1718-43CE-B237-9980E3BB4509"},{"id":"5503B230-7AB5-4303-B295-9035DF4D51D7"}],"enableArrowKeys":false,"arrow_right":{"id":"C5C86FFA-D568-46B6-8B06-68C5D18B7EE4","keyShape":"arrow_LR","toDetailCollection":{},"fromDetail":{"isSFSymbol":true,"display":"arrowtriangle.right.fill","output":{"arrow_keys":{"_0":"right_arrow"}}}},"arrow_up":{"id":"90CE85B5-46BE-400A-986B-A5F0A5C4A5A7","keyShape":"arrow_Up","fromDetail":{"output":{"arrow_keys":{"_0":"up_arrow"}},"display":"arrowtriangle.up.fill","isSFSymbol":true},"toDetailCollection":{}},"rowIndex_arrow":{"row6":{}},"row3":[{"toDetailCollection":{},"fromDetail":{"display":"9","output":{"keypad_keys":{"_0":"keypad_9"}}},"id":"87B54D6E-1718-43CE-B237-9980E3BB4509"},{"fromDetail":{"output":{"keypad_keys":{"_0":"keypad_hyphen"}},"display":"-"},"id":"5503B230-7AB5-4303-B295-9035DF4D51D7","toDetailCollection":{}},{"fromDetail":{"display":"8","output":{"keypad_keys":{"_0":"keypad_8"}}},"toDetailCollection":{},"id":"D56A2006-9776-42C7-A65C-C8A536350A5F"},{"fromDetail":{"display":"7","output":{"keypad_keys":{"_0":"keypad_7"}}},"id":"AADA687C-6BF9-4AF3-8A8D-49A98F3EB8B9","toDetailCollection":{}}]},"isEnableTenkey":false,"sectionDetail":{"deviceDetail":{"is_builtin_keyboard":false,"is_vendor_id_Enabled":false,"is_product_id_Enabled":false,"device_name":"mainKeyboard","product_id":"product_id","location_id":"location_id","vendor_id":"vendor_id","is_location_id_Enabled":false},"section":{"main":{}}},"subRows":{"arrow_left":{"fromDetail":{"output":{"arrow_keys":{"_0":"left_arrow"}},"display":"arrowtriangle.left.fill","isSFSymbol":true},"id":"31677F3B-0995-4A77-86CC-F5682386307B","toDetailCollection":{},"keyShape":"arrow_LR"},"enableArrowKeys":false,"row3":[{"toDetailCollection":{},"id":"49C302DF-65A8-4216-8FA1-D2A302A99F55","fromDetail":{"isSFSymbol":true,"output":{"arrow_keys":{"_0":"page_down"}},"display":"arrow.down"}},{"toDetailCollection":{},"fromDetail":{"output":{"arrow_keys":{"_0":"end"}},"display":"arrow.down.to.line","isSFSymbol":true},"id":"628D0E11-3704-41E2-ABA4-AA74578B431C"},{"toDetailCollection":{},"id":"1D8890FC-BFE7-4179-A4C5-CE41C80F5AD6","fromDetail":{"display":"delete.right","isSFSymbol":true,"output":{"controls_and_symbols":{"_0":"delete_forward"}}}}],"idsInOrderRow3":[{"id":"1D8890FC-BFE7-4179-A4C5-CE41C80F5AD6"},{"id":"628D0E11-3704-41E2-ABA4-AA74578B431C"},{"id":"49C302DF-65A8-4216-8FA1-D2A302A99F55"}],"row4":[],"row2":[{"id":"1E4D4EE4-7B91-4412-954A-E6B4D3423211","toDetailCollection":{},"fromDetail":{"isSFSymbol":true,"output":{"arrow_keys":{"_0":"home"}},"display":"arrow.up.to.line"}},{"fromDetail":{"isSFSymbol":true,"display":"text.insert","output":{"keys_in_pc_keyboards":{"_0":"insert"}}},"id":"2B0752CD-F155-4430-BF53-58AC03060FF0","toDetailCollection":{}},{"id":"2A575332-BBA3-4A7F-818C-2D8372F1AAA9","toDetailCollection":{},"fromDetail":{"output":{"arrow_keys":{"_0":"page_up"}},"display":"arrow.up","isSFSymbol":true}}],"idsInOrderRow6":[{"id":"E1A41AE4-2375-4539-B959-A5D2D16892A3"},{"id":"E663007C-B408-4A9C-AE56-A9D1BDD724A8"},{"id":"4C915E75-5832-4EAB-B996-F8FCEAE78609"}],"row5":[{"toDetailCollection":{},"fromDetail":{"display":"arrowtriangle.up.fill","output":{"arrow_keys":{"_0":"up_arrow"}},"isSFSymbol":true},"id":"6D0398FB-8601-4941-ABA5-E8CC25D60C12"},{"isSpacer":true,"toDetailCollection":{},"fromDetail":{"output":{"letter_keys":{"_0":"a"}},"display":"A"},"id":"50DFB3A5-AB01-479E-B1BA-D31CC6920098"}],"idsInOrderRow1":[{"id":"C891C044-82B2-4D2F-9D6D-AA8B2AF13403"},{"id":"7BB141BD-906C-487F-9EA5-9A327102E0A9"},{"id":"B58CDB3C-2129-4A84-B9D6-F0BA3E43D664"}],"idsInOrderRow2":[{"id":"2B0752CD-F155-4430-BF53-58AC03060FF0"},{"id":"1E4D4EE4-7B91-4412-954A-E6B4D3423211"},{"id":"2A575332-BBA3-4A7F-818C-2D8372F1AAA9"}],"idsInOrderRow4":[],"arrow_right":{"toDetailCollection":{},"fromDetail":{"output":{"arrow_keys":{"_0":"right_arrow"}},"display":"arrowtriangle.right.fill","isSFSymbol":true},"id":"F293C01B-61E8-43E5-BD7E-44654BF0F964","keyShape":"arrow_LR"},"idsInOrderRow5":[{"id":"50DFB3A5-AB01-479E-B1BA-D31CC6920098"},{"id":"6D0398FB-8601-4941-ABA5-E8CC25D60C12"}],"rowIndex_arrow":{"row6":{}},"arrow_down":{"fromDetail":{"display":"arrowtriangle.down.fill","isSFSymbol":true,"output":{"arrow_keys":{"_0":"down_arrow"}}},"id":"A7DC177F-14E9-4A93-A3A7-83BCFA442612","keyShape":"arrow_Down","toDetailCollection":{}},"arrow_up":{"keyShape":"arrow_Up","id":"935A721B-D100-4105-A42C-7C3D70EB3BA4","toDetailCollection":{},"fromDetail":{"isSFSymbol":true,"output":{"arrow_keys":{"_0":"up_arrow"}},"display":"arrowtriangle.up.fill"}},"row1":[{"toDetailCollection":{},"fromDetail":{"output":{"function_keys":{"_0":"f15"}},"display":"F15"},"id":"B58CDB3C-2129-4A84-B9D6-F0BA3E43D664"},{"id":"C891C044-82B2-4D2F-9D6D-AA8B2AF13403","toDetailCollection":{},"fromDetail":{"output":{"function_keys":{"_0":"f13"}},"display":"F13"}},{"id":"7BB141BD-906C-487F-9EA5-9A327102E0A9","toDetailCollection":{},"fromDetail":{"output":{"function_keys":{"_0":"f14"}},"display":"F14"}}],"row6":[{"toDetailCollection":{},"fromDetail":{"output":{"arrow_keys":{"_0":"right_arrow"}},"display":"arrowtriangle.right.fill","isSFSymbol":true},"id":"4C915E75-5832-4EAB-B996-F8FCEAE78609"},{"id":"E663007C-B408-4A9C-AE56-A9D1BDD724A8","fromDetail":{"display":"arrowtriangle.down.fill","isSFSymbol":true,"output":{"arrow_keys":{"_0":"down_arrow"}}},"toDetailCollection":{}},{"toDetailCollection":{},"id":"E1A41AE4-2375-4539-B959-A5D2D16892A3","fromDetail":{"display":"arrowtriangle.left.fill","output":{"arrow_keys":{"_0":"left_arrow"}},"isSFSymbol":true}}]}},"validSections":{"sections":[{"main":{}}]},"keycodeRegion":"ANSI","mouse":{"tenkeyRows":{"arrow_up":{"keyShape":"arrow_Up","fromDetail":{"display":"arrowtriangle.up.fill","output":{"arrow_keys":{"_0":"up_arrow"}},"isSFSymbol":true},"toDetailCollection":{},"id":"0693B0A4-9A63-4706-9437-539D2A5F635C"},"idsInOrderRow1":[{"id":"77383434-E46D-4932-A475-3A95EF7EB124"}],"rowIndex_arrow":{"row6":{}},"row4":[{"toDetailCollection":{},"fromDetail":{"output":{"letter_keys":{"_0":"a"}},"display":"A"},"id":"45150E45-1CFC-4544-9106-6E2744553457"}],"row5":[{"id":"A1354FA2-BEF5-4731-8131-939DCBDEDF8C","fromDetail":{"display":"A","output":{"letter_keys":{"_0":"a"}}},"toDetailCollection":{}}],"idsInOrderRow2":[{"id":"19B6ABED-8827-4D5F-88F3-12DFF47C7ED2"}],"row1":[{"id":"77383434-E46D-4932-A475-3A95EF7EB124","toDetailCollection":{},"fromDetail":{"output":{"letter_keys":{"_0":"a"}},"display":"A"}}],"arrow_left":{"toDetailCollection":{},"id":"5C9CF353-9CE3-48BC-90E3-6A2B4ADE6528","fromDetail":{"isSFSymbol":true,"display":"arrowtriangle.left.fill","output":{"arrow_keys":{"_0":"left_arrow"}}},"keyShape":"arrow_LR"},"arrow_down":{"id":"9BD6A820-ED08-4FEE-BD8E-B30AD64AE81E","keyShape":"arrow_Down","fromDetail":{"output":{"arrow_keys":{"_0":"down_arrow"}},"display":"arrowtriangle.down.fill","isSFSymbol":true},"toDetailCollection":{}},"idsInOrderRow4":[{"id":"45150E45-1CFC-4544-9106-6E2744553457"}],"row6":[{"fromDetail":{"display":"A","output":{"letter_keys":{"_0":"a"}}},"id":"0714527A-3B75-4EDB-9A8C-114F4657CDF6","toDetailCollection":{}}],"idsInOrderRow3":[{"id":"7F805E65-3C89-4666-ACFA-CEBAC35BB4FE"}],"enableArrowKeys":false,"arrow_right":{"fromDetail":{"isSFSymbol":true,"display":"arrowtriangle.right.fill","output":{"arrow_keys":{"_0":"right_arrow"}}},"keyShape":"arrow_LR","toDetailCollection":{},"id":"6A03167C-6576-42CD-92AE-6EBA44599E2B"},"row2":[{"toDetailCollection":{},"id":"19B6ABED-8827-4D5F-88F3-12DFF47C7ED2","fromDetail":{"output":{"letter_keys":{"_0":"a"}},"display":"A"}}],"row3":[{"toDetailCollection":{},"id":"7F805E65-3C89-4666-ACFA-CEBAC35BB4FE","fromDetail":{"display":"A","output":{"letter_keys":{"_0":"a"}}}}],"idsInOrderRow5":[{"id":"A1354FA2-BEF5-4731-8131-939DCBDEDF8C"}],"idsInOrderRow6":[{"id":"0714527A-3B75-4EDB-9A8C-114F4657CDF6"}]},"sectionDetail":{"section":{"mouse":{}},"deviceDetail":{"device_name":"mouse","vendor_id":"vendor_id","product_id":"product_id","is_vendor_id_Enabled":false,"is_builtin_keyboard":false,"is_location_id_Enabled":false,"is_product_id_Enabled":false,"location_id":"location_id"}},"isEnableMain":true,"isEnableSub":false,"isEnableTenkey":false,"subRows":{"row1":[{"toDetailCollection":{},"id":"51F89836-6A32-434C-A63F-E29D5FCBCC19","fromDetail":{"display":"A","output":{"letter_keys":{"_0":"a"}}}}],"idsInOrderRow1":[{"id":"51F89836-6A32-434C-A63F-E29D5FCBCC19"}],"idsInOrderRow2":[{"id":"27BABDE8-BC5F-4D72-BB33-60204358EF4F"}],"idsInOrderRow3":[{"id":"3DA8ACE2-7189-4F12-BF36-834F9C08AD7B"}],"enableArrowKeys":false,"row2":[{"toDetailCollection":{},"id":"27BABDE8-BC5F-4D72-BB33-60204358EF4F","fromDetail":{"display":"A","output":{"letter_keys":{"_0":"a"}}}}],"arrow_left":{"id":"CB91D4A5-0A91-40BE-8508-9E3D4332C7AF","fromDetail":{"isSFSymbol":true,"display":"arrowtriangle.left.fill","output":{"arrow_keys":{"_0":"left_arrow"}}},"keyShape":"arrow_LR","toDetailCollection":{}},"arrow_up":{"toDetailCollection":{},"fromDetail":{"isSFSymbol":true,"output":{"arrow_keys":{"_0":"up_arrow"}},"display":"arrowtriangle.up.fill"},"id":"343B2547-2DDE-4A76-9F9F-BE55CC650F5C","keyShape":"arrow_Up"},"row4":[{"fromDetail":{"output":{"letter_keys":{"_0":"a"}},"display":"A"},"id":"A82333D5-868E-446D-B841-F98D2BD0ED07","toDetailCollection":{}}],"idsInOrderRow6":[{"id":"2515B1A0-C553-4D70-A4AC-47C542F52F30"}],"row3":[{"id":"3DA8ACE2-7189-4F12-BF36-834F9C08AD7B","fromDetail":{"output":{"letter_keys":{"_0":"a"}},"display":"A"},"toDetailCollection":{}}],"arrow_right":{"keyShape":"arrow_LR","fromDetail":{"display":"arrowtriangle.right.fill","isSFSymbol":true,"output":{"arrow_keys":{"_0":"right_arrow"}}},"id":"4519DEBB-234C-465F-A7FF-83EAB50F95A9","toDetailCollection":{}},"idsInOrderRow5":[{"id":"D303FEF4-EA41-46B8-A682-058B5AE6720A"}],"row5":[{"id":"D303FEF4-EA41-46B8-A682-058B5AE6720A","fromDetail":{"output":{"letter_keys":{"_0":"a"}},"display":"A"},"toDetailCollection":{}}],"idsInOrderRow4":[{"id":"A82333D5-868E-446D-B841-F98D2BD0ED07"}],"row6":[{"fromDetail":{"output":{"letter_keys":{"_0":"a"}},"display":"A"},"id":"2515B1A0-C553-4D70-A4AC-47C542F52F30","toDetailCollection":{}}],"arrow_down":{"id":"64BBAD57-D3A8-436A-8CA5-BB09654D927C","fromDetail":{"display":"arrowtriangle.down.fill","output":{"arrow_keys":{"_0":"down_arrow"}},"isSFSymbol":true},"toDetailCollection":{},"keyShape":"arrow_Down"},"rowIndex_arrow":{"row6":{}}},"mainRows":{"row5":[],"idsInOrderRow5":[],"arrow_down":{"fromDetail":{"output":{"arrow_keys":{"_0":"down_arrow"}},"display":"arrowtriangle.down.fill","isSFSymbol":true},"toDetailCollection":{},"id":"116E51D5-0581-4E97-96CE-2EF04D411B75","keyShape":"arrow_Down"},"row3":[{"fromDetail":{"output":{"letter_keys":{"_0":"a"}},"display":"A"},"id":"9C52DB39-EC40-4F5E-A4ED-E74CA38144A2","isSpacer":true,"toDetailCollection":{}}],"row4":[{"toDetailCollection":{},"fromDetail":{"display":"A","output":{"letter_keys":{"_0":"a"}}},"id":"F5699BC9-B16D-452D-9B36-B5D44D9DBBC2","isSpacer":true}],"arrow_up":{"toDetailCollection":{},"fromDetail":{"output":{"arrow_keys":{"_0":"up_arrow"}},"display":"arrowtriangle.up.fill","isSFSymbol":true},"keyShape":"arrow_Up","id":"ADB50FDB-B4AC-477F-B13A-49F5BCBB2B43"},"row6":[],"row1":[{"toDetailCollection":{},"id":"41D37A57-35D9-4DE0-BDAB-17578722C83A","fromDetail":{"output":{"mouse_buttons":{"_0":"button1"}},"display":"L click"}},{"fromDetail":{"display":"R click","output":{"mouse_buttons":{"_0":"button2"}}},"toDetailCollection":{},"id":"24D19FFD-EF02-4FA0-9893-6534E0EEF833"}],"arrow_left":{"keyShape":"arrow_LR","id":"BAC9FEEA-8D0C-45A2-9126-4BFABEF51A71","fromDetail":{"display":"arrowtriangle.left.fill","output":{"arrow_keys":{"_0":"left_arrow"}},"isSFSymbol":true},"toDetailCollection":{}},"rowIndex_arrow":{"row6":{}},"enableArrowKeys":false,"row2":[{"id":"5DDE35F4-B7F4-4B9B-851D-2138BCA83643","fromDetail":{"output":{"letter_keys":{"_0":"a"}},"display":"A"},"toDetailCollection":{},"unitSize":0.5,"isSpacer":true},{"toDetailCollection":{},"id":"67AEB6EA-DC6E-4AAA-9FB6-9605528969CE","fromDetail":{"output":{"mouse_buttons":{"_0":"button3"}},"display":"M click"}}],"idsInOrderRow4":[{"id":"F5699BC9-B16D-452D-9B36-B5D44D9DBBC2"}],"idsInOrderRow1":[{"id":"41D37A57-35D9-4DE0-BDAB-17578722C83A"},{"id":"24D19FFD-EF02-4FA0-9893-6534E0EEF833"}],"idsInOrderRow3":[{"id":"9C52DB39-EC40-4F5E-A4ED-E74CA38144A2"}],"idsInOrderRow2":[{"id":"5DDE35F4-B7F4-4B9B-851D-2138BCA83643"},{"id":"67AEB6EA-DC6E-4AAA-9FB6-9605528969CE"}],"arrow_right":{"fromDetail":{"output":{"arrow_keys":{"_0":"right_arrow"}},"display":"arrowtriangle.right.fill","isSFSymbol":true},"keyShape":"arrow_LR","toDetailCollection":{},"id":"C228F782-AF7F-45F7-A899-8DA4F07945F1"},"idsInOrderRow6":[]}},"other":{"tenkeyRows":{"idsInOrderRow1":[{"id":"C9EC4A85-206A-4278-A7A0-C5E6D26D3984"},{"id":"72223526-833F-4B67-9CD5-A85AB4CB0691"},{"id":"3483FADD-0115-41FB-80CC-5FAA6675A7B2"},{"id":"F8D44ECF-0E08-4319-9528-2E9993B3F382"}],"row4":[{"fromDetail":{"output":{"keypad_keys":{"_0":"keypad_5"}},"display":"5"},"id":"8FFD2799-50F5-4ED7-8BA5-8D4137A26976","toDetailCollection":{}},{"id":"F6E121D5-ED6C-4B3F-B80C-0FE682651339","toDetailCollection":{},"fromDetail":{"display":"6","output":{"keypad_keys":{"_0":"keypad_6"}}}},{"toDetailCollection":{},"id":"94DFCABE-DB8C-4F67-AC85-8D8FD89F0B82","fromDetail":{"display":"+","output":{"keypad_keys":{"_0":"keypad_plus"}}}},{"id":"B1BB8D3A-E422-436B-A17B-8565728EB323","fromDetail":{"display":"4","output":{"keypad_keys":{"_0":"keypad_4"}}},"toDetailCollection":{}}],"row3":[{"toDetailCollection":{},"id":"7CD4345E-760E-4E13-864E-1DBD90274C2F","fromDetail":{"output":{"keypad_keys":{"_0":"keypad_7"}},"display":"7"}},{"fromDetail":{"display":"-","output":{"keypad_keys":{"_0":"keypad_hyphen"}}},"toDetailCollection":{},"id":"5A7F7F10-4505-4E57-B028-51091FFF904A"},{"id":"63D58EC9-7994-496C-83E1-2377CCF124CE","fromDetail":{"display":"9","output":{"keypad_keys":{"_0":"keypad_9"}}},"toDetailCollection":{}},{"fromDetail":{"output":{"keypad_keys":{"_0":"keypad_8"}},"display":"8"},"toDetailCollection":{},"id":"0C550341-7EE3-4415-9C9B-4BB8787FD11A"}],"idsInOrderRow2":[{"id":"F459CC8D-1292-4F4A-815F-55283C5F3556"},{"id":"E8618390-692D-410A-89E2-7A2C6924D96D"},{"id":"17579358-8A21-4C04-B591-91F82840624E"},{"id":"F05AE281-CBFC-4BA8-BBE5-F3F5D36A787A"}],"row2":[{"id":"F05AE281-CBFC-4BA8-BBE5-F3F5D36A787A","fromDetail":{"output":{"keypad_keys":{"_0":"keypad_asterisk"}},"display":"*"},"toDetailCollection":{}},{"fromDetail":{"display":"=","output":{"keypad_keys":{"_0":"keypad_equal_sign"}}},"id":"E8618390-692D-410A-89E2-7A2C6924D96D","toDetailCollection":{}},{"id":"17579358-8A21-4C04-B591-91F82840624E","toDetailCollection":{},"fromDetail":{"display":"\/","output":{"keypad_keys":{"_0":"keypad_slash"}}}},{"toDetailCollection":{},"fromDetail":{"display":"clear","output":{"others":{"_0":"clear"}}},"id":"F459CC8D-1292-4F4A-815F-55283C5F3556"}],"idsInOrderRow3":[{"id":"7CD4345E-760E-4E13-864E-1DBD90274C2F"},{"id":"0C550341-7EE3-4415-9C9B-4BB8787FD11A"},{"id":"63D58EC9-7994-496C-83E1-2377CCF124CE"},{"id":"5A7F7F10-4505-4E57-B028-51091FFF904A"}],"idsInOrderRow4":[{"id":"B1BB8D3A-E422-436B-A17B-8565728EB323"},{"id":"8FFD2799-50F5-4ED7-8BA5-8D4137A26976"},{"id":"F6E121D5-ED6C-4B3F-B80C-0FE682651339"},{"id":"94DFCABE-DB8C-4F67-AC85-8D8FD89F0B82"}],"row6":[{"id":"80BF47CD-80E5-499A-BBB7-14CC67C9EABF","fromDetail":{"output":{"keypad_keys":{"_0":"keypad_period"}},"display":"."},"toDetailCollection":{}},{"toDetailCollection":{},"fromDetail":{"output":{"keypad_keys":{"_0":"keypad_0"}},"display":"0"},"unitSize":2,"id":"F1164BBC-EBD7-4B53-B992-8C846AF5F2E8"}],"rowIndex_arrow":{"row6":{}},"arrow_down":{"toDetailCollection":{},"fromDetail":{"isSFSymbol":true,"output":{"arrow_keys":{"_0":"down_arrow"}},"display":"arrowtriangle.down.fill"},"id":"2CDA2CD3-03C9-4E93-A992-5066E0C445B5","keyShape":"arrow_Down"},"arrow_right":{"fromDetail":{"display":"arrowtriangle.right.fill","isSFSymbol":true,"output":{"arrow_keys":{"_0":"right_arrow"}}},"keyShape":"arrow_LR","toDetailCollection":{},"id":"DF15BC55-604B-417F-98C6-A2B758923954"},"idsInOrderRow5":[{"id":"DC41919F-D5D8-40EF-A69D-7EF25FC4B0E3"},{"id":"F5C6F058-D4CC-4D39-8B1A-E6E1BF3B6C0C"},{"id":"9AF747BC-16A8-4566-88CD-D599FB507606"},{"id":"0279EF4C-D61E-44CA-BA08-D9A442B718B3"}],"row1":[{"fromDetail":{"output":{"function_keys":{"_0":"f18"}},"display":"F18"},"id":"3483FADD-0115-41FB-80CC-5FAA6675A7B2","toDetailCollection":{}},{"fromDetail":{"output":{"function_keys":{"_0":"f19"}},"display":"F19"},"toDetailCollection":{},"id":"F8D44ECF-0E08-4319-9528-2E9993B3F382"},{"id":"C9EC4A85-206A-4278-A7A0-C5E6D26D3984","toDetailCollection":{},"fromDetail":{"display":"F16","output":{"function_keys":{"_0":"f16"}}}},{"fromDetail":{"display":"F17","output":{"function_keys":{"_0":"f17"}}},"toDetailCollection":{},"id":"72223526-833F-4B67-9CD5-A85AB4CB0691"}],"row5":[{"toDetailCollection":{},"keyShape":"enter_Tenkey","fromDetail":{"output":{"keypad_keys":{"_0":"keypad_enter"}},"isSFSymbol":true,"display":"projective"},"id":"0279EF4C-D61E-44CA-BA08-D9A442B718B3"},{"fromDetail":{"display":"1","output":{"keypad_keys":{"_0":"keypad_1"}}},"id":"DC41919F-D5D8-40EF-A69D-7EF25FC4B0E3","toDetailCollection":{}},{"id":"F5C6F058-D4CC-4D39-8B1A-E6E1BF3B6C0C","toDetailCollection":{},"fromDetail":{"output":{"keypad_keys":{"_0":"keypad_2"}},"display":"2"}},{"fromDetail":{"output":{"keypad_keys":{"_0":"keypad_3"}},"display":"3"},"id":"9AF747BC-16A8-4566-88CD-D599FB507606","toDetailCollection":{}}],"idsInOrderRow6":[{"id":"F1164BBC-EBD7-4B53-B992-8C846AF5F2E8"},{"id":"80BF47CD-80E5-499A-BBB7-14CC67C9EABF"}],"enableArrowKeys":false,"arrow_up":{"toDetailCollection":{},"fromDetail":{"isSFSymbol":true,"display":"arrowtriangle.up.fill","output":{"arrow_keys":{"_0":"up_arrow"}}},"keyShape":"arrow_Up","id":"023092DC-C3C2-4B9C-A4AE-70BB0BE8886B"},"arrow_left":{"id":"DCBFC617-0305-4DA0-B430-68665E35D915","fromDetail":{"isSFSymbol":true,"output":{"arrow_keys":{"_0":"left_arrow"}},"display":"arrowtriangle.left.fill"},"toDetailCollection":{},"keyShape":"arrow_LR"}},"subRows":{"row6":[{"toDetailCollection":{},"id":"A6C83A29-D839-48CE-A160-E1AB89C3103B","fromDetail":{"display":"arrowtriangle.down.fill","isSFSymbol":true,"output":{"arrow_keys":{"_0":"down_arrow"}}}},{"id":"80CE18DC-6F29-480E-B816-4566385DD995","toDetailCollection":{},"fromDetail":{"output":{"arrow_keys":{"_0":"right_arrow"}},"display":"arrowtriangle.right.fill","isSFSymbol":true}},{"id":"5240644C-DA7E-4854-830B-F92C2701382A","fromDetail":{"output":{"arrow_keys":{"_0":"left_arrow"}},"display":"arrowtriangle.left.fill","isSFSymbol":true},"toDetailCollection":{}}],"arrow_right":{"id":"CBF605D8-8169-4702-8C40-0FC4A4386A57","keyShape":"arrow_LR","fromDetail":{"output":{"arrow_keys":{"_0":"right_arrow"}},"isSFSymbol":true,"display":"arrowtriangle.right.fill"},"toDetailCollection":{}},"row1":[{"fromDetail":{"output":{"function_keys":{"_0":"f13"}},"display":"F13"},"toDetailCollection":{},"id":"536C71DC-2497-49A4-85DC-ACECD003B543"},{"toDetailCollection":{},"id":"4A060497-BC96-4B14-BBC6-3E334524E54D","fromDetail":{"display":"F15","output":{"function_keys":{"_0":"f15"}}}},{"toDetailCollection":{},"id":"C8BC7601-0680-4B50-9FC0-626D542A1CCA","fromDetail":{"display":"F14","output":{"function_keys":{"_0":"f14"}}}}],"enableArrowKeys":false,"rowIndex_arrow":{"row6":{}},"row3":[{"id":"823950C6-365C-4A1B-B708-541BE30C3BBD","fromDetail":{"isSFSymbol":true,"output":{"arrow_keys":{"_0":"page_down"}},"display":"arrow.down"},"toDetailCollection":{}},{"fromDetail":{"output":{"controls_and_symbols":{"_0":"delete_forward"}},"isSFSymbol":true,"display":"delete.right"},"id":"13E985D3-1EBE-4B53-B909-EF815DAF1C82","toDetailCollection":{}},{"id":"E4EDDBC1-DE02-4494-8D65-A6001F88AA82","fromDetail":{"isSFSymbol":true,"output":{"arrow_keys":{"_0":"end"}},"display":"arrow.down.to.line"},"toDetailCollection":{}}],"arrow_left":{"keyShape":"arrow_LR","id":"368F4DC5-21DD-4ADD-8654-55FD217186D6","fromDetail":{"display":"arrowtriangle.left.fill","isSFSymbol":true,"output":{"arrow_keys":{"_0":"left_arrow"}}},"toDetailCollection":{}},"idsInOrderRow6":[{"id":"5240644C-DA7E-4854-830B-F92C2701382A"},{"id":"A6C83A29-D839-48CE-A160-E1AB89C3103B"},{"id":"80CE18DC-6F29-480E-B816-4566385DD995"}],"idsInOrderRow2":[{"id":"339A9D44-4ECE-4DAD-80DE-49DCAADDB970"},{"id":"5BF19206-B1B1-4B4E-A7E2-89FA641D9148"},{"id":"64704E35-6105-463A-A883-3FDEB3A23601"}],"arrow_up":{"keyShape":"arrow_Up","fromDetail":{"output":{"arrow_keys":{"_0":"up_arrow"}},"display":"arrowtriangle.up.fill","isSFSymbol":true},"id":"C6ABE1D2-95AA-49A3-A658-1DAB500C0C0F","toDetailCollection":{}},"row4":[],"arrow_down":{"toDetailCollection":{},"keyShape":"arrow_Down","id":"B49417B1-57A1-4D7B-BB0C-A0F507DD87D1","fromDetail":{"display":"arrowtriangle.down.fill","output":{"arrow_keys":{"_0":"down_arrow"}},"isSFSymbol":true}},"idsInOrderRow5":[{"id":"9E6C1375-E5B8-40D1-8DDE-F1B638C8C1CC"},{"id":"81A29855-2BDE-4351-BF25-AFAB6299C097"}],"row5":[{"toDetailCollection":{},"id":"9E6C1375-E5B8-40D1-8DDE-F1B638C8C1CC","isSpacer":true,"fromDetail":{"display":"A","output":{"letter_keys":{"_0":"a"}}}},{"toDetailCollection":{},"id":"81A29855-2BDE-4351-BF25-AFAB6299C097","fromDetail":{"display":"arrowtriangle.up.fill","isSFSymbol":true,"output":{"arrow_keys":{"_0":"up_arrow"}}}}],"idsInOrderRow1":[{"id":"536C71DC-2497-49A4-85DC-ACECD003B543"},{"id":"C8BC7601-0680-4B50-9FC0-626D542A1CCA"},{"id":"4A060497-BC96-4B14-BBC6-3E334524E54D"}],"idsInOrderRow3":[{"id":"13E985D3-1EBE-4B53-B909-EF815DAF1C82"},{"id":"E4EDDBC1-DE02-4494-8D65-A6001F88AA82"},{"id":"823950C6-365C-4A1B-B708-541BE30C3BBD"}],"row2":[{"fromDetail":{"display":"arrow.up.to.line","output":{"arrow_keys":{"_0":"home"}},"isSFSymbol":true},"toDetailCollection":{},"id":"5BF19206-B1B1-4B4E-A7E2-89FA641D9148"},{"id":"64704E35-6105-463A-A883-3FDEB3A23601","toDetailCollection":{},"fromDetail":{"display":"arrow.up","output":{"arrow_keys":{"_0":"page_up"}},"isSFSymbol":true}},{"id":"339A9D44-4ECE-4DAD-80DE-49DCAADDB970","fromDetail":{"display":"text.insert","isSFSymbol":true,"output":{"keys_in_pc_keyboards":{"_0":"insert"}}},"toDetailCollection":{}}],"idsInOrderRow4":[]},"isEnableTenkey":false,"mainRows":{"enableArrowKeys":false,"idsInOrderRow6":[{"id":"BF49B804-BACB-46BD-9F16-F0EEF5A17E49"},{"id":"CD7955EE-D667-46C1-8ADC-E50E7F8E5B1B"}],"arrow_right":{"keyShape":"arrow_LR","toDetailCollection":{},"id":"A5202506-CEF5-4A61-AFB0-F94ECC3E16D3","fromDetail":{"output":{"arrow_keys":{"_0":"right_arrow"}},"isSFSymbol":true,"display":"arrowtriangle.right.fill"}},"row4":[{"id":"A99FD70E-CC49-48B8-B0FA-4C765873A5EB","fromDetail":{"output":{"keypad_keys":{"_0":"keypad_plus"}},"display":"+"},"toDetailCollection":{}},{"toDetailCollection":{},"fromDetail":{"output":{"keypad_keys":{"_0":"keypad_6"}},"display":"6"},"id":"030D2696-DC10-44F3-8E83-6FAC9EAC526F"},{"toDetailCollection":{},"id":"D46DDFB1-1856-4EB9-96D3-365DAFB23E65","fromDetail":{"display":"5","output":{"keypad_keys":{"_0":"keypad_5"}}}},{"fromDetail":{"output":{"keypad_keys":{"_0":"keypad_4"}},"display":"4"},"id":"D69DD872-86A5-4ACF-B8B9-C4D7F2C05E90","toDetailCollection":{}}],"idsInOrderRow4":[{"id":"D69DD872-86A5-4ACF-B8B9-C4D7F2C05E90"},{"id":"D46DDFB1-1856-4EB9-96D3-365DAFB23E65"},{"id":"030D2696-DC10-44F3-8E83-6FAC9EAC526F"},{"id":"A99FD70E-CC49-48B8-B0FA-4C765873A5EB"}],"row1":[{"toDetailCollection":{},"fromDetail":{"output":{"function_keys":{"_0":"f18"}},"display":"F18"},"id":"59357EE3-C05F-4CC1-B0FA-4548D1BB8195"},{"id":"0B5861BD-9A87-4FDC-AF88-4F4CE7CB44AF","toDetailCollection":{},"fromDetail":{"display":"F17","output":{"function_keys":{"_0":"f17"}}}},{"fromDetail":{"display":"F16","output":{"function_keys":{"_0":"f16"}}},"id":"89E6A7B7-D9EA-4839-9F38-2A1E191A871F","toDetailCollection":{}},{"toDetailCollection":{},"fromDetail":{"output":{"function_keys":{"_0":"f19"}},"display":"F19"},"id":"CDFD84DE-36A9-4CDC-8F4B-680C57DF685F"}],"idsInOrderRow2":[{"id":"703E4D61-6EF5-4249-8E35-0DC9423D9FE2"},{"id":"06097DE0-CC93-46B6-887A-ADA31D52C74C"},{"id":"54B08BCA-26E7-4E0C-A1AC-32CD159E6FDF"},{"id":"1BECE79D-7687-45ED-BAD1-CFED52D81408"}],"row2":[{"fromDetail":{"display":"\/","output":{"keypad_keys":{"_0":"keypad_slash"}}},"toDetailCollection":{},"id":"54B08BCA-26E7-4E0C-A1AC-32CD159E6FDF"},{"id":"1BECE79D-7687-45ED-BAD1-CFED52D81408","fromDetail":{"output":{"keypad_keys":{"_0":"keypad_asterisk"}},"display":"*"},"toDetailCollection":{}},{"id":"06097DE0-CC93-46B6-887A-ADA31D52C74C","toDetailCollection":{},"fromDetail":{"output":{"keypad_keys":{"_0":"keypad_equal_sign"}},"display":"="}},{"fromDetail":{"output":{"others":{"_0":"clear"}},"display":"clear"},"toDetailCollection":{},"id":"703E4D61-6EF5-4249-8E35-0DC9423D9FE2"}],"rowIndex_arrow":{"row6":{}},"idsInOrderRow5":[{"id":"E58B048D-DB1D-473E-B14D-DB6B7B3EADA0"},{"id":"91D4441B-5F45-4958-885C-416A98B53A31"},{"id":"CBC3A4DC-CAC6-4F71-8EEE-DC15643911A0"},{"id":"9A9E89C8-9B25-4C2D-8FDD-6DBEBFD90F16"}],"arrow_up":{"keyShape":"arrow_Up","toDetailCollection":{},"id":"AD1529AD-CE33-4150-A50E-55EC0DD99B97","fromDetail":{"display":"arrowtriangle.up.fill","output":{"arrow_keys":{"_0":"up_arrow"}},"isSFSymbol":true}},"row6":[{"fromDetail":{"output":{"keypad_keys":{"_0":"keypad_period"}},"display":"."},"id":"CD7955EE-D667-46C1-8ADC-E50E7F8E5B1B","toDetailCollection":{}},{"id":"BF49B804-BACB-46BD-9F16-F0EEF5A17E49","toDetailCollection":{},"unitSize":2,"fromDetail":{"output":{"keypad_keys":{"_0":"keypad_0"}},"display":"0"}}],"idsInOrderRow3":[{"id":"B11EE94C-FEA9-42DA-9234-63CA876D2521"},{"id":"53F4B9CD-13EA-4268-941F-25A7E5D53AEC"},{"id":"26151E46-7C8A-4723-A269-00CC83A7A660"},{"id":"138CCFFA-EA4F-4DF5-9295-B03110090B2D"}],"arrow_down":{"id":"27C107CE-6CE6-4109-A05D-6F4112A1F52A","keyShape":"arrow_Down","toDetailCollection":{},"fromDetail":{"isSFSymbol":true,"output":{"arrow_keys":{"_0":"down_arrow"}},"display":"arrowtriangle.down.fill"}},"idsInOrderRow1":[{"id":"89E6A7B7-D9EA-4839-9F38-2A1E191A871F"},{"id":"0B5861BD-9A87-4FDC-AF88-4F4CE7CB44AF"},{"id":"59357EE3-C05F-4CC1-B0FA-4548D1BB8195"},{"id":"CDFD84DE-36A9-4CDC-8F4B-680C57DF685F"}],"row5":[{"id":"9A9E89C8-9B25-4C2D-8FDD-6DBEBFD90F16","keyShape":"enter_Tenkey","fromDetail":{"isSFSymbol":true,"output":{"keypad_keys":{"_0":"keypad_enter"}},"display":"projective"},"toDetailCollection":{}},{"toDetailCollection":{},"fromDetail":{"output":{"keypad_keys":{"_0":"keypad_3"}},"display":"3"},"id":"CBC3A4DC-CAC6-4F71-8EEE-DC15643911A0"},{"fromDetail":{"display":"2","output":{"keypad_keys":{"_0":"keypad_2"}}},"toDetailCollection":{},"id":"91D4441B-5F45-4958-885C-416A98B53A31"},{"id":"E58B048D-DB1D-473E-B14D-DB6B7B3EADA0","fromDetail":{"display":"1","output":{"keypad_keys":{"_0":"keypad_1"}}},"toDetailCollection":{}}],"arrow_left":{"fromDetail":{"isSFSymbol":true,"output":{"arrow_keys":{"_0":"left_arrow"}},"display":"arrowtriangle.left.fill"},"toDetailCollection":{},"keyShape":"arrow_LR","id":"AEF22896-20F5-4317-9FB5-84EF2A16C0D7"},"row3":[{"fromDetail":{"output":{"keypad_keys":{"_0":"keypad_hyphen"}},"display":"-"},"toDetailCollection":{},"id":"138CCFFA-EA4F-4DF5-9295-B03110090B2D"},{"toDetailCollection":{},"id":"26151E46-7C8A-4723-A269-00CC83A7A660","fromDetail":{"output":{"keypad_keys":{"_0":"keypad_9"}},"display":"9"}},{"toDetailCollection":{},"id":"53F4B9CD-13EA-4268-941F-25A7E5D53AEC","fromDetail":{"output":{"keypad_keys":{"_0":"keypad_8"}},"display":"8"}},{"id":"B11EE94C-FEA9-42DA-9234-63CA876D2521","fromDetail":{"output":{"keypad_keys":{"_0":"keypad_7"}},"display":"7"},"toDetailCollection":{}}]},"sectionDetail":{"deviceDetail":{"is_product_id_Enabled":false,"is_builtin_keyboard":false,"is_vendor_id_Enabled":false,"location_id":"location_id","is_location_id_Enabled":false,"vendor_id":"vendor_id","product_id":"product_id","device_name":"otherDevice"},"section":{"other":{}}},"isEnableSub":false,"isEnableMain":true}},"comboCollection":{"condition9":{"layer7":{},"layer1":{},"layer8":{},"layer4":{},"layer0":{},"layer6":{},"layer3":{},"layer2":{},"layer5":{}},"condition4":{"layer1":{},"layer3":{},"layer0":{},"layer5":{},"layer6":{},"layer7":{},"layer8":{},"layer4":{},"layer2":{}},"condition6":{"layer3":{},"layer1":{},"layer8":{},"layer2":{},"layer6":{},"layer5":{},"layer7":{},"layer0":{},"layer4":{}},"condition1":{"layer6":{},"layer3":{},"layer4":{},"layer2":{},"layer8":{},"layer1":{},"layer0":{},"layer7":{},"layer5":{}},"condition8":{"layer8":{},"layer6":{},"layer0":{},"layer7":{},"layer1":{},"layer5":{},"layer4":{},"layer3":{},"layer2":{}},"condition3":{"layer8":{},"layer1":{},"layer5":{},"layer2":{},"layer6":{},"layer7":{},"layer0":{},"layer4":{},"layer3":{}},"condition2":{"layer3":{},"layer7":{},"layer2":{},"layer1":{},"layer6":{},"layer8":{},"layer4":{},"layer0":{},"layer5":{}},"condition7":{"layer1":{},"layer3":{},"layer8":{},"layer4":{},"layer5":{},"layer2":{},"layer0":{},"layer6":{},"layer7":{}},"condition0":{"layer2":{},"layer3":{},"layer4":{},"layer7":{},"layer8":{},"layer5":{},"layer1":{},"layer0":{},"layer6":{}},"condition5":{"layer4":{},"layer1":{},"layer3":{},"layer7":{},"layer6":{},"layer8":{},"layer2":{},"layer5":{},"layer0":{}}},"name":"onik_US","displayKeySize":65}