{"name":"onik_UK","macroCollection":{"_collection":[],"idsInOrderCollection":[]},"comboCollection":{"condition6":{"layer5":{},"layer3":{},"layer6":{},"layer8":{},"layer2":{},"layer7":{},"layer0":{},"layer1":{},"layer4":{}},"condition4":{"layer2":{},"layer5":{},"layer6":{},"layer7":{},"layer0":{},"layer3":{},"layer4":{},"layer1":{},"layer8":{}},"condition9":{"layer4":{},"layer3":{},"layer2":{},"layer5":{},"layer1":{},"layer0":{},"layer6":{},"layer7":{},"layer8":{}},"condition2":{"layer5":{},"layer0":{},"layer7":{},"layer2":{},"layer8":{},"layer4":{},"layer3":{},"layer6":{},"layer1":{}},"condition5":{"layer7":{},"layer0":{},"layer4":{},"layer2":{},"layer3":{},"layer1":{},"layer6":{},"layer8":{},"layer5":{}},"condition7":{"layer3":{},"layer4":{},"layer7":{},"layer8":{},"layer0":{},"layer1":{},"layer2":{},"layer6":{},"layer5":{}},"condition1":{"layer6":{},"layer4":{},"layer1":{},"layer3":{},"layer7":{},"layer0":{},"layer8":{},"layer2":{},"layer5":{}},"condition0":{"layer0":{},"layer1":{},"layer3":{},"layer4":{},"layer7":{},"layer8":{},"layer6":{},"layer5":{},"layer2":{}},"condition3":{"layer1":{},"layer4":{},"layer2":{},"layer7":{},"layer6":{},"layer5":{},"layer3":{},"layer8":{},"layer0":{}},"condition8":{"layer7":{},"layer1":{},"layer5":{},"layer2":{},"layer8":{},"layer3":{},"layer4":{},"layer0":{},"layer6":{}}},"conditionDetailCollection":{"condition3":{"name":"Condition3","type":"Application","value":"com.vendor.condition3","isEnabled":false},"condition8":{"type":"Application","name":"Condition8","value":"com.vendor.condition8","isEnabled":false},"condition1":{"name":"Condition1","type":"InputSource","isEnabled":false,"value":"ja"},"condition2":{"isEnabled":false,"name":"Condition2","value":"com.vendor.condition2","type":"Application"},"condition0":{"type":"Application","name":"Default","value":"com.vendor.condition0","isEnabled":true},"condition9":{"value":"com.vendor.condition9","name":"Condition9","isEnabled":false,"type":"Application"},"condition4":{"type":"Application","value":"com.vendor.condition4","isEnabled":false,"name":"Condition4"},"condition7":{"isEnabled":false,"value":"com.vendor.condition7","type":"Application","name":"Condition7"},"condition5":{"type":"Application","name":"Condition5","value":"com.vendor.condition5","isEnabled":false},"condition6":{"name":"Condition6","isEnabled":false,"type":"Application","value":"com.vendor.condition6"}},"displayKeySize":65,"selections":{"customOrMacroTab":{"customizeKey":{}},"fromTab":{"qwertyKeyboard":{}},"tab":{"remap":{}},"condition":"condition0","macro":{"dictionary_key":null,"name":"user Macro","toDetailCollection":{"_collection":[],"idsInOrderCollection":[]},"id":"D477A08C-AA25-4AFC-93F4-E01891F227DD"},"macroTab":{"userMacro":{}},"layer":"layer0","toTab":"qwertyKeyboard","keyboardKey":{"toDetailCollection":{},"fromDetail":{"display":"A","output":{"letter_keys":{"_0":"a"}}},"id":"C562CCCC-D99D-4CF4-874A-6356D7F0D29B"},"combo":{"comboThreshold":50,"toDetail":{},"key_down_order":"insensitive","key_up_order":"insensitive","id":"AE934B3A-8DCA-4ED1-9EDB-2C661D573E37"},"toDetail_macro":{"outputAndDisplay":{"display":"none","layerKey":"layer0","output":{"letter_keys":{"_0":"a"}}},"indicator":false,"error":false,"withModifier":{},"id":"D2AADCA0-DD9D-4E00-8EA0-95A93996B034"}},"keymap":{"main":{"mainRows":{"row2":[{"toDetailCollection":{},"id":"FE6E775D-79AB-4392-8DBF-809F5E14D20D","fromDetail":{"output":{"number_keys":{"_0":"six"}},"display":"6"}},{"fromDetail":{"display":"delete.left","isSFSymbol":true,"output":{"controls_and_symbols":{"_0":"delete_or_backspace"}}},"toDetailCollection":{},"unitSize":1.5,"id":"8097332C-42EE-48A5-AED8-A1C50C44C668"},{"fromDetail":{"output":{"number_keys":{"_0":"two"}},"display":"2"},"id":"E72F5572-32ED-4E86-819D-A90456E1A280","toDetailCollection":{}},{"toDetailCollection":{},"fromDetail":{"output":{"number_keys":{"_0":"seven"}},"display":"7"},"id":"34B472F7-F5E0-48AF-AA1A-B2BE9095C72D"},{"fromDetail":{"output":{"number_keys":{"_0":"five"}},"display":"5"},"id":"861D95C1-A76B-45D5-9B33-18A430E63AC5","toDetailCollection":{}},{"id":"B8E67C54-156D-44D8-9788-6A2D62140665","fromDetail":{"output":{"controls_and_symbols":{"_0":"hyphen"}},"display":"-"},"toDetailCollection":{"condition0":{"layer0":{"outputAndDisplay_tap":{"output":{"controls_and_symbols":{"_0":"open_square_bracket"}},"layerKey":"layer0","display":"["},"withModifier_tap":{},"isCustomized_tap":true}}}},{"toDetailCollection":{},"id":"99FE4239-CA54-40F0-9166-D1742264F041","fromDetail":{"display":"§","output":{"controls_and_symbols":{"_0":"section"}}}},{"toDetailCollection":{},"id":"19AB6702-4481-434C-A356-878CD9194038","fromDetail":{"output":{"number_keys":{"_0":"nine"}},"display":"9"}},{"fromDetail":{"output":{"number_keys":{"_0":"zero"}},"display":"0"},"toDetailCollection":{},"id":"60451298-EF4B-4927-BD80-ECF3C756AFC7"},{"fromDetail":{"output":{"controls_and_symbols":{"_0":"equal_sign_or_caret"}},"display":"="},"id":"9C8400F4-4A64-40FE-A034-1EA8601C08E5","toDetailCollection":{"condition0":{"layer0":{"isCustomized_tap":true,"withModifier_tap":{},"outputAndDisplay_tap":{"display":"]","layerKey":"layer0","output":{"controls_and_symbols":{"_0":"close_square_bracket"}}}}}}},{"id":"EE34D0EB-69D0-47CA-9606-B4FC287136CD","toDetailCollection":{},"fromDetail":{"output":{"number_keys":{"_0":"eight"}},"display":"8"}},{"fromDetail":{"display":"3","output":{"number_keys":{"_0":"three"}}},"toDetailCollection":{},"id":"3F80A33E-88F2-4C40-9713-B5FDAE360708"},{"id":"C518CF0C-32A8-4E6F-AA8E-F6109DD4632C","fromDetail":{"output":{"number_keys":{"_0":"one"}},"display":"1"},"toDetailCollection":{}},{"fromDetail":{"output":{"number_keys":{"_0":"four"}},"display":"4"},"id":"DEB4A325-6661-444C-9A3C-27F84734A9E0","toDetailCollection":{}}],"idsInOrderRow2":[{"id":"99FE4239-CA54-40F0-9166-D1742264F041"},{"id":"C518CF0C-32A8-4E6F-AA8E-F6109DD4632C"},{"id":"E72F5572-32ED-4E86-819D-A90456E1A280"},{"id":"3F80A33E-88F2-4C40-9713-B5FDAE360708"},{"id":"DEB4A325-6661-444C-9A3C-27F84734A9E0"},{"id":"861D95C1-A76B-45D5-9B33-18A430E63AC5"},{"id":"FE6E775D-79AB-4392-8DBF-809F5E14D20D"},{"id":"34B472F7-F5E0-48AF-AA1A-B2BE9095C72D"},{"id":"EE34D0EB-69D0-47CA-9606-B4FC287136CD"},{"id":"19AB6702-4481-434C-A356-878CD9194038"},{"id":"60451298-EF4B-4927-BD80-ECF3C756AFC7"},{"id":"B8E67C54-156D-44D8-9788-6A2D62140665"},{"id":"9C8400F4-4A64-40FE-A034-1EA8601C08E5"},{"id":"8097332C-42EE-48A5-AED8-A1C50C44C668"}],"row5":[{"toDetailCollection":{"condition0":{"layer0":{"outputAndDisplay_tap":{"display":"'","output":{"controls_and_symbols":{"_0":"single_quotation"}},"layerKey":"layer0"},"withModifier_tap":{},"isCustomized_tap":true}}},"fromDetail":{"display":".","output":{"controls_and_symbols":{"_0":"period"}}},"id":"80693FCC-A8D3-4B53-B908-6E9EA71DE041"},{"id":"F397C684-DBF4-414F-9F15-E0288A055E8C","fromDetail":{"display":"`","output":{"controls_and_symbols":{"_0":"grave_accent"}}},"toDetailCollection":{}},{"fromDetail":{"output":{"controls_and_symbols":{"_0":"slash"}},"display":"\/"},"toDetailCollection":{"condition0":{"layer0":{"withModifier_tap":{},"outputAndDisplay_tap":{"display":"X","layerKey":"layer0","output":{"letter_keys":{"_0":"x"}}},"isCustomized_tap":true}}},"id":"07311F6B-7FB1-4929-9595-E6B589D1C85F"},{"unitSize":2.25,"id":"11A41160-BC11-447B-B35E-FE92689024B1","fromDetail":{"display":"shift","output":{"modifier_keys":{"_0":"right_shift"}},"isSFSymbol":true},"toDetailCollection":{}},{"fromDetail":{"display":"X","output":{"letter_keys":{"_0":"x"}}},"id":"0182B008-487A-4663-BBF8-C10076D471BD","toDetailCollection":{"condition0":{"layer0":{"isCustomized_tap":true,"outputAndDisplay_tap":{"layerKey":"layer0","output":{"letter_keys":{"_0":"z"}},"display":"Z"},"withModifier_tap":{}}}}},{"id":"8D437585-D2C7-42F5-B3C1-F07400E2A55B","fromDetail":{"output":{"letter_keys":{"_0":"n"}},"display":"N"},"toDetailCollection":{"condition0":{"layer0":{"isCustomized_tap":true,"outputAndDisplay_tap":{"output":{"letter_keys":{"_0":"j"}},"display":"J","layerKey":"layer0"},"withModifier_tap":{}}}}},{"fromDetail":{"output":{"controls_and_symbols":{"_0":"comma"}},"display":","},"id":"50C7EC31-C5E4-462B-8AF8-BF34A8ABB756","toDetailCollection":{"condition0":{"layer0":{"outputAndDisplay_tap":{"display":"D","output":{"letter_keys":{"_0":"d"}},"layerKey":"layer0"},"isCustomized_tap":true,"withModifier_tap":{}}}}},{"unitSize":1.25,"fromDetail":{"display":"shift","isSFSymbol":true,"output":{"modifier_keys":{"_0":"left_shift"}}},"id":"FD10FA9B-4430-44CF-8FF6-4C2D551AC26B","toDetailCollection":{}},{"fromDetail":{"output":{"letter_keys":{"_0":"c"}},"display":"C"},"toDetailCollection":{"condition0":{"layer0":{"isCustomized_tap":true,"outputAndDisplay_tap":{"display":"Y","output":{"letter_keys":{"_0":"y"}},"layerKey":"layer0"},"withModifier_tap":{}}}},"id":"ED807217-C11C-4DA2-B549-C51AACD792DD"},{"toDetailCollection":{"condition0":{"layer0":{"outputAndDisplay_tap":{"layerKey":"layer0","output":{"letter_keys":{"_0":"k"}},"display":"K"},"isCustomized_tap":true,"withModifier_tap":{}}}},"fromDetail":{"output":{"letter_keys":{"_0":"m"}},"display":"M"},"id":"A991CA97-1A47-4E8A-B789-AB76BC841923"},{"toDetailCollection":{"condition0":{"layer0":{"outputAndDisplay_tap":{"display":"V","layerKey":"layer0","output":{"letter_keys":{"_0":"v"}}},"withModifier_tap":{},"isCustomized_tap":true}}},"id":"40DE545A-7EB5-44A1-89C4-A5653D839EE3","fromDetail":{"display":"B","output":{"letter_keys":{"_0":"b"}}}},{"id":"3B545C12-7C21-4047-A274-2B46250527C4","toDetailCollection":{"condition0":{"layer0":{"isCustomized_tap":true,"outputAndDisplay_tap":{"layerKey":"layer0","display":"-","output":{"controls_and_symbols":{"_0":"hyphen"}}},"withModifier_tap":{}}}},"fromDetail":{"output":{"letter_keys":{"_0":"z"}},"display":"Z"}},{"id":"EBC804D9-8838-43F6-A954-7F65AEC4D3E5","fromDetail":{"display":"V","output":{"letter_keys":{"_0":"v"}}},"toDetailCollection":{"condition0":{"layer0":{"isCustomized_tap":true,"outputAndDisplay_tap":{"layerKey":"layer0","output":{"letter_keys":{"_0":"m"}},"display":"M"},"withModifier_tap":{}}}}}],"idsInOrderRow4":[{"id":"67EE125F-C436-4DE0-97F8-D3A71E298925"},{"id":"921658C7-C84E-40E8-AD08-BFE9B1DA1B00"},{"id":"F65F4C39-2CBC-4228-9CCF-CADFEFD6AC61"},{"id":"EC36063B-D6EC-4449-962B-327974125865"},{"id":"028A37E8-79BA-441E-83E8-7C0F4C1C353F"},{"id":"18896B80-E80F-4BCF-B041-64EADA195BBC"},{"id":"1E40D7D3-7E99-4015-9CD6-1ACA1A434B8A"},{"id":"EBE9569C-0C15-467C-949C-DBF65CFF4875"},{"id":"9297CF31-75C0-43A1-A024-842E68B87A80"},{"id":"9EDD2FC6-9E03-4BC6-90F9-CF92CDCC6E80"},{"id":"65341EC9-C988-4605-8E7A-644E55F114E4"},{"id":"14BD4AA1-68C4-477F-98A0-17E8F5C9D5FA"},{"id":"B8CBD54B-855F-457E-A584-6E8D9A52BF21"}],"idsInOrderRow1":[{"id":"BD8BD480-2D2A-41A8-9EF1-BF8B309E5ADB"},{"id":"613A1EC6-E823-4805-ACB5-D6311CC96935"},{"id":"67B5786B-5A92-4D62-8E2A-5E067C8C090F"},{"id":"39982FA9-9165-478E-82E8-E5F0583E685E"},{"id":"BB870F4C-B06B-41DB-82B1-D94A575C680B"},{"id":"687CC832-6509-46FB-8B96-2618F2689C09"},{"id":"39EF70E1-8994-4DF5-BEED-9CFAAA3F26CA"},{"id":"F8F56180-EF3E-41A3-BD71-0F47F784A60B"},{"id":"24AB6751-921A-49B1-A196-0D90E6E7E532"},{"id":"84418B32-C42A-4608-ADEB-1EED8E80D6E9"},{"id":"DD73DC50-5211-49A7-A25E-4A844A094D88"},{"id":"1F7061D6-95B7-4254-8F9D-F06DF5C284A8"},{"id":"477A175A-E3B2-48B3-BB8A-DDFF76B562A8"}],"idsInOrderRow6":[{"id":"8F7AA768-A851-42D9-8664-9FA7F3550E61"},{"id":"37C1F6DB-5F64-43D4-B427-A4019ED0CB52"},{"id":"97D030A4-D551-424F-8CFC-F3AA2A68C94C"},{"id":"7B06E788-4CD2-406C-9C7A-1639C6E919A7"},{"id":"32AA4154-2597-4C6A-8898-A2A8EE0963F0"},{"id":"C8BF5623-2FB7-45B8-84F7-DCA1FD1B5F28"},{"id":"5F5B6D27-F3CE-4D70-A87F-F9F0F1A1B4FB"}],"arrow_left":{"id":"A9FED367-0598-454F-84BD-69194AFFD964","keyShape":"arrow_LR","fromDetail":{"output":{"arrow_keys":{"_0":"left_arrow"}},"display":"arrowtriangle.left.fill","isSFSymbol":true},"toDetailCollection":{}},"rowIndex_arrow":{"row6":{}},"row3":[{"toDetailCollection":{"condition0":{"layer0":{"isCustomized_tap":true,"withModifier_tap":{},"outputAndDisplay_tap":{"layerKey":"layer0","display":".","output":{"controls_and_symbols":{"_0":"period"}}}}}},"id":"EAFBDE03-5BAB-4FCA-809E-5BC235473D10","fromDetail":{"output":{"controls_and_symbols":{"_0":"open_square_bracket"}},"display":"["}},{"fromDetail":{"display":"Q","output":{"letter_keys":{"_0":"q"}}},"id":"85A25B86-45F5-41F5-BC08-347F09E4CB0B","toDetailCollection":{}},{"fromDetail":{"output":{"letter_keys":{"_0":"r"}},"display":"R"},"toDetailCollection":{"condition0":{"layer0":{"withModifier_tap":{},"isCustomized_tap":true,"outputAndDisplay_tap":{"output":{"letter_keys":{"_0":"c"}},"display":"C","layerKey":"layer0"}}}},"id":"1371BA39-D4BE-4E1A-887D-DE11134BFB02"},{"fromDetail":{"output":{"letter_keys":{"_0":"o"}},"display":"O"},"toDetailCollection":{"condition0":{"layer0":{"withModifier_tap":{},"isCustomized_tap":true,"outputAndDisplay_tap":{"display":"U","layerKey":"layer0","output":{"letter_keys":{"_0":"u"}}}}}},"id":"93BC314B-8589-4048-AC3B-471E355A037F"},{"fromDetail":{"isSFSymbol":true,"output":{"controls_and_symbols":{"_0":"tab"}},"display":"arrow.right.to.line"},"id":"852FA19F-9C76-4591-A302-3C6F87A2C9E5","toDetailCollection":{},"unitSize":1.5},{"fromDetail":{"output":{"letter_keys":{"_0":"u"}},"display":"U"},"toDetailCollection":{"condition0":{"layer0":{"withModifier_tap":{},"outputAndDisplay_tap":{"display":"P","layerKey":"layer0","output":{"letter_keys":{"_0":"p"}}},"isCustomized_tap":true}}},"id":"9DF6E0EA-3263-41D2-B4F3-E95EFDF3CA59"},{"fromDetail":{"output":{"letter_keys":{"_0":"p"}},"display":"P"},"id":"517FF947-94B9-4C4C-A89E-AA48A4707279","toDetailCollection":{"condition0":{"layer0":{"isCustomized_tap":true,"withModifier_tap":{},"outputAndDisplay_tap":{"output":{"controls_and_symbols":{"_0":"comma"}},"display":",","layerKey":"layer0"}}}}},{"id":"A0FED12D-6512-4E73-A74A-05161C6AD515","toDetailCollection":{"condition0":{"layer0":{"withModifier_tap":{},"outputAndDisplay_tap":{"layerKey":"layer0","output":{"controls_and_symbols":{"_0":"slash"}},"display":"\/"},"isCustomized_tap":true}}},"fromDetail":{"display":"]","output":{"controls_and_symbols":{"_0":"close_square_bracket"}}}},{"toDetailCollection":{"condition0":{"layer0":{"outputAndDisplay_tap":{"layerKey":"layer0","output":{"letter_keys":{"_0":"h"}},"display":"H"},"withModifier_tap":{},"isCustomized_tap":true}}},"id":"50854770-8D1A-43F7-8171-143FA7260A7B","fromDetail":{"output":{"letter_keys":{"_0":"e"}},"display":"E"}},{"fromDetail":{"output":{"letter_keys":{"_0":"t"}},"display":"T"},"toDetailCollection":{"condition0":{"layer0":{"isCustomized_tap":true,"outputAndDisplay_tap":{"layerKey":"layer0","display":"F","output":{"letter_keys":{"_0":"f"}}},"withModifier_tap":{}}}},"id":"99E831FA-1C10-449A-BC51-2B0EFDA4FA0A"},{"toDetailCollection":{},"keyShape":"enter_UK","id":"773237D6-F124-44BF-BF7F-8C7A2BCD4A5A","fromDetail":{"display":"return","isSFSymbol":true,"output":{"controls_and_symbols":{"_0":"return_or_enter"}}}},{"id":"FA19DC38-6414-4852-B4B3-4CCDED378232","fromDetail":{"display":"Y","output":{"letter_keys":{"_0":"y"}}},"toDetailCollection":{"condition0":{"layer0":{"outputAndDisplay_tap":{"layerKey":"layer0","output":{"controls_and_symbols":{"_0":"equal_sign"}},"display":"="},"withModifier_tap":{},"isCustomized_tap":true}}}},{"id":"B1D31A82-1176-4D27-8689-66576A808919","toDetailCollection":{"condition0":{"layer0":{"withModifier_tap":{},"outputAndDisplay_tap":{"output":{"letter_keys":{"_0":"b"}},"display":"B","layerKey":"layer0"},"isCustomized_tap":true}}},"fromDetail":{"output":{"letter_keys":{"_0":"i"}},"display":"I"}},{"fromDetail":{"output":{"letter_keys":{"_0":"w"}},"display":"W"},"toDetailCollection":{"condition0":{"layer0":{"isCustomized_tap":true,"withModifier_tap":{},"outputAndDisplay_tap":{"layerKey":"layer0","display":"L","output":{"letter_keys":{"_0":"l"}}}}}},"id":"DD6484D8-82CF-43E9-B6CB-066836CE41BB"}],"arrow_right":{"toDetailCollection":{},"id":"20CB2128-71FE-4D0A-8BD8-B3AF19766BFC","fromDetail":{"display":"arrowtriangle.right.fill","output":{"arrow_keys":{"_0":"right_arrow"}},"isSFSymbol":true},"keyShape":"arrow_LR"},"arrow_down":{"fromDetail":{"display":"arrowtriangle.down.fill","output":{"arrow_keys":{"_0":"down_arrow"}},"isSFSymbol":true},"keyShape":"arrow_Down","id":"21616C1E-7F62-48C3-8192-D51A24E493AD","toDetailCollection":{}},"idsInOrderRow3":[{"id":"852FA19F-9C76-4591-A302-3C6F87A2C9E5"},{"id":"85A25B86-45F5-41F5-BC08-347F09E4CB0B"},{"id":"DD6484D8-82CF-43E9-B6CB-066836CE41BB"},{"id":"50854770-8D1A-43F7-8171-143FA7260A7B"},{"id":"1371BA39-D4BE-4E1A-887D-DE11134BFB02"},{"id":"99E831FA-1C10-449A-BC51-2B0EFDA4FA0A"},{"id":"FA19DC38-6414-4852-B4B3-4CCDED378232"},{"id":"9DF6E0EA-3263-41D2-B4F3-E95EFDF3CA59"},{"id":"B1D31A82-1176-4D27-8689-66576A808919"},{"id":"93BC314B-8589-4048-AC3B-471E355A037F"},{"id":"517FF947-94B9-4C4C-A89E-AA48A4707279"},{"id":"EAFBDE03-5BAB-4FCA-809E-5BC235473D10"},{"id":"A0FED12D-6512-4E73-A74A-05161C6AD515"},{"id":"773237D6-F124-44BF-BF7F-8C7A2BCD4A5A"}],"enableArrowKeys":true,"row6":[{"unitSize":5,"id":"32AA4154-2597-4C6A-8898-A2A8EE0963F0","toDetailCollection":{},"fromDetail":{"output":{"controls_and_symbols":{"_0":"spacebar"}},"display":"␣"}},{"unitSize":1.25,"toDetailCollection":{},"fromDetail":{"display":"command","isSFSymbol":true,"output":{"modifier_keys":{"_0":"right_command"}}},"id":"C8BF5623-2FB7-45B8-84F7-DCA1FD1B5F28"},{"fromDetail":{"output":{"modifier_keys":{"_0":"keyboard_fn"}},"display":"globe","isSFSymbol":true},"id":"8F7AA768-A851-42D9-8664-9FA7F3550E61","toDetailCollection":{}},{"fromDetail":{"output":{"modifier_keys":{"_0":"left_control"}},"isSFSymbol":true,"display":"control"},"id":"37C1F6DB-5F64-43D4-B427-A4019ED0CB52","toDetailCollection":{}},{"unitSize":1.25,"id":"7B06E788-4CD2-406C-9C7A-1639C6E919A7","toDetailCollection":{},"fromDetail":{"output":{"modifier_keys":{"_0":"left_command"}},"display":"command","isSFSymbol":true}},{"id":"5F5B6D27-F3CE-4D70-A87F-F9F0F1A1B4FB","toDetailCollection":{},"fromDetail":{"display":"option","isSFSymbol":true,"output":{"modifier_keys":{"_0":"right_option"}}}},{"fromDetail":{"output":{"modifier_keys":{"_0":"left_option"}},"display":"option","isSFSymbol":true},"id":"97D030A4-D551-424F-8CFC-F3AA2A68C94C","toDetailCollection":{}}],"row1":[{"toDetailCollection":{},"id":"39982FA9-9165-478E-82E8-E5F0583E685E","fromDetail":{"output":{"function_keys":{"_0":"f3"}},"display":"F3"}},{"fromDetail":{"display":"F7","output":{"function_keys":{"_0":"f7"}}},"id":"F8F56180-EF3E-41A3-BD71-0F47F784A60B","toDetailCollection":{}},{"toDetailCollection":{},"fromDetail":{"output":{"function_keys":{"_0":"f9"}},"display":"F9"},"id":"84418B32-C42A-4608-ADEB-1EED8E80D6E9"},{"id":"477A175A-E3B2-48B3-BB8A-DDFF76B562A8","fromDetail":{"output":{"function_keys":{"_0":"f12"}},"display":"F12"},"toDetailCollection":{}},{"id":"24AB6751-921A-49B1-A196-0D90E6E7E532","fromDetail":{"output":{"function_keys":{"_0":"f8"}},"display":"F8"},"toDetailCollection":{}},{"id":"613A1EC6-E823-4805-ACB5-D6311CC96935","fromDetail":{"output":{"function_keys":{"_0":"f1"}},"display":"F1"},"toDetailCollection":{}},{"fromDetail":{"output":{"function_keys":{"_0":"f11"}},"display":"F11"},"toDetailCollection":{},"id":"1F7061D6-95B7-4254-8F9D-F06DF5C284A8"},{"fromDetail":{"display":"F5","output":{"function_keys":{"_0":"f5"}}},"toDetailCollection":{},"id":"687CC832-6509-46FB-8B96-2618F2689C09"},{"fromDetail":{"output":{"function_keys":{"_0":"f2"}},"display":"F2"},"toDetailCollection":{},"id":"67B5786B-5A92-4D62-8E2A-5E067C8C090F"},{"fromDetail":{"display":"escape","output":{"controls_and_symbols":{"_0":"escape"}},"isSFSymbol":true},"id":"BD8BD480-2D2A-41A8-9EF1-BF8B309E5ADB","unitSize":1.5,"toDetailCollection":{}},{"id":"DD73DC50-5211-49A7-A25E-4A844A094D88","toDetailCollection":{},"fromDetail":{"display":"F10","output":{"function_keys":{"_0":"f10"}}}},{"toDetailCollection":{},"id":"BB870F4C-B06B-41DB-82B1-D94A575C680B","fromDetail":{"output":{"function_keys":{"_0":"f4"}},"display":"F4"}},{"id":"39EF70E1-8994-4DF5-BEED-9CFAAA3F26CA","fromDetail":{"output":{"function_keys":{"_0":"f6"}},"display":"F6"},"toDetailCollection":{}}],"row4":[{"toDetailCollection":{"condition0":{"layer0":{"withModifier_tap":{},"outputAndDisplay_tap":{"output":{"controls_and_symbols":{"_0":"semicolon"}},"layerKey":"layer0","display":";"},"isCustomized_tap":true}}},"id":"1E40D7D3-7E99-4015-9CD6-1ACA1A434B8A","fromDetail":{"output":{"letter_keys":{"_0":"h"}},"display":"H"}},{"fromDetail":{"output":{"letter_keys":{"_0":"l"}},"display":"L"},"id":"9EDD2FC6-9E03-4BC6-90F9-CF92CDCC6E80","toDetailCollection":{"condition0":{"layer0":{"outputAndDisplay_tap":{"layerKey":"layer0","output":{"letter_keys":{"_0":"e"}},"display":"E"},"withModifier_tap":{},"isCustomized_tap":true}}}},{"unitSize":1.75,"fromDetail":{"output":{"modifier_keys":{"_0":"caps_lock"}},"display":"capslock","isSFSymbol":true},"toDetailCollection":{},"id":"67EE125F-C436-4DE0-97F8-D3A71E298925"},{"id":"EC36063B-D6EC-4449-962B-327974125865","toDetailCollection":{"condition0":{"layer0":{"withModifier_tap":{},"isCustomized_tap":true,"outputAndDisplay_tap":{"output":{"letter_keys":{"_0":"r"}},"display":"R","layerKey":"layer0"}}}},"fromDetail":{"output":{"letter_keys":{"_0":"d"}},"display":"D"}},{"fromDetail":{"output":{"letter_keys":{"_0":"a"}},"display":"A"},"id":"921658C7-C84E-40E8-AD08-BFE9B1DA1B00","toDetailCollection":{}},{"toDetailCollection":{"condition0":{"layer0":{"isCustomized_tap":true,"outputAndDisplay_tap":{"display":"I","layerKey":"layer0","output":{"letter_keys":{"_0":"i"}}},"withModifier_tap":{}}}},"fromDetail":{"output":{"controls_and_symbols":{"_0":"single_quotation_or_colon"}},"display":"'"},"id":"14BD4AA1-68C4-477F-98A0-17E8F5C9D5FA"},{"fromDetail":{"output":{"letter_keys":{"_0":"g"}},"display":"G"},"toDetailCollection":{"condition0":{"layer0":{"outputAndDisplay_tap":{"display":"W","output":{"letter_keys":{"_0":"w"}},"layerKey":"layer0"},"withModifier_tap":{},"isCustomized_tap":true}}},"id":"18896B80-E80F-4BCF-B041-64EADA195BBC"},{"fromDetail":{"output":{"letter_keys":{"_0":"f"}},"display":"F"},"toDetailCollection":{"condition0":{"layer0":{"withModifier_tap":{},"outputAndDisplay_tap":{"layerKey":"layer0","output":{"letter_keys":{"_0":"s"}},"display":"S"},"isCustomized_tap":true}}},"id":"028A37E8-79BA-441E-83E8-7C0F4C1C353F"},{"toDetailCollection":{"condition0":{"layer0":{"isCustomized_tap":true,"withModifier_tap":{},"outputAndDisplay_tap":{"output":{"letter_keys":{"_0":"n"}},"display":"N","layerKey":"layer0"}}}},"id":"F65F4C39-2CBC-4228-9CCF-CADFEFD6AC61","fromDetail":{"output":{"letter_keys":{"_0":"s"}},"display":"S"}},{"toDetailCollection":{"condition0":{"layer0":{"isCustomized_tap":true,"outputAndDisplay_tap":{"output":{"letter_keys":{"_0":"t"}},"display":"T","layerKey":"layer0"},"withModifier_tap":{}}}},"id":"9297CF31-75C0-43A1-A024-842E68B87A80","fromDetail":{"display":"K","output":{"letter_keys":{"_0":"k"}}}},{"toDetailCollection":{"condition0":{"layer0":{"withModifier_tap":{},"outputAndDisplay_tap":{"layerKey":"layer0","display":"O","output":{"letter_keys":{"_0":"o"}}},"isCustomized_tap":true}}},"id":"65341EC9-C988-4605-8E7A-644E55F114E4","fromDetail":{"output":{"controls_and_symbols":{"_0":"semicolon"}},"display":";"}},{"fromDetail":{"display":"\\","output":{"controls_and_symbols":{"_0":"backslash_or_yen"}}},"toDetailCollection":{},"id":"B8CBD54B-855F-457E-A584-6E8D9A52BF21"},{"fromDetail":{"output":{"letter_keys":{"_0":"j"}},"display":"J"},"id":"EBE9569C-0C15-467C-949C-DBF65CFF4875","toDetailCollection":{"condition0":{"layer0":{"withModifier_tap":{},"isCustomized_tap":true,"outputAndDisplay_tap":{"display":"G","output":{"letter_keys":{"_0":"g"}},"layerKey":"layer0"}}}}}],"arrow_up":{"id":"213E8B1D-92DC-4B68-890C-5FFB766D027A","fromDetail":{"output":{"arrow_keys":{"_0":"up_arrow"}},"display":"arrowtriangle.up.fill","isSFSymbol":true},"toDetailCollection":{},"keyShape":"arrow_Up"},"idsInOrderRow5":[{"id":"FD10FA9B-4430-44CF-8FF6-4C2D551AC26B"},{"id":"F397C684-DBF4-414F-9F15-E0288A055E8C"},{"id":"3B545C12-7C21-4047-A274-2B46250527C4"},{"id":"0182B008-487A-4663-BBF8-C10076D471BD"},{"id":"ED807217-C11C-4DA2-B549-C51AACD792DD"},{"id":"EBC804D9-8838-43F6-A954-7F65AEC4D3E5"},{"id":"40DE545A-7EB5-44A1-89C4-A5653D839EE3"},{"id":"8D437585-D2C7-42F5-B3C1-F07400E2A55B"},{"id":"A991CA97-1A47-4E8A-B789-AB76BC841923"},{"id":"50C7EC31-C5E4-462B-8AF8-BF34A8ABB756"},{"id":"80693FCC-A8D3-4B53-B908-6E9EA71DE041"},{"id":"07311F6B-7FB1-4929-9595-E6B589D1C85F"},{"id":"11A41160-BC11-447B-B35E-FE92689024B1"}]},"isEnableTenkey":false,"isEnableMain":true,"subRows":{"idsInOrderRow5":[{"id":"6F5F72D8-26F8-4CA5-997C-557CE5663D12"},{"id":"A87D369A-6023-42CB-94EC-A6681A9435FC"}],"enableArrowKeys":false,"idsInOrderRow2":[{"id":"3EAC8AB3-0AA4-451E-A2C1-9E807EE943C1"},{"id":"53291808-928B-46A8-B36B-D3D0DB538D8E"},{"id":"670890AA-D3DC-40B0-9903-789C271D8805"}],"row1":[{"fromDetail":{"output":{"function_keys":{"_0":"f14"}},"display":"F14"},"toDetailCollection":{},"id":"094632D8-368E-4679-9E86-A723EE87143D"},{"toDetailCollection":{},"id":"CD464A8B-939A-4A86-BEA2-A824179F89D2","fromDetail":{"display":"F15","output":{"function_keys":{"_0":"f15"}}}},{"id":"1C2ADD3D-C548-4A89-8385-03AFDB5D063B","fromDetail":{"display":"F13","output":{"function_keys":{"_0":"f13"}}},"toDetailCollection":{}}],"arrow_down":{"fromDetail":{"output":{"arrow_keys":{"_0":"down_arrow"}},"isSFSymbol":true,"display":"arrowtriangle.down.fill"},"id":"C7543F89-0E0B-47BF-A45F-CCD1CCB8A9C7","toDetailCollection":{},"keyShape":"arrow_Down"},"idsInOrderRow4":[],"row3":[{"id":"409423F9-BD2C-4C2F-A545-85BFE00FAC1D","toDetailCollection":{},"fromDetail":{"isSFSymbol":true,"display":"arrow.down.to.line","output":{"arrow_keys":{"_0":"end"}}}},{"id":"DBD5170C-BA13-41D4-A5E3-E5826AA73EDB","fromDetail":{"output":{"arrow_keys":{"_0":"page_down"}},"display":"arrow.down","isSFSymbol":true},"toDetailCollection":{}},{"toDetailCollection":{},"id":"E95B3500-2613-4A75-A273-9D9D5E87688B","fromDetail":{"display":"delete.right","isSFSymbol":true,"output":{"controls_and_symbols":{"_0":"delete_forward"}}}}],"idsInOrderRow3":[{"id":"E95B3500-2613-4A75-A273-9D9D5E87688B"},{"id":"409423F9-BD2C-4C2F-A545-85BFE00FAC1D"},{"id":"DBD5170C-BA13-41D4-A5E3-E5826AA73EDB"}],"row2":[{"id":"3EAC8AB3-0AA4-451E-A2C1-9E807EE943C1","fromDetail":{"output":{"keys_in_pc_keyboards":{"_0":"insert"}},"display":"text.insert","isSFSymbol":true},"toDetailCollection":{}},{"toDetailCollection":{},"id":"53291808-928B-46A8-B36B-D3D0DB538D8E","fromDetail":{"display":"arrow.up.to.line","output":{"arrow_keys":{"_0":"home"}},"isSFSymbol":true}},{"id":"670890AA-D3DC-40B0-9903-789C271D8805","toDetailCollection":{},"fromDetail":{"output":{"arrow_keys":{"_0":"page_up"}},"display":"arrow.up","isSFSymbol":true}}],"row6":[{"fromDetail":{"isSFSymbol":true,"output":{"arrow_keys":{"_0":"down_arrow"}},"display":"arrowtriangle.down.fill"},"toDetailCollection":{},"id":"F7AF692B-7BE3-4E9B-9D55-C7BD18A6D48D"},{"id":"A2E7867C-158A-47A6-A02B-A8A979D3820B","fromDetail":{"output":{"arrow_keys":{"_0":"right_arrow"}},"isSFSymbol":true,"display":"arrowtriangle.right.fill"},"toDetailCollection":{}},{"id":"365DCBEE-29EE-4F8F-A0B4-E0076B4AA7F1","toDetailCollection":{},"fromDetail":{"display":"arrowtriangle.left.fill","isSFSymbol":true,"output":{"arrow_keys":{"_0":"left_arrow"}}}}],"idsInOrderRow1":[{"id":"1C2ADD3D-C548-4A89-8385-03AFDB5D063B"},{"id":"094632D8-368E-4679-9E86-A723EE87143D"},{"id":"CD464A8B-939A-4A86-BEA2-A824179F89D2"}],"row4":[],"idsInOrderRow6":[{"id":"365DCBEE-29EE-4F8F-A0B4-E0076B4AA7F1"},{"id":"F7AF692B-7BE3-4E9B-9D55-C7BD18A6D48D"},{"id":"A2E7867C-158A-47A6-A02B-A8A979D3820B"}],"row5":[{"fromDetail":{"display":"arrowtriangle.up.fill","output":{"arrow_keys":{"_0":"up_arrow"}},"isSFSymbol":true},"toDetailCollection":{},"id":"A87D369A-6023-42CB-94EC-A6681A9435FC"},{"toDetailCollection":{},"isSpacer":true,"fromDetail":{"output":{"letter_keys":{"_0":"a"}},"display":"A"},"id":"6F5F72D8-26F8-4CA5-997C-557CE5663D12"}],"arrow_left":{"id":"767E332E-514C-4CBC-B301-DC6349719B49","keyShape":"arrow_LR","fromDetail":{"isSFSymbol":true,"output":{"arrow_keys":{"_0":"left_arrow"}},"display":"arrowtriangle.left.fill"},"toDetailCollection":{}},"arrow_up":{"id":"D7A18FB7-05F5-4BBC-8E74-D4E75EE28EC6","keyShape":"arrow_Up","toDetailCollection":{},"fromDetail":{"isSFSymbol":true,"display":"arrowtriangle.up.fill","output":{"arrow_keys":{"_0":"up_arrow"}}}},"rowIndex_arrow":{"row6":{}},"arrow_right":{"toDetailCollection":{},"id":"FEBB0A20-890C-404E-B28B-F9898BBC4E0B","keyShape":"arrow_LR","fromDetail":{"output":{"arrow_keys":{"_0":"right_arrow"}},"display":"arrowtriangle.right.fill","isSFSymbol":true}}},"isEnableSub":false,"tenkeyRows":{"idsInOrderRow5":[{"id":"0C4B2F7D-0168-47C1-8AD9-F7575DDDDED7"},{"id":"597C842E-09F1-4C22-AF37-00B4348DB01B"},{"id":"48B7D87D-9217-4934-9C40-CDFFEDE80F3F"},{"id":"6D057B14-EBF7-4FAA-98E6-9B5E981AC69F"}],"row5":[{"id":"597C842E-09F1-4C22-AF37-00B4348DB01B","toDetailCollection":{},"fromDetail":{"display":"2","output":{"keypad_keys":{"_0":"keypad_2"}}}},{"keyShape":"enter_Tenkey","id":"6D057B14-EBF7-4FAA-98E6-9B5E981AC69F","fromDetail":{"display":"projective","isSFSymbol":true,"output":{"keypad_keys":{"_0":"keypad_enter"}}},"toDetailCollection":{}},{"id":"48B7D87D-9217-4934-9C40-CDFFEDE80F3F","toDetailCollection":{},"fromDetail":{"display":"3","output":{"keypad_keys":{"_0":"keypad_3"}}}},{"toDetailCollection":{},"id":"0C4B2F7D-0168-47C1-8AD9-F7575DDDDED7","fromDetail":{"output":{"keypad_keys":{"_0":"keypad_1"}},"display":"1"}}],"row4":[{"fromDetail":{"output":{"keypad_keys":{"_0":"keypad_plus"}},"display":"+"},"toDetailCollection":{},"id":"17DA1D0F-7D91-4D79-8995-982C7C9ECE14"},{"fromDetail":{"output":{"keypad_keys":{"_0":"keypad_6"}},"display":"6"},"id":"E49064DC-41BA-4EFF-B752-933A638DFFBC","toDetailCollection":{}},{"toDetailCollection":{},"id":"52B47724-2B4A-467B-B37D-C90C1B216DE0","fromDetail":{"display":"4","output":{"keypad_keys":{"_0":"keypad_4"}}}},{"toDetailCollection":{},"id":"04A6AC59-4928-4253-A654-A6C839E19286","fromDetail":{"output":{"keypad_keys":{"_0":"keypad_5"}},"display":"5"}}],"row3":[{"fromDetail":{"output":{"keypad_keys":{"_0":"keypad_hyphen"}},"display":"-"},"toDetailCollection":{},"id":"854C98AB-1262-430D-9FEC-EFAE74D501AF"},{"id":"174657CE-49E9-49FD-85AA-40AA30A0E80B","fromDetail":{"output":{"keypad_keys":{"_0":"keypad_9"}},"display":"9"},"toDetailCollection":{}},{"toDetailCollection":{},"id":"58CBACBA-D36C-45B5-A23C-1E3AB2081AA9","fromDetail":{"display":"8","output":{"keypad_keys":{"_0":"keypad_8"}}}},{"id":"B18B5B2A-9BEA-4438-B8B0-6E9B6BBF489F","toDetailCollection":{},"fromDetail":{"output":{"keypad_keys":{"_0":"keypad_7"}},"display":"7"}}],"idsInOrderRow4":[{"id":"52B47724-2B4A-467B-B37D-C90C1B216DE0"},{"id":"04A6AC59-4928-4253-A654-A6C839E19286"},{"id":"E49064DC-41BA-4EFF-B752-933A638DFFBC"},{"id":"17DA1D0F-7D91-4D79-8995-982C7C9ECE14"}],"idsInOrderRow2":[{"id":"3A495ABA-0462-4493-ACB0-709792A53A87"},{"id":"1318B0BD-F570-42ED-9894-E06D973765DF"},{"id":"319160DD-0A8C-450E-8796-57951D12C5F0"},{"id":"515EDAC7-DB04-4670-87BE-03D44EEE73BB"}],"arrow_left":{"id":"8B4682EF-AC6F-4064-B011-E49DFC05D389","fromDetail":{"output":{"arrow_keys":{"_0":"left_arrow"}},"isSFSymbol":true,"display":"arrowtriangle.left.fill"},"keyShape":"arrow_LR","toDetailCollection":{}},"arrow_up":{"id":"63C46A78-985F-400A-B26F-9BB6E2C16493","fromDetail":{"isSFSymbol":true,"display":"arrowtriangle.up.fill","output":{"arrow_keys":{"_0":"up_arrow"}}},"toDetailCollection":{},"keyShape":"arrow_Up"},"arrow_down":{"keyShape":"arrow_Down","id":"92F4C1B4-EB6E-45F4-A484-3102A3C427C5","fromDetail":{"isSFSymbol":true,"output":{"arrow_keys":{"_0":"down_arrow"}},"display":"arrowtriangle.down.fill"},"toDetailCollection":{}},"row6":[{"fromDetail":{"display":"0","output":{"keypad_keys":{"_0":"keypad_0"}}},"unitSize":2,"id":"85F79FA5-CF6C-440F-8BB8-880CAF4A8649","toDetailCollection":{}},{"fromDetail":{"output":{"keypad_keys":{"_0":"keypad_period"}},"display":"."},"toDetailCollection":{},"id":"F9E50324-CEA0-434B-87EE-4D816A0F9607"}],"idsInOrderRow3":[{"id":"B18B5B2A-9BEA-4438-B8B0-6E9B6BBF489F"},{"id":"58CBACBA-D36C-45B5-A23C-1E3AB2081AA9"},{"id":"174657CE-49E9-49FD-85AA-40AA30A0E80B"},{"id":"854C98AB-1262-430D-9FEC-EFAE74D501AF"}],"idsInOrderRow6":[{"id":"85F79FA5-CF6C-440F-8BB8-880CAF4A8649"},{"id":"F9E50324-CEA0-434B-87EE-4D816A0F9607"}],"enableArrowKeys":false,"arrow_right":{"keyShape":"arrow_LR","id":"5F977A62-2927-4EB8-9345-1EDE277816D9","toDetailCollection":{},"fromDetail":{"isSFSymbol":true,"display":"arrowtriangle.right.fill","output":{"arrow_keys":{"_0":"right_arrow"}}}},"rowIndex_arrow":{"row6":{}},"row1":[{"id":"E1320197-81F1-4D4B-98D6-2A6C43784894","toDetailCollection":{},"fromDetail":{"output":{"function_keys":{"_0":"f19"}},"display":"F19"}},{"fromDetail":{"display":"F18","output":{"function_keys":{"_0":"f18"}}},"toDetailCollection":{},"id":"50E14C24-CE42-482C-8B11-64870CB4E3F3"},{"toDetailCollection":{},"id":"04E6D182-2010-4E43-A7E3-4BC50CC3399A","fromDetail":{"output":{"function_keys":{"_0":"f16"}},"display":"F16"}},{"id":"538AFE60-359D-4C85-A3E8-CA8DD289D410","fromDetail":{"display":"F17","output":{"function_keys":{"_0":"f17"}}},"toDetailCollection":{}}],"row2":[{"fromDetail":{"output":{"keypad_keys":{"_0":"keypad_slash"}},"display":"\/"},"id":"319160DD-0A8C-450E-8796-57951D12C5F0","toDetailCollection":{}},{"id":"1318B0BD-F570-42ED-9894-E06D973765DF","fromDetail":{"display":"=","output":{"keypad_keys":{"_0":"keypad_equal_sign"}}},"toDetailCollection":{}},{"fromDetail":{"display":"clear","output":{"others":{"_0":"clear"}}},"toDetailCollection":{},"id":"3A495ABA-0462-4493-ACB0-709792A53A87"},{"id":"515EDAC7-DB04-4670-87BE-03D44EEE73BB","fromDetail":{"display":"*","output":{"keypad_keys":{"_0":"keypad_asterisk"}}},"toDetailCollection":{}}],"idsInOrderRow1":[{"id":"04E6D182-2010-4E43-A7E3-4BC50CC3399A"},{"id":"538AFE60-359D-4C85-A3E8-CA8DD289D410"},{"id":"50E14C24-CE42-482C-8B11-64870CB4E3F3"},{"id":"E1320197-81F1-4D4B-98D6-2A6C43784894"}]},"sectionDetail":{"section":{"main":{}},"deviceDetail":{"location_id":"location_id","is_location_id_Enabled":false,"is_product_id_Enabled":false,"vendor_id":"vendor_id","device_name":"mainKeyboard","is_vendor_id_Enabled":false,"product_id":"product_id","is_builtin_keyboard":false}}},"validSections":{"sections":[{"main":{}}]},"mouse":{"isEnableMain":true,"tenkeyRows":{"row6":[{"id":"7651C4CF-806E-4795-94EC-5B8207918E29","fromDetail":{"display":"A","output":{"letter_keys":{"_0":"a"}}},"toDetailCollection":{}}],"arrow_left":{"fromDetail":{"output":{"arrow_keys":{"_0":"left_arrow"}},"isSFSymbol":true,"display":"arrowtriangle.left.fill"},"id":"2A02A6EB-FA75-4F91-AC26-238B576A97AD","toDetailCollection":{},"keyShape":"arrow_LR"},"idsInOrderRow4":[{"id":"5A610B6D-A0F7-4025-9E6F-DD83BC5FF1CC"}],"row5":[{"fromDetail":{"display":"A","output":{"letter_keys":{"_0":"a"}}},"toDetailCollection":{},"id":"A67888FE-0E8E-4A27-904F-42D7E2BE9EF9"}],"enableArrowKeys":false,"arrow_down":{"id":"9A0E9C36-C790-4236-8DBC-87D0F729E554","fromDetail":{"output":{"arrow_keys":{"_0":"down_arrow"}},"display":"arrowtriangle.down.fill","isSFSymbol":true},"toDetailCollection":{},"keyShape":"arrow_Down"},"idsInOrderRow3":[{"id":"FECFC74A-442C-4C30-BA53-30B1A42DADAD"}],"row2":[{"fromDetail":{"display":"A","output":{"letter_keys":{"_0":"a"}}},"toDetailCollection":{},"id":"D22E5798-B4B9-4C0D-9E3A-D6C5B09EA52D"}],"row4":[{"toDetailCollection":{},"id":"5A610B6D-A0F7-4025-9E6F-DD83BC5FF1CC","fromDetail":{"output":{"letter_keys":{"_0":"a"}},"display":"A"}}],"rowIndex_arrow":{"row6":{}},"idsInOrderRow2":[{"id":"D22E5798-B4B9-4C0D-9E3A-D6C5B09EA52D"}],"row1":[{"id":"D81D61A4-7670-4969-9384-ADAEE8ACFE5C","fromDetail":{"display":"A","output":{"letter_keys":{"_0":"a"}}},"toDetailCollection":{}}],"idsInOrderRow5":[{"id":"A67888FE-0E8E-4A27-904F-42D7E2BE9EF9"}],"arrow_up":{"id":"CF179465-D636-4D83-946F-02A7285EA610","fromDetail":{"display":"arrowtriangle.up.fill","output":{"arrow_keys":{"_0":"up_arrow"}},"isSFSymbol":true},"keyShape":"arrow_Up","toDetailCollection":{}},"row3":[{"toDetailCollection":{},"fromDetail":{"output":{"letter_keys":{"_0":"a"}},"display":"A"},"id":"FECFC74A-442C-4C30-BA53-30B1A42DADAD"}],"arrow_right":{"id":"35AC7B96-E14E-4EF6-90E0-D3B60F223ABF","keyShape":"arrow_LR","fromDetail":{"output":{"arrow_keys":{"_0":"right_arrow"}},"display":"arrowtriangle.right.fill","isSFSymbol":true},"toDetailCollection":{}},"idsInOrderRow6":[{"id":"7651C4CF-806E-4795-94EC-5B8207918E29"}],"idsInOrderRow1":[{"id":"D81D61A4-7670-4969-9384-ADAEE8ACFE5C"}]},"subRows":{"row1":[{"toDetailCollection":{},"fromDetail":{"output":{"letter_keys":{"_0":"a"}},"display":"A"},"id":"4E9BC715-5B4E-435F-BAD3-E67CAC0BFF74"}],"row5":[{"id":"1A14C149-E8E3-41AD-A03E-D39002CEBE9A","fromDetail":{"output":{"letter_keys":{"_0":"a"}},"display":"A"},"toDetailCollection":{}}],"idsInOrderRow3":[{"id":"1CEB96DD-629B-46E8-82CA-71EBBE914C9D"}],"idsInOrderRow1":[{"id":"4E9BC715-5B4E-435F-BAD3-E67CAC0BFF74"}],"row6":[{"toDetailCollection":{},"fromDetail":{"output":{"letter_keys":{"_0":"a"}},"display":"A"},"id":"5801CFB1-9539-4999-B448-A7851DBDC279"}],"row4":[{"id":"916EFA26-8E6A-4776-8C5F-BB7390A570AB","fromDetail":{"output":{"letter_keys":{"_0":"a"}},"display":"A"},"toDetailCollection":{}}],"row3":[{"toDetailCollection":{},"fromDetail":{"output":{"letter_keys":{"_0":"a"}},"display":"A"},"id":"1CEB96DD-629B-46E8-82CA-71EBBE914C9D"}],"idsInOrderRow5":[{"id":"1A14C149-E8E3-41AD-A03E-D39002CEBE9A"}],"enableArrowKeys":false,"arrow_left":{"keyShape":"arrow_LR","fromDetail":{"isSFSymbol":true,"display":"arrowtriangle.left.fill","output":{"arrow_keys":{"_0":"left_arrow"}}},"id":"B78E5D99-63A5-47F5-B463-6F2071E4C09D","toDetailCollection":{}},"idsInOrderRow6":[{"id":"5801CFB1-9539-4999-B448-A7851DBDC279"}],"arrow_up":{"toDetailCollection":{},"keyShape":"arrow_Up","fromDetail":{"output":{"arrow_keys":{"_0":"up_arrow"}},"display":"arrowtriangle.up.fill","isSFSymbol":true},"id":"94BDCA21-D0D3-488B-A998-2999248BF121"},"arrow_right":{"id":"9D0043AF-A201-4859-BEE6-A6631614626D","fromDetail":{"output":{"arrow_keys":{"_0":"right_arrow"}},"display":"arrowtriangle.right.fill","isSFSymbol":true},"toDetailCollection":{},"keyShape":"arrow_LR"},"row2":[{"fromDetail":{"display":"A","output":{"letter_keys":{"_0":"a"}}},"toDetailCollection":{},"id":"E7877DA4-BDA7-481D-8052-A4AF75C3CEDA"}],"idsInOrderRow2":[{"id":"E7877DA4-BDA7-481D-8052-A4AF75C3CEDA"}],"idsInOrderRow4":[{"id":"916EFA26-8E6A-4776-8C5F-BB7390A570AB"}],"rowIndex_arrow":{"row6":{}},"arrow_down":{"keyShape":"arrow_Down","fromDetail":{"output":{"arrow_keys":{"_0":"down_arrow"}},"isSFSymbol":true,"display":"arrowtriangle.down.fill"},"id":"37116947-3609-4688-9EAC-19B557CBE578","toDetailCollection":{}}},"sectionDetail":{"section":{"mouse":{}},"deviceDetail":{"is_vendor_id_Enabled":false,"location_id":"location_id","vendor_id":"vendor_id","device_name":"mouse","is_location_id_Enabled":false,"is_product_id_Enabled":false,"product_id":"product_id","is_builtin_keyboard":false}},"isEnableTenkey":false,"mainRows":{"row2":[{"unitSize":0.5,"isSpacer":true,"id":"6AD9886D-F3D8-4395-8AB0-DEB2ACE984DE","fromDetail":{"display":"A","output":{"letter_keys":{"_0":"a"}}},"toDetailCollection":{}},{"fromDetail":{"output":{"mouse_buttons":{"_0":"button3"}},"display":"M click"},"id":"967CF0F6-1F3D-4D1F-A3A1-82DF7BC31AEF","toDetailCollection":{}}],"idsInOrderRow3":[{"id":"FE49F4BB-B778-4459-9470-B1123989E2CA"}],"row3":[{"toDetailCollection":{},"fromDetail":{"display":"A","output":{"letter_keys":{"_0":"a"}}},"isSpacer":true,"id":"FE49F4BB-B778-4459-9470-B1123989E2CA"}],"row6":[],"arrow_up":{"toDetailCollection":{},"id":"E1CBA754-3780-4E07-AE7E-1338DB644829","fromDetail":{"output":{"arrow_keys":{"_0":"up_arrow"}},"display":"arrowtriangle.up.fill","isSFSymbol":true},"keyShape":"arrow_Up"},"idsInOrderRow6":[],"idsInOrderRow1":[{"id":"BCFE655A-D555-46C8-8255-5643528AB80B"},{"id":"4932B3D2-519A-4C7F-B2A2-05564250EAA7"}],"row5":[],"idsInOrderRow5":[],"idsInOrderRow2":[{"id":"6AD9886D-F3D8-4395-8AB0-DEB2ACE984DE"},{"id":"967CF0F6-1F3D-4D1F-A3A1-82DF7BC31AEF"}],"row1":[{"fromDetail":{"output":{"mouse_buttons":{"_0":"button1"}},"display":"L click"},"id":"BCFE655A-D555-46C8-8255-5643528AB80B","toDetailCollection":{}},{"fromDetail":{"display":"R click","output":{"mouse_buttons":{"_0":"button2"}}},"id":"4932B3D2-519A-4C7F-B2A2-05564250EAA7","toDetailCollection":{}}],"row4":[{"id":"1D1A6BCE-5E07-4688-A661-90103D439448","isSpacer":true,"toDetailCollection":{},"fromDetail":{"display":"A","output":{"letter_keys":{"_0":"a"}}}}],"idsInOrderRow4":[{"id":"1D1A6BCE-5E07-4688-A661-90103D439448"}],"enableArrowKeys":false,"rowIndex_arrow":{"row6":{}},"arrow_down":{"id":"98A796E5-6F1C-43E3-AA74-4426C0DAA055","keyShape":"arrow_Down","fromDetail":{"display":"arrowtriangle.down.fill","isSFSymbol":true,"output":{"arrow_keys":{"_0":"down_arrow"}}},"toDetailCollection":{}},"arrow_right":{"keyShape":"arrow_LR","id":"A8A35630-02F2-480D-AE6B-DD6E42E51A1F","fromDetail":{"isSFSymbol":true,"display":"arrowtriangle.right.fill","output":{"arrow_keys":{"_0":"right_arrow"}}},"toDetailCollection":{}},"arrow_left":{"fromDetail":{"display":"arrowtriangle.left.fill","isSFSymbol":true,"output":{"arrow_keys":{"_0":"left_arrow"}}},"id":"37934AB2-A66C-48CB-833F-45ECBD23A6AE","toDetailCollection":{},"keyShape":"arrow_LR"}},"isEnableSub":false},"other":{"mainRows":{"row5":[{"toDetailCollection":{},"id":"8AC8621C-6DE0-412B-BEFE-B46051AD3C23","fromDetail":{"output":{"keypad_keys":{"_0":"keypad_1"}},"display":"1"}},{"toDetailCollection":{},"fromDetail":{"display":"2","output":{"keypad_keys":{"_0":"keypad_2"}}},"id":"4F031705-9687-4989-AAAF-B432728BA237"},{"fromDetail":{"output":{"keypad_keys":{"_0":"keypad_3"}},"display":"3"},"toDetailCollection":{},"id":"CC795D55-B6C3-421A-B272-E767B10EB9C6"},{"fromDetail":{"display":"projective","output":{"keypad_keys":{"_0":"keypad_enter"}},"isSFSymbol":true},"keyShape":"enter_Tenkey","toDetailCollection":{},"id":"75B381C5-EB3F-4434-8977-0D2727238BE0"}],"idsInOrderRow3":[{"id":"97F65B16-11A1-49F4-92DA-6CE584EE9261"},{"id":"8E5E4D71-ADD1-4699-9F19-EE8B1E0FBB93"},{"id":"1F248F52-7B0D-4666-B363-BDAEB0ECF287"},{"id":"27C5841A-9814-4022-912F-8F05AF483FD5"}],"arrow_up":{"toDetailCollection":{},"fromDetail":{"isSFSymbol":true,"display":"arrowtriangle.up.fill","output":{"arrow_keys":{"_0":"up_arrow"}}},"id":"569684E4-D511-4796-83F2-A48834A56ED8","keyShape":"arrow_Up"},"arrow_down":{"fromDetail":{"display":"arrowtriangle.down.fill","isSFSymbol":true,"output":{"arrow_keys":{"_0":"down_arrow"}}},"toDetailCollection":{},"id":"839D5B9E-8697-4900-A18F-1282344B7C35","keyShape":"arrow_Down"},"row2":[{"toDetailCollection":{},"fromDetail":{"display":"\/","output":{"keypad_keys":{"_0":"keypad_slash"}}},"id":"E5FDAFB5-816F-4189-AB5F-AEBF26E61D9C"},{"id":"319E9985-5578-4BAC-8200-BF883C80059B","fromDetail":{"output":{"others":{"_0":"clear"}},"display":"clear"},"toDetailCollection":{}},{"id":"84750162-48D8-4277-AC61-05AD3F7D00EB","toDetailCollection":{},"fromDetail":{"display":"=","output":{"keypad_keys":{"_0":"keypad_equal_sign"}}}},{"id":"E3B322E4-FA06-4D32-A7B2-C92812AEE193","toDetailCollection":{},"fromDetail":{"display":"*","output":{"keypad_keys":{"_0":"keypad_asterisk"}}}}],"idsInOrderRow2":[{"id":"319E9985-5578-4BAC-8200-BF883C80059B"},{"id":"84750162-48D8-4277-AC61-05AD3F7D00EB"},{"id":"E5FDAFB5-816F-4189-AB5F-AEBF26E61D9C"},{"id":"E3B322E4-FA06-4D32-A7B2-C92812AEE193"}],"arrow_right":{"fromDetail":{"output":{"arrow_keys":{"_0":"right_arrow"}},"display":"arrowtriangle.right.fill","isSFSymbol":true},"keyShape":"arrow_LR","id":"E3099E97-3552-458F-BA99-A5DEFE5A0F7C","toDetailCollection":{}},"idsInOrderRow5":[{"id":"8AC8621C-6DE0-412B-BEFE-B46051AD3C23"},{"id":"4F031705-9687-4989-AAAF-B432728BA237"},{"id":"CC795D55-B6C3-421A-B272-E767B10EB9C6"},{"id":"75B381C5-EB3F-4434-8977-0D2727238BE0"}],"row1":[{"toDetailCollection":{},"id":"7833348C-175B-4D46-A9D4-514967086888","fromDetail":{"display":"F19","output":{"function_keys":{"_0":"f19"}}}},{"toDetailCollection":{},"id":"A8466286-8572-4DA6-86F0-8F30DFAD899E","fromDetail":{"display":"F16","output":{"function_keys":{"_0":"f16"}}}},{"toDetailCollection":{},"fromDetail":{"output":{"function_keys":{"_0":"f17"}},"display":"F17"},"id":"72AC6B15-A611-4697-A5D3-4763834994DB"},{"fromDetail":{"output":{"function_keys":{"_0":"f18"}},"display":"F18"},"id":"DEA0E64E-057D-40AF-BDDC-994A148E343C","toDetailCollection":{}}],"idsInOrderRow1":[{"id":"A8466286-8572-4DA6-86F0-8F30DFAD899E"},{"id":"72AC6B15-A611-4697-A5D3-4763834994DB"},{"id":"DEA0E64E-057D-40AF-BDDC-994A148E343C"},{"id":"7833348C-175B-4D46-A9D4-514967086888"}],"idsInOrderRow4":[{"id":"6B231996-2C5C-4E8F-9627-4201A660BB91"},{"id":"77F420FE-C2A2-4DB5-9E61-FFE61C8D93E3"},{"id":"35511B43-F2E0-40FA-9181-7C965F223449"},{"id":"56BAE2F0-6B31-4246-9DB6-824BEB4A669B"}],"row3":[{"id":"8E5E4D71-ADD1-4699-9F19-EE8B1E0FBB93","toDetailCollection":{},"fromDetail":{"display":"8","output":{"keypad_keys":{"_0":"keypad_8"}}}},{"id":"97F65B16-11A1-49F4-92DA-6CE584EE9261","fromDetail":{"output":{"keypad_keys":{"_0":"keypad_7"}},"display":"7"},"toDetailCollection":{}},{"toDetailCollection":{},"id":"1F248F52-7B0D-4666-B363-BDAEB0ECF287","fromDetail":{"output":{"keypad_keys":{"_0":"keypad_9"}},"display":"9"}},{"toDetailCollection":{},"fromDetail":{"display":"-","output":{"keypad_keys":{"_0":"keypad_hyphen"}}},"id":"27C5841A-9814-4022-912F-8F05AF483FD5"}],"idsInOrderRow6":[{"id":"46CDC1CF-640D-42CE-BD04-C8E830922917"},{"id":"FE3E50BD-4589-4A58-8516-3E7E63443E6D"}],"rowIndex_arrow":{"row6":{}},"enableArrowKeys":false,"row4":[{"toDetailCollection":{},"fromDetail":{"output":{"keypad_keys":{"_0":"keypad_plus"}},"display":"+"},"id":"56BAE2F0-6B31-4246-9DB6-824BEB4A669B"},{"fromDetail":{"output":{"keypad_keys":{"_0":"keypad_6"}},"display":"6"},"toDetailCollection":{},"id":"35511B43-F2E0-40FA-9181-7C965F223449"},{"toDetailCollection":{},"fromDetail":{"display":"4","output":{"keypad_keys":{"_0":"keypad_4"}}},"id":"6B231996-2C5C-4E8F-9627-4201A660BB91"},{"fromDetail":{"display":"5","output":{"keypad_keys":{"_0":"keypad_5"}}},"id":"77F420FE-C2A2-4DB5-9E61-FFE61C8D93E3","toDetailCollection":{}}],"arrow_left":{"fromDetail":{"display":"arrowtriangle.left.fill","output":{"arrow_keys":{"_0":"left_arrow"}},"isSFSymbol":true},"keyShape":"arrow_LR","id":"A641B6A6-9D82-49EC-8112-DD55E454D434","toDetailCollection":{}},"row6":[{"fromDetail":{"output":{"keypad_keys":{"_0":"keypad_0"}},"display":"0"},"unitSize":2,"id":"46CDC1CF-640D-42CE-BD04-C8E830922917","toDetailCollection":{}},{"id":"FE3E50BD-4589-4A58-8516-3E7E63443E6D","toDetailCollection":{},"fromDetail":{"output":{"keypad_keys":{"_0":"keypad_period"}},"display":"."}}]},"isEnableSub":false,"tenkeyRows":{"row5":[{"toDetailCollection":{},"fromDetail":{"display":"1","output":{"keypad_keys":{"_0":"keypad_1"}}},"id":"D21F6E6A-E8B5-4D5E-8BE7-3D3C8E529E70"},{"fromDetail":{"output":{"keypad_keys":{"_0":"keypad_2"}},"display":"2"},"toDetailCollection":{},"id":"B5BA4A90-9CF6-400C-9B94-AAD05082F657"},{"id":"B07BBC19-D964-4F46-86DE-782D3E090A6A","toDetailCollection":{},"keyShape":"enter_Tenkey","fromDetail":{"output":{"keypad_keys":{"_0":"keypad_enter"}},"display":"projective","isSFSymbol":true}},{"fromDetail":{"output":{"keypad_keys":{"_0":"keypad_3"}},"display":"3"},"toDetailCollection":{},"id":"4A790C61-6972-4362-A463-32C3FAA041CA"}],"idsInOrderRow2":[{"id":"DDA99B82-36D3-4187-826B-D3A452B8BEEB"},{"id":"E5CB5070-5D53-46C1-B447-E128545EB33A"},{"id":"E76F6107-2355-47FA-8929-B598D1AE8475"},{"id":"C8ECC72A-D2F5-48B7-BFDB-1FF7C8DE1F57"}],"idsInOrderRow4":[{"id":"3788E12D-1AB9-4AA9-8AD7-CDAA9B02B833"},{"id":"C710BC5B-AAEC-4341-AD0F-3783A0D4B106"},{"id":"677999E5-B48D-499D-ACD6-2D39D26C4007"},{"id":"BA735852-EA1E-4C17-8FF3-41C4D6AB24D7"}],"enableArrowKeys":false,"rowIndex_arrow":{"row6":{}},"row6":[{"toDetailCollection":{},"id":"0305063F-444C-43A6-96E4-FBD5835113F1","fromDetail":{"output":{"keypad_keys":{"_0":"keypad_period"}},"display":"."}},{"toDetailCollection":{},"unitSize":2,"id":"7AE4868E-0931-4F45-B7EB-C35B7AB3B379","fromDetail":{"output":{"keypad_keys":{"_0":"keypad_0"}},"display":"0"}}],"arrow_down":{"toDetailCollection":{},"id":"FB039140-EC8E-459F-9DC9-E270B7B42D01","fromDetail":{"output":{"arrow_keys":{"_0":"down_arrow"}},"isSFSymbol":true,"display":"arrowtriangle.down.fill"},"keyShape":"arrow_Down"},"row4":[{"id":"BA735852-EA1E-4C17-8FF3-41C4D6AB24D7","fromDetail":{"display":"+","output":{"keypad_keys":{"_0":"keypad_plus"}}},"toDetailCollection":{}},{"id":"3788E12D-1AB9-4AA9-8AD7-CDAA9B02B833","fromDetail":{"display":"4","output":{"keypad_keys":{"_0":"keypad_4"}}},"toDetailCollection":{}},{"toDetailCollection":{},"id":"677999E5-B48D-499D-ACD6-2D39D26C4007","fromDetail":{"display":"6","output":{"keypad_keys":{"_0":"keypad_6"}}}},{"toDetailCollection":{},"fromDetail":{"output":{"keypad_keys":{"_0":"keypad_5"}},"display":"5"},"id":"C710BC5B-AAEC-4341-AD0F-3783A0D4B106"}],"idsInOrderRow5":[{"id":"D21F6E6A-E8B5-4D5E-8BE7-3D3C8E529E70"},{"id":"B5BA4A90-9CF6-400C-9B94-AAD05082F657"},{"id":"4A790C61-6972-4362-A463-32C3FAA041CA"},{"id":"B07BBC19-D964-4F46-86DE-782D3E090A6A"}],"row2":[{"fromDetail":{"output":{"keypad_keys":{"_0":"keypad_slash"}},"display":"\/"},"toDetailCollection":{},"id":"E76F6107-2355-47FA-8929-B598D1AE8475"},{"id":"E5CB5070-5D53-46C1-B447-E128545EB33A","toDetailCollection":{},"fromDetail":{"display":"=","output":{"keypad_keys":{"_0":"keypad_equal_sign"}}}},{"fromDetail":{"display":"*","output":{"keypad_keys":{"_0":"keypad_asterisk"}}},"toDetailCollection":{},"id":"C8ECC72A-D2F5-48B7-BFDB-1FF7C8DE1F57"},{"fromDetail":{"output":{"others":{"_0":"clear"}},"display":"clear"},"id":"DDA99B82-36D3-4187-826B-D3A452B8BEEB","toDetailCollection":{}}],"arrow_up":{"fromDetail":{"isSFSymbol":true,"display":"arrowtriangle.up.fill","output":{"arrow_keys":{"_0":"up_arrow"}}},"keyShape":"arrow_Up","toDetailCollection":{},"id":"30CE05ED-A52C-45F6-8308-6D5B915539DE"},"idsInOrderRow6":[{"id":"7AE4868E-0931-4F45-B7EB-C35B7AB3B379"},{"id":"0305063F-444C-43A6-96E4-FBD5835113F1"}],"row3":[{"toDetailCollection":{},"id":"660E0D85-4011-48E5-BFC4-A95B5CA94341","fromDetail":{"display":"8","output":{"keypad_keys":{"_0":"keypad_8"}}}},{"fromDetail":{"display":"7","output":{"keypad_keys":{"_0":"keypad_7"}}},"toDetailCollection":{},"id":"E6A25A85-B219-4997-8748-997F8C1DDDB5"},{"fromDetail":{"output":{"keypad_keys":{"_0":"keypad_9"}},"display":"9"},"toDetailCollection":{},"id":"5912B6A9-76BA-43D8-B043-70D83A60CB64"},{"fromDetail":{"display":"-","output":{"keypad_keys":{"_0":"keypad_hyphen"}}},"toDetailCollection":{},"id":"5A9078C4-86E2-4DF2-A19B-A1E8F4359D42"}],"idsInOrderRow3":[{"id":"E6A25A85-B219-4997-8748-997F8C1DDDB5"},{"id":"660E0D85-4011-48E5-BFC4-A95B5CA94341"},{"id":"5912B6A9-76BA-43D8-B043-70D83A60CB64"},{"id":"5A9078C4-86E2-4DF2-A19B-A1E8F4359D42"}],"idsInOrderRow1":[{"id":"0AE46467-1254-4E73-99E3-0A347C6E9D53"},{"id":"E332AEF9-DC77-43A5-A39C-92BE90D8B938"},{"id":"24064E60-31A2-465E-8CAA-0625484CBBF8"},{"id":"D905FD0F-4B37-4310-9296-658E115B7D98"}],"row1":[{"id":"0AE46467-1254-4E73-99E3-0A347C6E9D53","fromDetail":{"output":{"function_keys":{"_0":"f16"}},"display":"F16"},"toDetailCollection":{}},{"id":"D905FD0F-4B37-4310-9296-658E115B7D98","fromDetail":{"display":"F19","output":{"function_keys":{"_0":"f19"}}},"toDetailCollection":{}},{"id":"24064E60-31A2-465E-8CAA-0625484CBBF8","fromDetail":{"display":"F18","output":{"function_keys":{"_0":"f18"}}},"toDetailCollection":{}},{"toDetailCollection":{},"id":"E332AEF9-DC77-43A5-A39C-92BE90D8B938","fromDetail":{"output":{"function_keys":{"_0":"f17"}},"display":"F17"}}],"arrow_left":{"toDetailCollection":{},"fromDetail":{"output":{"arrow_keys":{"_0":"left_arrow"}},"display":"arrowtriangle.left.fill","isSFSymbol":true},"id":"4FA436E3-9771-433E-8A09-0A67F14975CF","keyShape":"arrow_LR"},"arrow_right":{"id":"3331DBBB-CDB5-44C6-AF2F-D2537B654386","fromDetail":{"isSFSymbol":true,"output":{"arrow_keys":{"_0":"right_arrow"}},"display":"arrowtriangle.right.fill"},"keyShape":"arrow_LR","toDetailCollection":{}}},"isEnableTenkey":false,"isEnableMain":true,"sectionDetail":{"section":{"other":{}},"deviceDetail":{"vendor_id":"vendor_id","is_product_id_Enabled":false,"location_id":"location_id","product_id":"product_id","is_vendor_id_Enabled":false,"is_builtin_keyboard":false,"is_location_id_Enabled":false,"device_name":"otherDevice"}},"subRows":{"arrow_down":{"toDetailCollection":{},"id":"BB369089-A10A-45F0-832E-1B636CD9BC63","keyShape":"arrow_Down","fromDetail":{"output":{"arrow_keys":{"_0":"down_arrow"}},"display":"arrowtriangle.down.fill","isSFSymbol":true}},"row2":[{"toDetailCollection":{},"id":"B88B7973-A485-424B-B69D-810CB95FBFB5","fromDetail":{"isSFSymbol":true,"output":{"arrow_keys":{"_0":"home"}},"display":"arrow.up.to.line"}},{"id":"9A3B004E-0913-4E39-99CD-175526084423","fromDetail":{"output":{"arrow_keys":{"_0":"page_up"}},"display":"arrow.up","isSFSymbol":true},"toDetailCollection":{}},{"fromDetail":{"isSFSymbol":true,"output":{"keys_in_pc_keyboards":{"_0":"insert"}},"display":"text.insert"},"id":"B76A0D99-7E8C-4618-8C62-F0237269EF34","toDetailCollection":{}}],"rowIndex_arrow":{"row6":{}},"idsInOrderRow4":[],"row6":[{"toDetailCollection":{},"fromDetail":{"isSFSymbol":true,"output":{"arrow_keys":{"_0":"right_arrow"}},"display":"arrowtriangle.right.fill"},"id":"54FAD151-DAA1-4FD4-8B1E-90BDBC642F1C"},{"id":"706FCC35-9CC4-4E15-B2B1-05EDAC8C013F","fromDetail":{"output":{"arrow_keys":{"_0":"down_arrow"}},"display":"arrowtriangle.down.fill","isSFSymbol":true},"toDetailCollection":{}},{"id":"7CEF3AF6-DDAF-41F5-A0D5-3903479A6C83","fromDetail":{"display":"arrowtriangle.left.fill","isSFSymbol":true,"output":{"arrow_keys":{"_0":"left_arrow"}}},"toDetailCollection":{}}],"row5":[{"fromDetail":{"output":{"arrow_keys":{"_0":"up_arrow"}},"display":"arrowtriangle.up.fill","isSFSymbol":true},"id":"C4C13FCB-6909-44AA-94A3-6A9775FFEF4B","toDetailCollection":{}},{"fromDetail":{"output":{"letter_keys":{"_0":"a"}},"display":"A"},"isSpacer":true,"toDetailCollection":{},"id":"22DAF999-CF80-4AE8-850E-ECDA4F94C94F"}],"idsInOrderRow2":[{"id":"B76A0D99-7E8C-4618-8C62-F0237269EF34"},{"id":"B88B7973-A485-424B-B69D-810CB95FBFB5"},{"id":"9A3B004E-0913-4E39-99CD-175526084423"}],"idsInOrderRow5":[{"id":"22DAF999-CF80-4AE8-850E-ECDA4F94C94F"},{"id":"C4C13FCB-6909-44AA-94A3-6A9775FFEF4B"}],"row1":[{"id":"80B66F8C-80D3-424C-A5F8-15477598EC1C","fromDetail":{"display":"F13","output":{"function_keys":{"_0":"f13"}}},"toDetailCollection":{}},{"toDetailCollection":{},"fromDetail":{"output":{"function_keys":{"_0":"f14"}},"display":"F14"},"id":"EE0DF751-3E43-482E-8268-C0235F58DE73"},{"toDetailCollection":{},"id":"30DF4405-3748-48E2-9712-A7E77E158709","fromDetail":{"display":"F15","output":{"function_keys":{"_0":"f15"}}}}],"arrow_left":{"fromDetail":{"output":{"arrow_keys":{"_0":"left_arrow"}},"isSFSymbol":true,"display":"arrowtriangle.left.fill"},"toDetailCollection":{},"id":"70C73FCD-E533-4DCB-86AE-3EBFCC85695D","keyShape":"arrow_LR"},"idsInOrderRow1":[{"id":"80B66F8C-80D3-424C-A5F8-15477598EC1C"},{"id":"EE0DF751-3E43-482E-8268-C0235F58DE73"},{"id":"30DF4405-3748-48E2-9712-A7E77E158709"}],"idsInOrderRow6":[{"id":"7CEF3AF6-DDAF-41F5-A0D5-3903479A6C83"},{"id":"706FCC35-9CC4-4E15-B2B1-05EDAC8C013F"},{"id":"54FAD151-DAA1-4FD4-8B1E-90BDBC642F1C"}],"idsInOrderRow3":[{"id":"6C3789DD-A417-4906-8F74-B1F7A6A8AE32"},{"id":"D6CACFFC-2E3E-4AC1-8A98-A592FEF0B03F"},{"id":"C32D1BCC-E56E-42F7-A9CF-D04FFEB52EE8"}],"row4":[],"enableArrowKeys":false,"arrow_right":{"toDetailCollection":{},"id":"716E781E-711E-4CC8-887E-B77BF16B3F45","fromDetail":{"display":"arrowtriangle.right.fill","output":{"arrow_keys":{"_0":"right_arrow"}},"isSFSymbol":true},"keyShape":"arrow_LR"},"arrow_up":{"toDetailCollection":{},"id":"4628C93A-3FB6-4DF2-8522-5C761B3C5925","keyShape":"arrow_Up","fromDetail":{"isSFSymbol":true,"display":"arrowtriangle.up.fill","output":{"arrow_keys":{"_0":"up_arrow"}}}},"row3":[{"id":"D6CACFFC-2E3E-4AC1-8A98-A592FEF0B03F","fromDetail":{"display":"arrow.down.to.line","output":{"arrow_keys":{"_0":"end"}},"isSFSymbol":true},"toDetailCollection":{}},{"toDetailCollection":{},"fromDetail":{"display":"arrow.down","output":{"arrow_keys":{"_0":"page_down"}},"isSFSymbol":true},"id":"C32D1BCC-E56E-42F7-A9CF-D04FFEB52EE8"},{"id":"6C3789DD-A417-4906-8F74-B1F7A6A8AE32","toDetailCollection":{},"fromDetail":{"isSFSymbol":true,"output":{"controls_and_symbols":{"_0":"delete_forward"}},"display":"delete.right"}}]}},"keycodeRegion":"ISO"}}