{"keymap":{"keycodeRegion":"JIS","main":{"sectionDetail":{"section":{"main":{}},"deviceDetail":{"product_id":"product_id","vendor_id":"vendor_id","location_id":"location_id","is_vendor_id_Enabled":false,"device_name":"mainKeyboard","is_builtin_keyboard":false,"is_product_id_Enabled":false,"is_location_id_Enabled":false}},"isEnableSub":false,"mainRows":{"row6":[{"id":"D4345569-5C60-469C-B3C1-CC4F0DE1AA22","fromDetail":{"isSFSymbol":true,"output":{"modifier_keys":{"_0":"left_option"}},"display":"option"},"toDetailCollection":{}},{"id":"BF9B7DA4-E928-40CF-94FD-5CB173FB8714","fromDetail":{"isSFSymbol":true,"output":{"modifier_keys":{"_0":"keyboard_fn"}},"display":"globe"},"toDetailCollection":{}},{"fromDetail":{"output":{"japanese":{"_0":"eisuu"}},"display":"英数"},"id":"8D0C8940-97D3-4A47-9F4C-AF1C3AF568E8","toDetailCollection":{},"unitSize":1.25},{"fromDetail":{"display":"capslock","isSFSymbol":true,"output":{"modifier_keys":{"_0":"caps_lock"}}},"toDetailCollection":{},"id":"658AD17F-139C-4C22-AA47-257E28530526"},{"id":"53EDBF6B-2B58-4D24-B74F-5BA0625638EB","unitSize":1.25,"fromDetail":{"output":{"japanese":{"_0":"kana"}},"display":"かな"},"toDetailCollection":{}},{"toDetailCollection":{},"id":"CAB464EC-4A0E-4D45-8E4C-EFF5D888F84F","fromDetail":{"output":{"modifier_keys":{"_0":"left_command"}},"isSFSymbol":true,"display":"command"},"unitSize":1.25},{"fromDetail":{"output":{"controls_and_symbols":{"_0":"spacebar"}},"display":"␣"},"unitSize":3.5,"id":"A52FF739-1D68-4469-8E7C-2E04727AEE36","toDetailCollection":{}},{"id":"CD247A77-165A-4858-899A-EF8068231C21","fromDetail":{"isSFSymbol":true,"output":{"modifier_keys":{"_0":"right_command"}},"display":"command"},"toDetailCollection":{},"unitSize":1.25}],"idsInOrderRow5":[{"id":"E2559527-2E04-43DC-8E90-616799BDC2B5"},{"id":"7B36885C-E837-4184-AA92-8DF88B9BB091"},{"id":"AB1F5698-A465-4E05-A25C-7AFABC80E59A"},{"id":"9F98397C-A7EC-4C1F-A437-DBFEFA341BC4"},{"id":"0B15FD0F-CB4B-47BC-BFB8-D18FD3DFB988"},{"id":"8FA21748-A248-4040-B5D7-DD73B2293C97"},{"id":"5FB06EFB-FFD6-4990-AB0E-7335AA71AAA3"},{"id":"D8204D8A-C482-4110-96E4-1DB4B97B4A6C"},{"id":"AC71DF27-17EC-4CBB-842B-EB1612D29DE0"},{"id":"BBF60B4D-C5CA-4BB9-AB0E-B611E22266C1"},{"id":"27AB2F96-2CA9-4A6F-AF68-47E09382D82F"},{"id":"55FE4E74-B4B0-4116-B442-6D90D0CA8C7A"},{"id":"22583CFD-D76A-4335-B5C5-1AF88293D5E3"}],"idsInOrderRow6":[{"id":"658AD17F-139C-4C22-AA47-257E28530526"},{"id":"D4345569-5C60-469C-B3C1-CC4F0DE1AA22"},{"id":"CAB464EC-4A0E-4D45-8E4C-EFF5D888F84F"},{"id":"8D0C8940-97D3-4A47-9F4C-AF1C3AF568E8"},{"id":"A52FF739-1D68-4469-8E7C-2E04727AEE36"},{"id":"53EDBF6B-2B58-4D24-B74F-5BA0625638EB"},{"id":"CD247A77-165A-4858-899A-EF8068231C21"},{"id":"BF9B7DA4-E928-40CF-94FD-5CB173FB8714"}],"arrow_left":{"fromDetail":{"display":"arrowtriangle.left.fill","isSFSymbol":true,"output":{"arrow_keys":{"_0":"left_arrow"}}},"id":"406C1E68-1E78-4904-ADE6-6CC25C8E8709","keyShape":"arrow_LR","toDetailCollection":{}},"idsInOrderRow2":[{"id":"67E03121-7B57-41BE-A317-502264AA52AB"},{"id":"74CC620A-E1F5-411C-875D-C302A95ED352"},{"id":"BB64ECF5-0E8E-4203-ABF5-7C084090FBD5"},{"id":"15D0115C-B103-4A3B-BBCF-F9D415B3C1E5"},{"id":"EA55E438-97C3-4466-A1EB-65099AFA942D"},{"id":"919BAC19-A040-42AF-B6CD-4657B8907B75"},{"id":"AE2501A2-2E33-443A-BF2C-3145535B445A"},{"id":"09EDFCC8-966F-4CD9-8F5E-442D3660A493"},{"id":"79905FC6-041F-4E7A-849A-0BBB65C587F4"},{"id":"C4A68968-385F-401B-A796-8952946A742A"},{"id":"AB1E904D-1798-4C15-9B17-CB4287EB0B2E"},{"id":"ACDD1162-520E-4A46-BC8D-EA5F14A5F32C"},{"id":"B5C99342-25B1-4F71-91DA-8623B6A80188"},{"id":"AEDCF905-E7B9-49C1-A039-A543B032263D"}],"arrow_up":{"toDetailCollection":{},"keyShape":"arrow_Up","fromDetail":{"display":"arrowtriangle.up.fill","isSFSymbol":true,"output":{"arrow_keys":{"_0":"up_arrow"}}},"id":"8D424A1A-2F7E-441D-B004-A66A49D65E95"},"arrow_down":{"fromDetail":{"isSFSymbol":true,"display":"arrowtriangle.down.fill","output":{"arrow_keys":{"_0":"down_arrow"}}},"toDetailCollection":{},"keyShape":"arrow_Down","id":"97385F9C-61CE-460C-ADD0-A71D02A1D604"},"arrow_right":{"fromDetail":{"isSFSymbol":true,"display":"arrowtriangle.right.fill","output":{"arrow_keys":{"_0":"right_arrow"}}},"id":"8049A635-9982-4236-8865-7A83D13DFB14","toDetailCollection":{},"keyShape":"arrow_LR"},"row5":[{"id":"55FE4E74-B4B0-4116-B442-6D90D0CA8C7A","toDetailCollection":{},"fromDetail":{"output":{"international_keys":{"_0":"international1"}},"display":"_"}},{"toDetailCollection":{},"fromDetail":{"display":"V","output":{"letter_keys":{"_0":"v"}}},"id":"0B15FD0F-CB4B-47BC-BFB8-D18FD3DFB988"},{"toDetailCollection":{"condition0":{"layer0":{"outputAndDisplay_tap":{"display":";","layerKey":"layer0","output":{"controls_and_symbols":{"_0":"semicolon"}}},"withModifier_tap":{},"isCustomized_tap":true}}},"fromDetail":{"display":"B","output":{"letter_keys":{"_0":"b"}}},"id":"8FA21748-A248-4040-B5D7-DD73B2293C97"},{"id":"D8204D8A-C482-4110-96E4-1DB4B97B4A6C","fromDetail":{"display":"M","output":{"letter_keys":{"_0":"m"}}},"toDetailCollection":{"condition0":{"layer0":{"outputAndDisplay_tap":{"display":"D","output":{"letter_keys":{"_0":"d"}},"layerKey":"layer0"},"isCustomized_tap":true,"withModifier_tap":{}}}}},{"toDetailCollection":{},"fromDetail":{"display":"Z","output":{"letter_keys":{"_0":"z"}}},"id":"7B36885C-E837-4184-AA92-8DF88B9BB091"},{"id":"27AB2F96-2CA9-4A6F-AF68-47E09382D82F","toDetailCollection":{"condition0":{"layer0":{"withModifier_tap":{},"isCustomized_tap":true,"outputAndDisplay_tap":{"layerKey":"layer0","output":{"letter_keys":{"_0":"b"}},"display":"B"}}}},"fromDetail":{"output":{"controls_and_symbols":{"_0":"slash"}},"display":"\/"}},{"toDetailCollection":{},"fromDetail":{"output":{"letter_keys":{"_0":"x"}},"display":"X"},"id":"AB1F5698-A465-4E05-A25C-7AFABC80E59A"},{"toDetailCollection":{"condition0":{"layer0":{"outputAndDisplay_tap":{"display":"G","layerKey":"layer0","output":{"letter_keys":{"_0":"g"}}},"isCustomized_tap":true,"withModifier_tap":{}}}},"id":"5FB06EFB-FFD6-4990-AB0E-7335AA71AAA3","fromDetail":{"output":{"letter_keys":{"_0":"n"}},"display":"N"}},{"id":"BBF60B4D-C5CA-4BB9-AB0E-B611E22266C1","toDetailCollection":{"condition0":{"layer0":{"withModifier_tap":{},"outputAndDisplay_tap":{"display":"J","layerKey":"layer0","output":{"letter_keys":{"_0":"j"}}},"isCustomized_tap":true}}},"fromDetail":{"display":".","output":{"controls_and_symbols":{"_0":"period"}}}},{"fromDetail":{"output":{"modifier_keys":{"_0":"left_shift"}},"display":"shift","isSFSymbol":true},"unitSize":1.75,"toDetailCollection":{},"id":"E2559527-2E04-43DC-8E90-616799BDC2B5"},{"toDetailCollection":{"condition0":{"layer0":{"outputAndDisplay_tap":{"output":{"letter_keys":{"_0":"m"}},"display":"M","layerKey":"layer0"},"withModifier_tap":{},"isCustomized_tap":true}}},"fromDetail":{"display":",","output":{"controls_and_symbols":{"_0":"comma"}}},"id":"AC71DF27-17EC-4CBB-842B-EB1612D29DE0"},{"toDetailCollection":{},"id":"22583CFD-D76A-4335-B5C5-1AF88293D5E3","fromDetail":{"isSFSymbol":true,"output":{"modifier_keys":{"_0":"right_shift"}},"display":"shift"},"unitSize":1.75},{"toDetailCollection":{},"id":"9F98397C-A7EC-4C1F-A437-DBFEFA341BC4","fromDetail":{"output":{"letter_keys":{"_0":"c"}},"display":"C"}}],"idsInOrderRow1":[{"id":"D658C831-6663-499F-B6A0-88F72CD53A34"},{"id":"A4394246-1BA2-40CE-AD43-B88DCA6D9692"},{"id":"FCB7B591-99CF-4B7C-A037-C2FBCDC846BA"},{"id":"7CB25B02-132C-4302-BC6E-45200E241B9D"},{"id":"C875A642-8638-4349-A747-0B6A13685D73"},{"id":"756FB021-872F-467A-BBF0-CF6A442D604E"},{"id":"2798A4C5-4473-45E7-8F45-84915A8DD689"},{"id":"9DC3C030-B92A-47B0-9CBD-D284BF8F5389"},{"id":"4CBD3A40-C853-4AC8-BC56-4C1BA24250AB"},{"id":"B64F2510-C718-4EA3-A8B6-4467D45D2D9B"},{"id":"98B6F1F4-7867-4EB3-9B86-3BB9BEF02116"},{"id":"B111728E-3BAD-4397-AB93-AEA3EF63467B"},{"id":"061925BE-2A0C-4239-A3AA-3308612F4F73"}],"row3":[{"toDetailCollection":{"condition0":{"layer0":{"withModifier_tap":{},"isCustomized_tap":true,"outputAndDisplay_tap":{"layerKey":"layer0","output":{"letter_keys":{"_0":"r"}},"display":"R"}}}},"id":"58C56E7D-A0F9-4E69-A575-E64BAA9B0204","fromDetail":{"display":"I","output":{"letter_keys":{"_0":"i"}}}},{"id":"6FD3B3A0-A19E-4F42-9D07-25BA5B1150FF","toDetailCollection":{},"fromDetail":{"output":{"controls_and_symbols":{"_0":"tab"}},"display":"arrow.right.to.line","isSFSymbol":true}},{"fromDetail":{"output":{"letter_keys":{"_0":"p"}},"display":"P"},"toDetailCollection":{},"id":"5CEB4FE2-DB52-4C9C-8BF3-EDDFD46FFBDB"},{"toDetailCollection":{"condition0":{"layer0":{"withModifier_tap":{},"isCustomized_tap":true,"outputAndDisplay_tap":{"output":{"letter_keys":{"_0":"u"}},"display":"U","layerKey":"layer0"}}}},"fromDetail":{"output":{"letter_keys":{"_0":"e"}},"display":"E"},"id":"9E7D0807-9D90-49E8-9C2D-A5DD75C5E591"},{"id":"943990AA-95DB-4699-BF1C-844ECE459A20","fromDetail":{"output":{"letter_keys":{"_0":"q"}},"display":"Q"},"toDetailCollection":{}},{"fromDetail":{"output":{"letter_keys":{"_0":"w"}},"display":"W"},"toDetailCollection":{"condition0":{"layer0":{"outputAndDisplay_tap":{"layerKey":"layer0","display":"L","output":{"letter_keys":{"_0":"l"}}},"isCustomized_tap":true,"withModifier_tap":{}}}},"id":"F0EF824A-6C3B-4AB5-B4C0-904E4338B62E"},{"fromDetail":{"display":"O","output":{"letter_keys":{"_0":"o"}}},"id":"B8BC3297-ADE3-44E7-9E08-51144AABFE60","toDetailCollection":{"condition0":{"layer0":{"outputAndDisplay_tap":{"output":{"letter_keys":{"_0":"y"}},"display":"Y","layerKey":"layer0"},"isCustomized_tap":true,"withModifier_tap":{}}}}},{"fromDetail":{"display":"T","output":{"letter_keys":{"_0":"t"}}},"toDetailCollection":{"condition0":{"layer0":{"outputAndDisplay_tap":{"output":{"controls_and_symbols":{"_0":"period"}},"display":".","layerKey":"layer0"},"withModifier_tap":{},"isCustomized_tap":true}}},"id":"A0CFF960-FC81-4339-A9C8-DDF37ABDA263"},{"toDetailCollection":{"condition0":{"layer0":{"isCustomized_tap":true,"outputAndDisplay_tap":{"display":"F","layerKey":"layer0","output":{"letter_keys":{"_0":"f"}}},"withModifier_tap":{}}}},"fromDetail":{"output":{"letter_keys":{"_0":"y"}},"display":"Y"},"id":"8BC916D7-DEA5-400F-8059-6639C4D7EE56"},{"id":"4FFA389B-BCFA-42B9-AC87-5EA52C3B1866","keyShape":"enter_JIS","fromDetail":{"isSFSymbol":true,"display":"return","output":{"controls_and_symbols":{"_0":"return_or_enter"}}},"unitSize":1.5,"toDetailCollection":{}},{"fromDetail":{"display":"U","output":{"letter_keys":{"_0":"u"}}},"id":"E609D2DA-60C3-43DA-92D2-2A45DC70F66B","toDetailCollection":{"condition0":{"layer0":{"outputAndDisplay_tap":{"output":{"letter_keys":{"_0":"w"}},"display":"W","layerKey":"layer0"},"withModifier_tap":{},"isCustomized_tap":true}}}},{"id":"9D062FEE-800A-44F5-829C-341150D6AE34","fromDetail":{"output":{"controls_and_symbols":{"_0":"commercial_at_jis"}},"display":"@"},"toDetailCollection":{}},{"toDetailCollection":{"condition0":{"layer0":{"isCustomized_tap":true,"outputAndDisplay_tap":{"output":{"controls_and_symbols":{"_0":"comma"}},"layerKey":"layer0","display":","},"withModifier_tap":{}}}},"id":"732D4E40-6FCC-4B29-A63A-C891CFE67FAC","fromDetail":{"output":{"letter_keys":{"_0":"r"}},"display":"R"}},{"fromDetail":{"output":{"controls_and_symbols":{"_0":"open_square_bracket_jis"}},"display":"["},"toDetailCollection":{},"id":"4FE066A3-825C-48F2-8684-FF54710696D4"}],"row4":[{"id":"C69871AD-3E64-4857-B8A4-601F183AD31E","toDetailCollection":{},"fromDetail":{"display":":","output":{"controls_and_symbols":{"_0":"single_quotation_or_colon"}}}},{"id":"96E7D5A5-F286-45C0-89D5-AA4E4698885D","fromDetail":{"output":{"letter_keys":{"_0":"g"}},"display":"G"},"toDetailCollection":{"condition0":{"layer0":{"outputAndDisplay_tap":{"output":{"controls_and_symbols":{"_0":"hyphen"}},"display":"-","layerKey":"layer0"},"isCustomized_tap":true,"withModifier_tap":{}}}}},{"fromDetail":{"display":"J","output":{"letter_keys":{"_0":"j"}}},"id":"51021739-73CD-453B-A0B2-D6DB291D966C","toDetailCollection":{"condition0":{"layer0":{"isCustomized_tap":true,"outputAndDisplay_tap":{"layerKey":"layer0","output":{"letter_keys":{"_0":"t"}},"display":"T"},"withModifier_tap":{}}}}},{"fromDetail":{"isSFSymbol":true,"output":{"modifier_keys":{"_0":"left_control"}},"display":"control"},"id":"A9FE26CF-5109-4BBD-8CBD-710FB5D5E99B","unitSize":1.25,"toDetailCollection":{}},{"fromDetail":{"display":";","output":{"controls_and_symbols":{"_0":"semicolon"}}},"toDetailCollection":{"condition0":{"layer0":{"withModifier_tap":{},"outputAndDisplay_tap":{"output":{"letter_keys":{"_0":"h"}},"display":"H","layerKey":"layer0"},"isCustomized_tap":true}}},"id":"5DB99B99-9CD2-4B40-8362-7C4A08E2F731"},{"toDetailCollection":{"condition0":{"layer0":{"outputAndDisplay_tap":{"display":"E","output":{"letter_keys":{"_0":"e"}},"layerKey":"layer0"},"withModifier_tap":{},"isCustomized_tap":true}}},"id":"173BD411-7953-4B6E-B046-0FE5DC802224","fromDetail":{"output":{"letter_keys":{"_0":"a"}},"display":"A"}},{"id":"7FC10206-8362-4A0B-835C-BD5C8216A5C3","toDetailCollection":{"condition0":{"layer0":{"outputAndDisplay_tap":{"layerKey":"layer0","output":{"letter_keys":{"_0":"k"}},"display":"K"},"withModifier_tap":{},"isCustomized_tap":true}}},"fromDetail":{"display":"H","output":{"letter_keys":{"_0":"h"}}}},{"id":"12C658E8-C2E3-417E-BE6F-BB55F14F6B70","fromDetail":{"display":"L","output":{"letter_keys":{"_0":"l"}}},"toDetailCollection":{"condition0":{"layer0":{"withModifier_tap":{},"isCustomized_tap":true,"outputAndDisplay_tap":{"layerKey":"layer0","output":{"letter_keys":{"_0":"s"}},"display":"S"}}}}},{"id":"15BD6DF8-AFF9-4D0B-9290-53E6BD06C5CD","fromDetail":{"output":{"letter_keys":{"_0":"k"}},"display":"K"},"toDetailCollection":{"condition0":{"layer0":{"withModifier_tap":{},"isCustomized_tap":true,"outputAndDisplay_tap":{"display":"N","layerKey":"layer0","output":{"letter_keys":{"_0":"n"}}}}}}},{"fromDetail":{"output":{"controls_and_symbols":{"_0":"close_square_bracket_jis"}},"display":"]"},"toDetailCollection":{},"id":"7B532CFE-2FD7-4E19-91FB-F889FE7D2CBC"},{"id":"3528BF19-8AAA-4F91-8687-86A4F7483C87","fromDetail":{"display":"S","output":{"letter_keys":{"_0":"s"}}},"toDetailCollection":{"condition0":{"layer0":{"isCustomized_tap":true,"outputAndDisplay_tap":{"display":"I","layerKey":"layer0","output":{"letter_keys":{"_0":"i"}}},"withModifier_tap":{}}}}},{"id":"3020DFF6-680D-4FAC-A0AD-B2C29539A3A0","fromDetail":{"display":"D","output":{"letter_keys":{"_0":"d"}}},"toDetailCollection":{"condition0":{"layer0":{"outputAndDisplay_tap":{"display":"A","output":{"letter_keys":{"_0":"a"}},"layerKey":"layer0"},"isCustomized_tap":true,"withModifier_tap":{}}}}},{"toDetailCollection":{"condition0":{"layer0":{"isCustomized_tap":true,"outputAndDisplay_tap":{"display":"O","layerKey":"layer0","output":{"letter_keys":{"_0":"o"}}},"withModifier_tap":{}}}},"id":"29E34B5F-F34F-441A-AE67-F2B2030AFEBC","fromDetail":{"display":"F","output":{"letter_keys":{"_0":"f"}}}}],"enableArrowKeys":true,"rowIndex_arrow":{"row6":{}},"row1":[{"id":"D658C831-6663-499F-B6A0-88F72CD53A34","fromDetail":{"display":"escape","isSFSymbol":true,"output":{"controls_and_symbols":{"_0":"escape"}}},"unitSize":1.5,"toDetailCollection":{}},{"fromDetail":{"display":"F1","output":{"function_keys":{"_0":"f1"}}},"id":"A4394246-1BA2-40CE-AD43-B88DCA6D9692","toDetailCollection":{}},{"fromDetail":{"display":"F2","output":{"function_keys":{"_0":"f2"}}},"id":"FCB7B591-99CF-4B7C-A037-C2FBCDC846BA","toDetailCollection":{}},{"id":"7CB25B02-132C-4302-BC6E-45200E241B9D","toDetailCollection":{},"fromDetail":{"display":"F3","output":{"function_keys":{"_0":"f3"}}}},{"fromDetail":{"output":{"function_keys":{"_0":"f4"}},"display":"F4"},"id":"C875A642-8638-4349-A747-0B6A13685D73","toDetailCollection":{}},{"fromDetail":{"output":{"function_keys":{"_0":"f5"}},"display":"F5"},"id":"756FB021-872F-467A-BBF0-CF6A442D604E","toDetailCollection":{}},{"fromDetail":{"output":{"function_keys":{"_0":"f6"}},"display":"F6"},"id":"2798A4C5-4473-45E7-8F45-84915A8DD689","toDetailCollection":{}},{"id":"9DC3C030-B92A-47B0-9CBD-D284BF8F5389","fromDetail":{"output":{"function_keys":{"_0":"f7"}},"display":"F7"},"toDetailCollection":{}},{"toDetailCollection":{},"id":"4CBD3A40-C853-4AC8-BC56-4C1BA24250AB","fromDetail":{"display":"F8","output":{"function_keys":{"_0":"f8"}}}},{"toDetailCollection":{},"id":"B64F2510-C718-4EA3-A8B6-4467D45D2D9B","fromDetail":{"output":{"function_keys":{"_0":"f9"}},"display":"F9"}},{"fromDetail":{"output":{"function_keys":{"_0":"f10"}},"display":"F10"},"toDetailCollection":{},"id":"98B6F1F4-7867-4EB3-9B86-3BB9BEF02116"},{"toDetailCollection":{},"id":"B111728E-3BAD-4397-AB93-AEA3EF63467B","fromDetail":{"output":{"function_keys":{"_0":"f11"}},"display":"F11"}},{"fromDetail":{"output":{"function_keys":{"_0":"f12"}},"display":"F12"},"id":"061925BE-2A0C-4239-A3AA-3308612F4F73","toDetailCollection":{}}],"idsInOrderRow3":[{"id":"6FD3B3A0-A19E-4F42-9D07-25BA5B1150FF"},{"id":"943990AA-95DB-4699-BF1C-844ECE459A20"},{"id":"F0EF824A-6C3B-4AB5-B4C0-904E4338B62E"},{"id":"9E7D0807-9D90-49E8-9C2D-A5DD75C5E591"},{"id":"732D4E40-6FCC-4B29-A63A-C891CFE67FAC"},{"id":"A0CFF960-FC81-4339-A9C8-DDF37ABDA263"},{"id":"8BC916D7-DEA5-400F-8059-6639C4D7EE56"},{"id":"E609D2DA-60C3-43DA-92D2-2A45DC70F66B"},{"id":"58C56E7D-A0F9-4E69-A575-E64BAA9B0204"},{"id":"B8BC3297-ADE3-44E7-9E08-51144AABFE60"},{"id":"5CEB4FE2-DB52-4C9C-8BF3-EDDFD46FFBDB"},{"id":"9D062FEE-800A-44F5-829C-341150D6AE34"},{"id":"4FE066A3-825C-48F2-8684-FF54710696D4"},{"id":"4FFA389B-BCFA-42B9-AC87-5EA52C3B1866"}],"idsInOrderRow4":[{"id":"A9FE26CF-5109-4BBD-8CBD-710FB5D5E99B"},{"id":"173BD411-7953-4B6E-B046-0FE5DC802224"},{"id":"3528BF19-8AAA-4F91-8687-86A4F7483C87"},{"id":"3020DFF6-680D-4FAC-A0AD-B2C29539A3A0"},{"id":"29E34B5F-F34F-441A-AE67-F2B2030AFEBC"},{"id":"96E7D5A5-F286-45C0-89D5-AA4E4698885D"},{"id":"7FC10206-8362-4A0B-835C-BD5C8216A5C3"},{"id":"51021739-73CD-453B-A0B2-D6DB291D966C"},{"id":"15BD6DF8-AFF9-4D0B-9290-53E6BD06C5CD"},{"id":"12C658E8-C2E3-417E-BE6F-BB55F14F6B70"},{"id":"5DB99B99-9CD2-4B40-8362-7C4A08E2F731"},{"id":"C69871AD-3E64-4857-B8A4-601F183AD31E"},{"id":"7B532CFE-2FD7-4E19-91FB-F889FE7D2CBC"}],"row2":[{"toDetailCollection":{"condition0":{"layer0":{"isCustomized_tap":true,"outputAndDisplay_tap":{"layerKey":"layer0","output":{"controls_and_symbols":{"_0":"slash"}},"display":"\/"},"withModifier_tap":{}}}},"id":"AB1E904D-1798-4C15-9B17-CB4287EB0B2E","fromDetail":{"output":{"controls_and_symbols":{"_0":"hyphen"}},"display":"-"}},{"fromDetail":{"display":"4","output":{"number_keys":{"_0":"four"}}},"toDetailCollection":{},"id":"15D0115C-B103-4A3B-BBCF-F9D415B3C1E5"},{"toDetailCollection":{},"id":"ACDD1162-520E-4A46-BC8D-EA5F14A5F32C","fromDetail":{"output":{"controls_and_symbols":{"_0":"equal_sign_or_caret"}},"display":"^"}},{"id":"74CC620A-E1F5-411C-875D-C302A95ED352","fromDetail":{"output":{"number_keys":{"_0":"two"}},"display":"2"},"toDetailCollection":{}},{"toDetailCollection":{},"fromDetail":{"display":"5","output":{"number_keys":{"_0":"five"}}},"id":"EA55E438-97C3-4466-A1EB-65099AFA942D"},{"unitSize":1.25,"fromDetail":{"output":{"number_keys":{"_0":"one"}},"display":"1"},"id":"67E03121-7B57-41BE-A317-502264AA52AB","toDetailCollection":{}},{"toDetailCollection":{},"id":"919BAC19-A040-42AF-B6CD-4657B8907B75","fromDetail":{"display":"6","output":{"number_keys":{"_0":"six"}}}},{"fromDetail":{"output":{"controls_and_symbols":{"_0":"delete_or_backspace"}},"display":"delete.left","isSFSymbol":true},"toDetailCollection":{},"id":"AEDCF905-E7B9-49C1-A039-A543B032263D","unitSize":1.25},{"toDetailCollection":{},"fromDetail":{"display":"0","output":{"number_keys":{"_0":"zero"}}},"id":"C4A68968-385F-401B-A796-8952946A742A"},{"id":"AE2501A2-2E33-443A-BF2C-3145535B445A","fromDetail":{"output":{"number_keys":{"_0":"seven"}},"display":"7"},"toDetailCollection":{}},{"id":"79905FC6-041F-4E7A-849A-0BBB65C587F4","fromDetail":{"output":{"number_keys":{"_0":"nine"}},"display":"9"},"toDetailCollection":{}},{"toDetailCollection":{},"id":"BB64ECF5-0E8E-4203-ABF5-7C084090FBD5","fromDetail":{"display":"3","output":{"number_keys":{"_0":"three"}}}},{"fromDetail":{"output":{"number_keys":{"_0":"eight"}},"display":"8"},"id":"09EDFCC8-966F-4CD9-8F5E-442D3660A493","toDetailCollection":{}},{"fromDetail":{"display":"\\","output":{"international_keys":{"_0":"international3"}}},"toDetailCollection":{},"id":"B5C99342-25B1-4F71-91DA-8623B6A80188"}]},"isEnableMain":true,"tenkeyRows":{"idsInOrderRow2":[{"id":"C7B8DCCA-00AE-473E-A180-98629DF1602A"},{"id":"2DAE265D-9F96-417B-AD99-0EE0053E6651"},{"id":"2B81DD23-098D-49AC-9284-71FD3431E587"},{"id":"2025B7F5-F5FC-4425-A422-8FA1AB520866"}],"row3":[{"id":"D5E51B6B-87DC-4964-881D-683875B3E8E7","fromDetail":{"display":"-","output":{"keypad_keys":{"_0":"keypad_hyphen"}}},"toDetailCollection":{}},{"id":"4E2F429C-917A-4ADA-8724-BB52CB844F43","fromDetail":{"output":{"keypad_keys":{"_0":"keypad_7"}},"display":"7"},"toDetailCollection":{}},{"id":"7FE4145C-01A0-445F-BE77-2A08BAAD83D1","toDetailCollection":{},"fromDetail":{"display":"9","output":{"keypad_keys":{"_0":"keypad_9"}}}},{"toDetailCollection":{},"id":"B9DDDA09-BA48-4E2B-96E1-7A8FEDFEC3DB","fromDetail":{"output":{"keypad_keys":{"_0":"keypad_8"}},"display":"8"}}],"row2":[{"id":"C7B8DCCA-00AE-473E-A180-98629DF1602A","fromDetail":{"output":{"others":{"_0":"clear"}},"display":"clear"},"toDetailCollection":{}},{"fromDetail":{"output":{"keypad_keys":{"_0":"keypad_slash"}},"display":"\/"},"id":"2B81DD23-098D-49AC-9284-71FD3431E587","toDetailCollection":{}},{"toDetailCollection":{},"id":"2DAE265D-9F96-417B-AD99-0EE0053E6651","fromDetail":{"output":{"keypad_keys":{"_0":"keypad_equal_sign"}},"display":"="}},{"id":"2025B7F5-F5FC-4425-A422-8FA1AB520866","fromDetail":{"output":{"keypad_keys":{"_0":"keypad_asterisk"}},"display":"*"},"toDetailCollection":{}}],"idsInOrderRow4":[{"id":"4E377F05-6748-4723-A94E-49C6FC439791"},{"id":"6526AD3D-A7AE-47F4-9F27-2331B35CC3F3"},{"id":"73EC1823-4546-4622-9551-A0F7E1DBBD86"},{"id":"1511534B-8D69-48BF-843C-9FCC09686A2B"}],"arrow_up":{"id":"6FFB48C3-CFF9-45FD-90BD-20CFC91DB56E","keyShape":"arrow_Up","fromDetail":{"output":{"arrow_keys":{"_0":"up_arrow"}},"display":"arrowtriangle.up.fill","isSFSymbol":true},"toDetailCollection":{}},"arrow_down":{"toDetailCollection":{},"id":"1B88A5CA-6907-4532-8351-A943BAE59638","keyShape":"arrow_Down","fromDetail":{"output":{"arrow_keys":{"_0":"down_arrow"}},"display":"arrowtriangle.down.fill","isSFSymbol":true}},"row5":[{"toDetailCollection":{},"id":"E8D65BBB-245E-4578-AABD-9D94E77C36A5","fromDetail":{"output":{"keypad_keys":{"_0":"keypad_3"}},"display":"3"}},{"toDetailCollection":{},"id":"E08ABA70-EA3A-472C-9AFD-BF077340FC37","fromDetail":{"display":"1","output":{"keypad_keys":{"_0":"keypad_1"}}}},{"fromDetail":{"output":{"keypad_keys":{"_0":"keypad_enter"}},"isSFSymbol":true,"display":"projective"},"toDetailCollection":{},"id":"7749F737-2E4F-4B49-9FB7-64154353E68B","keyShape":"enter_Tenkey"},{"fromDetail":{"display":"2","output":{"keypad_keys":{"_0":"keypad_2"}}},"toDetailCollection":{},"id":"37484CD4-9E6A-41D0-BC3D-A31D541E4E29"}],"arrow_right":{"toDetailCollection":{},"keyShape":"arrow_LR","id":"7CDEDD2B-3FD0-4288-A167-DBC5781992CF","fromDetail":{"display":"arrowtriangle.right.fill","isSFSymbol":true,"output":{"arrow_keys":{"_0":"right_arrow"}}}},"row1":[{"fromDetail":{"output":{"function_keys":{"_0":"f18"}},"display":"F18"},"id":"A21E325A-A567-4198-8748-3074D85C561A","toDetailCollection":{}},{"id":"10CFB2D9-08B4-4BB6-85CF-F43957AC8A03","fromDetail":{"output":{"function_keys":{"_0":"f17"}},"display":"F17"},"toDetailCollection":{}},{"toDetailCollection":{},"id":"CC1117FF-E528-49E3-A830-B47708E3470B","fromDetail":{"display":"F16","output":{"function_keys":{"_0":"f16"}}}},{"id":"5AC3966A-509A-4D87-9BF0-B07214062724","toDetailCollection":{},"fromDetail":{"display":"F19","output":{"function_keys":{"_0":"f19"}}}}],"rowIndex_arrow":{"row6":{}},"idsInOrderRow6":[{"id":"AFC96736-2C82-441B-B553-CA5E1A897461"},{"id":"07E1A77D-B9F8-46C7-9169-F4E154A42E0E"},{"id":"5E7448C3-3FE0-4539-AEBD-10A4455A640B"}],"row6":[{"id":"AFC96736-2C82-441B-B553-CA5E1A897461","fromDetail":{"display":"0","output":{"keypad_keys":{"_0":"keypad_0"}}},"toDetailCollection":{}},{"fromDetail":{"output":{"keypad_keys":{"_0":"keypad_comma"}},"display":","},"id":"07E1A77D-B9F8-46C7-9169-F4E154A42E0E","toDetailCollection":{}},{"id":"5E7448C3-3FE0-4539-AEBD-10A4455A640B","fromDetail":{"output":{"keypad_keys":{"_0":"keypad_period"}},"display":"."},"toDetailCollection":{}}],"idsInOrderRow1":[{"id":"CC1117FF-E528-49E3-A830-B47708E3470B"},{"id":"10CFB2D9-08B4-4BB6-85CF-F43957AC8A03"},{"id":"A21E325A-A567-4198-8748-3074D85C561A"},{"id":"5AC3966A-509A-4D87-9BF0-B07214062724"}],"enableArrowKeys":false,"arrow_left":{"fromDetail":{"output":{"arrow_keys":{"_0":"left_arrow"}},"display":"arrowtriangle.left.fill","isSFSymbol":true},"id":"B57E00D7-376D-4892-8E45-F9963A770476","keyShape":"arrow_LR","toDetailCollection":{}},"row4":[{"toDetailCollection":{},"id":"73EC1823-4546-4622-9551-A0F7E1DBBD86","fromDetail":{"display":"6","output":{"keypad_keys":{"_0":"keypad_6"}}}},{"toDetailCollection":{},"fromDetail":{"display":"+","output":{"keypad_keys":{"_0":"keypad_plus"}}},"id":"1511534B-8D69-48BF-843C-9FCC09686A2B"},{"id":"6526AD3D-A7AE-47F4-9F27-2331B35CC3F3","toDetailCollection":{},"fromDetail":{"display":"5","output":{"keypad_keys":{"_0":"keypad_5"}}}},{"id":"4E377F05-6748-4723-A94E-49C6FC439791","toDetailCollection":{},"fromDetail":{"output":{"keypad_keys":{"_0":"keypad_4"}},"display":"4"}}],"idsInOrderRow5":[{"id":"E08ABA70-EA3A-472C-9AFD-BF077340FC37"},{"id":"37484CD4-9E6A-41D0-BC3D-A31D541E4E29"},{"id":"E8D65BBB-245E-4578-AABD-9D94E77C36A5"},{"id":"7749F737-2E4F-4B49-9FB7-64154353E68B"}],"idsInOrderRow3":[{"id":"4E2F429C-917A-4ADA-8724-BB52CB844F43"},{"id":"B9DDDA09-BA48-4E2B-96E1-7A8FEDFEC3DB"},{"id":"7FE4145C-01A0-445F-BE77-2A08BAAD83D1"},{"id":"D5E51B6B-87DC-4964-881D-683875B3E8E7"}]},"subRows":{"idsInOrderRow2":[{"id":"2A54B8AA-9CBD-47CB-828B-75316DB1E144"},{"id":"D33CD5C5-BE73-4AE7-BDC4-8985632B2358"},{"id":"A97ED667-BC50-45F3-A9CC-DBD707C9268E"}],"row6":[{"fromDetail":{"isSFSymbol":true,"display":"arrowtriangle.right.fill","output":{"arrow_keys":{"_0":"right_arrow"}}},"toDetailCollection":{},"id":"70535450-3045-4A21-A643-5F71F216AB0E"},{"id":"6C238188-DB96-480B-931B-BF3F61410B04","fromDetail":{"display":"arrowtriangle.left.fill","isSFSymbol":true,"output":{"arrow_keys":{"_0":"left_arrow"}}},"toDetailCollection":{}},{"toDetailCollection":{},"id":"71BC849E-4CEA-433C-9C26-749A3153EE21","fromDetail":{"isSFSymbol":true,"display":"arrowtriangle.down.fill","output":{"arrow_keys":{"_0":"down_arrow"}}}}],"arrow_left":{"keyShape":"arrow_LR","toDetailCollection":{},"id":"D245C8FE-9732-48AD-A3B9-1F812194B38F","fromDetail":{"display":"arrowtriangle.left.fill","output":{"arrow_keys":{"_0":"left_arrow"}},"isSFSymbol":true}},"arrow_down":{"id":"6D08B670-451F-44D1-B898-F91027FCFE59","toDetailCollection":{},"fromDetail":{"display":"arrowtriangle.down.fill","isSFSymbol":true,"output":{"arrow_keys":{"_0":"down_arrow"}}},"keyShape":"arrow_Down"},"rowIndex_arrow":{"row6":{}},"idsInOrderRow3":[{"id":"A4BEE4FA-4885-4EE9-B498-5AD092A4E237"},{"id":"08CAAD92-C598-4C19-B495-BB9FC7BE5A87"},{"id":"0D6239E5-978D-4A51-ABE5-C949551E0CA9"}],"row2":[{"toDetailCollection":{},"id":"D33CD5C5-BE73-4AE7-BDC4-8985632B2358","fromDetail":{"display":"arrow.up.to.line","isSFSymbol":true,"output":{"arrow_keys":{"_0":"home"}}}},{"fromDetail":{"isSFSymbol":true,"display":"text.insert","output":{"keys_in_pc_keyboards":{"_0":"insert"}}},"id":"2A54B8AA-9CBD-47CB-828B-75316DB1E144","toDetailCollection":{}},{"fromDetail":{"output":{"arrow_keys":{"_0":"page_up"}},"display":"arrow.up","isSFSymbol":true},"id":"A97ED667-BC50-45F3-A9CC-DBD707C9268E","toDetailCollection":{}}],"idsInOrderRow1":[{"id":"EBB1B430-F999-47B5-AD81-7500FAF4FE7A"},{"id":"E85747B2-E69C-421B-85E9-D908899B05CB"},{"id":"9ED511A0-505D-4076-804E-26463574F09A"}],"row5":[{"fromDetail":{"display":"A","output":{"letter_keys":{"_0":"a"}}},"id":"4357D545-2777-4C95-8094-4064A4978C86","toDetailCollection":{},"isSpacer":true},{"id":"283DA703-CA6F-487B-82B5-A7F9AF886CEA","toDetailCollection":{},"fromDetail":{"display":"arrowtriangle.up.fill","output":{"arrow_keys":{"_0":"up_arrow"}},"isSFSymbol":true}}],"arrow_right":{"id":"EDD43519-FD29-489B-A09E-A523B3329A5F","fromDetail":{"display":"arrowtriangle.right.fill","output":{"arrow_keys":{"_0":"right_arrow"}},"isSFSymbol":true},"toDetailCollection":{},"keyShape":"arrow_LR"},"row3":[{"toDetailCollection":{},"fromDetail":{"display":"arrow.down","output":{"arrow_keys":{"_0":"page_down"}},"isSFSymbol":true},"id":"0D6239E5-978D-4A51-ABE5-C949551E0CA9"},{"toDetailCollection":{},"id":"A4BEE4FA-4885-4EE9-B498-5AD092A4E237","fromDetail":{"isSFSymbol":true,"output":{"controls_and_symbols":{"_0":"delete_forward"}},"display":"delete.right"}},{"toDetailCollection":{},"fromDetail":{"output":{"arrow_keys":{"_0":"end"}},"display":"arrow.down.to.line","isSFSymbol":true},"id":"08CAAD92-C598-4C19-B495-BB9FC7BE5A87"}],"row4":[],"row1":[{"toDetailCollection":{},"id":"EBB1B430-F999-47B5-AD81-7500FAF4FE7A","fromDetail":{"display":"F13","output":{"function_keys":{"_0":"f13"}}}},{"id":"9ED511A0-505D-4076-804E-26463574F09A","fromDetail":{"output":{"function_keys":{"_0":"f15"}},"display":"F15"},"toDetailCollection":{}},{"fromDetail":{"output":{"function_keys":{"_0":"f14"}},"display":"F14"},"toDetailCollection":{},"id":"E85747B2-E69C-421B-85E9-D908899B05CB"}],"idsInOrderRow4":[],"idsInOrderRow6":[{"id":"6C238188-DB96-480B-931B-BF3F61410B04"},{"id":"71BC849E-4CEA-433C-9C26-749A3153EE21"},{"id":"70535450-3045-4A21-A643-5F71F216AB0E"}],"idsInOrderRow5":[{"id":"4357D545-2777-4C95-8094-4064A4978C86"},{"id":"283DA703-CA6F-487B-82B5-A7F9AF886CEA"}],"arrow_up":{"keyShape":"arrow_Up","id":"BAF7B3FF-2826-4482-802E-A07C2D9FE7EF","toDetailCollection":{},"fromDetail":{"output":{"arrow_keys":{"_0":"up_arrow"}},"isSFSymbol":true,"display":"arrowtriangle.up.fill"}},"enableArrowKeys":false},"isEnableTenkey":false},"validSections":{"sections":[{"main":{}}]},"other":{"isEnableTenkey":false,"sectionDetail":{"section":{"other":{}},"deviceDetail":{"location_id":"location_id","is_builtin_keyboard":false,"device_name":"otherDevice","is_product_id_Enabled":false,"is_vendor_id_Enabled":false,"is_location_id_Enabled":false,"product_id":"product_id","vendor_id":"vendor_id"}},"isEnableSub":false,"subRows":{"row6":[{"toDetailCollection":{},"id":"A5B5D796-E465-4267-8B37-39D7A4B40A1C","fromDetail":{"display":"arrowtriangle.right.fill","isSFSymbol":true,"output":{"arrow_keys":{"_0":"right_arrow"}}}},{"fromDetail":{"display":"arrowtriangle.down.fill","isSFSymbol":true,"output":{"arrow_keys":{"_0":"down_arrow"}}},"toDetailCollection":{},"id":"EF3C9536-941B-439C-9C02-60844B7D36FC"},{"id":"ECF247F1-B321-4F3B-82CF-A609505A8BD1","fromDetail":{"output":{"arrow_keys":{"_0":"left_arrow"}},"display":"arrowtriangle.left.fill","isSFSymbol":true},"toDetailCollection":{}}],"idsInOrderRow5":[{"id":"98B7FD57-323B-4EFD-9AE5-EDE53D9C5A94"},{"id":"2D40DAE3-981F-41E4-8035-7251009FD300"}],"arrow_right":{"fromDetail":{"output":{"arrow_keys":{"_0":"right_arrow"}},"isSFSymbol":true,"display":"arrowtriangle.right.fill"},"id":"09FFABB4-0286-4BB1-94EF-4A3A40F52978","keyShape":"arrow_LR","toDetailCollection":{}},"row3":[{"toDetailCollection":{},"id":"D02B6C06-E6A9-4008-B5A0-42EA5903A109","fromDetail":{"output":{"arrow_keys":{"_0":"page_down"}},"display":"arrow.down","isSFSymbol":true}},{"id":"863E7E7B-54F9-4D95-B722-5D185CEE1C03","fromDetail":{"display":"arrow.down.to.line","isSFSymbol":true,"output":{"arrow_keys":{"_0":"end"}}},"toDetailCollection":{}},{"id":"729CD600-8A3E-42AE-99A7-39DECDFFC3DB","fromDetail":{"output":{"controls_and_symbols":{"_0":"delete_forward"}},"display":"delete.right","isSFSymbol":true},"toDetailCollection":{}}],"row5":[{"id":"2D40DAE3-981F-41E4-8035-7251009FD300","toDetailCollection":{},"fromDetail":{"isSFSymbol":true,"display":"arrowtriangle.up.fill","output":{"arrow_keys":{"_0":"up_arrow"}}}},{"toDetailCollection":{},"fromDetail":{"output":{"letter_keys":{"_0":"a"}},"display":"A"},"isSpacer":true,"id":"98B7FD57-323B-4EFD-9AE5-EDE53D9C5A94"}],"row2":[{"toDetailCollection":{},"fromDetail":{"isSFSymbol":true,"output":{"arrow_keys":{"_0":"page_up"}},"display":"arrow.up"},"id":"2A29853E-2D6C-4374-AD39-25DCC30CB921"},{"id":"4A834476-50E7-455A-A085-CFF95CB163D4","toDetailCollection":{},"fromDetail":{"output":{"arrow_keys":{"_0":"home"}},"display":"arrow.up.to.line","isSFSymbol":true}},{"id":"73ACA4FF-A4E7-423E-9599-10483D256AC5","toDetailCollection":{},"fromDetail":{"display":"text.insert","isSFSymbol":true,"output":{"keys_in_pc_keyboards":{"_0":"insert"}}}}],"enableArrowKeys":false,"idsInOrderRow6":[{"id":"ECF247F1-B321-4F3B-82CF-A609505A8BD1"},{"id":"EF3C9536-941B-439C-9C02-60844B7D36FC"},{"id":"A5B5D796-E465-4267-8B37-39D7A4B40A1C"}],"arrow_down":{"id":"A4D4CE50-1AFA-4A64-A95C-C7E8E3E103F2","fromDetail":{"display":"arrowtriangle.down.fill","isSFSymbol":true,"output":{"arrow_keys":{"_0":"down_arrow"}}},"toDetailCollection":{},"keyShape":"arrow_Down"},"idsInOrderRow3":[{"id":"729CD600-8A3E-42AE-99A7-39DECDFFC3DB"},{"id":"863E7E7B-54F9-4D95-B722-5D185CEE1C03"},{"id":"D02B6C06-E6A9-4008-B5A0-42EA5903A109"}],"idsInOrderRow2":[{"id":"73ACA4FF-A4E7-423E-9599-10483D256AC5"},{"id":"4A834476-50E7-455A-A085-CFF95CB163D4"},{"id":"2A29853E-2D6C-4374-AD39-25DCC30CB921"}],"row1":[{"id":"467675BE-9EDE-4845-8261-D99B21B4DDBB","toDetailCollection":{},"fromDetail":{"output":{"function_keys":{"_0":"f14"}},"display":"F14"}},{"toDetailCollection":{},"id":"E584CD4A-20D0-4D0F-9C75-EE1F3D6483DF","fromDetail":{"output":{"function_keys":{"_0":"f15"}},"display":"F15"}},{"fromDetail":{"display":"F13","output":{"function_keys":{"_0":"f13"}}},"toDetailCollection":{},"id":"F86B1D2A-6778-4BB1-9343-2AF4780EBD0D"}],"row4":[],"rowIndex_arrow":{"row6":{}},"idsInOrderRow4":[],"idsInOrderRow1":[{"id":"F86B1D2A-6778-4BB1-9343-2AF4780EBD0D"},{"id":"467675BE-9EDE-4845-8261-D99B21B4DDBB"},{"id":"E584CD4A-20D0-4D0F-9C75-EE1F3D6483DF"}],"arrow_left":{"toDetailCollection":{},"fromDetail":{"isSFSymbol":true,"display":"arrowtriangle.left.fill","output":{"arrow_keys":{"_0":"left_arrow"}}},"keyShape":"arrow_LR","id":"8F4B2533-7154-4143-B63A-FCCF39A0DA19"},"arrow_up":{"id":"00A928C2-BE2A-4CE5-BD40-4DE0DBCE75A1","keyShape":"arrow_Up","fromDetail":{"display":"arrowtriangle.up.fill","output":{"arrow_keys":{"_0":"up_arrow"}},"isSFSymbol":true},"toDetailCollection":{}}},"tenkeyRows":{"row4":[{"fromDetail":{"display":"4","output":{"keypad_keys":{"_0":"keypad_4"}}},"id":"99F115CE-D797-46A8-9060-13D626A0DA52","toDetailCollection":{}},{"fromDetail":{"output":{"keypad_keys":{"_0":"keypad_plus"}},"display":"+"},"id":"7CE03698-26D2-49A0-B5AA-FDFE8A20CF6A","toDetailCollection":{}},{"fromDetail":{"output":{"keypad_keys":{"_0":"keypad_5"}},"display":"5"},"id":"BE65DC10-9C29-4C78-BA3A-097196BA0B45","toDetailCollection":{}},{"fromDetail":{"display":"6","output":{"keypad_keys":{"_0":"keypad_6"}}},"toDetailCollection":{},"id":"72A534FD-C669-49B4-835D-CF7F87CAFEA4"}],"row1":[{"fromDetail":{"output":{"function_keys":{"_0":"f19"}},"display":"F19"},"toDetailCollection":{},"id":"FFF04D47-171A-4EA1-AA37-C171C3164AA8"},{"id":"25F211B5-4E5A-412B-B271-236C70EE4079","fromDetail":{"output":{"function_keys":{"_0":"f18"}},"display":"F18"},"toDetailCollection":{}},{"toDetailCollection":{},"id":"ED5B7D5A-C1BB-4035-B343-D3AC74154195","fromDetail":{"output":{"function_keys":{"_0":"f16"}},"display":"F16"}},{"fromDetail":{"display":"F17","output":{"function_keys":{"_0":"f17"}}},"toDetailCollection":{},"id":"CDFD7885-9553-4801-9523-460494A54692"}],"row2":[{"toDetailCollection":{},"id":"0C961A28-14D9-4315-9239-E66E5D561757","fromDetail":{"display":"clear","output":{"others":{"_0":"clear"}}}},{"toDetailCollection":{},"id":"620BA3DA-2DAF-4300-90A3-57C2A5AA7517","fromDetail":{"output":{"keypad_keys":{"_0":"keypad_slash"}},"display":"\/"}},{"fromDetail":{"display":"*","output":{"keypad_keys":{"_0":"keypad_asterisk"}}},"id":"0AE50665-ADA8-4399-B4F2-0B20A7F52078","toDetailCollection":{}},{"id":"22565FB5-0F88-445C-A2F0-D0E780B47D63","toDetailCollection":{},"fromDetail":{"display":"=","output":{"keypad_keys":{"_0":"keypad_equal_sign"}}}}],"row3":[{"id":"C36FA4AA-83C9-405F-9347-DA5E4DA46E40","fromDetail":{"display":"7","output":{"keypad_keys":{"_0":"keypad_7"}}},"toDetailCollection":{}},{"fromDetail":{"display":"-","output":{"keypad_keys":{"_0":"keypad_hyphen"}}},"id":"F9A463D7-FBC6-4DFE-8869-7AE6A688D863","toDetailCollection":{}},{"id":"5A2D7EB9-9D95-447C-8061-7866288D60E6","toDetailCollection":{},"fromDetail":{"display":"8","output":{"keypad_keys":{"_0":"keypad_8"}}}},{"toDetailCollection":{},"fromDetail":{"display":"9","output":{"keypad_keys":{"_0":"keypad_9"}}},"id":"5F7763E3-6A75-4183-8D5F-EA3C3C524661"}],"rowIndex_arrow":{"row6":{}},"arrow_up":{"keyShape":"arrow_Up","fromDetail":{"isSFSymbol":true,"output":{"arrow_keys":{"_0":"up_arrow"}},"display":"arrowtriangle.up.fill"},"id":"1281E608-10DA-4BF6-9E3F-16E4EF547606","toDetailCollection":{}},"idsInOrderRow4":[{"id":"99F115CE-D797-46A8-9060-13D626A0DA52"},{"id":"BE65DC10-9C29-4C78-BA3A-097196BA0B45"},{"id":"72A534FD-C669-49B4-835D-CF7F87CAFEA4"},{"id":"7CE03698-26D2-49A0-B5AA-FDFE8A20CF6A"}],"idsInOrderRow1":[{"id":"ED5B7D5A-C1BB-4035-B343-D3AC74154195"},{"id":"CDFD7885-9553-4801-9523-460494A54692"},{"id":"25F211B5-4E5A-412B-B271-236C70EE4079"},{"id":"FFF04D47-171A-4EA1-AA37-C171C3164AA8"}],"idsInOrderRow5":[{"id":"DF5E3AE5-D66E-4E8D-8032-3B8D46F77398"},{"id":"2351899C-50CC-4E86-B5F2-04103DA306D3"},{"id":"6F08F8B6-FDCA-4C85-BB37-D84D0D855D74"},{"id":"2D1183B6-38D3-4901-9CBE-CEDCEC90535C"}],"arrow_right":{"keyShape":"arrow_LR","fromDetail":{"isSFSymbol":true,"output":{"arrow_keys":{"_0":"right_arrow"}},"display":"arrowtriangle.right.fill"},"toDetailCollection":{},"id":"A0DDC693-7B9B-4CAE-BE66-7BB0F0D70609"},"row5":[{"id":"2D1183B6-38D3-4901-9CBE-CEDCEC90535C","toDetailCollection":{},"keyShape":"enter_Tenkey","fromDetail":{"output":{"keypad_keys":{"_0":"keypad_enter"}},"display":"projective","isSFSymbol":true}},{"fromDetail":{"output":{"keypad_keys":{"_0":"keypad_1"}},"display":"1"},"toDetailCollection":{},"id":"DF5E3AE5-D66E-4E8D-8032-3B8D46F77398"},{"toDetailCollection":{},"id":"6F08F8B6-FDCA-4C85-BB37-D84D0D855D74","fromDetail":{"output":{"keypad_keys":{"_0":"keypad_3"}},"display":"3"}},{"id":"2351899C-50CC-4E86-B5F2-04103DA306D3","toDetailCollection":{},"fromDetail":{"output":{"keypad_keys":{"_0":"keypad_2"}},"display":"2"}}],"idsInOrderRow2":[{"id":"0C961A28-14D9-4315-9239-E66E5D561757"},{"id":"22565FB5-0F88-445C-A2F0-D0E780B47D63"},{"id":"620BA3DA-2DAF-4300-90A3-57C2A5AA7517"},{"id":"0AE50665-ADA8-4399-B4F2-0B20A7F52078"}],"arrow_down":{"fromDetail":{"output":{"arrow_keys":{"_0":"down_arrow"}},"display":"arrowtriangle.down.fill","isSFSymbol":true},"id":"A5DEDCC2-B065-459A-B8CD-AA5CAE7DD28D","keyShape":"arrow_Down","toDetailCollection":{}},"idsInOrderRow3":[{"id":"C36FA4AA-83C9-405F-9347-DA5E4DA46E40"},{"id":"5A2D7EB9-9D95-447C-8061-7866288D60E6"},{"id":"5F7763E3-6A75-4183-8D5F-EA3C3C524661"},{"id":"F9A463D7-FBC6-4DFE-8869-7AE6A688D863"}],"arrow_left":{"keyShape":"arrow_LR","id":"63DE5196-8D09-4CED-9EBD-2075F490D2FE","toDetailCollection":{},"fromDetail":{"output":{"arrow_keys":{"_0":"left_arrow"}},"display":"arrowtriangle.left.fill","isSFSymbol":true}},"enableArrowKeys":false,"row6":[{"toDetailCollection":{},"fromDetail":{"display":".","output":{"keypad_keys":{"_0":"keypad_period"}}},"id":"BF79F8DB-8FD0-4BEF-99A8-419CCE6DEFF6"},{"id":"6729A2F4-C22C-4862-94AB-90981024166E","toDetailCollection":{},"fromDetail":{"display":",","output":{"keypad_keys":{"_0":"keypad_comma"}}}},{"fromDetail":{"output":{"keypad_keys":{"_0":"keypad_0"}},"display":"0"},"toDetailCollection":{},"id":"A4DA18F7-F8BD-47DA-AC4C-FB29F00E739F"}],"idsInOrderRow6":[{"id":"A4DA18F7-F8BD-47DA-AC4C-FB29F00E739F"},{"id":"6729A2F4-C22C-4862-94AB-90981024166E"},{"id":"BF79F8DB-8FD0-4BEF-99A8-419CCE6DEFF6"}]},"mainRows":{"row6":[{"id":"F704A783-930E-411B-BE7E-F4E01CFFF7D7","fromDetail":{"output":{"keypad_keys":{"_0":"keypad_comma"}},"display":","},"toDetailCollection":{}},{"toDetailCollection":{},"fromDetail":{"output":{"keypad_keys":{"_0":"keypad_period"}},"display":"."},"id":"297166D4-CF1A-40A1-812E-DBAD30B07467"},{"toDetailCollection":{},"id":"7D7A44CA-8263-4D61-85D5-79B0EE226CEF","fromDetail":{"output":{"keypad_keys":{"_0":"keypad_0"}},"display":"0"}}],"idsInOrderRow1":[{"id":"D4910508-B86E-40FD-8631-8AB22E954A83"},{"id":"B4CCD1F4-1EBC-4F9D-AD50-3ABD9C89F63A"},{"id":"787B363E-3AB1-4215-81B5-924349F79B64"},{"id":"69DF2D2B-5E2F-448B-969C-275E9CAAEAF6"}],"arrow_right":{"keyShape":"arrow_LR","fromDetail":{"display":"arrowtriangle.right.fill","isSFSymbol":true,"output":{"arrow_keys":{"_0":"right_arrow"}}},"toDetailCollection":{},"id":"72B487E6-8D78-4299-880E-E323F108563C"},"idsInOrderRow2":[{"id":"8CD04E40-BC50-4907-AAC9-8B18B69D1AAB"},{"id":"37CEFF49-4115-4580-BA28-585497F0FA08"},{"id":"AE6368BC-8849-4720-A364-F40EC96CE414"},{"id":"74F9C8AC-4143-4466-B65E-35E6334CB47E"}],"row4":[{"id":"E45E8C12-EFF2-4EDD-9409-E367A9A3BCB7","fromDetail":{"output":{"keypad_keys":{"_0":"keypad_plus"}},"display":"+"},"toDetailCollection":{}},{"id":"7AADCCD5-5DA5-46B8-BFED-2E30F6B56336","fromDetail":{"display":"6","output":{"keypad_keys":{"_0":"keypad_6"}}},"toDetailCollection":{}},{"fromDetail":{"display":"5","output":{"keypad_keys":{"_0":"keypad_5"}}},"id":"91F6AE14-0765-45ED-8B52-574295B2E97C","toDetailCollection":{}},{"id":"B71A9605-60D0-4448-BFB6-43C168813DFB","fromDetail":{"output":{"keypad_keys":{"_0":"keypad_4"}},"display":"4"},"toDetailCollection":{}}],"arrow_up":{"keyShape":"arrow_Up","id":"057897D0-0822-44B4-B091-373C55219B94","fromDetail":{"output":{"arrow_keys":{"_0":"up_arrow"}},"display":"arrowtriangle.up.fill","isSFSymbol":true},"toDetailCollection":{}},"row1":[{"fromDetail":{"output":{"function_keys":{"_0":"f16"}},"display":"F16"},"toDetailCollection":{},"id":"D4910508-B86E-40FD-8631-8AB22E954A83"},{"fromDetail":{"output":{"function_keys":{"_0":"f19"}},"display":"F19"},"id":"69DF2D2B-5E2F-448B-969C-275E9CAAEAF6","toDetailCollection":{}},{"fromDetail":{"output":{"function_keys":{"_0":"f17"}},"display":"F17"},"toDetailCollection":{},"id":"B4CCD1F4-1EBC-4F9D-AD50-3ABD9C89F63A"},{"toDetailCollection":{},"id":"787B363E-3AB1-4215-81B5-924349F79B64","fromDetail":{"output":{"function_keys":{"_0":"f18"}},"display":"F18"}}],"idsInOrderRow3":[{"id":"27683039-F619-4128-9AF7-2708F0AB7E69"},{"id":"F29A1E0F-3A0A-458B-9DB2-D19CCAD493FC"},{"id":"5655B3F8-6E22-4F13-A22C-611EA164EB3A"},{"id":"A85D3761-4F6A-4BB4-A353-E891E8E1D839"}],"idsInOrderRow5":[{"id":"3C6A5E97-2CB6-43E4-97EA-4F770B93B4F9"},{"id":"502C844E-D46A-4817-8702-AB03AA65730A"},{"id":"F3DFE1B1-6BB5-4A2E-81D1-723FA6BFA8CE"},{"id":"F534C4ED-C25B-41BC-BF52-9328B3197F23"}],"row3":[{"id":"A85D3761-4F6A-4BB4-A353-E891E8E1D839","fromDetail":{"output":{"keypad_keys":{"_0":"keypad_hyphen"}},"display":"-"},"toDetailCollection":{}},{"toDetailCollection":{},"id":"27683039-F619-4128-9AF7-2708F0AB7E69","fromDetail":{"output":{"keypad_keys":{"_0":"keypad_7"}},"display":"7"}},{"id":"F29A1E0F-3A0A-458B-9DB2-D19CCAD493FC","fromDetail":{"output":{"keypad_keys":{"_0":"keypad_8"}},"display":"8"},"toDetailCollection":{}},{"id":"5655B3F8-6E22-4F13-A22C-611EA164EB3A","toDetailCollection":{},"fromDetail":{"display":"9","output":{"keypad_keys":{"_0":"keypad_9"}}}}],"arrow_down":{"toDetailCollection":{},"fromDetail":{"display":"arrowtriangle.down.fill","output":{"arrow_keys":{"_0":"down_arrow"}},"isSFSymbol":true},"keyShape":"arrow_Down","id":"8077926E-DB01-4254-9386-969B5019C5E9"},"idsInOrderRow4":[{"id":"B71A9605-60D0-4448-BFB6-43C168813DFB"},{"id":"91F6AE14-0765-45ED-8B52-574295B2E97C"},{"id":"7AADCCD5-5DA5-46B8-BFED-2E30F6B56336"},{"id":"E45E8C12-EFF2-4EDD-9409-E367A9A3BCB7"}],"arrow_left":{"keyShape":"arrow_LR","id":"C80DE1BA-C65F-4081-8565-8828C84ACBAA","fromDetail":{"display":"arrowtriangle.left.fill","isSFSymbol":true,"output":{"arrow_keys":{"_0":"left_arrow"}}},"toDetailCollection":{}},"row2":[{"fromDetail":{"display":"*","output":{"keypad_keys":{"_0":"keypad_asterisk"}}},"toDetailCollection":{},"id":"74F9C8AC-4143-4466-B65E-35E6334CB47E"},{"fromDetail":{"output":{"keypad_keys":{"_0":"keypad_slash"}},"display":"\/"},"toDetailCollection":{},"id":"AE6368BC-8849-4720-A364-F40EC96CE414"},{"id":"37CEFF49-4115-4580-BA28-585497F0FA08","fromDetail":{"display":"=","output":{"keypad_keys":{"_0":"keypad_equal_sign"}}},"toDetailCollection":{}},{"fromDetail":{"display":"clear","output":{"others":{"_0":"clear"}}},"id":"8CD04E40-BC50-4907-AAC9-8B18B69D1AAB","toDetailCollection":{}}],"enableArrowKeys":false,"rowIndex_arrow":{"row6":{}},"row5":[{"toDetailCollection":{},"id":"F3DFE1B1-6BB5-4A2E-81D1-723FA6BFA8CE","fromDetail":{"output":{"keypad_keys":{"_0":"keypad_3"}},"display":"3"}},{"fromDetail":{"display":"2","output":{"keypad_keys":{"_0":"keypad_2"}}},"toDetailCollection":{},"id":"502C844E-D46A-4817-8702-AB03AA65730A"},{"toDetailCollection":{},"id":"3C6A5E97-2CB6-43E4-97EA-4F770B93B4F9","fromDetail":{"display":"1","output":{"keypad_keys":{"_0":"keypad_1"}}}},{"id":"F534C4ED-C25B-41BC-BF52-9328B3197F23","fromDetail":{"output":{"keypad_keys":{"_0":"keypad_enter"}},"display":"projective","isSFSymbol":true},"keyShape":"enter_Tenkey","toDetailCollection":{}}],"idsInOrderRow6":[{"id":"7D7A44CA-8263-4D61-85D5-79B0EE226CEF"},{"id":"F704A783-930E-411B-BE7E-F4E01CFFF7D7"},{"id":"297166D4-CF1A-40A1-812E-DBAD30B07467"}]},"isEnableMain":true},"mouse":{"sectionDetail":{"deviceDetail":{"location_id":"location_id","is_vendor_id_Enabled":false,"device_name":"mouse","is_product_id_Enabled":false,"product_id":"product_id","is_builtin_keyboard":false,"is_location_id_Enabled":false,"vendor_id":"vendor_id"},"section":{"mouse":{}}},"isEnableMain":true,"isEnableTenkey":false,"mainRows":{"row2":[{"id":"6DE6261E-0C4C-4B58-AEEA-78F49F990089","fromDetail":{"output":{"mouse_buttons":{"_0":"button3"}},"display":"M click"},"toDetailCollection":{}},{"unitSize":0.5,"isSpacer":true,"fromDetail":{"display":"A","output":{"letter_keys":{"_0":"a"}}},"toDetailCollection":{},"id":"5A423B00-F090-40BB-A89D-62A7AB1460A5"}],"arrow_left":{"id":"21A4278C-9628-4B31-B1DF-B55CB1E35E96","fromDetail":{"display":"arrowtriangle.left.fill","isSFSymbol":true,"output":{"arrow_keys":{"_0":"left_arrow"}}},"keyShape":"arrow_LR","toDetailCollection":{}},"arrow_up":{"keyShape":"arrow_Up","fromDetail":{"display":"arrowtriangle.up.fill","isSFSymbol":true,"output":{"arrow_keys":{"_0":"up_arrow"}}},"id":"DF76CBB9-3E04-4CC5-B5C5-BBE5E1A5F57B","toDetailCollection":{}},"row6":[],"idsInOrderRow6":[],"idsInOrderRow2":[{"id":"5A423B00-F090-40BB-A89D-62A7AB1460A5"},{"id":"6DE6261E-0C4C-4B58-AEEA-78F49F990089"}],"enableArrowKeys":false,"idsInOrderRow4":[{"id":"97639E36-A8DA-443A-BE4E-CCC13437375A"}],"idsInOrderRow5":[],"row3":[{"id":"E5F7E64D-63F7-4361-BB5A-8781B49DC7B4","isSpacer":true,"fromDetail":{"display":"A","output":{"letter_keys":{"_0":"a"}}},"toDetailCollection":{}}],"arrow_down":{"toDetailCollection":{},"id":"CB15FA68-84C0-49C7-A126-98AEE0D700FF","fromDetail":{"isSFSymbol":true,"display":"arrowtriangle.down.fill","output":{"arrow_keys":{"_0":"down_arrow"}}},"keyShape":"arrow_Down"},"row5":[],"arrow_right":{"id":"F20AF668-5300-4985-B3DA-BBD99BDE2129","fromDetail":{"isSFSymbol":true,"display":"arrowtriangle.right.fill","output":{"arrow_keys":{"_0":"right_arrow"}}},"keyShape":"arrow_LR","toDetailCollection":{}},"row1":[{"toDetailCollection":{},"id":"A7AA794F-EB96-4FE8-A198-6EF1FF3B1AD1","fromDetail":{"display":"R click","output":{"mouse_buttons":{"_0":"button2"}}}},{"toDetailCollection":{},"fromDetail":{"display":"L click","output":{"mouse_buttons":{"_0":"button1"}}},"id":"8333DE61-2828-4B25-A8AF-CEAFC370CF6B"}],"rowIndex_arrow":{"row6":{}},"idsInOrderRow1":[{"id":"8333DE61-2828-4B25-A8AF-CEAFC370CF6B"},{"id":"A7AA794F-EB96-4FE8-A198-6EF1FF3B1AD1"}],"idsInOrderRow3":[{"id":"E5F7E64D-63F7-4361-BB5A-8781B49DC7B4"}],"row4":[{"id":"97639E36-A8DA-443A-BE4E-CCC13437375A","toDetailCollection":{},"fromDetail":{"output":{"letter_keys":{"_0":"a"}},"display":"A"},"isSpacer":true}]},"isEnableSub":false,"tenkeyRows":{"idsInOrderRow1":[{"id":"4A289B7E-7EA0-4BF1-A1AC-A10910B34B2C"}],"idsInOrderRow4":[{"id":"8807D05A-16A2-4382-93D0-7C76ED123E4D"}],"arrow_right":{"id":"B03D8103-9F55-4F56-9C9A-CE6132A3A8E1","keyShape":"arrow_LR","fromDetail":{"isSFSymbol":true,"display":"arrowtriangle.right.fill","output":{"arrow_keys":{"_0":"right_arrow"}}},"toDetailCollection":{}},"idsInOrderRow2":[{"id":"1165192D-0579-4C70-9395-F25D6EB42EB4"}],"idsInOrderRow6":[{"id":"DA6EF74C-B6AF-48A3-98AA-B55991107AF6"}],"row2":[{"fromDetail":{"output":{"letter_keys":{"_0":"a"}},"display":"A"},"id":"1165192D-0579-4C70-9395-F25D6EB42EB4","toDetailCollection":{}}],"row4":[{"id":"8807D05A-16A2-4382-93D0-7C76ED123E4D","fromDetail":{"output":{"letter_keys":{"_0":"a"}},"display":"A"},"toDetailCollection":{}}],"enableArrowKeys":false,"rowIndex_arrow":{"row6":{}},"idsInOrderRow5":[{"id":"D37D8C07-708E-41FA-B6B7-D39687478BC5"}],"row6":[{"fromDetail":{"display":"A","output":{"letter_keys":{"_0":"a"}}},"toDetailCollection":{},"id":"DA6EF74C-B6AF-48A3-98AA-B55991107AF6"}],"idsInOrderRow3":[{"id":"95868C52-00D4-48E4-9137-3C49DB880E44"}],"arrow_left":{"toDetailCollection":{},"fromDetail":{"output":{"arrow_keys":{"_0":"left_arrow"}},"isSFSymbol":true,"display":"arrowtriangle.left.fill"},"id":"3575549A-0F9B-4ACB-BAE9-EF7A70C36C03","keyShape":"arrow_LR"},"row1":[{"id":"4A289B7E-7EA0-4BF1-A1AC-A10910B34B2C","fromDetail":{"display":"A","output":{"letter_keys":{"_0":"a"}}},"toDetailCollection":{}}],"arrow_down":{"id":"5B639E05-F064-47C7-BE96-D97AC5CBECDE","fromDetail":{"output":{"arrow_keys":{"_0":"down_arrow"}},"display":"arrowtriangle.down.fill","isSFSymbol":true},"keyShape":"arrow_Down","toDetailCollection":{}},"row3":[{"id":"95868C52-00D4-48E4-9137-3C49DB880E44","fromDetail":{"output":{"letter_keys":{"_0":"a"}},"display":"A"},"toDetailCollection":{}}],"arrow_up":{"keyShape":"arrow_Up","toDetailCollection":{},"fromDetail":{"display":"arrowtriangle.up.fill","output":{"arrow_keys":{"_0":"up_arrow"}},"isSFSymbol":true},"id":"0BAF9119-C94C-4ACB-85E7-C410C4BF40CF"},"row5":[{"toDetailCollection":{},"id":"D37D8C07-708E-41FA-B6B7-D39687478BC5","fromDetail":{"output":{"letter_keys":{"_0":"a"}},"display":"A"}}]},"subRows":{"idsInOrderRow1":[{"id":"AB6CBF6F-79D6-4E10-ABC7-39A526CE4327"}],"row2":[{"toDetailCollection":{},"id":"0179D8D4-4103-4881-879E-C520D8C2D75B","fromDetail":{"display":"A","output":{"letter_keys":{"_0":"a"}}}}],"row1":[{"id":"AB6CBF6F-79D6-4E10-ABC7-39A526CE4327","fromDetail":{"output":{"letter_keys":{"_0":"a"}},"display":"A"},"toDetailCollection":{}}],"idsInOrderRow2":[{"id":"0179D8D4-4103-4881-879E-C520D8C2D75B"}],"enableArrowKeys":false,"row5":[{"toDetailCollection":{},"fromDetail":{"output":{"letter_keys":{"_0":"a"}},"display":"A"},"id":"087C4483-ED5D-4762-9997-923C542DDA6F"}],"arrow_down":{"id":"C2E1C393-D2FA-433A-9590-AA41BA7EB8FC","keyShape":"arrow_Down","toDetailCollection":{},"fromDetail":{"display":"arrowtriangle.down.fill","isSFSymbol":true,"output":{"arrow_keys":{"_0":"down_arrow"}}}},"row4":[{"toDetailCollection":{},"id":"70B66EB5-D5B0-4723-8AD8-66FF1350225C","fromDetail":{"display":"A","output":{"letter_keys":{"_0":"a"}}}}],"idsInOrderRow4":[{"id":"70B66EB5-D5B0-4723-8AD8-66FF1350225C"}],"row3":[{"toDetailCollection":{},"id":"EB507AA7-1EB0-4115-88CB-4A3C56224659","fromDetail":{"output":{"letter_keys":{"_0":"a"}},"display":"A"}}],"idsInOrderRow6":[{"id":"F9585EA2-24DC-4ED7-B493-1978D8AAC91A"}],"arrow_up":{"fromDetail":{"output":{"arrow_keys":{"_0":"up_arrow"}},"isSFSymbol":true,"display":"arrowtriangle.up.fill"},"keyShape":"arrow_Up","id":"9A380214-89B8-4D84-AE44-6075A735FA8F","toDetailCollection":{}},"idsInOrderRow5":[{"id":"087C4483-ED5D-4762-9997-923C542DDA6F"}],"rowIndex_arrow":{"row6":{}},"arrow_right":{"keyShape":"arrow_LR","id":"966B0BC8-DB96-4B85-825C-EC676267ADD4","toDetailCollection":{},"fromDetail":{"isSFSymbol":true,"output":{"arrow_keys":{"_0":"right_arrow"}},"display":"arrowtriangle.right.fill"}},"idsInOrderRow3":[{"id":"EB507AA7-1EB0-4115-88CB-4A3C56224659"}],"arrow_left":{"id":"5E4F167C-B348-4BB7-9318-DED0AC2F700D","toDetailCollection":{},"keyShape":"arrow_LR","fromDetail":{"output":{"arrow_keys":{"_0":"left_arrow"}},"display":"arrowtriangle.left.fill","isSFSymbol":true}},"row6":[{"toDetailCollection":{},"fromDetail":{"display":"A","output":{"letter_keys":{"_0":"a"}}},"id":"F9585EA2-24DC-4ED7-B493-1978D8AAC91A"}]}}},"conditionDetailCollection":{"condition1":{"type":"InputSource","value":"ja","isEnabled":false,"name":"Condition1"},"condition8":{"name":"Condition8","isEnabled":false,"type":"Application","value":"com.vendor.condition8"},"condition2":{"isEnabled":false,"name":"Condition2","type":"Application","value":"com.vendor.condition2"},"condition9":{"value":"com.vendor.condition9","name":"Condition9","type":"Application","isEnabled":false},"condition5":{"type":"Application","name":"Condition5","isEnabled":false,"value":"com.vendor.condition5"},"condition3":{"isEnabled":false,"name":"Condition3","type":"Application","value":"com.vendor.condition3"},"condition0":{"name":"Default","isEnabled":true,"type":"Application","value":"com.vendor.condition0"},"condition7":{"name":"Condition7","isEnabled":false,"type":"Application","value":"com.vendor.condition7"},"condition4":{"isEnabled":false,"value":"com.vendor.condition4","name":"Condition4","type":"Application"},"condition6":{"isEnabled":false,"name":"Condition6","type":"Application","value":"com.vendor.condition6"}},"selections":{"toDetail_macro":{"id":"D2AADCA0-DD9D-4E00-8EA0-95A93996B034","outputAndDisplay":{"display":"none","output":{"letter_keys":{"_0":"a"}},"layerKey":"layer0"},"withModifier":{},"error":false,"indicator":false},"macro":{"name":"user Macro","id":"D477A08C-AA25-4AFC-93F4-E01891F227DD","dictionary_key":null,"toDetailCollection":{"_collection":[],"idsInOrderCollection":[]}},"condition":"condition0","keyboardKey":{"id":"C562CCCC-D99D-4CF4-874A-6356D7F0D29B","fromDetail":{"output":{"letter_keys":{"_0":"a"}},"display":"A"},"toDetailCollection":{}},"tab":{"remap":{}},"customOrMacroTab":{"customizeKey":{}},"macroTab":{"userMacro":{}},"fromTab":{"qwertyKeyboard":{}},"layer":"layer0","combo":{"id":"AE934B3A-8DCA-4ED1-9EDB-2C661D573E37","comboThreshold":50,"key_down_order":"insensitive","toDetail":{},"key_up_order":"insensitive"},"toTab":"qwertyKeyboard"},"macroCollection":{"idsInOrderCollection":[],"_collection":[]},"name":"Onishi_JIS","displayKeySize":65,"comboCollection":{"condition7":{"layer0":{},"layer3":{},"layer5":{},"layer6":{},"layer4":{},"layer1":{},"layer8":{},"layer2":{},"layer7":{}},"condition8":{"layer3":{},"layer1":{},"layer4":{},"layer6":{},"layer0":{},"layer2":{},"layer7":{},"layer5":{},"layer8":{}},"condition0":{"layer5":{},"layer1":{},"layer3":{},"layer6":{},"layer0":{},"layer8":{},"layer2":{},"layer7":{},"layer4":{}},"condition1":{"layer2":{},"layer4":{},"layer8":{},"layer3":{},"layer1":{},"layer6":{},"layer0":{},"layer7":{},"layer5":{}},"condition2":{"layer6":{},"layer7":{},"layer2":{},"layer0":{},"layer4":{},"layer8":{},"layer3":{},"layer1":{},"layer5":{}},"condition3":{"layer2":{},"layer0":{},"layer1":{},"layer5":{},"layer3":{},"layer6":{},"layer4":{},"layer8":{},"layer7":{}},"condition4":{"layer3":{},"layer5":{},"layer6":{},"layer0":{},"layer2":{},"layer8":{},"layer1":{},"layer4":{},"layer7":{}},"condition5":{"layer3":{},"layer5":{},"layer2":{},"layer6":{},"layer1":{},"layer4":{},"layer7":{},"layer0":{},"layer8":{}},"condition6":{"layer3":{},"layer2":{},"layer4":{},"layer1":{},"layer6":{},"layer7":{},"layer8":{},"layer5":{},"layer0":{}},"condition9":{"layer0":{},"layer4":{},"layer6":{},"layer5":{},"layer7":{},"layer8":{},"layer3":{},"layer1":{},"layer2":{}}}}