{"displayKeySize":65,"conditionDetailCollection":{"condition4":{"name":"Condition4","isEnabled":false,"value":"com.vendor.condition4","type":"Application"},"condition0":{"name":"Default","value":"com.vendor.condition0","isEnabled":true,"type":"Application"},"condition8":{"value":"com.vendor.condition8","type":"Application","name":"Condition8","isEnabled":false},"condition9":{"value":"com.vendor.condition9","isEnabled":false,"type":"Application","name":"Condition9"},"condition1":{"name":"Condition1","type":"InputSource","isEnabled":false,"value":"ja"},"condition2":{"value":"com.vendor.condition2","isEnabled":false,"name":"Condition2","type":"Application"},"condition7":{"name":"Condition7","type":"Application","value":"com.vendor.condition7","isEnabled":false},"condition6":{"isEnabled":false,"name":"Condition6","value":"com.vendor.condition6","type":"Application"},"condition3":{"value":"com.vendor.condition3","name":"Condition3","type":"Application","isEnabled":false},"condition5":{"isEnabled":false,"value":"com.vendor.condition5","name":"Condition5","type":"Application"}},"name":"Onishi_UK","comboCollection":{"condition7":{"layer0":{},"layer2":{},"layer6":{},"layer5":{},"layer1":{},"layer3":{},"layer4":{},"layer7":{},"layer8":{}},"condition3":{"layer3":{},"layer2":{},"layer6":{},"layer5":{},"layer7":{},"layer4":{},"layer8":{},"layer1":{},"layer0":{}},"condition5":{"layer7":{},"layer2":{},"layer4":{},"layer6":{},"layer8":{},"layer3":{},"layer5":{},"layer0":{},"layer1":{}},"condition1":{"layer1":{},"layer5":{},"layer3":{},"layer2":{},"layer4":{},"layer6":{},"layer7":{},"layer0":{},"layer8":{}},"condition6":{"layer4":{},"layer3":{},"layer7":{},"layer8":{},"layer6":{},"layer2":{},"layer1":{},"layer5":{},"layer0":{}},"condition9":{"layer7":{},"layer1":{},"layer5":{},"layer2":{},"layer3":{},"layer6":{},"layer0":{},"layer4":{},"layer8":{}},"condition0":{"layer0":{},"layer2":{},"layer4":{},"layer5":{},"layer7":{},"layer8":{},"layer1":{},"layer6":{},"layer3":{}},"condition4":{"layer5":{},"layer0":{},"layer7":{},"layer8":{},"layer3":{},"layer4":{},"layer2":{},"layer6":{},"layer1":{}},"condition2":{"layer6":{},"layer7":{},"layer4":{},"layer0":{},"layer8":{},"layer1":{},"layer5":{},"layer3":{},"layer2":{}},"condition8":{"layer7":{},"layer5":{},"layer2":{},"layer1":{},"layer8":{},"layer6":{},"layer3":{},"layer4":{},"layer0":{}}},"selections":{"tab":{"remap":{}},"keyboardKey":{"fromDetail":{"display":"A","output":{"letter_keys":{"_0":"a"}}},"toDetailCollection":{},"id":"C562CCCC-D99D-4CF4-874A-6356D7F0D29B"},"condition":"condition0","toDetail_macro":{"error":false,"id":"D2AADCA0-DD9D-4E00-8EA0-95A93996B034","indicator":false,"outputAndDisplay":{"display":"none","output":{"letter_keys":{"_0":"a"}},"layerKey":"layer0"},"withModifier":{}},"customOrMacroTab":{"customizeKey":{}},"fromTab":{"qwertyKeyboard":{}},"toTab":"qwertyKeyboard","macroTab":{"userMacro":{}},"layer":"layer0","combo":{"key_down_order":"insensitive","key_up_order":"insensitive","comboThreshold":50,"toDetail":{},"id":"AE934B3A-8DCA-4ED1-9EDB-2C661D573E37"},"macro":{"toDetailCollection":{"idsInOrderCollection":[],"_collection":[]},"dictionary_key":null,"id":"D477A08C-AA25-4AFC-93F4-E01891F227DD","name":"user Macro"}},"macroCollection":{"idsInOrderCollection":[],"_collection":[]},"keymap":{"main":{"tenkeyRows":{"arrow_left":{"toDetailCollection":{},"fromDetail":{"isSFSymbol":true,"output":{"arrow_keys":{"_0":"left_arrow"}},"display":"arrowtriangle.left.fill"},"id":"E27806F6-DEF7-44C0-BB66-5D9D83C77726","keyShape":"arrow_LR"},"row2":[{"fromDetail":{"output":{"keypad_keys":{"_0":"keypad_equal_sign"}},"display":"="},"toDetailCollection":{},"id":"10CD0F9F-A606-4115-BE4A-C83F51790E0B"},{"toDetailCollection":{},"fromDetail":{"display":"\/","output":{"keypad_keys":{"_0":"keypad_slash"}}},"id":"5C9E4727-DB8F-4EEB-B788-C671E95D92AD"},{"id":"6013781C-C01C-470D-901A-DCFB399C269B","fromDetail":{"output":{"others":{"_0":"clear"}},"display":"clear"},"toDetailCollection":{}},{"fromDetail":{"output":{"keypad_keys":{"_0":"keypad_asterisk"}},"display":"*"},"toDetailCollection":{},"id":"EC7FE4F5-FCAF-4FF0-B93E-34C880250907"}],"idsInOrderRow6":[{"id":"E6D75D8E-F224-4A0B-82C5-3E3BEF115DA3"},{"id":"BEBA921E-6A40-44F8-8EE0-AC28E96F8BA7"}],"arrow_up":{"keyShape":"arrow_Up","toDetailCollection":{},"id":"65707BB6-9F72-485C-A2D0-8ADA46992939","fromDetail":{"isSFSymbol":true,"output":{"arrow_keys":{"_0":"up_arrow"}},"display":"arrowtriangle.up.fill"}},"idsInOrderRow3":[{"id":"E5A5FBC7-1E8B-4217-A75F-B16095201320"},{"id":"5AF4039B-8EF0-4AC5-89BF-6B2D52F4AE53"},{"id":"E0D8A653-F398-4DA7-85C7-5A60E443B182"},{"id":"C9946C19-F1B0-4815-8430-27B3E7B3C8C8"}],"arrow_down":{"id":"5EB98F7E-76E2-4304-8155-C48FBE0E45FB","fromDetail":{"display":"arrowtriangle.down.fill","output":{"arrow_keys":{"_0":"down_arrow"}},"isSFSymbol":true},"toDetailCollection":{},"keyShape":"arrow_Down"},"idsInOrderRow1":[{"id":"1DC99AE3-82CE-4AE5-98CF-916B2CD67F93"},{"id":"C03499B1-836D-41EE-A75B-CFCA8C821952"},{"id":"C3FB2030-B7EC-4126-8B01-B0E9DDE10E9E"},{"id":"5C45E292-C419-4699-B506-993536E7241E"}],"enableArrowKeys":false,"row3":[{"id":"5AF4039B-8EF0-4AC5-89BF-6B2D52F4AE53","toDetailCollection":{},"fromDetail":{"output":{"keypad_keys":{"_0":"keypad_8"}},"display":"8"}},{"fromDetail":{"output":{"keypad_keys":{"_0":"keypad_7"}},"display":"7"},"toDetailCollection":{},"id":"E5A5FBC7-1E8B-4217-A75F-B16095201320"},{"id":"C9946C19-F1B0-4815-8430-27B3E7B3C8C8","fromDetail":{"display":"-","output":{"keypad_keys":{"_0":"keypad_hyphen"}}},"toDetailCollection":{}},{"toDetailCollection":{},"id":"E0D8A653-F398-4DA7-85C7-5A60E443B182","fromDetail":{"display":"9","output":{"keypad_keys":{"_0":"keypad_9"}}}}],"row6":[{"unitSize":2,"toDetailCollection":{},"fromDetail":{"output":{"keypad_keys":{"_0":"keypad_0"}},"display":"0"},"id":"E6D75D8E-F224-4A0B-82C5-3E3BEF115DA3"},{"fromDetail":{"output":{"keypad_keys":{"_0":"keypad_period"}},"display":"."},"toDetailCollection":{},"id":"BEBA921E-6A40-44F8-8EE0-AC28E96F8BA7"}],"idsInOrderRow2":[{"id":"6013781C-C01C-470D-901A-DCFB399C269B"},{"id":"10CD0F9F-A606-4115-BE4A-C83F51790E0B"},{"id":"5C9E4727-DB8F-4EEB-B788-C671E95D92AD"},{"id":"EC7FE4F5-FCAF-4FF0-B93E-34C880250907"}],"arrow_right":{"toDetailCollection":{},"id":"DB39C44B-BD46-4D90-B76D-C00884811974","fromDetail":{"isSFSymbol":true,"display":"arrowtriangle.right.fill","output":{"arrow_keys":{"_0":"right_arrow"}}},"keyShape":"arrow_LR"},"idsInOrderRow4":[{"id":"2EC6A896-1985-4835-9051-4936EEEA50B6"},{"id":"179BF159-2AC7-4252-9113-2230D46683B8"},{"id":"8AADF9B4-728F-4ACD-B9E1-EA15711FEC6D"},{"id":"98BC762B-9681-4785-B1D7-44EB8410EC99"}],"row4":[{"id":"98BC762B-9681-4785-B1D7-44EB8410EC99","fromDetail":{"display":"+","output":{"keypad_keys":{"_0":"keypad_plus"}}},"toDetailCollection":{}},{"id":"179BF159-2AC7-4252-9113-2230D46683B8","toDetailCollection":{},"fromDetail":{"display":"5","output":{"keypad_keys":{"_0":"keypad_5"}}}},{"id":"2EC6A896-1985-4835-9051-4936EEEA50B6","fromDetail":{"output":{"keypad_keys":{"_0":"keypad_4"}},"display":"4"},"toDetailCollection":{}},{"fromDetail":{"display":"6","output":{"keypad_keys":{"_0":"keypad_6"}}},"id":"8AADF9B4-728F-4ACD-B9E1-EA15711FEC6D","toDetailCollection":{}}],"idsInOrderRow5":[{"id":"B800D630-0342-49E5-AF8A-DBC539A3229E"},{"id":"E0166280-C638-4D15-B5A2-C589C4D2714F"},{"id":"E1F16D44-26F6-4516-95D1-CCC961EEABFF"},{"id":"DD23BEB4-EA87-4A64-BF51-C6D66A84479A"}],"row1":[{"toDetailCollection":{},"fromDetail":{"output":{"function_keys":{"_0":"f16"}},"display":"F16"},"id":"1DC99AE3-82CE-4AE5-98CF-916B2CD67F93"},{"id":"C03499B1-836D-41EE-A75B-CFCA8C821952","fromDetail":{"display":"F17","output":{"function_keys":{"_0":"f17"}}},"toDetailCollection":{}},{"id":"C3FB2030-B7EC-4126-8B01-B0E9DDE10E9E","toDetailCollection":{},"fromDetail":{"display":"F18","output":{"function_keys":{"_0":"f18"}}}},{"toDetailCollection":{},"id":"5C45E292-C419-4699-B506-993536E7241E","fromDetail":{"output":{"function_keys":{"_0":"f19"}},"display":"F19"}}],"rowIndex_arrow":{"row6":{}},"row5":[{"id":"E0166280-C638-4D15-B5A2-C589C4D2714F","toDetailCollection":{},"fromDetail":{"output":{"keypad_keys":{"_0":"keypad_2"}},"display":"2"}},{"toDetailCollection":{},"fromDetail":{"display":"3","output":{"keypad_keys":{"_0":"keypad_3"}}},"id":"E1F16D44-26F6-4516-95D1-CCC961EEABFF"},{"fromDetail":{"output":{"keypad_keys":{"_0":"keypad_1"}},"display":"1"},"toDetailCollection":{},"id":"B800D630-0342-49E5-AF8A-DBC539A3229E"},{"fromDetail":{"output":{"keypad_keys":{"_0":"keypad_enter"}},"display":"projective","isSFSymbol":true},"toDetailCollection":{},"id":"DD23BEB4-EA87-4A64-BF51-C6D66A84479A","keyShape":"enter_Tenkey"}]},"isEnableTenkey":false,"sectionDetail":{"section":{"main":{}},"deviceDetail":{"is_product_id_Enabled":false,"vendor_id":"vendor_id","product_id":"product_id","location_id":"location_id","device_name":"mainKeyboard","is_builtin_keyboard":false,"is_location_id_Enabled":false,"is_vendor_id_Enabled":false}},"isEnableSub":false,"subRows":{"arrow_left":{"fromDetail":{"isSFSymbol":true,"display":"arrowtriangle.left.fill","output":{"arrow_keys":{"_0":"left_arrow"}}},"keyShape":"arrow_LR","toDetailCollection":{},"id":"8DE5B90C-E5C3-4E2F-B5C7-05F264E76F07"},"arrow_right":{"toDetailCollection":{},"fromDetail":{"output":{"arrow_keys":{"_0":"right_arrow"}},"display":"arrowtriangle.right.fill","isSFSymbol":true},"id":"5AE98DD9-F6AC-4371-81F4-291A49B9D7D9","keyShape":"arrow_LR"},"row4":[],"row2":[{"toDetailCollection":{},"id":"F0EF973F-30B6-434D-98FE-34A860C32AE7","fromDetail":{"output":{"arrow_keys":{"_0":"page_up"}},"display":"arrow.up","isSFSymbol":true}},{"id":"79644831-8256-4EA7-8DC1-0BC5CF59165A","fromDetail":{"isSFSymbol":true,"output":{"arrow_keys":{"_0":"home"}},"display":"arrow.up.to.line"},"toDetailCollection":{}},{"fromDetail":{"output":{"keys_in_pc_keyboards":{"_0":"insert"}},"display":"text.insert","isSFSymbol":true},"id":"606BB894-034A-43DB-9BF8-741F6D3CA1F6","toDetailCollection":{}}],"row6":[{"toDetailCollection":{},"fromDetail":{"display":"arrowtriangle.down.fill","isSFSymbol":true,"output":{"arrow_keys":{"_0":"down_arrow"}}},"id":"37D949F0-4687-4280-9122-FCEDA0D061A5"},{"id":"0C89B5D7-5CEC-4E07-9552-2F67C696F8F4","fromDetail":{"output":{"arrow_keys":{"_0":"right_arrow"}},"isSFSymbol":true,"display":"arrowtriangle.right.fill"},"toDetailCollection":{}},{"fromDetail":{"output":{"arrow_keys":{"_0":"left_arrow"}},"display":"arrowtriangle.left.fill","isSFSymbol":true},"toDetailCollection":{},"id":"7375D1C6-DAC0-4BA4-ADD7-418D48713689"}],"enableArrowKeys":false,"idsInOrderRow3":[{"id":"FFB85650-C99B-48DC-A95C-BFD644CB50DC"},{"id":"D5B4B2DA-AA1D-4530-9177-7A51E5C27F7C"},{"id":"55EE87EC-0179-47C7-8F95-372DAF4BBBF9"}],"row1":[{"toDetailCollection":{},"id":"B4C17A3A-8D79-498E-AB81-BB6E35A7CB89","fromDetail":{"output":{"function_keys":{"_0":"f15"}},"display":"F15"}},{"fromDetail":{"display":"F14","output":{"function_keys":{"_0":"f14"}}},"id":"6BC6D4F5-5023-40F6-8CEB-92C6E5EA80C3","toDetailCollection":{}},{"id":"E562A20C-294C-4024-A15D-3C7AAA285A96","fromDetail":{"output":{"function_keys":{"_0":"f13"}},"display":"F13"},"toDetailCollection":{}}],"idsInOrderRow6":[{"id":"7375D1C6-DAC0-4BA4-ADD7-418D48713689"},{"id":"37D949F0-4687-4280-9122-FCEDA0D061A5"},{"id":"0C89B5D7-5CEC-4E07-9552-2F67C696F8F4"}],"idsInOrderRow4":[],"idsInOrderRow1":[{"id":"E562A20C-294C-4024-A15D-3C7AAA285A96"},{"id":"6BC6D4F5-5023-40F6-8CEB-92C6E5EA80C3"},{"id":"B4C17A3A-8D79-498E-AB81-BB6E35A7CB89"}],"row5":[{"toDetailCollection":{},"fromDetail":{"output":{"letter_keys":{"_0":"a"}},"display":"A"},"id":"1DECEFBB-A701-4F22-845E-42D20F25FDFA","isSpacer":true},{"fromDetail":{"output":{"arrow_keys":{"_0":"up_arrow"}},"display":"arrowtriangle.up.fill","isSFSymbol":true},"toDetailCollection":{},"id":"0D868797-049C-4A08-B945-04BCBE704012"}],"arrow_up":{"id":"DBE82016-30C8-4CDF-B8CE-364C660D0D95","fromDetail":{"output":{"arrow_keys":{"_0":"up_arrow"}},"display":"arrowtriangle.up.fill","isSFSymbol":true},"toDetailCollection":{},"keyShape":"arrow_Up"},"arrow_down":{"id":"F127AD6D-497C-49ED-827E-1D9A032E9060","toDetailCollection":{},"fromDetail":{"output":{"arrow_keys":{"_0":"down_arrow"}},"isSFSymbol":true,"display":"arrowtriangle.down.fill"},"keyShape":"arrow_Down"},"rowIndex_arrow":{"row6":{}},"row3":[{"fromDetail":{"isSFSymbol":true,"display":"arrow.down","output":{"arrow_keys":{"_0":"page_down"}}},"toDetailCollection":{},"id":"55EE87EC-0179-47C7-8F95-372DAF4BBBF9"},{"id":"FFB85650-C99B-48DC-A95C-BFD644CB50DC","fromDetail":{"isSFSymbol":true,"output":{"controls_and_symbols":{"_0":"delete_forward"}},"display":"delete.right"},"toDetailCollection":{}},{"id":"D5B4B2DA-AA1D-4530-9177-7A51E5C27F7C","fromDetail":{"isSFSymbol":true,"display":"arrow.down.to.line","output":{"arrow_keys":{"_0":"end"}}},"toDetailCollection":{}}],"idsInOrderRow2":[{"id":"606BB894-034A-43DB-9BF8-741F6D3CA1F6"},{"id":"79644831-8256-4EA7-8DC1-0BC5CF59165A"},{"id":"F0EF973F-30B6-434D-98FE-34A860C32AE7"}],"idsInOrderRow5":[{"id":"1DECEFBB-A701-4F22-845E-42D20F25FDFA"},{"id":"0D868797-049C-4A08-B945-04BCBE704012"}]},"isEnableMain":true,"mainRows":{"row4":[{"fromDetail":{"output":{"letter_keys":{"_0":"g"}},"display":"G"},"toDetailCollection":{"condition0":{"layer0":{"outputAndDisplay_tap":{"display":"-","output":{"controls_and_symbols":{"_0":"hyphen"}},"layerKey":"layer0"},"withModifier_tap":{},"isCustomized_tap":true}}},"id":"A47F589F-A3D9-478D-B2D5-54D009D35E33"},{"id":"5AAB33B9-BDBF-4385-8672-21C0FB313817","fromDetail":{"output":{"letter_keys":{"_0":"d"}},"display":"D"},"toDetailCollection":{"condition0":{"layer0":{"withModifier_tap":{},"isCustomized_tap":true,"outputAndDisplay_tap":{"display":"A","layerKey":"layer0","output":{"letter_keys":{"_0":"a"}}}}}}},{"toDetailCollection":{"condition0":{"layer0":{"outputAndDisplay_tap":{"output":{"letter_keys":{"_0":"k"}},"display":"K","layerKey":"layer0"},"isCustomized_tap":true,"withModifier_tap":{}}}},"id":"526C6FC4-1E22-494B-8A0F-A04BD89B77A5","fromDetail":{"output":{"letter_keys":{"_0":"h"}},"display":"H"}},{"id":"D4246B15-F36F-4604-8EFD-7C2941AC1EC5","fromDetail":{"output":{"controls_and_symbols":{"_0":"backslash_or_yen"}},"display":"\\"},"toDetailCollection":{}},{"id":"D46907B2-5CEE-473C-90BB-69AF3FD2A5DD","toDetailCollection":{},"fromDetail":{"output":{"controls_and_symbols":{"_0":"single_quotation_or_colon"}},"display":"'"}},{"fromDetail":{"display":";","output":{"controls_and_symbols":{"_0":"semicolon"}}},"id":"A7F2D807-211A-45B5-86C8-41A0B3F81D01","toDetailCollection":{"condition0":{"layer0":{"withModifier_tap":{},"outputAndDisplay_tap":{"layerKey":"layer0","output":{"letter_keys":{"_0":"h"}},"display":"H"},"isCustomized_tap":true}}}},{"fromDetail":{"output":{"letter_keys":{"_0":"k"}},"display":"K"},"id":"1DC91FA1-AE8A-43A3-AF18-97CDED797332","toDetailCollection":{"condition0":{"layer0":{"withModifier_tap":{},"isCustomized_tap":true,"outputAndDisplay_tap":{"output":{"letter_keys":{"_0":"n"}},"layerKey":"layer0","display":"N"}}}}},{"id":"C89894CE-C0DA-4250-A5F2-D6C4593B84B9","fromDetail":{"display":"F","output":{"letter_keys":{"_0":"f"}}},"toDetailCollection":{"condition0":{"layer0":{"isCustomized_tap":true,"outputAndDisplay_tap":{"output":{"letter_keys":{"_0":"o"}},"display":"O","layerKey":"layer0"},"withModifier_tap":{}}}}},{"toDetailCollection":{"condition0":{"layer0":{"outputAndDisplay_tap":{"display":"E","output":{"letter_keys":{"_0":"e"}},"layerKey":"layer0"},"isCustomized_tap":true,"withModifier_tap":{}}}},"id":"D70EC8E4-CF2D-4910-A606-84891ECC04D6","fromDetail":{"output":{"letter_keys":{"_0":"a"}},"display":"A"}},{"fromDetail":{"output":{"modifier_keys":{"_0":"caps_lock"}},"isSFSymbol":true,"display":"capslock"},"toDetailCollection":{},"id":"0CE0BAC8-8F5C-457C-8BBE-E6AAA96C65F8","unitSize":1.75},{"toDetailCollection":{"condition0":{"layer0":{"isCustomized_tap":true,"outputAndDisplay_tap":{"display":"S","layerKey":"layer0","output":{"letter_keys":{"_0":"s"}}},"withModifier_tap":{}}}},"fromDetail":{"output":{"letter_keys":{"_0":"l"}},"display":"L"},"id":"D6EC3742-40FD-4D7A-B481-C03FE6BADEFB"},{"toDetailCollection":{"condition0":{"layer0":{"isCustomized_tap":true,"outputAndDisplay_tap":{"display":"I","output":{"letter_keys":{"_0":"i"}},"layerKey":"layer0"},"withModifier_tap":{}}}},"id":"C6563742-6754-4678-A9B6-0EA7F2BECD92","fromDetail":{"display":"S","output":{"letter_keys":{"_0":"s"}}}},{"id":"E22EC789-B318-41D1-9258-D7CC6A9E3716","toDetailCollection":{"condition0":{"layer0":{"isCustomized_tap":true,"withModifier_tap":{},"outputAndDisplay_tap":{"layerKey":"layer0","output":{"letter_keys":{"_0":"t"}},"display":"T"}}}},"fromDetail":{"output":{"letter_keys":{"_0":"j"}},"display":"J"}}],"row2":[{"toDetailCollection":{},"fromDetail":{"display":"2","output":{"number_keys":{"_0":"two"}}},"id":"EF32413D-0F7C-41B6-8979-07A74D8A597E"},{"fromDetail":{"output":{"number_keys":{"_0":"nine"}},"display":"9"},"id":"978C6494-9C46-4D53-9E3C-28D83C3E724B","toDetailCollection":{}},{"id":"2A5AECA2-5059-4700-B783-E673C4A6FDF9","fromDetail":{"output":{"number_keys":{"_0":"five"}},"display":"5"},"toDetailCollection":{}},{"toDetailCollection":{},"fromDetail":{"display":"1","output":{"number_keys":{"_0":"one"}}},"id":"D13AE7D5-E508-4ADF-BC1A-941AEA94B9BE"},{"fromDetail":{"output":{"controls_and_symbols":{"_0":"hyphen"}},"display":"-"},"id":"29388042-A48B-410D-8F13-FCC8E9DDF7BD","toDetailCollection":{"condition0":{"layer0":{"outputAndDisplay_tap":{"display":"\/","layerKey":"layer0","output":{"controls_and_symbols":{"_0":"slash"}}},"withModifier_tap":{},"isCustomized_tap":true}}}},{"toDetailCollection":{},"id":"BCB9A18E-C26D-430F-9591-66EE3730BB4A","fromDetail":{"display":"=","output":{"controls_and_symbols":{"_0":"equal_sign_or_caret"}}}},{"id":"A8EC2853-B64D-4746-8DF3-F1A7A55435D3","fromDetail":{"output":{"number_keys":{"_0":"eight"}},"display":"8"},"toDetailCollection":{}},{"id":"9756FCDA-4AFA-4784-A862-5D3886CBCE5E","fromDetail":{"output":{"number_keys":{"_0":"four"}},"display":"4"},"toDetailCollection":{}},{"fromDetail":{"display":"3","output":{"number_keys":{"_0":"three"}}},"id":"21F114B7-17B7-4102-8627-04B191968AE7","toDetailCollection":{}},{"toDetailCollection":{},"id":"4747BB9E-E9C8-453E-B301-0F4B350B8B70","fromDetail":{"display":"§","output":{"controls_and_symbols":{"_0":"section"}}}},{"fromDetail":{"output":{"number_keys":{"_0":"seven"}},"display":"7"},"toDetailCollection":{},"id":"E403B848-E2A1-45AA-BC0E-8EC7EA312169"},{"id":"23E4E0D8-75ED-448B-96A5-FB6267C80F0B","toDetailCollection":{},"fromDetail":{"display":"0","output":{"number_keys":{"_0":"zero"}}}},{"unitSize":1.5,"toDetailCollection":{},"fromDetail":{"output":{"controls_and_symbols":{"_0":"delete_or_backspace"}},"isSFSymbol":true,"display":"delete.left"},"id":"4C3BA510-AB8A-44DA-930E-3CEC92F81124"},{"id":"BC53C6B3-31ED-41B7-BD91-F4B7610E73CE","fromDetail":{"display":"6","output":{"number_keys":{"_0":"six"}}},"toDetailCollection":{}}],"row1":[{"toDetailCollection":{},"unitSize":1.5,"fromDetail":{"display":"escape","output":{"controls_and_symbols":{"_0":"escape"}},"isSFSymbol":true},"id":"65E9C700-FDD3-4BA3-B033-D46B49EBE9AC"},{"fromDetail":{"display":"F1","output":{"function_keys":{"_0":"f1"}}},"id":"7D9537F8-BFB3-4953-B8AE-AB4F8CF8CC65","toDetailCollection":{}},{"id":"7FC590C9-C3D5-4669-BCFF-076038A1872A","fromDetail":{"output":{"function_keys":{"_0":"f2"}},"display":"F2"},"toDetailCollection":{}},{"fromDetail":{"display":"F3","output":{"function_keys":{"_0":"f3"}}},"id":"32C61132-F4DE-403B-9372-17A870B899DA","toDetailCollection":{}},{"fromDetail":{"display":"F4","output":{"function_keys":{"_0":"f4"}}},"toDetailCollection":{},"id":"DA59974B-44D4-485B-9D25-ACDD3E38BCFA"},{"fromDetail":{"output":{"function_keys":{"_0":"f5"}},"display":"F5"},"toDetailCollection":{},"id":"1C4ABFBC-EC8C-4AC3-BBF6-383AA46E5274"},{"fromDetail":{"display":"F6","output":{"function_keys":{"_0":"f6"}}},"toDetailCollection":{},"id":"2A74B4D4-B318-4614-9657-FC5A195710EC"},{"toDetailCollection":{},"id":"46BF75D0-FCB0-47C4-B535-A71A24C0197B","fromDetail":{"output":{"function_keys":{"_0":"f7"}},"display":"F7"}},{"fromDetail":{"output":{"function_keys":{"_0":"f8"}},"display":"F8"},"id":"A77A591C-8EBE-4E8F-811D-7B06F3197473","toDetailCollection":{}},{"id":"2AA01680-1312-47F9-A32B-114ACEC2B921","toDetailCollection":{},"fromDetail":{"output":{"function_keys":{"_0":"f9"}},"display":"F9"}},{"fromDetail":{"output":{"function_keys":{"_0":"f10"}},"display":"F10"},"toDetailCollection":{},"id":"399DE450-4AB8-4557-BC77-584F93B0E06A"},{"toDetailCollection":{},"fromDetail":{"output":{"function_keys":{"_0":"f11"}},"display":"F11"},"id":"A273D302-91A0-439B-8874-4FAEC0841CB6"},{"id":"972BF75F-EEF6-49B8-93D7-BF576BA2C366","toDetailCollection":{},"fromDetail":{"output":{"function_keys":{"_0":"f12"}},"display":"F12"}}],"idsInOrderRow3":[{"id":"09C7BEE6-5C35-47D3-BE3C-1295130B9391"},{"id":"37C1CE09-9951-424D-9D06-DFE346388646"},{"id":"2BBA6C73-ADD6-47BB-B50C-B2C8CA459CBE"},{"id":"B5CD8FEC-298C-4D12-9538-D658C62268BA"},{"id":"A5A17378-2142-4243-BDD9-BD7B4E627C92"},{"id":"2BA70AF7-CC7A-447E-9DBE-63EA2B4FCC83"},{"id":"82257127-176F-472A-B592-DEE8AC0C8117"},{"id":"6E81E268-27BE-44FC-B056-BA7568523509"},{"id":"A80DAC56-239D-4BD2-90D3-CEDB6EDB3247"},{"id":"7E59BB28-C674-4284-8099-F94B7ACA3755"},{"id":"341851A8-BBB8-4048-A37D-884269C3712A"},{"id":"593FD428-33CC-4A85-B6BE-1BF1AE8659A8"},{"id":"AE8894BA-2441-41DC-B877-FDD6857C4146"},{"id":"4541404B-ED29-4DBB-B2B6-895B14817F57"}],"idsInOrderRow2":[{"id":"4747BB9E-E9C8-453E-B301-0F4B350B8B70"},{"id":"D13AE7D5-E508-4ADF-BC1A-941AEA94B9BE"},{"id":"EF32413D-0F7C-41B6-8979-07A74D8A597E"},{"id":"21F114B7-17B7-4102-8627-04B191968AE7"},{"id":"9756FCDA-4AFA-4784-A862-5D3886CBCE5E"},{"id":"2A5AECA2-5059-4700-B783-E673C4A6FDF9"},{"id":"BC53C6B3-31ED-41B7-BD91-F4B7610E73CE"},{"id":"E403B848-E2A1-45AA-BC0E-8EC7EA312169"},{"id":"A8EC2853-B64D-4746-8DF3-F1A7A55435D3"},{"id":"978C6494-9C46-4D53-9E3C-28D83C3E724B"},{"id":"23E4E0D8-75ED-448B-96A5-FB6267C80F0B"},{"id":"29388042-A48B-410D-8F13-FCC8E9DDF7BD"},{"id":"BCB9A18E-C26D-430F-9591-66EE3730BB4A"},{"id":"4C3BA510-AB8A-44DA-930E-3CEC92F81124"}],"row6":[{"fromDetail":{"output":{"controls_and_symbols":{"_0":"spacebar"}},"display":"␣"},"unitSize":5,"toDetailCollection":{},"id":"C094E526-6488-4CF7-B158-9B164540CAE7"},{"fromDetail":{"display":"option","output":{"modifier_keys":{"_0":"left_option"}},"isSFSymbol":true},"id":"33448CC3-2FF9-443E-9FE5-0C4B35CD9391","toDetailCollection":{}},{"fromDetail":{"isSFSymbol":true,"display":"globe","output":{"modifier_keys":{"_0":"keyboard_fn"}}},"id":"4512D118-B8EE-456C-B15F-2813BFA655D7","toDetailCollection":{}},{"id":"A9E7B2E8-6149-40EA-A496-778A8C506321","fromDetail":{"display":"option","output":{"modifier_keys":{"_0":"right_option"}},"isSFSymbol":true},"toDetailCollection":{}},{"toDetailCollection":{},"fromDetail":{"isSFSymbol":true,"output":{"modifier_keys":{"_0":"right_command"}},"display":"command"},"unitSize":1.25,"id":"0164881D-3B1D-410C-9AB7-FB4A5E896BC9"},{"id":"2287F1F8-B9E8-486C-907D-BA0C9597D2F1","fromDetail":{"display":"control","output":{"modifier_keys":{"_0":"left_control"}},"isSFSymbol":true},"toDetailCollection":{}},{"unitSize":1.25,"toDetailCollection":{},"fromDetail":{"display":"command","output":{"modifier_keys":{"_0":"left_command"}},"isSFSymbol":true},"id":"2C8E1B8E-3003-40B5-8FAA-3AAC083BFED4"}],"idsInOrderRow1":[{"id":"65E9C700-FDD3-4BA3-B033-D46B49EBE9AC"},{"id":"7D9537F8-BFB3-4953-B8AE-AB4F8CF8CC65"},{"id":"7FC590C9-C3D5-4669-BCFF-076038A1872A"},{"id":"32C61132-F4DE-403B-9372-17A870B899DA"},{"id":"DA59974B-44D4-485B-9D25-ACDD3E38BCFA"},{"id":"1C4ABFBC-EC8C-4AC3-BBF6-383AA46E5274"},{"id":"2A74B4D4-B318-4614-9657-FC5A195710EC"},{"id":"46BF75D0-FCB0-47C4-B535-A71A24C0197B"},{"id":"A77A591C-8EBE-4E8F-811D-7B06F3197473"},{"id":"2AA01680-1312-47F9-A32B-114ACEC2B921"},{"id":"399DE450-4AB8-4557-BC77-584F93B0E06A"},{"id":"A273D302-91A0-439B-8874-4FAEC0841CB6"},{"id":"972BF75F-EEF6-49B8-93D7-BF576BA2C366"}],"idsInOrderRow5":[{"id":"1AB14C9B-B3D7-4040-9E84-A67D6A677552"},{"id":"21A6FEA1-90CB-4AA0-8108-845ABB498A23"},{"id":"A4966B57-90D8-4DB7-8034-690B3F529611"},{"id":"0BB30FB2-6081-4E88-9530-751BD41DB82C"},{"id":"55062B16-02F8-4245-8D5A-F49154A50651"},{"id":"42F545DB-FAA5-4388-B522-0209449D123C"},{"id":"5DA42299-DE06-4939-A7BD-EA4E54D58A18"},{"id":"20947C52-E48A-472F-9147-D865C01722AE"},{"id":"03CE66F9-9BE2-44E0-A812-9D04B0AB76F2"},{"id":"8BB0D7E0-8E49-43E5-A1CE-C0AA76C7629D"},{"id":"26A7C6E1-B982-4BD0-85EC-B61DA98CED28"},{"id":"48DF0D3D-80EF-440F-9045-9C980060FF04"},{"id":"E7E76BE0-E302-4AAC-841E-AD0A2276FA94"}],"arrow_left":{"id":"06387A5D-FEBD-4ECF-A373-99D9280A1058","keyShape":"arrow_LR","toDetailCollection":{},"fromDetail":{"isSFSymbol":true,"display":"arrowtriangle.left.fill","output":{"arrow_keys":{"_0":"left_arrow"}}}},"row5":[{"fromDetail":{"output":{"letter_keys":{"_0":"v"}},"display":"V"},"toDetailCollection":{},"id":"42F545DB-FAA5-4388-B522-0209449D123C"},{"fromDetail":{"display":"shift","output":{"modifier_keys":{"_0":"right_shift"}},"isSFSymbol":true},"unitSize":2.25,"id":"E7E76BE0-E302-4AAC-841E-AD0A2276FA94","toDetailCollection":{}},{"id":"0BB30FB2-6081-4E88-9530-751BD41DB82C","toDetailCollection":{},"fromDetail":{"output":{"letter_keys":{"_0":"x"}},"display":"X"}},{"toDetailCollection":{},"id":"A4966B57-90D8-4DB7-8034-690B3F529611","fromDetail":{"display":"Z","output":{"letter_keys":{"_0":"z"}}}},{"id":"21A6FEA1-90CB-4AA0-8108-845ABB498A23","fromDetail":{"output":{"controls_and_symbols":{"_0":"grave_accent"}},"display":"`"},"toDetailCollection":{}},{"id":"26A7C6E1-B982-4BD0-85EC-B61DA98CED28","toDetailCollection":{"condition0":{"layer0":{"withModifier_tap":{},"isCustomized_tap":true,"outputAndDisplay_tap":{"output":{"letter_keys":{"_0":"j"}},"layerKey":"layer0","display":"J"}}}},"fromDetail":{"display":".","output":{"controls_and_symbols":{"_0":"period"}}}},{"toDetailCollection":{"condition0":{"layer0":{"outputAndDisplay_tap":{"output":{"letter_keys":{"_0":"m"}},"display":"M","layerKey":"layer0"},"withModifier_tap":{},"isCustomized_tap":true}}},"fromDetail":{"output":{"controls_and_symbols":{"_0":"comma"}},"display":","},"id":"8BB0D7E0-8E49-43E5-A1CE-C0AA76C7629D"},{"toDetailCollection":{"condition0":{"layer0":{"outputAndDisplay_tap":{"layerKey":"layer0","output":{"controls_and_symbols":{"_0":"semicolon"}},"display":";"},"withModifier_tap":{},"isCustomized_tap":true}}},"id":"5DA42299-DE06-4939-A7BD-EA4E54D58A18","fromDetail":{"output":{"letter_keys":{"_0":"b"}},"display":"B"}},{"fromDetail":{"output":{"letter_keys":{"_0":"c"}},"display":"C"},"id":"55062B16-02F8-4245-8D5A-F49154A50651","toDetailCollection":{}},{"id":"48DF0D3D-80EF-440F-9045-9C980060FF04","toDetailCollection":{"condition0":{"layer0":{"withModifier_tap":{},"outputAndDisplay_tap":{"output":{"letter_keys":{"_0":"b"}},"display":"B","layerKey":"layer0"},"isCustomized_tap":true}}},"fromDetail":{"output":{"controls_and_symbols":{"_0":"slash"}},"display":"\/"}},{"fromDetail":{"display":"M","output":{"letter_keys":{"_0":"m"}}},"id":"03CE66F9-9BE2-44E0-A812-9D04B0AB76F2","toDetailCollection":{"condition0":{"layer0":{"withModifier_tap":{},"isCustomized_tap":true,"outputAndDisplay_tap":{"output":{"letter_keys":{"_0":"d"}},"layerKey":"layer0","display":"D"}}}}},{"fromDetail":{"output":{"letter_keys":{"_0":"n"}},"display":"N"},"id":"20947C52-E48A-472F-9147-D865C01722AE","toDetailCollection":{"condition0":{"layer0":{"isCustomized_tap":true,"withModifier_tap":{},"outputAndDisplay_tap":{"output":{"letter_keys":{"_0":"g"}},"display":"G","layerKey":"layer0"}}}}},{"toDetailCollection":{},"fromDetail":{"output":{"modifier_keys":{"_0":"left_shift"}},"display":"shift","isSFSymbol":true},"unitSize":1.25,"id":"1AB14C9B-B3D7-4040-9E84-A67D6A677552"}],"arrow_up":{"fromDetail":{"output":{"arrow_keys":{"_0":"up_arrow"}},"display":"arrowtriangle.up.fill","isSFSymbol":true},"id":"ABB7F373-1BF3-4B64-BF6A-33DAAD41755A","keyShape":"arrow_Up","toDetailCollection":{}},"arrow_down":{"id":"6E04C11A-1D82-4E62-B9FC-4F9CCBAA778A","toDetailCollection":{},"fromDetail":{"display":"arrowtriangle.down.fill","isSFSymbol":true,"output":{"arrow_keys":{"_0":"down_arrow"}}},"keyShape":"arrow_Down"},"rowIndex_arrow":{"row6":{}},"arrow_right":{"fromDetail":{"isSFSymbol":true,"display":"arrowtriangle.right.fill","output":{"arrow_keys":{"_0":"right_arrow"}}},"id":"23D0CF22-D11C-4449-AFF9-7210C1CC7A00","keyShape":"arrow_LR","toDetailCollection":{}},"idsInOrderRow6":[{"id":"4512D118-B8EE-456C-B15F-2813BFA655D7"},{"id":"2287F1F8-B9E8-486C-907D-BA0C9597D2F1"},{"id":"33448CC3-2FF9-443E-9FE5-0C4B35CD9391"},{"id":"2C8E1B8E-3003-40B5-8FAA-3AAC083BFED4"},{"id":"C094E526-6488-4CF7-B158-9B164540CAE7"},{"id":"0164881D-3B1D-410C-9AB7-FB4A5E896BC9"},{"id":"A9E7B2E8-6149-40EA-A496-778A8C506321"}],"idsInOrderRow4":[{"id":"0CE0BAC8-8F5C-457C-8BBE-E6AAA96C65F8"},{"id":"D70EC8E4-CF2D-4910-A606-84891ECC04D6"},{"id":"C6563742-6754-4678-A9B6-0EA7F2BECD92"},{"id":"5AAB33B9-BDBF-4385-8672-21C0FB313817"},{"id":"C89894CE-C0DA-4250-A5F2-D6C4593B84B9"},{"id":"A47F589F-A3D9-478D-B2D5-54D009D35E33"},{"id":"526C6FC4-1E22-494B-8A0F-A04BD89B77A5"},{"id":"E22EC789-B318-41D1-9258-D7CC6A9E3716"},{"id":"1DC91FA1-AE8A-43A3-AF18-97CDED797332"},{"id":"D6EC3742-40FD-4D7A-B481-C03FE6BADEFB"},{"id":"A7F2D807-211A-45B5-86C8-41A0B3F81D01"},{"id":"D46907B2-5CEE-473C-90BB-69AF3FD2A5DD"},{"id":"D4246B15-F36F-4604-8EFD-7C2941AC1EC5"}],"row3":[{"toDetailCollection":{"condition0":{"layer0":{"outputAndDisplay_tap":{"layerKey":"layer0","output":{"letter_keys":{"_0":"f"}},"display":"F"},"isCustomized_tap":true,"withModifier_tap":{}}}},"id":"82257127-176F-472A-B592-DEE8AC0C8117","fromDetail":{"display":"Y","output":{"letter_keys":{"_0":"y"}}}},{"id":"4541404B-ED29-4DBB-B2B6-895B14817F57","keyShape":"enter_UK","toDetailCollection":{},"fromDetail":{"output":{"controls_and_symbols":{"_0":"return_or_enter"}},"display":"return","isSFSymbol":true}},{"toDetailCollection":{},"id":"AE8894BA-2441-41DC-B877-FDD6857C4146","fromDetail":{"display":"]","output":{"controls_and_symbols":{"_0":"close_square_bracket"}}}},{"id":"593FD428-33CC-4A85-B6BE-1BF1AE8659A8","toDetailCollection":{},"fromDetail":{"output":{"controls_and_symbols":{"_0":"open_square_bracket"}},"display":"["}},{"fromDetail":{"display":"O","output":{"letter_keys":{"_0":"o"}}},"id":"7E59BB28-C674-4284-8099-F94B7ACA3755","toDetailCollection":{"condition0":{"layer0":{"outputAndDisplay_tap":{"display":"Y","output":{"letter_keys":{"_0":"y"}},"layerKey":"layer0"},"withModifier_tap":{},"isCustomized_tap":true}}}},{"fromDetail":{"output":{"letter_keys":{"_0":"i"}},"display":"I"},"id":"A80DAC56-239D-4BD2-90D3-CEDB6EDB3247","toDetailCollection":{"condition0":{"layer0":{"outputAndDisplay_tap":{"output":{"letter_keys":{"_0":"r"}},"layerKey":"layer0","display":"R"},"withModifier_tap":{},"isCustomized_tap":true}}}},{"toDetailCollection":{"condition0":{"layer0":{"outputAndDisplay_tap":{"output":{"letter_keys":{"_0":"w"}},"layerKey":"layer0","display":"W"},"isCustomized_tap":true,"withModifier_tap":{}}}},"fromDetail":{"display":"U","output":{"letter_keys":{"_0":"u"}}},"id":"6E81E268-27BE-44FC-B056-BA7568523509"},{"id":"2BA70AF7-CC7A-447E-9DBE-63EA2B4FCC83","fromDetail":{"output":{"letter_keys":{"_0":"t"}},"display":"T"},"toDetailCollection":{"condition0":{"layer0":{"outputAndDisplay_tap":{"output":{"controls_and_symbols":{"_0":"period"}},"layerKey":"layer0","display":"."},"withModifier_tap":{},"isCustomized_tap":true}}}},{"fromDetail":{"output":{"letter_keys":{"_0":"r"}},"display":"R"},"toDetailCollection":{"condition0":{"layer0":{"isCustomized_tap":true,"outputAndDisplay_tap":{"output":{"controls_and_symbols":{"_0":"comma"}},"layerKey":"layer0","display":","},"withModifier_tap":{}}}},"id":"A5A17378-2142-4243-BDD9-BD7B4E627C92"},{"fromDetail":{"display":"E","output":{"letter_keys":{"_0":"e"}}},"id":"B5CD8FEC-298C-4D12-9538-D658C62268BA","toDetailCollection":{"condition0":{"layer0":{"isCustomized_tap":true,"withModifier_tap":{},"outputAndDisplay_tap":{"display":"U","layerKey":"layer0","output":{"letter_keys":{"_0":"u"}}}}}}},{"toDetailCollection":{"condition0":{"layer0":{"withModifier_tap":{},"isCustomized_tap":true,"outputAndDisplay_tap":{"display":"L","layerKey":"layer0","output":{"letter_keys":{"_0":"l"}}}}}},"fromDetail":{"display":"W","output":{"letter_keys":{"_0":"w"}}},"id":"2BBA6C73-ADD6-47BB-B50C-B2C8CA459CBE"},{"id":"37C1CE09-9951-424D-9D06-DFE346388646","fromDetail":{"output":{"letter_keys":{"_0":"q"}},"display":"Q"},"toDetailCollection":{}},{"unitSize":1.5,"toDetailCollection":{},"id":"09C7BEE6-5C35-47D3-BE3C-1295130B9391","fromDetail":{"display":"arrow.right.to.line","output":{"controls_and_symbols":{"_0":"tab"}},"isSFSymbol":true}},{"id":"341851A8-BBB8-4048-A37D-884269C3712A","fromDetail":{"output":{"letter_keys":{"_0":"p"}},"display":"P"},"toDetailCollection":{}}],"enableArrowKeys":true}},"other":{"isEnableMain":true,"isEnableSub":false,"isEnableTenkey":false,"tenkeyRows":{"row4":[{"id":"DBFE0225-F0CC-48A3-BE3B-C11D9DD4401B","fromDetail":{"display":"+","output":{"keypad_keys":{"_0":"keypad_plus"}}},"toDetailCollection":{}},{"toDetailCollection":{},"id":"EBDAD911-DB08-4AA1-A77E-33C9A2767D92","fromDetail":{"output":{"keypad_keys":{"_0":"keypad_5"}},"display":"5"}},{"toDetailCollection":{},"id":"95D9BC4B-37F8-4368-A33D-84500E3248E8","fromDetail":{"output":{"keypad_keys":{"_0":"keypad_6"}},"display":"6"}},{"toDetailCollection":{},"id":"CEFF1DC8-F831-4DDD-9692-AE3B25641A30","fromDetail":{"display":"4","output":{"keypad_keys":{"_0":"keypad_4"}}}}],"row1":[{"id":"5971A985-540F-42A2-9128-0C5A162FDD61","fromDetail":{"display":"F19","output":{"function_keys":{"_0":"f19"}}},"toDetailCollection":{}},{"toDetailCollection":{},"fromDetail":{"display":"F17","output":{"function_keys":{"_0":"f17"}}},"id":"EF213B05-3545-441A-A0DE-AF905446A828"},{"fromDetail":{"display":"F18","output":{"function_keys":{"_0":"f18"}}},"id":"932D9C03-2792-4020-80EE-05F36024EBB3","toDetailCollection":{}},{"toDetailCollection":{},"fromDetail":{"output":{"function_keys":{"_0":"f16"}},"display":"F16"},"id":"A656D345-44DB-4593-A10B-835F14E4CC54"}],"row2":[{"fromDetail":{"display":"clear","output":{"others":{"_0":"clear"}}},"id":"40BC33B6-FE38-4F6D-B7BD-C7FCEA1213D1","toDetailCollection":{}},{"id":"045B3AB2-3891-44AE-92BD-AC88809BBA63","fromDetail":{"output":{"keypad_keys":{"_0":"keypad_asterisk"}},"display":"*"},"toDetailCollection":{}},{"id":"8BFF6496-C8F6-4FFD-9BA6-570476CE4BCA","fromDetail":{"display":"=","output":{"keypad_keys":{"_0":"keypad_equal_sign"}}},"toDetailCollection":{}},{"id":"C8D41682-478A-4909-8A86-852BDB8F6137","toDetailCollection":{},"fromDetail":{"output":{"keypad_keys":{"_0":"keypad_slash"}},"display":"\/"}}],"row3":[{"id":"15A88A6B-9E00-435D-8C69-1B2237AE67B2","fromDetail":{"display":"-","output":{"keypad_keys":{"_0":"keypad_hyphen"}}},"toDetailCollection":{}},{"fromDetail":{"output":{"keypad_keys":{"_0":"keypad_9"}},"display":"9"},"id":"AC9F12AD-5F52-4D1C-AB19-021DA123EA5C","toDetailCollection":{}},{"id":"834FC2C4-45A7-4DA4-97AB-BB120B78ADBE","fromDetail":{"display":"8","output":{"keypad_keys":{"_0":"keypad_8"}}},"toDetailCollection":{}},{"id":"DBD1774A-2278-4CA0-9ED7-ABAF032FE416","toDetailCollection":{},"fromDetail":{"display":"7","output":{"keypad_keys":{"_0":"keypad_7"}}}}],"rowIndex_arrow":{"row6":{}},"arrow_up":{"id":"CDDCD9C3-1AA2-46BE-A37E-1BBC223D48F5","fromDetail":{"output":{"arrow_keys":{"_0":"up_arrow"}},"isSFSymbol":true,"display":"arrowtriangle.up.fill"},"toDetailCollection":{},"keyShape":"arrow_Up"},"idsInOrderRow4":[{"id":"CEFF1DC8-F831-4DDD-9692-AE3B25641A30"},{"id":"EBDAD911-DB08-4AA1-A77E-33C9A2767D92"},{"id":"95D9BC4B-37F8-4368-A33D-84500E3248E8"},{"id":"DBFE0225-F0CC-48A3-BE3B-C11D9DD4401B"}],"idsInOrderRow5":[{"id":"21937F02-2B70-41EB-B483-B444F0F37B61"},{"id":"727C819F-39A8-4A03-929B-EA18B58EE5DD"},{"id":"E8501483-B315-48F0-9A87-14B5253E6C6F"},{"id":"8B11CD2F-E738-476D-8163-566492C62BC1"}],"idsInOrderRow1":[{"id":"A656D345-44DB-4593-A10B-835F14E4CC54"},{"id":"EF213B05-3545-441A-A0DE-AF905446A828"},{"id":"932D9C03-2792-4020-80EE-05F36024EBB3"},{"id":"5971A985-540F-42A2-9128-0C5A162FDD61"}],"arrow_right":{"fromDetail":{"display":"arrowtriangle.right.fill","isSFSymbol":true,"output":{"arrow_keys":{"_0":"right_arrow"}}},"toDetailCollection":{},"id":"82946BC3-EC31-48E9-8155-31602948D741","keyShape":"arrow_LR"},"row5":[{"toDetailCollection":{},"id":"21937F02-2B70-41EB-B483-B444F0F37B61","fromDetail":{"output":{"keypad_keys":{"_0":"keypad_1"}},"display":"1"}},{"id":"727C819F-39A8-4A03-929B-EA18B58EE5DD","fromDetail":{"display":"2","output":{"keypad_keys":{"_0":"keypad_2"}}},"toDetailCollection":{}},{"id":"8B11CD2F-E738-476D-8163-566492C62BC1","fromDetail":{"display":"projective","output":{"keypad_keys":{"_0":"keypad_enter"}},"isSFSymbol":true},"toDetailCollection":{},"keyShape":"enter_Tenkey"},{"id":"E8501483-B315-48F0-9A87-14B5253E6C6F","toDetailCollection":{},"fromDetail":{"output":{"keypad_keys":{"_0":"keypad_3"}},"display":"3"}}],"idsInOrderRow2":[{"id":"40BC33B6-FE38-4F6D-B7BD-C7FCEA1213D1"},{"id":"8BFF6496-C8F6-4FFD-9BA6-570476CE4BCA"},{"id":"C8D41682-478A-4909-8A86-852BDB8F6137"},{"id":"045B3AB2-3891-44AE-92BD-AC88809BBA63"}],"arrow_down":{"fromDetail":{"isSFSymbol":true,"output":{"arrow_keys":{"_0":"down_arrow"}},"display":"arrowtriangle.down.fill"},"keyShape":"arrow_Down","id":"9B3741A7-C2B5-40B6-B9E6-2EB534EE61F2","toDetailCollection":{}},"idsInOrderRow3":[{"id":"DBD1774A-2278-4CA0-9ED7-ABAF032FE416"},{"id":"834FC2C4-45A7-4DA4-97AB-BB120B78ADBE"},{"id":"AC9F12AD-5F52-4D1C-AB19-021DA123EA5C"},{"id":"15A88A6B-9E00-435D-8C69-1B2237AE67B2"}],"arrow_left":{"id":"0D2BCC6D-8E7D-4941-8DAD-A243DBFF8AE5","keyShape":"arrow_LR","toDetailCollection":{},"fromDetail":{"output":{"arrow_keys":{"_0":"left_arrow"}},"isSFSymbol":true,"display":"arrowtriangle.left.fill"}},"enableArrowKeys":false,"row6":[{"fromDetail":{"output":{"keypad_keys":{"_0":"keypad_period"}},"display":"."},"toDetailCollection":{},"id":"EE2FAC56-1473-4DD9-A213-3ADD2643C386"},{"fromDetail":{"output":{"keypad_keys":{"_0":"keypad_0"}},"display":"0"},"id":"795A2B04-0A36-4837-8DEC-FA3CD27699EB","toDetailCollection":{},"unitSize":2}],"idsInOrderRow6":[{"id":"795A2B04-0A36-4837-8DEC-FA3CD27699EB"},{"id":"EE2FAC56-1473-4DD9-A213-3ADD2643C386"}]},"subRows":{"row5":[{"id":"2420E10C-069D-4F35-B83D-DEA39081E509","fromDetail":{"output":{"arrow_keys":{"_0":"up_arrow"}},"display":"arrowtriangle.up.fill","isSFSymbol":true},"toDetailCollection":{}},{"id":"52788701-FE60-4351-BF2A-01B429284FCD","isSpacer":true,"toDetailCollection":{},"fromDetail":{"display":"A","output":{"letter_keys":{"_0":"a"}}}}],"row3":[{"toDetailCollection":{},"id":"38BD0B7C-3E08-447E-BBF0-BC7AAAA6A359","fromDetail":{"output":{"arrow_keys":{"_0":"page_down"}},"isSFSymbol":true,"display":"arrow.down"}},{"fromDetail":{"isSFSymbol":true,"display":"arrow.down.to.line","output":{"arrow_keys":{"_0":"end"}}},"id":"7E7007D2-8367-4C9D-839B-8B39E2CD0D44","toDetailCollection":{}},{"toDetailCollection":{},"fromDetail":{"display":"delete.right","isSFSymbol":true,"output":{"controls_and_symbols":{"_0":"delete_forward"}}},"id":"FD73DAA3-E002-4B2A-92B3-EDE56A0B8EB9"}],"arrow_left":{"toDetailCollection":{},"id":"5AF79B6A-045B-4BAC-B011-7EFEE6401BE3","fromDetail":{"output":{"arrow_keys":{"_0":"left_arrow"}},"display":"arrowtriangle.left.fill","isSFSymbol":true},"keyShape":"arrow_LR"},"idsInOrderRow4":[],"row2":[{"fromDetail":{"output":{"keys_in_pc_keyboards":{"_0":"insert"}},"display":"text.insert","isSFSymbol":true},"id":"248165B8-5495-4EFC-9DCF-DB30DF804C41","toDetailCollection":{}},{"toDetailCollection":{},"id":"BB2EE2B1-674C-456C-A1E2-91D96097C090","fromDetail":{"display":"arrow.up.to.line","isSFSymbol":true,"output":{"arrow_keys":{"_0":"home"}}}},{"toDetailCollection":{},"id":"01916C22-CF7A-405E-82D5-C6D37D0869F3","fromDetail":{"output":{"arrow_keys":{"_0":"page_up"}},"display":"arrow.up","isSFSymbol":true}}],"arrow_right":{"keyShape":"arrow_LR","fromDetail":{"isSFSymbol":true,"display":"arrowtriangle.right.fill","output":{"arrow_keys":{"_0":"right_arrow"}}},"toDetailCollection":{},"id":"F0C291C5-B179-45A4-B0B3-8A5BEBEE2739"},"idsInOrderRow3":[{"id":"FD73DAA3-E002-4B2A-92B3-EDE56A0B8EB9"},{"id":"7E7007D2-8367-4C9D-839B-8B39E2CD0D44"},{"id":"38BD0B7C-3E08-447E-BBF0-BC7AAAA6A359"}],"row4":[],"arrow_up":{"fromDetail":{"display":"arrowtriangle.up.fill","isSFSymbol":true,"output":{"arrow_keys":{"_0":"up_arrow"}}},"toDetailCollection":{},"id":"F8253CA7-53DB-4770-B4C7-B7D3A6B51AF5","keyShape":"arrow_Up"},"idsInOrderRow5":[{"id":"52788701-FE60-4351-BF2A-01B429284FCD"},{"id":"2420E10C-069D-4F35-B83D-DEA39081E509"}],"idsInOrderRow2":[{"id":"248165B8-5495-4EFC-9DCF-DB30DF804C41"},{"id":"BB2EE2B1-674C-456C-A1E2-91D96097C090"},{"id":"01916C22-CF7A-405E-82D5-C6D37D0869F3"}],"idsInOrderRow1":[{"id":"508EF1B9-A062-48FF-A545-4C8A472B6E62"},{"id":"B77603D9-93DF-44F5-A422-E8A39865CBD5"},{"id":"CDD7C910-50F7-47DA-B1EC-883A51626116"}],"enableArrowKeys":false,"row1":[{"fromDetail":{"display":"F15","output":{"function_keys":{"_0":"f15"}}},"toDetailCollection":{},"id":"CDD7C910-50F7-47DA-B1EC-883A51626116"},{"toDetailCollection":{},"fromDetail":{"display":"F14","output":{"function_keys":{"_0":"f14"}}},"id":"B77603D9-93DF-44F5-A422-E8A39865CBD5"},{"fromDetail":{"display":"F13","output":{"function_keys":{"_0":"f13"}}},"toDetailCollection":{},"id":"508EF1B9-A062-48FF-A545-4C8A472B6E62"}],"rowIndex_arrow":{"row6":{}},"row6":[{"fromDetail":{"isSFSymbol":true,"display":"arrowtriangle.left.fill","output":{"arrow_keys":{"_0":"left_arrow"}}},"id":"D19F6E46-284F-4869-9B58-FC2F3E4453C2","toDetailCollection":{}},{"toDetailCollection":{},"fromDetail":{"output":{"arrow_keys":{"_0":"down_arrow"}},"isSFSymbol":true,"display":"arrowtriangle.down.fill"},"id":"E3DB1489-52D0-4A04-8F32-3817E9366459"},{"toDetailCollection":{},"id":"FC1B309F-6EBD-4CD2-9EA1-8AAE03F5819C","fromDetail":{"isSFSymbol":true,"display":"arrowtriangle.right.fill","output":{"arrow_keys":{"_0":"right_arrow"}}}}],"idsInOrderRow6":[{"id":"D19F6E46-284F-4869-9B58-FC2F3E4453C2"},{"id":"E3DB1489-52D0-4A04-8F32-3817E9366459"},{"id":"FC1B309F-6EBD-4CD2-9EA1-8AAE03F5819C"}],"arrow_down":{"id":"403DCA8F-92B8-4B7A-AD15-4CA18E2265B2","fromDetail":{"isSFSymbol":true,"display":"arrowtriangle.down.fill","output":{"arrow_keys":{"_0":"down_arrow"}}},"keyShape":"arrow_Down","toDetailCollection":{}}},"sectionDetail":{"section":{"other":{}},"deviceDetail":{"is_product_id_Enabled":false,"product_id":"product_id","location_id":"location_id","is_builtin_keyboard":false,"vendor_id":"vendor_id","device_name":"otherDevice","is_location_id_Enabled":false,"is_vendor_id_Enabled":false}},"mainRows":{"idsInOrderRow4":[{"id":"EFF1F001-5241-428C-805E-C1DE1E1F6B96"},{"id":"E05C5EF2-356C-44A5-98A7-939D1B07EEC7"},{"id":"A8935F85-A064-4891-A30E-53D03682A539"},{"id":"B015ECF0-A39B-4DEB-A254-E3CE850BEE9F"}],"row5":[{"fromDetail":{"output":{"keypad_keys":{"_0":"keypad_2"}},"display":"2"},"toDetailCollection":{},"id":"32B0A282-884D-4A5F-890D-078063C1E8A2"},{"id":"B6563448-8043-4BBC-86EC-D27FF35DCC69","keyShape":"enter_Tenkey","fromDetail":{"output":{"keypad_keys":{"_0":"keypad_enter"}},"display":"projective","isSFSymbol":true},"toDetailCollection":{}},{"toDetailCollection":{},"id":"D14DA422-D9F0-49D4-A62C-CACBF63A4B8C","fromDetail":{"output":{"keypad_keys":{"_0":"keypad_3"}},"display":"3"}},{"id":"3984651F-402B-4987-8A2B-EFB88418ED22","fromDetail":{"display":"1","output":{"keypad_keys":{"_0":"keypad_1"}}},"toDetailCollection":{}}],"enableArrowKeys":false,"row1":[{"id":"F9D70820-9E91-4230-A10C-A64B5A1B75BF","toDetailCollection":{},"fromDetail":{"output":{"function_keys":{"_0":"f16"}},"display":"F16"}},{"fromDetail":{"output":{"function_keys":{"_0":"f19"}},"display":"F19"},"toDetailCollection":{},"id":"944F709C-2C49-4055-A6E9-F5B87EB8F993"},{"toDetailCollection":{},"id":"A8260939-CD48-482D-BA89-A4FF14862B2D","fromDetail":{"output":{"function_keys":{"_0":"f18"}},"display":"F18"}},{"fromDetail":{"output":{"function_keys":{"_0":"f17"}},"display":"F17"},"id":"395C570A-0C04-4DF4-818F-C1C3C4C62898","toDetailCollection":{}}],"rowIndex_arrow":{"row6":{}},"idsInOrderRow1":[{"id":"F9D70820-9E91-4230-A10C-A64B5A1B75BF"},{"id":"395C570A-0C04-4DF4-818F-C1C3C4C62898"},{"id":"A8260939-CD48-482D-BA89-A4FF14862B2D"},{"id":"944F709C-2C49-4055-A6E9-F5B87EB8F993"}],"arrow_left":{"id":"15598C68-B2E6-4B43-BBDC-2EFA30749A07","fromDetail":{"output":{"arrow_keys":{"_0":"left_arrow"}},"isSFSymbol":true,"display":"arrowtriangle.left.fill"},"toDetailCollection":{},"keyShape":"arrow_LR"},"arrow_down":{"fromDetail":{"display":"arrowtriangle.down.fill","isSFSymbol":true,"output":{"arrow_keys":{"_0":"down_arrow"}}},"id":"C8EC38AB-A3A9-4F14-9D5B-311510B4BAF1","toDetailCollection":{},"keyShape":"arrow_Down"},"row6":[{"toDetailCollection":{},"unitSize":2,"id":"8E20BB34-B543-4942-9ED5-C6C02211AB92","fromDetail":{"display":"0","output":{"keypad_keys":{"_0":"keypad_0"}}}},{"id":"28ED3DCD-7A70-4F83-9BC0-0EB37B2EB469","fromDetail":{"display":".","output":{"keypad_keys":{"_0":"keypad_period"}}},"toDetailCollection":{}}],"arrow_right":{"toDetailCollection":{},"keyShape":"arrow_LR","fromDetail":{"display":"arrowtriangle.right.fill","isSFSymbol":true,"output":{"arrow_keys":{"_0":"right_arrow"}}},"id":"90652447-354C-4E98-8E06-6FCABA26ABFE"},"row4":[{"id":"B015ECF0-A39B-4DEB-A254-E3CE850BEE9F","fromDetail":{"output":{"keypad_keys":{"_0":"keypad_plus"}},"display":"+"},"toDetailCollection":{}},{"fromDetail":{"output":{"keypad_keys":{"_0":"keypad_6"}},"display":"6"},"id":"A8935F85-A064-4891-A30E-53D03682A539","toDetailCollection":{}},{"toDetailCollection":{},"fromDetail":{"output":{"keypad_keys":{"_0":"keypad_5"}},"display":"5"},"id":"E05C5EF2-356C-44A5-98A7-939D1B07EEC7"},{"toDetailCollection":{},"id":"EFF1F001-5241-428C-805E-C1DE1E1F6B96","fromDetail":{"display":"4","output":{"keypad_keys":{"_0":"keypad_4"}}}}],"row3":[{"id":"3383ABFB-31BF-4817-B754-60F63151D241","toDetailCollection":{},"fromDetail":{"output":{"keypad_keys":{"_0":"keypad_hyphen"}},"display":"-"}},{"id":"B22F82F7-5E2A-4A12-AB39-791DB8C27C98","toDetailCollection":{},"fromDetail":{"display":"9","output":{"keypad_keys":{"_0":"keypad_9"}}}},{"fromDetail":{"output":{"keypad_keys":{"_0":"keypad_7"}},"display":"7"},"toDetailCollection":{},"id":"50547DDB-98D4-45F4-B86D-89FE4B1A6328"},{"id":"E2AAA859-68CD-45EC-AA2A-248B52E54C92","fromDetail":{"output":{"keypad_keys":{"_0":"keypad_8"}},"display":"8"},"toDetailCollection":{}}],"arrow_up":{"toDetailCollection":{},"keyShape":"arrow_Up","fromDetail":{"output":{"arrow_keys":{"_0":"up_arrow"}},"display":"arrowtriangle.up.fill","isSFSymbol":true},"id":"D6B308C1-0BC0-43F6-B68F-4D0ABFF6564F"},"idsInOrderRow2":[{"id":"5BE3736A-CC3F-4DE8-8D6C-FBD1846CBDA5"},{"id":"7D469E45-EB16-4487-A1A8-56722A346D85"},{"id":"A73AAFAC-6A46-4950-9A02-4DB854B3E40D"},{"id":"A4E52359-30B4-4757-978E-FC84016A2474"}],"row2":[{"fromDetail":{"display":"*","output":{"keypad_keys":{"_0":"keypad_asterisk"}}},"toDetailCollection":{},"id":"A4E52359-30B4-4757-978E-FC84016A2474"},{"fromDetail":{"output":{"keypad_keys":{"_0":"keypad_slash"}},"display":"\/"},"toDetailCollection":{},"id":"A73AAFAC-6A46-4950-9A02-4DB854B3E40D"},{"fromDetail":{"output":{"keypad_keys":{"_0":"keypad_equal_sign"}},"display":"="},"toDetailCollection":{},"id":"7D469E45-EB16-4487-A1A8-56722A346D85"},{"fromDetail":{"display":"clear","output":{"others":{"_0":"clear"}}},"id":"5BE3736A-CC3F-4DE8-8D6C-FBD1846CBDA5","toDetailCollection":{}}],"idsInOrderRow6":[{"id":"8E20BB34-B543-4942-9ED5-C6C02211AB92"},{"id":"28ED3DCD-7A70-4F83-9BC0-0EB37B2EB469"}],"idsInOrderRow3":[{"id":"50547DDB-98D4-45F4-B86D-89FE4B1A6328"},{"id":"E2AAA859-68CD-45EC-AA2A-248B52E54C92"},{"id":"B22F82F7-5E2A-4A12-AB39-791DB8C27C98"},{"id":"3383ABFB-31BF-4817-B754-60F63151D241"}],"idsInOrderRow5":[{"id":"3984651F-402B-4987-8A2B-EFB88418ED22"},{"id":"32B0A282-884D-4A5F-890D-078063C1E8A2"},{"id":"D14DA422-D9F0-49D4-A62C-CACBF63A4B8C"},{"id":"B6563448-8043-4BBC-86EC-D27FF35DCC69"}]}},"mouse":{"isEnableSub":false,"sectionDetail":{"section":{"mouse":{}},"deviceDetail":{"device_name":"mouse","is_product_id_Enabled":false,"product_id":"product_id","is_vendor_id_Enabled":false,"location_id":"location_id","vendor_id":"vendor_id","is_builtin_keyboard":false,"is_location_id_Enabled":false}},"subRows":{"idsInOrderRow3":[{"id":"A6C1C24C-A6BB-4A37-B2AE-1B7688728551"}],"idsInOrderRow5":[{"id":"ED4FFE4C-1580-4BC0-B27A-85097F1C4888"}],"row2":[{"id":"4C4CE9FB-B814-4D1A-B79C-CCF4294E23CC","toDetailCollection":{},"fromDetail":{"display":"A","output":{"letter_keys":{"_0":"a"}}}}],"idsInOrderRow2":[{"id":"4C4CE9FB-B814-4D1A-B79C-CCF4294E23CC"}],"enableArrowKeys":false,"idsInOrderRow4":[{"id":"017D8C37-51BA-4710-B8A6-5C337CCBA401"}],"arrow_down":{"fromDetail":{"isSFSymbol":true,"output":{"arrow_keys":{"_0":"down_arrow"}},"display":"arrowtriangle.down.fill"},"id":"CC0B0457-3FAE-471C-99B9-A7603E381DD2","toDetailCollection":{},"keyShape":"arrow_Down"},"arrow_right":{"keyShape":"arrow_LR","id":"3F5F86A7-95FB-4E99-9CEC-060EA6CD8739","toDetailCollection":{},"fromDetail":{"display":"arrowtriangle.right.fill","output":{"arrow_keys":{"_0":"right_arrow"}},"isSFSymbol":true}},"arrow_left":{"fromDetail":{"isSFSymbol":true,"display":"arrowtriangle.left.fill","output":{"arrow_keys":{"_0":"left_arrow"}}},"toDetailCollection":{},"keyShape":"arrow_LR","id":"69DE6FB4-B7E8-4574-85A6-565CC573DBCD"},"rowIndex_arrow":{"row6":{}},"row3":[{"fromDetail":{"output":{"letter_keys":{"_0":"a"}},"display":"A"},"toDetailCollection":{},"id":"A6C1C24C-A6BB-4A37-B2AE-1B7688728551"}],"row4":[{"fromDetail":{"display":"A","output":{"letter_keys":{"_0":"a"}}},"toDetailCollection":{},"id":"017D8C37-51BA-4710-B8A6-5C337CCBA401"}],"idsInOrderRow1":[{"id":"E9A2A4E2-CEDF-44E7-95DC-95AB4670C1CF"}],"row1":[{"id":"E9A2A4E2-CEDF-44E7-95DC-95AB4670C1CF","fromDetail":{"display":"A","output":{"letter_keys":{"_0":"a"}}},"toDetailCollection":{}}],"idsInOrderRow6":[{"id":"88C3242E-BF16-491C-B365-83480C456149"}],"row5":[{"toDetailCollection":{},"id":"ED4FFE4C-1580-4BC0-B27A-85097F1C4888","fromDetail":{"output":{"letter_keys":{"_0":"a"}},"display":"A"}}],"row6":[{"fromDetail":{"output":{"letter_keys":{"_0":"a"}},"display":"A"},"toDetailCollection":{},"id":"88C3242E-BF16-491C-B365-83480C456149"}],"arrow_up":{"keyShape":"arrow_Up","fromDetail":{"isSFSymbol":true,"output":{"arrow_keys":{"_0":"up_arrow"}},"display":"arrowtriangle.up.fill"},"id":"A5BFF3FA-EC65-4B3A-B72A-6CACC6F4BB1E","toDetailCollection":{}}},"tenkeyRows":{"row3":[{"id":"3C9FA712-E574-4F78-9347-320CAB1C4ADE","toDetailCollection":{},"fromDetail":{"output":{"letter_keys":{"_0":"a"}},"display":"A"}}],"idsInOrderRow4":[{"id":"80E50AED-BC95-4A1B-B9A6-2D76EF096961"}],"idsInOrderRow5":[{"id":"CEB01C95-4B86-454D-B627-6A90A006B2DF"}],"idsInOrderRow2":[{"id":"E9AB1549-1294-451C-BDC0-B078C18C0B1D"}],"enableArrowKeys":false,"arrow_left":{"fromDetail":{"isSFSymbol":true,"display":"arrowtriangle.left.fill","output":{"arrow_keys":{"_0":"left_arrow"}}},"toDetailCollection":{},"id":"EA2971E3-ADDA-455D-876C-D28A88D5EF00","keyShape":"arrow_LR"},"rowIndex_arrow":{"row6":{}},"row1":[{"toDetailCollection":{},"id":"D96F7627-8769-4B7B-A74E-D468E836ACCF","fromDetail":{"display":"A","output":{"letter_keys":{"_0":"a"}}}}],"row6":[{"toDetailCollection":{},"id":"D12D9DC3-7022-4EFC-A087-1095E2716B9F","fromDetail":{"output":{"letter_keys":{"_0":"a"}},"display":"A"}}],"arrow_down":{"keyShape":"arrow_Down","fromDetail":{"isSFSymbol":true,"output":{"arrow_keys":{"_0":"down_arrow"}},"display":"arrowtriangle.down.fill"},"toDetailCollection":{},"id":"F8CA096A-FAB7-454D-809B-73122F2BD24E"},"row4":[{"fromDetail":{"display":"A","output":{"letter_keys":{"_0":"a"}}},"toDetailCollection":{},"id":"80E50AED-BC95-4A1B-B9A6-2D76EF096961"}],"idsInOrderRow1":[{"id":"D96F7627-8769-4B7B-A74E-D468E836ACCF"}],"row5":[{"fromDetail":{"output":{"letter_keys":{"_0":"a"}},"display":"A"},"toDetailCollection":{},"id":"CEB01C95-4B86-454D-B627-6A90A006B2DF"}],"arrow_up":{"toDetailCollection":{},"keyShape":"arrow_Up","id":"93617055-30B6-4E9B-98D8-53F811684019","fromDetail":{"display":"arrowtriangle.up.fill","output":{"arrow_keys":{"_0":"up_arrow"}},"isSFSymbol":true}},"arrow_right":{"keyShape":"arrow_LR","fromDetail":{"output":{"arrow_keys":{"_0":"right_arrow"}},"display":"arrowtriangle.right.fill","isSFSymbol":true},"id":"3FB0FB07-2118-48EA-9E16-DC4E9985A4E5","toDetailCollection":{}},"idsInOrderRow6":[{"id":"D12D9DC3-7022-4EFC-A087-1095E2716B9F"}],"row2":[{"fromDetail":{"output":{"letter_keys":{"_0":"a"}},"display":"A"},"id":"E9AB1549-1294-451C-BDC0-B078C18C0B1D","toDetailCollection":{}}],"idsInOrderRow3":[{"id":"3C9FA712-E574-4F78-9347-320CAB1C4ADE"}]},"isEnableTenkey":false,"isEnableMain":true,"mainRows":{"row3":[{"toDetailCollection":{},"fromDetail":{"output":{"letter_keys":{"_0":"a"}},"display":"A"},"id":"C2A1327A-52A9-4F08-A4D6-C061C7544C17","isSpacer":true}],"idsInOrderRow2":[{"id":"17536AD1-3CC6-40F4-9027-227C6E539672"},{"id":"AC719489-873B-4480-90D5-DA832F5D56C3"}],"idsInOrderRow6":[],"arrow_right":{"keyShape":"arrow_LR","id":"79BABC5A-B36E-4BA9-9241-458A991A1A39","fromDetail":{"isSFSymbol":true,"output":{"arrow_keys":{"_0":"right_arrow"}},"display":"arrowtriangle.right.fill"},"toDetailCollection":{}},"enableArrowKeys":false,"row5":[],"idsInOrderRow3":[{"id":"C2A1327A-52A9-4F08-A4D6-C061C7544C17"}],"row1":[{"id":"73B1AD84-F1DB-4E86-BF41-0F221DA2DE43","fromDetail":{"display":"R click","output":{"mouse_buttons":{"_0":"button2"}}},"toDetailCollection":{}},{"id":"240AB7A2-A818-4BCA-B034-C04294BA1AB0","fromDetail":{"display":"L click","output":{"mouse_buttons":{"_0":"button1"}}},"toDetailCollection":{}}],"idsInOrderRow5":[],"row2":[{"id":"AC719489-873B-4480-90D5-DA832F5D56C3","fromDetail":{"output":{"mouse_buttons":{"_0":"button3"}},"display":"M click"},"toDetailCollection":{}},{"id":"17536AD1-3CC6-40F4-9027-227C6E539672","fromDetail":{"output":{"letter_keys":{"_0":"a"}},"display":"A"},"unitSize":0.5,"isSpacer":true,"toDetailCollection":{}}],"arrow_up":{"fromDetail":{"display":"arrowtriangle.up.fill","output":{"arrow_keys":{"_0":"up_arrow"}},"isSFSymbol":true},"toDetailCollection":{},"keyShape":"arrow_Up","id":"C69A3D33-6AF1-4B9A-B21D-73BA22F186E1"},"rowIndex_arrow":{"row6":{}},"idsInOrderRow1":[{"id":"240AB7A2-A818-4BCA-B034-C04294BA1AB0"},{"id":"73B1AD84-F1DB-4E86-BF41-0F221DA2DE43"}],"row6":[],"row4":[{"isSpacer":true,"toDetailCollection":{},"id":"B14A57E3-D8F4-45AE-9137-072035EBE15B","fromDetail":{"display":"A","output":{"letter_keys":{"_0":"a"}}}}],"arrow_down":{"fromDetail":{"display":"arrowtriangle.down.fill","isSFSymbol":true,"output":{"arrow_keys":{"_0":"down_arrow"}}},"id":"88B7238C-5DC6-49A8-B567-A9B3376B9B64","keyShape":"arrow_Down","toDetailCollection":{}},"arrow_left":{"keyShape":"arrow_LR","toDetailCollection":{},"id":"2ADAA298-AB23-4FB2-8110-4D05FD966EF9","fromDetail":{"display":"arrowtriangle.left.fill","isSFSymbol":true,"output":{"arrow_keys":{"_0":"left_arrow"}}}},"idsInOrderRow4":[{"id":"B14A57E3-D8F4-45AE-9137-072035EBE15B"}]}},"validSections":{"sections":[{"main":{}}]},"keycodeRegion":"ISO"}}