{"keymap":{"validSections":{"sections":[{"main":{}}]},"other":{"subRows":{"rowIndex_arrow":{"row6":{}},"arrow_left":{"toDetailCollection":{},"id":"919AFFA8-28F3-45A2-AD9C-FF0D3A7E6D52","fromDetail":{"output":{"arrow_keys":{"_0":"left_arrow"}},"isSFSymbol":true,"display":"arrowtriangle.left.fill"},"keyShape":"arrow_LR"},"idsInOrderRow5":[{"id":"D848D0DD-F649-4216-B3A9-7C7DF58D5C65"},{"id":"8082CFF2-8A01-431D-B252-7FAA3CD6DABA"}],"idsInOrderRow6":[{"id":"0F96A693-7BE1-45DC-83FD-02B5E827902E"},{"id":"932A0A25-40DD-4B36-9D15-AA35D971ABA5"},{"id":"7DDFF9FF-90CB-4CF5-885C-CC80FCDA1222"}],"row4":[],"idsInOrderRow2":[{"id":"ABF5C306-F8A6-46DC-86E3-8CCB6D4B7DD9"},{"id":"9A19FEAF-FEE6-4326-B928-518C2AFB0629"},{"id":"50B0BE63-3CE7-45C4-B4E9-99B58A2FBD61"}],"arrow_up":{"fromDetail":{"output":{"arrow_keys":{"_0":"up_arrow"}},"display":"arrowtriangle.up.fill","isSFSymbol":true},"keyShape":"arrow_Up","toDetailCollection":{},"id":"3FB09157-D261-48BD-8A75-FB000F9C74CA"},"idsInOrderRow1":[{"id":"953ED989-AED3-4436-B2FC-D147F04F26C3"},{"id":"9BA9BC68-EFD1-49EF-9604-F58D6AF00B38"},{"id":"86A4EEAE-029E-446B-97B1-5AFDC108B019"}],"row2":[{"fromDetail":{"output":{"arrow_keys":{"_0":"home"}},"isSFSymbol":true,"display":"arrow.up.to.line"},"toDetailCollection":{},"id":"9A19FEAF-FEE6-4326-B928-518C2AFB0629"},{"toDetailCollection":{},"id":"ABF5C306-F8A6-46DC-86E3-8CCB6D4B7DD9","fromDetail":{"display":"text.insert","output":{"keys_in_pc_keyboards":{"_0":"insert"}},"isSFSymbol":true}},{"toDetailCollection":{},"id":"50B0BE63-3CE7-45C4-B4E9-99B58A2FBD61","fromDetail":{"output":{"arrow_keys":{"_0":"page_up"}},"isSFSymbol":true,"display":"arrow.up"}}],"arrow_down":{"toDetailCollection":{},"id":"90A95665-DDF0-48DE-A235-8B25524405C9","keyShape":"arrow_Down","fromDetail":{"output":{"arrow_keys":{"_0":"down_arrow"}},"isSFSymbol":true,"display":"arrowtriangle.down.fill"}},"row3":[{"toDetailCollection":{},"id":"B2B30754-A919-444B-B05F-1051410E24FD","fromDetail":{"display":"arrow.down.to.line","output":{"arrow_keys":{"_0":"end"}},"isSFSymbol":true}},{"fromDetail":{"output":{"controls_and_symbols":{"_0":"delete_forward"}},"display":"delete.right","isSFSymbol":true},"id":"BA618790-F304-45B1-B022-735B44E3527C","toDetailCollection":{}},{"id":"0A92E137-4302-4C1A-B0F6-2C6795CF7E78","toDetailCollection":{},"fromDetail":{"display":"arrow.down","isSFSymbol":true,"output":{"arrow_keys":{"_0":"page_down"}}}}],"arrow_right":{"id":"27EEE0B6-BEA3-46D0-B868-2C2663F00EE8","keyShape":"arrow_LR","fromDetail":{"display":"arrowtriangle.right.fill","isSFSymbol":true,"output":{"arrow_keys":{"_0":"right_arrow"}}},"toDetailCollection":{}},"row6":[{"id":"7DDFF9FF-90CB-4CF5-885C-CC80FCDA1222","fromDetail":{"display":"arrowtriangle.right.fill","output":{"arrow_keys":{"_0":"right_arrow"}},"isSFSymbol":true},"toDetailCollection":{}},{"fromDetail":{"isSFSymbol":true,"output":{"arrow_keys":{"_0":"down_arrow"}},"display":"arrowtriangle.down.fill"},"id":"932A0A25-40DD-4B36-9D15-AA35D971ABA5","toDetailCollection":{}},{"fromDetail":{"display":"arrowtriangle.left.fill","isSFSymbol":true,"output":{"arrow_keys":{"_0":"left_arrow"}}},"id":"0F96A693-7BE1-45DC-83FD-02B5E827902E","toDetailCollection":{}}],"row5":[{"fromDetail":{"display":"A","output":{"letter_keys":{"_0":"a"}}},"id":"D848D0DD-F649-4216-B3A9-7C7DF58D5C65","isSpacer":true,"toDetailCollection":{}},{"id":"8082CFF2-8A01-431D-B252-7FAA3CD6DABA","fromDetail":{"display":"arrowtriangle.up.fill","isSFSymbol":true,"output":{"arrow_keys":{"_0":"up_arrow"}}},"toDetailCollection":{}}],"row1":[{"fromDetail":{"display":"F15","output":{"function_keys":{"_0":"f15"}}},"toDetailCollection":{},"id":"86A4EEAE-029E-446B-97B1-5AFDC108B019"},{"toDetailCollection":{},"fromDetail":{"output":{"function_keys":{"_0":"f14"}},"display":"F14"},"id":"9BA9BC68-EFD1-49EF-9604-F58D6AF00B38"},{"fromDetail":{"display":"F13","output":{"function_keys":{"_0":"f13"}}},"id":"953ED989-AED3-4436-B2FC-D147F04F26C3","toDetailCollection":{}}],"idsInOrderRow3":[{"id":"BA618790-F304-45B1-B022-735B44E3527C"},{"id":"B2B30754-A919-444B-B05F-1051410E24FD"},{"id":"0A92E137-4302-4C1A-B0F6-2C6795CF7E78"}],"idsInOrderRow4":[],"enableArrowKeys":false},"tenkeyRows":{"rowIndex_arrow":{"row6":{}},"arrow_up":{"keyShape":"arrow_Up","fromDetail":{"isSFSymbol":true,"display":"arrowtriangle.up.fill","output":{"arrow_keys":{"_0":"up_arrow"}}},"id":"76736C95-D3AD-4EF5-A141-A044C089F2C0","toDetailCollection":{}},"arrow_right":{"id":"778C5BB3-D28F-4D1E-BB4B-6DEF6D6CC8D4","keyShape":"arrow_LR","toDetailCollection":{},"fromDetail":{"output":{"arrow_keys":{"_0":"right_arrow"}},"display":"arrowtriangle.right.fill","isSFSymbol":true}},"idsInOrderRow4":[{"id":"DFE5651E-9789-4011-BA34-E4EE2ED7FFE8"},{"id":"F9611181-376A-44D1-AE91-5E64099607A3"},{"id":"01AE9D99-79AA-4A11-9AC4-A5C6FDF6FF18"},{"id":"9497375A-1E76-449A-9272-9E9B441867E2"}],"idsInOrderRow5":[{"id":"87A2B504-F12C-4EE5-8ED9-04948273EDF0"},{"id":"D66CB53B-6A5D-4C00-9AB2-E8ACB6BBBA03"},{"id":"9C64E402-DA7F-4CE8-928B-B53C952B60E7"},{"id":"D1960609-FC14-4BDC-8CCF-75D53619BC93"}],"row1":[{"toDetailCollection":{},"id":"52EA3AD0-0AB1-41BD-A16A-02E5ACAC731F","fromDetail":{"output":{"function_keys":{"_0":"f19"}},"display":"F19"}},{"fromDetail":{"display":"F17","output":{"function_keys":{"_0":"f17"}}},"id":"2FCA1EA4-78D8-4E44-8346-725F38360F52","toDetailCollection":{}},{"toDetailCollection":{},"fromDetail":{"output":{"function_keys":{"_0":"f16"}},"display":"F16"},"id":"C0590624-D07C-49F8-B276-49B5E4AD7E5B"},{"toDetailCollection":{},"fromDetail":{"display":"F18","output":{"function_keys":{"_0":"f18"}}},"id":"310D56F9-11F0-4AFB-915B-2DC545DFDB6E"}],"idsInOrderRow2":[{"id":"8970D222-ACA5-4F22-9F9B-160F6AFE46EE"},{"id":"D5DC0339-4AC6-4C73-90F8-8DBA1553C285"},{"id":"145C3A17-B26F-47DC-B83A-557D0967115B"},{"id":"D18E9D3E-243E-41B5-A654-BB2FB81BD9A9"}],"row2":[{"fromDetail":{"output":{"keypad_keys":{"_0":"keypad_equal_sign"}},"display":"="},"toDetailCollection":{},"id":"D5DC0339-4AC6-4C73-90F8-8DBA1553C285"},{"fromDetail":{"display":"*","output":{"keypad_keys":{"_0":"keypad_asterisk"}}},"toDetailCollection":{},"id":"D18E9D3E-243E-41B5-A654-BB2FB81BD9A9"},{"toDetailCollection":{},"fromDetail":{"display":"clear","output":{"others":{"_0":"clear"}}},"id":"8970D222-ACA5-4F22-9F9B-160F6AFE46EE"},{"toDetailCollection":{},"fromDetail":{"display":"\/","output":{"keypad_keys":{"_0":"keypad_slash"}}},"id":"145C3A17-B26F-47DC-B83A-557D0967115B"}],"idsInOrderRow1":[{"id":"C0590624-D07C-49F8-B276-49B5E4AD7E5B"},{"id":"2FCA1EA4-78D8-4E44-8346-725F38360F52"},{"id":"310D56F9-11F0-4AFB-915B-2DC545DFDB6E"},{"id":"52EA3AD0-0AB1-41BD-A16A-02E5ACAC731F"}],"idsInOrderRow6":[{"id":"E7950217-0C63-4FEF-900A-16EDC610707E"},{"id":"EB85F305-CD6F-4E81-98A5-E678C4535D03"}],"enableArrowKeys":false,"arrow_left":{"keyShape":"arrow_LR","toDetailCollection":{},"id":"9779E290-2B00-4401-894C-27D4B17061B2","fromDetail":{"display":"arrowtriangle.left.fill","isSFSymbol":true,"output":{"arrow_keys":{"_0":"left_arrow"}}}},"row3":[{"id":"4B0F7529-FCD5-4262-B452-AE88E4126EA4","toDetailCollection":{},"fromDetail":{"output":{"keypad_keys":{"_0":"keypad_9"}},"display":"9"}},{"id":"C84687F6-D13D-4315-9C60-7C69DAF4CFFA","fromDetail":{"output":{"keypad_keys":{"_0":"keypad_7"}},"display":"7"},"toDetailCollection":{}},{"id":"D9CF7A0E-5688-49DE-B284-D9F41D50E7AD","fromDetail":{"display":"8","output":{"keypad_keys":{"_0":"keypad_8"}}},"toDetailCollection":{}},{"toDetailCollection":{},"id":"41295750-E35E-437E-B3E4-609FF27A2795","fromDetail":{"display":"-","output":{"keypad_keys":{"_0":"keypad_hyphen"}}}}],"row5":[{"id":"D1960609-FC14-4BDC-8CCF-75D53619BC93","fromDetail":{"isSFSymbol":true,"display":"projective","output":{"keypad_keys":{"_0":"keypad_enter"}}},"toDetailCollection":{},"keyShape":"enter_Tenkey"},{"id":"9C64E402-DA7F-4CE8-928B-B53C952B60E7","fromDetail":{"output":{"keypad_keys":{"_0":"keypad_3"}},"display":"3"},"toDetailCollection":{}},{"fromDetail":{"output":{"keypad_keys":{"_0":"keypad_1"}},"display":"1"},"toDetailCollection":{},"id":"87A2B504-F12C-4EE5-8ED9-04948273EDF0"},{"fromDetail":{"display":"2","output":{"keypad_keys":{"_0":"keypad_2"}}},"id":"D66CB53B-6A5D-4C00-9AB2-E8ACB6BBBA03","toDetailCollection":{}}],"row6":[{"id":"E7950217-0C63-4FEF-900A-16EDC610707E","fromDetail":{"output":{"keypad_keys":{"_0":"keypad_0"}},"display":"0"},"toDetailCollection":{},"unitSize":2},{"fromDetail":{"output":{"keypad_keys":{"_0":"keypad_period"}},"display":"."},"toDetailCollection":{},"id":"EB85F305-CD6F-4E81-98A5-E678C4535D03"}],"arrow_down":{"fromDetail":{"display":"arrowtriangle.down.fill","output":{"arrow_keys":{"_0":"down_arrow"}},"isSFSymbol":true},"toDetailCollection":{},"keyShape":"arrow_Down","id":"3DE34725-52FF-4ABB-8935-525E4F1EE4EE"},"idsInOrderRow3":[{"id":"C84687F6-D13D-4315-9C60-7C69DAF4CFFA"},{"id":"D9CF7A0E-5688-49DE-B284-D9F41D50E7AD"},{"id":"4B0F7529-FCD5-4262-B452-AE88E4126EA4"},{"id":"41295750-E35E-437E-B3E4-609FF27A2795"}],"row4":[{"fromDetail":{"output":{"keypad_keys":{"_0":"keypad_4"}},"display":"4"},"id":"DFE5651E-9789-4011-BA34-E4EE2ED7FFE8","toDetailCollection":{}},{"id":"01AE9D99-79AA-4A11-9AC4-A5C6FDF6FF18","fromDetail":{"display":"6","output":{"keypad_keys":{"_0":"keypad_6"}}},"toDetailCollection":{}},{"fromDetail":{"output":{"keypad_keys":{"_0":"keypad_plus"}},"display":"+"},"toDetailCollection":{},"id":"9497375A-1E76-449A-9272-9E9B441867E2"},{"fromDetail":{"display":"5","output":{"keypad_keys":{"_0":"keypad_5"}}},"toDetailCollection":{},"id":"F9611181-376A-44D1-AE91-5E64099607A3"}]},"sectionDetail":{"section":{"other":{}},"deviceDetail":{"is_location_id_Enabled":false,"is_product_id_Enabled":false,"is_vendor_id_Enabled":false,"vendor_id":"vendor_id","is_builtin_keyboard":false,"device_name":"otherDevice","location_id":"location_id","product_id":"product_id"}},"isEnableMain":true,"mainRows":{"row6":[{"id":"27A9F3B2-4AD3-4F1F-B9CF-F7ABC08ADD28","toDetailCollection":{},"fromDetail":{"display":".","output":{"keypad_keys":{"_0":"keypad_period"}}}},{"unitSize":2,"toDetailCollection":{},"id":"9471DB5D-F211-4EDA-ABB8-F2ABB3024D67","fromDetail":{"display":"0","output":{"keypad_keys":{"_0":"keypad_0"}}}}],"idsInOrderRow2":[{"id":"DBD1F640-9A31-41B9-9E10-560446E72E3E"},{"id":"57CD2784-D092-484B-B382-C7E46ABEF62D"},{"id":"9A43B672-F0C0-464B-AB1C-5112F38E6534"},{"id":"18E35454-270F-4C34-9AB7-49EA2A1FF38F"}],"idsInOrderRow5":[{"id":"8428AB6F-4A68-4AFD-9E1A-4DA603B8502D"},{"id":"65DFF439-EBC2-4E10-A17F-561C1A0D273B"},{"id":"3296B5CB-EF26-49D4-A73C-7BA1E53DFABE"},{"id":"F1BBD53E-1E46-4FC0-9FF0-9A77085C6D29"}],"arrow_right":{"fromDetail":{"display":"arrowtriangle.right.fill","isSFSymbol":true,"output":{"arrow_keys":{"_0":"right_arrow"}}},"id":"A88DA221-804B-46C1-B311-083ABBF92D59","toDetailCollection":{},"keyShape":"arrow_LR"},"idsInOrderRow4":[{"id":"D6E35F0D-272C-4F8F-830F-AFD4EFFCA096"},{"id":"EFB33CCD-D6C7-4599-A939-8DFC2267936C"},{"id":"A1C0FA70-09BA-42D9-AA12-368AD33E31B9"},{"id":"3D8F0C7D-6E2F-416C-8275-FA27A2B87900"}],"row4":[{"fromDetail":{"display":"+","output":{"keypad_keys":{"_0":"keypad_plus"}}},"toDetailCollection":{},"id":"3D8F0C7D-6E2F-416C-8275-FA27A2B87900"},{"toDetailCollection":{},"id":"A1C0FA70-09BA-42D9-AA12-368AD33E31B9","fromDetail":{"output":{"keypad_keys":{"_0":"keypad_6"}},"display":"6"}},{"id":"EFB33CCD-D6C7-4599-A939-8DFC2267936C","fromDetail":{"output":{"keypad_keys":{"_0":"keypad_5"}},"display":"5"},"toDetailCollection":{}},{"toDetailCollection":{},"id":"D6E35F0D-272C-4F8F-830F-AFD4EFFCA096","fromDetail":{"display":"4","output":{"keypad_keys":{"_0":"keypad_4"}}}}],"arrow_down":{"keyShape":"arrow_Down","toDetailCollection":{},"fromDetail":{"display":"arrowtriangle.down.fill","output":{"arrow_keys":{"_0":"down_arrow"}},"isSFSymbol":true},"id":"2552D0F3-5397-4420-A658-D32DF9793B32"},"row2":[{"toDetailCollection":{},"id":"DBD1F640-9A31-41B9-9E10-560446E72E3E","fromDetail":{"output":{"others":{"_0":"clear"}},"display":"clear"}},{"fromDetail":{"output":{"keypad_keys":{"_0":"keypad_equal_sign"}},"display":"="},"toDetailCollection":{},"id":"57CD2784-D092-484B-B382-C7E46ABEF62D"},{"fromDetail":{"display":"*","output":{"keypad_keys":{"_0":"keypad_asterisk"}}},"toDetailCollection":{},"id":"18E35454-270F-4C34-9AB7-49EA2A1FF38F"},{"fromDetail":{"output":{"keypad_keys":{"_0":"keypad_slash"}},"display":"\/"},"id":"9A43B672-F0C0-464B-AB1C-5112F38E6534","toDetailCollection":{}}],"idsInOrderRow6":[{"id":"9471DB5D-F211-4EDA-ABB8-F2ABB3024D67"},{"id":"27A9F3B2-4AD3-4F1F-B9CF-F7ABC08ADD28"}],"row3":[{"toDetailCollection":{},"id":"555DBF44-2559-4C81-94A8-45F54C42287E","fromDetail":{"display":"-","output":{"keypad_keys":{"_0":"keypad_hyphen"}}}},{"toDetailCollection":{},"id":"1F32D110-7DD4-48C3-B15A-EA3369C0F827","fromDetail":{"output":{"keypad_keys":{"_0":"keypad_9"}},"display":"9"}},{"fromDetail":{"display":"8","output":{"keypad_keys":{"_0":"keypad_8"}}},"toDetailCollection":{},"id":"79792C6B-206C-49A4-9B46-E148DE9C1E27"},{"id":"F8736734-02AB-4BE7-BF28-B145D9237A3B","toDetailCollection":{},"fromDetail":{"display":"7","output":{"keypad_keys":{"_0":"keypad_7"}}}}],"row5":[{"keyShape":"enter_Tenkey","id":"F1BBD53E-1E46-4FC0-9FF0-9A77085C6D29","toDetailCollection":{},"fromDetail":{"display":"projective","isSFSymbol":true,"output":{"keypad_keys":{"_0":"keypad_enter"}}}},{"fromDetail":{"output":{"keypad_keys":{"_0":"keypad_3"}},"display":"3"},"toDetailCollection":{},"id":"3296B5CB-EF26-49D4-A73C-7BA1E53DFABE"},{"toDetailCollection":{},"id":"65DFF439-EBC2-4E10-A17F-561C1A0D273B","fromDetail":{"output":{"keypad_keys":{"_0":"keypad_2"}},"display":"2"}},{"id":"8428AB6F-4A68-4AFD-9E1A-4DA603B8502D","fromDetail":{"display":"1","output":{"keypad_keys":{"_0":"keypad_1"}}},"toDetailCollection":{}}],"enableArrowKeys":false,"arrow_left":{"fromDetail":{"display":"arrowtriangle.left.fill","output":{"arrow_keys":{"_0":"left_arrow"}},"isSFSymbol":true},"id":"AC542828-0135-42C6-A257-4275FA40C367","toDetailCollection":{},"keyShape":"arrow_LR"},"arrow_up":{"toDetailCollection":{},"keyShape":"arrow_Up","fromDetail":{"output":{"arrow_keys":{"_0":"up_arrow"}},"display":"arrowtriangle.up.fill","isSFSymbol":true},"id":"088DCC43-4E13-4778-BE6E-69072F2B07E9"},"row1":[{"id":"25AC5B80-8247-4BF7-8693-4EAD8B3B5E0E","fromDetail":{"output":{"function_keys":{"_0":"f19"}},"display":"F19"},"toDetailCollection":{}},{"fromDetail":{"output":{"function_keys":{"_0":"f18"}},"display":"F18"},"id":"BC6CF2A1-92F5-4114-8E59-606526B607E3","toDetailCollection":{}},{"id":"7E80C718-7B87-47DF-B8DE-ED0D7EF9B8D7","fromDetail":{"display":"F17","output":{"function_keys":{"_0":"f17"}}},"toDetailCollection":{}},{"id":"CA13FB3E-BAB4-4428-855F-FB676B500D01","fromDetail":{"display":"F16","output":{"function_keys":{"_0":"f16"}}},"toDetailCollection":{}}],"rowIndex_arrow":{"row6":{}},"idsInOrderRow1":[{"id":"CA13FB3E-BAB4-4428-855F-FB676B500D01"},{"id":"7E80C718-7B87-47DF-B8DE-ED0D7EF9B8D7"},{"id":"BC6CF2A1-92F5-4114-8E59-606526B607E3"},{"id":"25AC5B80-8247-4BF7-8693-4EAD8B3B5E0E"}],"idsInOrderRow3":[{"id":"F8736734-02AB-4BE7-BF28-B145D9237A3B"},{"id":"79792C6B-206C-49A4-9B46-E148DE9C1E27"},{"id":"1F32D110-7DD4-48C3-B15A-EA3369C0F827"},{"id":"555DBF44-2559-4C81-94A8-45F54C42287E"}]},"isEnableSub":false,"isEnableTenkey":false},"keycodeRegion":"ANSI","mouse":{"isEnableMain":true,"isEnableSub":false,"sectionDetail":{"section":{"mouse":{}},"deviceDetail":{"is_product_id_Enabled":false,"vendor_id":"vendor_id","is_vendor_id_Enabled":false,"is_location_id_Enabled":false,"location_id":"location_id","device_name":"mouse","is_builtin_keyboard":false,"product_id":"product_id"}},"mainRows":{"row2":[{"toDetailCollection":{},"id":"4E7ACDC0-291E-4503-B742-35CED70D2C11","fromDetail":{"display":"M click","output":{"mouse_buttons":{"_0":"button3"}}}},{"unitSize":0.5,"id":"14931D2A-69EC-4DC7-AC7D-52FF32D6BDB4","isSpacer":true,"fromDetail":{"display":"A","output":{"letter_keys":{"_0":"a"}}},"toDetailCollection":{}}],"arrow_down":{"keyShape":"arrow_Down","fromDetail":{"display":"arrowtriangle.down.fill","output":{"arrow_keys":{"_0":"down_arrow"}},"isSFSymbol":true},"id":"FF65F099-2C2B-4C7F-81FB-30E0016865B5","toDetailCollection":{}},"idsInOrderRow5":[],"row4":[{"toDetailCollection":{},"fromDetail":{"display":"A","output":{"letter_keys":{"_0":"a"}}},"isSpacer":true,"id":"45CB8DB0-38F3-48D8-8944-1F8CFD6F366D"}],"idsInOrderRow4":[{"id":"45CB8DB0-38F3-48D8-8944-1F8CFD6F366D"}],"idsInOrderRow2":[{"id":"14931D2A-69EC-4DC7-AC7D-52FF32D6BDB4"},{"id":"4E7ACDC0-291E-4503-B742-35CED70D2C11"}],"idsInOrderRow1":[{"id":"5E0A0D56-BFF5-40CA-AB1A-D4D989BD222D"},{"id":"9A9EE9B1-C4A9-49AA-B9F1-3170EFC03035"}],"arrow_up":{"keyShape":"arrow_Up","toDetailCollection":{},"fromDetail":{"display":"arrowtriangle.up.fill","isSFSymbol":true,"output":{"arrow_keys":{"_0":"up_arrow"}}},"id":"818DB5E1-DBBB-417E-B3A5-DBC21817829E"},"enableArrowKeys":false,"idsInOrderRow3":[{"id":"B4B4DDBD-E1DA-4B1C-A6DD-26B240B28708"}],"row6":[],"row3":[{"fromDetail":{"display":"A","output":{"letter_keys":{"_0":"a"}}},"id":"B4B4DDBD-E1DA-4B1C-A6DD-26B240B28708","toDetailCollection":{},"isSpacer":true}],"row1":[{"id":"5E0A0D56-BFF5-40CA-AB1A-D4D989BD222D","fromDetail":{"output":{"mouse_buttons":{"_0":"button1"}},"display":"L click"},"toDetailCollection":{}},{"toDetailCollection":{},"fromDetail":{"display":"R click","output":{"mouse_buttons":{"_0":"button2"}}},"id":"9A9EE9B1-C4A9-49AA-B9F1-3170EFC03035"}],"arrow_right":{"keyShape":"arrow_LR","id":"2827D7BD-B659-4C0E-9B44-6822CC52D326","toDetailCollection":{},"fromDetail":{"output":{"arrow_keys":{"_0":"right_arrow"}},"display":"arrowtriangle.right.fill","isSFSymbol":true}},"idsInOrderRow6":[],"row5":[],"arrow_left":{"fromDetail":{"display":"arrowtriangle.left.fill","isSFSymbol":true,"output":{"arrow_keys":{"_0":"left_arrow"}}},"keyShape":"arrow_LR","toDetailCollection":{},"id":"E038DC56-B6B7-4949-B846-9534807E0BA2"},"rowIndex_arrow":{"row6":{}}},"subRows":{"arrow_up":{"id":"491FD673-E46B-4014-96B2-C22F5917F0FC","toDetailCollection":{},"fromDetail":{"output":{"arrow_keys":{"_0":"up_arrow"}},"display":"arrowtriangle.up.fill","isSFSymbol":true},"keyShape":"arrow_Up"},"row4":[{"fromDetail":{"display":"A","output":{"letter_keys":{"_0":"a"}}},"toDetailCollection":{},"id":"DBDA5753-588D-4D6B-AFC3-4C36A3D5E1D3"}],"arrow_down":{"id":"9B1C9552-1A6E-4ED4-AEA0-98D5AE0592A8","toDetailCollection":{},"keyShape":"arrow_Down","fromDetail":{"output":{"arrow_keys":{"_0":"down_arrow"}},"isSFSymbol":true,"display":"arrowtriangle.down.fill"}},"idsInOrderRow4":[{"id":"DBDA5753-588D-4D6B-AFC3-4C36A3D5E1D3"}],"arrow_right":{"id":"F85E061C-9129-4D53-A060-0E842B951181","toDetailCollection":{},"keyShape":"arrow_LR","fromDetail":{"display":"arrowtriangle.right.fill","output":{"arrow_keys":{"_0":"right_arrow"}},"isSFSymbol":true}},"row2":[{"toDetailCollection":{},"fromDetail":{"display":"A","output":{"letter_keys":{"_0":"a"}}},"id":"93BC63B2-AC14-4E2C-8F37-0B8BEF27708A"}],"row3":[{"id":"CD364098-619F-4351-93A5-CDC55226CEEE","toDetailCollection":{},"fromDetail":{"display":"A","output":{"letter_keys":{"_0":"a"}}}}],"row6":[{"toDetailCollection":{},"fromDetail":{"display":"A","output":{"letter_keys":{"_0":"a"}}},"id":"38641288-8822-41D0-89CE-D3F5A6A560D7"}],"idsInOrderRow1":[{"id":"29E6E483-54E0-4F7A-912C-B8630011A8FF"}],"idsInOrderRow3":[{"id":"CD364098-619F-4351-93A5-CDC55226CEEE"}],"idsInOrderRow6":[{"id":"38641288-8822-41D0-89CE-D3F5A6A560D7"}],"idsInOrderRow2":[{"id":"93BC63B2-AC14-4E2C-8F37-0B8BEF27708A"}],"idsInOrderRow5":[{"id":"CA74542C-4714-4DC6-A9EB-893D2C91722C"}],"row5":[{"fromDetail":{"display":"A","output":{"letter_keys":{"_0":"a"}}},"id":"CA74542C-4714-4DC6-A9EB-893D2C91722C","toDetailCollection":{}}],"rowIndex_arrow":{"row6":{}},"row1":[{"id":"29E6E483-54E0-4F7A-912C-B8630011A8FF","fromDetail":{"display":"A","output":{"letter_keys":{"_0":"a"}}},"toDetailCollection":{}}],"arrow_left":{"id":"82BFDF48-3DD7-4BF2-AD18-FE5EF34857F6","fromDetail":{"display":"arrowtriangle.left.fill","output":{"arrow_keys":{"_0":"left_arrow"}},"isSFSymbol":true},"keyShape":"arrow_LR","toDetailCollection":{}},"enableArrowKeys":false},"isEnableTenkey":false,"tenkeyRows":{"idsInOrderRow2":[{"id":"9601D7BE-4740-4A97-8A51-97E4009335DA"}],"arrow_left":{"id":"937E0D1B-9DC6-4860-9E6D-A3E9B5D069C4","fromDetail":{"display":"arrowtriangle.left.fill","output":{"arrow_keys":{"_0":"left_arrow"}},"isSFSymbol":true},"keyShape":"arrow_LR","toDetailCollection":{}},"row6":[{"id":"320A1C4B-6495-48A2-9E25-A5C0DF9407EA","fromDetail":{"output":{"letter_keys":{"_0":"a"}},"display":"A"},"toDetailCollection":{}}],"idsInOrderRow5":[{"id":"412036D1-B77E-4CC7-B05A-B369E2A02D52"}],"row1":[{"toDetailCollection":{},"id":"FD56C009-DBC8-4585-9A4A-C2B65120608E","fromDetail":{"display":"A","output":{"letter_keys":{"_0":"a"}}}}],"row4":[{"toDetailCollection":{},"id":"7DA8B56D-B1B1-4D38-8A25-97E19772432B","fromDetail":{"display":"A","output":{"letter_keys":{"_0":"a"}}}}],"rowIndex_arrow":{"row6":{}},"row2":[{"toDetailCollection":{},"fromDetail":{"display":"A","output":{"letter_keys":{"_0":"a"}}},"id":"9601D7BE-4740-4A97-8A51-97E4009335DA"}],"idsInOrderRow1":[{"id":"FD56C009-DBC8-4585-9A4A-C2B65120608E"}],"idsInOrderRow3":[{"id":"31D38BA8-733F-4DE6-8C86-9C1C1F194F7E"}],"arrow_up":{"keyShape":"arrow_Up","id":"9071122F-3E01-40EA-B31A-FA0A7C20D933","toDetailCollection":{},"fromDetail":{"output":{"arrow_keys":{"_0":"up_arrow"}},"display":"arrowtriangle.up.fill","isSFSymbol":true}},"idsInOrderRow6":[{"id":"320A1C4B-6495-48A2-9E25-A5C0DF9407EA"}],"row3":[{"id":"31D38BA8-733F-4DE6-8C86-9C1C1F194F7E","toDetailCollection":{},"fromDetail":{"output":{"letter_keys":{"_0":"a"}},"display":"A"}}],"row5":[{"fromDetail":{"output":{"letter_keys":{"_0":"a"}},"display":"A"},"toDetailCollection":{},"id":"412036D1-B77E-4CC7-B05A-B369E2A02D52"}],"arrow_right":{"id":"D32A6524-55F8-48E5-8F9E-AAA0D2903EA4","fromDetail":{"isSFSymbol":true,"output":{"arrow_keys":{"_0":"right_arrow"}},"display":"arrowtriangle.right.fill"},"toDetailCollection":{},"keyShape":"arrow_LR"},"idsInOrderRow4":[{"id":"7DA8B56D-B1B1-4D38-8A25-97E19772432B"}],"arrow_down":{"keyShape":"arrow_Down","fromDetail":{"display":"arrowtriangle.down.fill","output":{"arrow_keys":{"_0":"down_arrow"}},"isSFSymbol":true},"toDetailCollection":{},"id":"0669404C-C31F-478C-8B01-0DDB5AF602CF"},"enableArrowKeys":false}},"main":{"isEnableTenkey":false,"tenkeyRows":{"row4":[{"id":"F6FE1ACC-012D-4860-A66F-4270CB4FA24D","fromDetail":{"display":"4","output":{"keypad_keys":{"_0":"keypad_4"}}},"toDetailCollection":{}},{"id":"56AE7DE9-AFF0-47ED-A91F-463295E44372","fromDetail":{"display":"6","output":{"keypad_keys":{"_0":"keypad_6"}}},"toDetailCollection":{}},{"id":"BB62AF46-F132-4AB9-82D3-09F12CA3BA2D","toDetailCollection":{},"fromDetail":{"display":"+","output":{"keypad_keys":{"_0":"keypad_plus"}}}},{"fromDetail":{"display":"5","output":{"keypad_keys":{"_0":"keypad_5"}}},"id":"919642CB-3FF5-4342-B7EE-505BA6E05AA5","toDetailCollection":{}}],"enableArrowKeys":false,"idsInOrderRow4":[{"id":"F6FE1ACC-012D-4860-A66F-4270CB4FA24D"},{"id":"919642CB-3FF5-4342-B7EE-505BA6E05AA5"},{"id":"56AE7DE9-AFF0-47ED-A91F-463295E44372"},{"id":"BB62AF46-F132-4AB9-82D3-09F12CA3BA2D"}],"row3":[{"id":"9750CC75-7735-41A7-AA60-98DEAD3BA94A","toDetailCollection":{},"fromDetail":{"display":"9","output":{"keypad_keys":{"_0":"keypad_9"}}}},{"fromDetail":{"output":{"keypad_keys":{"_0":"keypad_7"}},"display":"7"},"id":"316841B2-A1BD-4D91-B246-EE4FEF4D738C","toDetailCollection":{}},{"id":"9DC64B1C-8FD9-4864-A87B-49011610D524","fromDetail":{"display":"8","output":{"keypad_keys":{"_0":"keypad_8"}}},"toDetailCollection":{}},{"toDetailCollection":{},"id":"11327FB4-AEC7-41CF-9F8B-D850794F0AD7","fromDetail":{"output":{"keypad_keys":{"_0":"keypad_hyphen"}},"display":"-"}}],"rowIndex_arrow":{"row6":{}},"row5":[{"fromDetail":{"display":"1","output":{"keypad_keys":{"_0":"keypad_1"}}},"toDetailCollection":{},"id":"D17C45EC-3D50-4199-8E40-0360F5760BD8"},{"fromDetail":{"display":"3","output":{"keypad_keys":{"_0":"keypad_3"}}},"id":"47A8C942-A525-4FA6-957F-0982B64C4C67","toDetailCollection":{}},{"fromDetail":{"output":{"keypad_keys":{"_0":"keypad_2"}},"display":"2"},"toDetailCollection":{},"id":"C0078688-5A0D-4461-B2C6-68F13EEE5EA7"},{"id":"2ACDE95D-41FE-45B2-B741-9D85230D9582","fromDetail":{"isSFSymbol":true,"output":{"keypad_keys":{"_0":"keypad_enter"}},"display":"projective"},"keyShape":"enter_Tenkey","toDetailCollection":{}}],"idsInOrderRow3":[{"id":"316841B2-A1BD-4D91-B246-EE4FEF4D738C"},{"id":"9DC64B1C-8FD9-4864-A87B-49011610D524"},{"id":"9750CC75-7735-41A7-AA60-98DEAD3BA94A"},{"id":"11327FB4-AEC7-41CF-9F8B-D850794F0AD7"}],"arrow_up":{"id":"E534F756-64CE-4DE1-A19B-10F8B78A6D16","toDetailCollection":{},"fromDetail":{"output":{"arrow_keys":{"_0":"up_arrow"}},"display":"arrowtriangle.up.fill","isSFSymbol":true},"keyShape":"arrow_Up"},"idsInOrderRow2":[{"id":"7C8D54F1-8AFC-4C2C-B528-63A5E06822C4"},{"id":"71475AE5-BD7E-45EE-AD28-493AA5D80C0D"},{"id":"DB12BD61-421C-4526-8415-A6749F41E2D9"},{"id":"44178978-67E5-4814-9054-3A9C0FF5B90E"}],"row1":[{"id":"1022934F-1C82-4371-B5AB-472912169EE4","fromDetail":{"display":"F18","output":{"function_keys":{"_0":"f18"}}},"toDetailCollection":{}},{"fromDetail":{"display":"F19","output":{"function_keys":{"_0":"f19"}}},"id":"688DDC64-4B34-4689-B2A4-72BB327E3A0E","toDetailCollection":{}},{"fromDetail":{"output":{"function_keys":{"_0":"f17"}},"display":"F17"},"id":"4EAF1AED-CBD8-4905-A2AB-BBE561648373","toDetailCollection":{}},{"id":"15B81582-FBFC-4406-9AEB-01562E8E0E53","fromDetail":{"output":{"function_keys":{"_0":"f16"}},"display":"F16"},"toDetailCollection":{}}],"arrow_right":{"toDetailCollection":{},"fromDetail":{"isSFSymbol":true,"display":"arrowtriangle.right.fill","output":{"arrow_keys":{"_0":"right_arrow"}}},"id":"D426B76A-1141-4905-993D-683EB7509BB0","keyShape":"arrow_LR"},"arrow_left":{"keyShape":"arrow_LR","fromDetail":{"output":{"arrow_keys":{"_0":"left_arrow"}},"display":"arrowtriangle.left.fill","isSFSymbol":true},"id":"914A1697-9049-4F64-8931-F0009D0F66F9","toDetailCollection":{}},"row2":[{"fromDetail":{"output":{"keypad_keys":{"_0":"keypad_asterisk"}},"display":"*"},"id":"44178978-67E5-4814-9054-3A9C0FF5B90E","toDetailCollection":{}},{"fromDetail":{"output":{"keypad_keys":{"_0":"keypad_slash"}},"display":"\/"},"id":"DB12BD61-421C-4526-8415-A6749F41E2D9","toDetailCollection":{}},{"toDetailCollection":{},"id":"7C8D54F1-8AFC-4C2C-B528-63A5E06822C4","fromDetail":{"output":{"others":{"_0":"clear"}},"display":"clear"}},{"id":"71475AE5-BD7E-45EE-AD28-493AA5D80C0D","fromDetail":{"display":"=","output":{"keypad_keys":{"_0":"keypad_equal_sign"}}},"toDetailCollection":{}}],"idsInOrderRow1":[{"id":"15B81582-FBFC-4406-9AEB-01562E8E0E53"},{"id":"4EAF1AED-CBD8-4905-A2AB-BBE561648373"},{"id":"1022934F-1C82-4371-B5AB-472912169EE4"},{"id":"688DDC64-4B34-4689-B2A4-72BB327E3A0E"}],"idsInOrderRow6":[{"id":"56E48831-7828-4C2E-B189-DEEDAB59FD68"},{"id":"A7AC48D6-DEBD-4F73-B745-883F7A4971D0"}],"idsInOrderRow5":[{"id":"D17C45EC-3D50-4199-8E40-0360F5760BD8"},{"id":"C0078688-5A0D-4461-B2C6-68F13EEE5EA7"},{"id":"47A8C942-A525-4FA6-957F-0982B64C4C67"},{"id":"2ACDE95D-41FE-45B2-B741-9D85230D9582"}],"row6":[{"id":"A7AC48D6-DEBD-4F73-B745-883F7A4971D0","toDetailCollection":{},"fromDetail":{"output":{"keypad_keys":{"_0":"keypad_period"}},"display":"."}},{"unitSize":2,"id":"56E48831-7828-4C2E-B189-DEEDAB59FD68","toDetailCollection":{},"fromDetail":{"output":{"keypad_keys":{"_0":"keypad_0"}},"display":"0"}}],"arrow_down":{"fromDetail":{"output":{"arrow_keys":{"_0":"down_arrow"}},"display":"arrowtriangle.down.fill","isSFSymbol":true},"keyShape":"arrow_Down","toDetailCollection":{},"id":"3C72A770-73A4-4FD1-903B-BE831BFF33CF"}},"subRows":{"idsInOrderRow5":[{"id":"8C1DF008-BF56-43D3-80DA-D282BA049B1B"},{"id":"B621F92E-ABB3-491D-8D13-F1870FBB48F3"}],"row2":[{"fromDetail":{"output":{"arrow_keys":{"_0":"page_up"}},"isSFSymbol":true,"display":"arrow.up"},"id":"54FC6929-B74C-404E-BC62-5EE3197D42E0","toDetailCollection":{}},{"id":"5E28F4A6-5BDD-474C-B2CE-3E5A8712D28A","fromDetail":{"isSFSymbol":true,"output":{"arrow_keys":{"_0":"home"}},"display":"arrow.up.to.line"},"toDetailCollection":{}},{"id":"DCAF4FCF-B608-41F5-A0B7-31BD1CF38DFD","fromDetail":{"isSFSymbol":true,"output":{"keys_in_pc_keyboards":{"_0":"insert"}},"display":"text.insert"},"toDetailCollection":{}}],"row6":[{"toDetailCollection":{},"id":"F18F1987-516A-40D3-BAB8-AF32C056FAD1","fromDetail":{"display":"arrowtriangle.down.fill","output":{"arrow_keys":{"_0":"down_arrow"}},"isSFSymbol":true}},{"id":"3B354CFF-B582-4D19-A43F-07273D43F1F2","toDetailCollection":{},"fromDetail":{"display":"arrowtriangle.right.fill","output":{"arrow_keys":{"_0":"right_arrow"}},"isSFSymbol":true}},{"id":"C43353DA-A3C7-4A43-8DA0-B494C2CAB4F0","fromDetail":{"display":"arrowtriangle.left.fill","isSFSymbol":true,"output":{"arrow_keys":{"_0":"left_arrow"}}},"toDetailCollection":{}}],"row1":[{"toDetailCollection":{},"fromDetail":{"display":"F14","output":{"function_keys":{"_0":"f14"}}},"id":"B0DBBF86-AB35-4793-B9E9-2E26F8BBB7EA"},{"id":"978AD38A-EE03-423A-BA99-635E74FD2EF8","toDetailCollection":{},"fromDetail":{"output":{"function_keys":{"_0":"f13"}},"display":"F13"}},{"toDetailCollection":{},"fromDetail":{"display":"F15","output":{"function_keys":{"_0":"f15"}}},"id":"068B9BD0-1186-4405-83D4-269B5A912D9E"}],"row5":[{"fromDetail":{"display":"A","output":{"letter_keys":{"_0":"a"}}},"isSpacer":true,"toDetailCollection":{},"id":"8C1DF008-BF56-43D3-80DA-D282BA049B1B"},{"id":"B621F92E-ABB3-491D-8D13-F1870FBB48F3","toDetailCollection":{},"fromDetail":{"display":"arrowtriangle.up.fill","isSFSymbol":true,"output":{"arrow_keys":{"_0":"up_arrow"}}}}],"enableArrowKeys":false,"row4":[],"idsInOrderRow6":[{"id":"C43353DA-A3C7-4A43-8DA0-B494C2CAB4F0"},{"id":"F18F1987-516A-40D3-BAB8-AF32C056FAD1"},{"id":"3B354CFF-B582-4D19-A43F-07273D43F1F2"}],"rowIndex_arrow":{"row6":{}},"arrow_up":{"toDetailCollection":{},"keyShape":"arrow_Up","id":"F1518CB3-763C-4558-8003-4ADA81EAA36D","fromDetail":{"isSFSymbol":true,"output":{"arrow_keys":{"_0":"up_arrow"}},"display":"arrowtriangle.up.fill"}},"row3":[{"toDetailCollection":{},"id":"4A5CADE8-504C-4BD3-8B5C-9453E78927F8","fromDetail":{"output":{"controls_and_symbols":{"_0":"delete_forward"}},"display":"delete.right","isSFSymbol":true}},{"id":"2E5F5021-1531-4C8F-BD55-B4E06585A345","toDetailCollection":{},"fromDetail":{"display":"arrow.down.to.line","isSFSymbol":true,"output":{"arrow_keys":{"_0":"end"}}}},{"id":"CDFD1999-8179-4C65-9D02-6C54BEBC5AEC","toDetailCollection":{},"fromDetail":{"isSFSymbol":true,"output":{"arrow_keys":{"_0":"page_down"}},"display":"arrow.down"}}],"idsInOrderRow4":[],"arrow_left":{"keyShape":"arrow_LR","toDetailCollection":{},"fromDetail":{"display":"arrowtriangle.left.fill","isSFSymbol":true,"output":{"arrow_keys":{"_0":"left_arrow"}}},"id":"9EC60968-08C6-4BE9-8903-BEE28291DFEA"},"idsInOrderRow1":[{"id":"978AD38A-EE03-423A-BA99-635E74FD2EF8"},{"id":"B0DBBF86-AB35-4793-B9E9-2E26F8BBB7EA"},{"id":"068B9BD0-1186-4405-83D4-269B5A912D9E"}],"idsInOrderRow3":[{"id":"4A5CADE8-504C-4BD3-8B5C-9453E78927F8"},{"id":"2E5F5021-1531-4C8F-BD55-B4E06585A345"},{"id":"CDFD1999-8179-4C65-9D02-6C54BEBC5AEC"}],"arrow_down":{"fromDetail":{"display":"arrowtriangle.down.fill","output":{"arrow_keys":{"_0":"down_arrow"}},"isSFSymbol":true},"keyShape":"arrow_Down","id":"E7ABA649-B9C0-4288-8508-37CB6D8A8D0F","toDetailCollection":{}},"arrow_right":{"fromDetail":{"isSFSymbol":true,"display":"arrowtriangle.right.fill","output":{"arrow_keys":{"_0":"right_arrow"}}},"keyShape":"arrow_LR","toDetailCollection":{},"id":"E4012CD7-89D7-430B-99D3-D21469DA065C"},"idsInOrderRow2":[{"id":"DCAF4FCF-B608-41F5-A0B7-31BD1CF38DFD"},{"id":"5E28F4A6-5BDD-474C-B2CE-3E5A8712D28A"},{"id":"54FC6929-B74C-404E-BC62-5EE3197D42E0"}]},"isEnableSub":false,"mainRows":{"idsInOrderRow1":[{"id":"15EC3C28-82CE-419F-92B7-196DED16C669"},{"id":"ECB60239-3C7B-41AC-BB55-A4E9C2EBC8FA"},{"id":"15822FB0-0305-4D2E-B5A8-F69B2B66F47E"},{"id":"213D304C-9222-4E51-951E-6B8BDD04AF67"},{"id":"492DBC72-84C9-461C-A464-C30CCC7D8788"},{"id":"FB76102C-E1F4-4C5E-8B9A-0F153BA57964"},{"id":"8C963F10-1D31-48E8-ACA5-A4B75ED12750"},{"id":"6F92C5BE-2E63-424F-9541-285A20152A25"},{"id":"E2480305-3C1A-4652-A8C5-8B6475E2D341"},{"id":"990F1E73-26AE-48D0-B071-B53A4B6D685B"},{"id":"8DE51B01-E106-455A-B1B8-4075A9DFA3DC"},{"id":"B408731C-0086-48CD-92C0-9CBAA205CE1D"},{"id":"6EBB695F-6F62-443A-9C49-709439ED831F"}],"idsInOrderRow2":[{"id":"A16B6886-B399-4826-A958-3B04B75DCEF7"},{"id":"6EE29D6A-FE84-4138-8666-B98DAE37B1E7"},{"id":"92856613-027B-422F-A2FE-300675B4E23C"},{"id":"E8F74EC3-2507-47B7-9207-D67528DE9459"},{"id":"95FE6B39-4E55-4E62-B42D-93F9F90299C7"},{"id":"2FE4C06F-A053-4FF9-87A7-020FE1C07F33"},{"id":"151A35A4-13FC-40E3-B0BB-7B7950A93951"},{"id":"55C98810-BB16-4589-9EF9-985BD55CD6D5"},{"id":"A9B774F3-78B0-4A05-B1D2-5229818E50E1"},{"id":"B1B46350-2D71-4CDE-A50C-81DFB1582333"},{"id":"D1E47B5C-3C1E-4C85-B57B-B829FF5E4496"},{"id":"1F6A86FD-DDA0-4205-AE4E-3CC23CF3A0A3"},{"id":"31B36583-3686-49CA-81ED-80FD29FBBB75"},{"id":"ED4982D0-529B-4A33-8B66-76008A8BF4C6"}],"arrow_right":{"id":"65CA1E87-0206-4645-BDC4-6EF0146229DA","toDetailCollection":{},"keyShape":"arrow_LR","fromDetail":{"output":{"arrow_keys":{"_0":"right_arrow"}},"display":"arrowtriangle.right.fill","isSFSymbol":true}},"arrow_down":{"keyShape":"arrow_Down","toDetailCollection":{},"fromDetail":{"display":"arrowtriangle.down.fill","isSFSymbol":true,"output":{"arrow_keys":{"_0":"down_arrow"}}},"id":"C6EAF10E-9471-43E3-A7AE-8FEDAA6AFD66"},"row6":[{"toDetailCollection":{},"fromDetail":{"output":{"modifier_keys":{"_0":"left_control"}},"display":"control","isSFSymbol":true},"id":"7D4E6AFB-E32C-4C22-82E5-435EB9638D2C"},{"id":"A3EAFEA3-DA7E-49F3-994A-B672482BDEA6","fromDetail":{"isSFSymbol":true,"output":{"modifier_keys":{"_0":"left_option"}},"display":"option"},"toDetailCollection":{}},{"fromDetail":{"output":{"modifier_keys":{"_0":"right_command"}},"display":"command","isSFSymbol":true},"id":"28456FBE-D04A-47F3-8CC6-F9D907044FC4","toDetailCollection":{},"unitSize":1.25},{"toDetailCollection":{},"id":"58B59275-0043-40AC-AD8C-B372854FB632","fromDetail":{"isSFSymbol":true,"display":"option","output":{"modifier_keys":{"_0":"right_option"}}}},{"unitSize":1.25,"id":"E9ADEDB7-77EB-405B-B814-12F87B101ACF","fromDetail":{"display":"command","isSFSymbol":true,"output":{"modifier_keys":{"_0":"left_command"}}},"toDetailCollection":{}},{"id":"28F3EC2C-E1A4-44C7-820F-111A08F56471","fromDetail":{"output":{"controls_and_symbols":{"_0":"spacebar"}},"display":"␣"},"toDetailCollection":{},"unitSize":5},{"toDetailCollection":{},"id":"872FB2E2-84F6-401F-B9E3-A20422C111E9","fromDetail":{"display":"globe","output":{"modifier_keys":{"_0":"keyboard_fn"}},"isSFSymbol":true}}],"rowIndex_arrow":{"row6":{}},"idsInOrderRow6":[{"id":"872FB2E2-84F6-401F-B9E3-A20422C111E9"},{"id":"7D4E6AFB-E32C-4C22-82E5-435EB9638D2C"},{"id":"A3EAFEA3-DA7E-49F3-994A-B672482BDEA6"},{"id":"E9ADEDB7-77EB-405B-B814-12F87B101ACF"},{"id":"28F3EC2C-E1A4-44C7-820F-111A08F56471"},{"id":"28456FBE-D04A-47F3-8CC6-F9D907044FC4"},{"id":"58B59275-0043-40AC-AD8C-B372854FB632"}],"row3":[{"id":"252A9F49-AB0D-4367-9E54-209E7DBBD164","fromDetail":{"output":{"controls_and_symbols":{"_0":"close_square_bracket"}},"display":"]"},"toDetailCollection":{"condition0":{"layer0":{"isCustomized_tap":true,"outputAndDisplay_tap":{"display":"=","output":{"controls_and_symbols":{"_0":"equal_sign"}},"layerKey":"layer0"},"withModifier_tap":{}}}}},{"id":"7D65449A-4352-4064-9B4B-D97A34D54565","toDetailCollection":{},"unitSize":1.5,"fromDetail":{"isSFSymbol":true,"display":"arrow.right.to.line","output":{"controls_and_symbols":{"_0":"tab"}}}},{"toDetailCollection":{"condition0":{"layer0":{"withModifier_tap":{},"isCustomized_tap":true,"outputAndDisplay_tap":{"display":"H","layerKey":"layer0","output":{"letter_keys":{"_0":"h"}}}}}},"id":"9A41D4D2-1716-4348-9C38-1371BB5A16CA","fromDetail":{"output":{"letter_keys":{"_0":"i"}},"display":"I"}},{"id":"0ACB71F6-2C65-4F32-BD04-1D9D19B1598A","fromDetail":{"display":"Y","output":{"letter_keys":{"_0":"y"}}},"toDetailCollection":{"condition0":{"layer0":{"isCustomized_tap":true,"outputAndDisplay_tap":{"display":"K","output":{"letter_keys":{"_0":"k"}},"layerKey":"layer0"},"withModifier_tap":{}}}}},{"id":"7C61C3DE-C473-4241-BAFB-38EC574E8E2B","fromDetail":{"display":"R","output":{"letter_keys":{"_0":"r"}}},"toDetailCollection":{"condition0":{"layer0":{"outputAndDisplay_tap":{"display":"O","output":{"letter_keys":{"_0":"o"}},"layerKey":"layer0"},"withModifier_tap":{},"isCustomized_tap":true}}}},{"toDetailCollection":{"condition0":{"layer0":{"isCustomized_tap":true,"outputAndDisplay_tap":{"output":{"letter_keys":{"_0":"x"}},"layerKey":"layer0","display":"X"},"withModifier_tap":{}}}},"id":"6EC06CB0-A62B-4C9E-AA91-78E3D55AECDA","fromDetail":{"display":"P","output":{"letter_keys":{"_0":"p"}}}},{"fromDetail":{"display":"W","output":{"letter_keys":{"_0":"w"}}},"id":"FEB8C13A-F39F-42BB-9294-D1044F4D73D9","toDetailCollection":{"condition0":{"layer0":{"isCustomized_tap":true,"withModifier_tap":{},"outputAndDisplay_tap":{"output":{"letter_keys":{"_0":"y"}},"display":"Y","layerKey":"layer0"}}}}},{"id":"14466098-45B2-479B-BFF4-33923720F3A3","fromDetail":{"output":{"controls_and_symbols":{"_0":"backslash_or_yen"}},"display":"\\"},"toDetailCollection":{}},{"id":"B932F965-121A-4024-A277-5C1DADE38C4A","fromDetail":{"output":{"letter_keys":{"_0":"o"}},"display":"O"},"toDetailCollection":{"condition0":{"layer0":{"isCustomized_tap":true,"outputAndDisplay_tap":{"display":"F","output":{"letter_keys":{"_0":"f"}},"layerKey":"layer0"},"withModifier_tap":{}}}}},{"id":"00CEE315-F82B-43FF-ACFF-E1350C7EDE62","toDetailCollection":{"condition0":{"layer0":{"outputAndDisplay_tap":{"display":"D","output":{"letter_keys":{"_0":"d"}},"layerKey":"layer0"},"isCustomized_tap":true,"withModifier_tap":{}}}},"fromDetail":{"output":{"letter_keys":{"_0":"u"}},"display":"U"}},{"fromDetail":{"display":"[","output":{"controls_and_symbols":{"_0":"open_square_bracket"}}},"id":"3ED8651E-3770-40B7-929D-D34A38B843E3","toDetailCollection":{"condition0":{"layer0":{"isCustomized_tap":true,"withModifier_tap":{},"outputAndDisplay_tap":{"layerKey":"layer0","display":"Q","output":{"letter_keys":{"_0":"q"}}}}}}},{"fromDetail":{"output":{"letter_keys":{"_0":"q"}},"display":"Q"},"toDetailCollection":{"condition0":{"layer0":{"isCustomized_tap":true,"outputAndDisplay_tap":{"output":{"letter_keys":{"_0":"p"}},"layerKey":"layer0","display":"P"},"withModifier_tap":{}}}},"id":"B4A766BC-F530-4B21-AC49-EF69CB8149A7"},{"toDetailCollection":{"condition0":{"layer0":{"isCustomized_tap":true,"withModifier_tap":{},"outputAndDisplay_tap":{"display":"U","layerKey":"layer0","output":{"letter_keys":{"_0":"u"}}}}}},"id":"C5C1B799-3083-4617-8FB0-F395DEB498A8","fromDetail":{"display":"E","output":{"letter_keys":{"_0":"e"}}}},{"fromDetail":{"output":{"letter_keys":{"_0":"t"}},"display":"T"},"toDetailCollection":{"condition0":{"layer0":{"withModifier_tap":{},"isCustomized_tap":true,"outputAndDisplay_tap":{"output":{"controls_and_symbols":{"_0":"hyphen"}},"layerKey":"layer0","display":"-"}}}},"id":"0AF2E036-634E-4554-AAF4-1E1D22354ED1"}],"row4":[{"fromDetail":{"output":{"letter_keys":{"_0":"l"}},"display":"L"},"toDetailCollection":{"condition0":{"layer0":{"isCustomized_tap":true,"withModifier_tap":{},"outputAndDisplay_tap":{"output":{"letter_keys":{"_0":"s"}},"display":"S","layerKey":"layer0"}}}},"id":"5895B7A9-51BA-43FF-98AB-F582754FA150"},{"fromDetail":{"output":{"letter_keys":{"_0":"j"}},"display":"J"},"toDetailCollection":{"condition0":{"layer0":{"isCustomized_tap":true,"outputAndDisplay_tap":{"output":{"letter_keys":{"_0":"t"}},"layerKey":"layer0","display":"T"},"withModifier_tap":{}}}},"id":"AE0748D8-E067-4573-AC51-BFDE021C4368"},{"toDetailCollection":{"condition0":{"layer0":{"isCustomized_tap":true,"outputAndDisplay_tap":{"layerKey":"layer0","display":"C","output":{"letter_keys":{"_0":"c"}}},"withModifier_tap":{}}}},"fromDetail":{"output":{"letter_keys":{"_0":"a"}},"display":"A"},"id":"7152D7B8-B8AF-4FC7-B737-50BD3F47CC7B"},{"fromDetail":{"display":"K","output":{"letter_keys":{"_0":"k"}}},"toDetailCollection":{"condition0":{"layer0":{"outputAndDisplay_tap":{"display":"N","output":{"letter_keys":{"_0":"n"}},"layerKey":"layer0"},"withModifier_tap":{},"isCustomized_tap":true}}},"id":"B4F54C43-22D0-438C-98A3-3D4233FBA200"},{"id":"970BE1C8-5840-40CB-B19F-FB058DEA9C97","fromDetail":{"display":"D","output":{"letter_keys":{"_0":"d"}}},"toDetailCollection":{"condition0":{"layer0":{"withModifier_tap":{},"outputAndDisplay_tap":{"display":"E","output":{"letter_keys":{"_0":"e"}},"layerKey":"layer0"},"isCustomized_tap":true}}}},{"fromDetail":{"display":"F","output":{"letter_keys":{"_0":"f"}}},"toDetailCollection":{"condition0":{"layer0":{"isCustomized_tap":true,"withModifier_tap":{},"outputAndDisplay_tap":{"display":"A","output":{"letter_keys":{"_0":"a"}},"layerKey":"layer0"}}}},"id":"97D63257-272C-45EA-82B8-7D9D64620CBE"},{"fromDetail":{"display":"S","output":{"letter_keys":{"_0":"s"}}},"toDetailCollection":{"condition0":{"layer0":{"isCustomized_tap":true,"withModifier_tap":{},"outputAndDisplay_tap":{"layerKey":"layer0","output":{"letter_keys":{"_0":"i"}},"display":"I"}}}},"id":"394F5C4A-78ED-4CEE-BD76-5EF20CE9C6C3"},{"id":"9F0EB5E3-EB19-40D2-9A87-39BA7C80440E","toDetailCollection":{"condition0":{"layer0":{"outputAndDisplay_tap":{"output":{"letter_keys":{"_0":"v"}},"display":"V","layerKey":"layer0"},"withModifier_tap":{},"isCustomized_tap":true}}},"fromDetail":{"output":{"controls_and_symbols":{"_0":"single_quotation_or_colon"}},"display":"'"}},{"toDetailCollection":{"condition0":{"layer0":{"withModifier_tap":{},"isCustomized_tap":true,"outputAndDisplay_tap":{"layerKey":"layer0","output":{"letter_keys":{"_0":"g"}},"display":"G"}}}},"id":"222A0FA1-75A0-4FF2-B318-7E5B224D35E1","fromDetail":{"display":"H","output":{"letter_keys":{"_0":"h"}}}},{"id":"14B91352-8EA8-4441-A92A-2012BCD6A317","fromDetail":{"output":{"letter_keys":{"_0":"g"}},"display":"G"},"toDetailCollection":{"condition0":{"layer0":{"outputAndDisplay_tap":{"display":"'","output":{"controls_and_symbols":{"_0":"single_quotation"}},"layerKey":"layer0"},"isCustomized_tap":true,"withModifier_tap":{}}}}},{"id":"27CC5745-36FC-4D78-B614-1DE411D07459","toDetailCollection":{},"unitSize":1.75,"fromDetail":{"isSFSymbol":true,"output":{"modifier_keys":{"_0":"caps_lock"}},"display":"capslock"}},{"id":"73EC4970-3DDA-4469-9FCB-51369FD72157","fromDetail":{"output":{"controls_and_symbols":{"_0":"semicolon"}},"display":";"},"toDetailCollection":{"condition0":{"layer0":{"outputAndDisplay_tap":{"display":"R","layerKey":"layer0","output":{"letter_keys":{"_0":"r"}}},"withModifier_tap":{},"isCustomized_tap":true}}}},{"id":"E46760AB-BC31-452D-98DE-1E136E08CA37","unitSize":1.75,"toDetailCollection":{},"fromDetail":{"isSFSymbol":true,"display":"return","output":{"controls_and_symbols":{"_0":"return_or_enter"}}}}],"idsInOrderRow3":[{"id":"7D65449A-4352-4064-9B4B-D97A34D54565"},{"id":"B4A766BC-F530-4B21-AC49-EF69CB8149A7"},{"id":"FEB8C13A-F39F-42BB-9294-D1044F4D73D9"},{"id":"C5C1B799-3083-4617-8FB0-F395DEB498A8"},{"id":"7C61C3DE-C473-4241-BAFB-38EC574E8E2B"},{"id":"0AF2E036-634E-4554-AAF4-1E1D22354ED1"},{"id":"0ACB71F6-2C65-4F32-BD04-1D9D19B1598A"},{"id":"00CEE315-F82B-43FF-ACFF-E1350C7EDE62"},{"id":"9A41D4D2-1716-4348-9C38-1371BB5A16CA"},{"id":"B932F965-121A-4024-A277-5C1DADE38C4A"},{"id":"6EC06CB0-A62B-4C9E-AA91-78E3D55AECDA"},{"id":"3ED8651E-3770-40B7-929D-D34A38B843E3"},{"id":"252A9F49-AB0D-4367-9E54-209E7DBBD164"},{"id":"14466098-45B2-479B-BFF4-33923720F3A3"}],"enableArrowKeys":true,"arrow_left":{"toDetailCollection":{},"keyShape":"arrow_LR","fromDetail":{"isSFSymbol":true,"display":"arrowtriangle.left.fill","output":{"arrow_keys":{"_0":"left_arrow"}}},"id":"91329ABA-8129-4481-9DE9-68D73BDD1282"},"row1":[{"unitSize":1.5,"toDetailCollection":{},"id":"15EC3C28-82CE-419F-92B7-196DED16C669","fromDetail":{"display":"escape","output":{"controls_and_symbols":{"_0":"escape"}},"isSFSymbol":true}},{"toDetailCollection":{},"id":"ECB60239-3C7B-41AC-BB55-A4E9C2EBC8FA","fromDetail":{"display":"F1","output":{"function_keys":{"_0":"f1"}}}},{"id":"15822FB0-0305-4D2E-B5A8-F69B2B66F47E","fromDetail":{"display":"F2","output":{"function_keys":{"_0":"f2"}}},"toDetailCollection":{}},{"fromDetail":{"output":{"function_keys":{"_0":"f3"}},"display":"F3"},"toDetailCollection":{},"id":"213D304C-9222-4E51-951E-6B8BDD04AF67"},{"toDetailCollection":{},"fromDetail":{"output":{"function_keys":{"_0":"f4"}},"display":"F4"},"id":"492DBC72-84C9-461C-A464-C30CCC7D8788"},{"fromDetail":{"display":"F5","output":{"function_keys":{"_0":"f5"}}},"toDetailCollection":{},"id":"FB76102C-E1F4-4C5E-8B9A-0F153BA57964"},{"id":"8C963F10-1D31-48E8-ACA5-A4B75ED12750","toDetailCollection":{},"fromDetail":{"output":{"function_keys":{"_0":"f6"}},"display":"F6"}},{"id":"6F92C5BE-2E63-424F-9541-285A20152A25","fromDetail":{"display":"F7","output":{"function_keys":{"_0":"f7"}}},"toDetailCollection":{}},{"id":"E2480305-3C1A-4652-A8C5-8B6475E2D341","toDetailCollection":{},"fromDetail":{"output":{"function_keys":{"_0":"f8"}},"display":"F8"}},{"id":"990F1E73-26AE-48D0-B071-B53A4B6D685B","toDetailCollection":{},"fromDetail":{"output":{"function_keys":{"_0":"f9"}},"display":"F9"}},{"id":"8DE51B01-E106-455A-B1B8-4075A9DFA3DC","fromDetail":{"output":{"function_keys":{"_0":"f10"}},"display":"F10"},"toDetailCollection":{}},{"fromDetail":{"display":"F11","output":{"function_keys":{"_0":"f11"}}},"toDetailCollection":{},"id":"B408731C-0086-48CD-92C0-9CBAA205CE1D"},{"toDetailCollection":{},"id":"6EBB695F-6F62-443A-9C49-709439ED831F","fromDetail":{"display":"F12","output":{"function_keys":{"_0":"f12"}}}}],"idsInOrderRow5":[{"id":"F88F32A4-CF22-46A2-A3C0-9E3C8EFEEE17"},{"id":"FA0947FC-9C19-4918-94BE-19729D1D95CC"},{"id":"D866D81A-CD49-4C38-BA76-C19FCDEDDBCF"},{"id":"5CBA4954-A514-4592-905E-2F211F365896"},{"id":"24A8F2DD-CAA7-42C0-9881-0047B5DE9204"},{"id":"17866D9F-0539-424C-AD05-E053E0332ACD"},{"id":"C0296383-699A-459E-AD95-D8CB97F94218"},{"id":"712ADB5D-3214-4369-BFDE-8518C990A441"},{"id":"121A7FB3-AE68-4546-8CED-8D8652CC1454"},{"id":"A3979F24-15E4-4A78-AC64-6EA2A59FEC0A"},{"id":"934EC85C-9AA8-4EE9-BDE2-4F5A29798A89"},{"id":"5DB6B40F-001A-42AD-B5E4-5888C25E2388"}],"row5":[{"unitSize":2.25,"fromDetail":{"output":{"modifier_keys":{"_0":"right_shift"}},"display":"shift","isSFSymbol":true},"id":"5DB6B40F-001A-42AD-B5E4-5888C25E2388","toDetailCollection":{}},{"fromDetail":{"output":{"controls_and_symbols":{"_0":"comma"}},"display":","},"id":"121A7FB3-AE68-4546-8CED-8D8652CC1454","toDetailCollection":{"condition0":{"layer0":{"isCustomized_tap":true,"outputAndDisplay_tap":{"layerKey":"layer0","output":{"letter_keys":{"_0":"l"}},"display":"L"},"withModifier_tap":{}}}}},{"toDetailCollection":{"condition0":{"layer0":{"isCustomized_tap":true,"withModifier_tap":{},"outputAndDisplay_tap":{"output":{"letter_keys":{"_0":"w"}},"display":"W","layerKey":"layer0"}}}},"fromDetail":{"output":{"letter_keys":{"_0":"n"}},"display":"N"},"id":"C0296383-699A-459E-AD95-D8CB97F94218"},{"fromDetail":{"output":{"letter_keys":{"_0":"v"}},"display":"V"},"id":"24A8F2DD-CAA7-42C0-9881-0047B5DE9204","toDetailCollection":{"condition0":{"layer0":{"outputAndDisplay_tap":{"output":{"controls_and_symbols":{"_0":"period"}},"display":".","layerKey":"layer0"},"withModifier_tap":{},"isCustomized_tap":true}}}},{"toDetailCollection":{"condition0":{"layer0":{"outputAndDisplay_tap":{"output":{"controls_and_symbols":{"_0":"slash"}},"display":"\/","layerKey":"layer0"},"isCustomized_tap":true,"withModifier_tap":{}}}},"id":"D866D81A-CD49-4C38-BA76-C19FCDEDDBCF","fromDetail":{"output":{"letter_keys":{"_0":"x"}},"display":"X"}},{"unitSize":2.25,"fromDetail":{"isSFSymbol":true,"output":{"modifier_keys":{"_0":"left_shift"}},"display":"shift"},"toDetailCollection":{},"id":"F88F32A4-CF22-46A2-A3C0-9E3C8EFEEE17"},{"id":"934EC85C-9AA8-4EE9-BDE2-4F5A29798A89","fromDetail":{"output":{"controls_and_symbols":{"_0":"slash"}},"display":"\/"},"toDetailCollection":{"condition0":{"layer0":{"isCustomized_tap":true,"outputAndDisplay_tap":{"display":"J","output":{"letter_keys":{"_0":"j"}},"layerKey":"layer0"},"withModifier_tap":{}}}}},{"toDetailCollection":{"condition0":{"layer0":{"outputAndDisplay_tap":{"output":{"letter_keys":{"_0":"b"}},"display":"B","layerKey":"layer0"},"withModifier_tap":{},"isCustomized_tap":true}}},"fromDetail":{"output":{"controls_and_symbols":{"_0":"period"}},"display":"."},"id":"A3979F24-15E4-4A78-AC64-6EA2A59FEC0A"},{"toDetailCollection":{"condition0":{"layer0":{"withModifier_tap":{},"isCustomized_tap":true,"outputAndDisplay_tap":{"display":"M","output":{"letter_keys":{"_0":"m"}},"layerKey":"layer0"}}}},"id":"712ADB5D-3214-4369-BFDE-8518C990A441","fromDetail":{"output":{"letter_keys":{"_0":"m"}},"display":"M"}},{"fromDetail":{"display":"B","output":{"letter_keys":{"_0":"b"}}},"id":"17866D9F-0539-424C-AD05-E053E0332ACD","toDetailCollection":{"condition0":{"layer0":{"isCustomized_tap":true,"withModifier_tap":{},"outputAndDisplay_tap":{"output":{"controls_and_symbols":{"_0":"semicolon"}},"layerKey":"layer0","display":";"}}}}},{"toDetailCollection":{"condition0":{"layer0":{"withModifier_tap":{},"outputAndDisplay_tap":{"output":{"controls_and_symbols":{"_0":"comma"}},"layerKey":"layer0","display":","},"isCustomized_tap":true}}},"fromDetail":{"output":{"letter_keys":{"_0":"c"}},"display":"C"},"id":"5CBA4954-A514-4592-905E-2F211F365896"},{"fromDetail":{"display":"Z","output":{"letter_keys":{"_0":"z"}}},"id":"FA0947FC-9C19-4918-94BE-19729D1D95CC","toDetailCollection":{}}],"row2":[{"fromDetail":{"output":{"number_keys":{"_0":"five"}},"display":"5"},"toDetailCollection":{},"id":"2FE4C06F-A053-4FF9-87A7-020FE1C07F33"},{"fromDetail":{"output":{"number_keys":{"_0":"nine"}},"display":"9"},"id":"B1B46350-2D71-4CDE-A50C-81DFB1582333","toDetailCollection":{}},{"fromDetail":{"output":{"number_keys":{"_0":"seven"}},"display":"7"},"toDetailCollection":{},"id":"55C98810-BB16-4589-9EF9-985BD55CD6D5"},{"id":"95FE6B39-4E55-4E62-B42D-93F9F90299C7","fromDetail":{"output":{"number_keys":{"_0":"four"}},"display":"4"},"toDetailCollection":{}},{"id":"31B36583-3686-49CA-81ED-80FD29FBBB75","toDetailCollection":{"condition0":{"layer0":{"isCustomized_tap":true,"withModifier_tap":{},"outputAndDisplay_tap":{"display":"]","layerKey":"layer0","output":{"controls_and_symbols":{"_0":"close_square_bracket"}}}}}},"fromDetail":{"output":{"controls_and_symbols":{"_0":"equal_sign_or_caret"}},"display":"="}},{"fromDetail":{"output":{"number_keys":{"_0":"one"}},"display":"1"},"id":"6EE29D6A-FE84-4138-8666-B98DAE37B1E7","toDetailCollection":{}},{"toDetailCollection":{},"id":"E8F74EC3-2507-47B7-9207-D67528DE9459","fromDetail":{"display":"3","output":{"number_keys":{"_0":"three"}}}},{"fromDetail":{"display":"0","output":{"number_keys":{"_0":"zero"}}},"id":"D1E47B5C-3C1E-4C85-B57B-B829FF5E4496","toDetailCollection":{}},{"fromDetail":{"display":"-","output":{"controls_and_symbols":{"_0":"hyphen"}}},"toDetailCollection":{"condition0":{"layer0":{"outputAndDisplay_tap":{"display":"[","layerKey":"layer0","output":{"controls_and_symbols":{"_0":"open_square_bracket"}}},"withModifier_tap":{},"isCustomized_tap":true}}},"id":"1F6A86FD-DDA0-4205-AE4E-3CC23CF3A0A3"},{"unitSize":1.5,"toDetailCollection":{},"fromDetail":{"isSFSymbol":true,"output":{"controls_and_symbols":{"_0":"delete_or_backspace"}},"display":"delete.left"},"id":"ED4982D0-529B-4A33-8B66-76008A8BF4C6"},{"toDetailCollection":{},"id":"A9B774F3-78B0-4A05-B1D2-5229818E50E1","fromDetail":{"display":"8","output":{"number_keys":{"_0":"eight"}}}},{"toDetailCollection":{},"id":"151A35A4-13FC-40E3-B0BB-7B7950A93951","fromDetail":{"display":"6","output":{"number_keys":{"_0":"six"}}}},{"fromDetail":{"output":{"number_keys":{"_0":"two"}},"display":"2"},"toDetailCollection":{},"id":"92856613-027B-422F-A2FE-300675B4E23C"},{"fromDetail":{"output":{"controls_and_symbols":{"_0":"grave_accent"}},"display":"`"},"toDetailCollection":{},"id":"A16B6886-B399-4826-A958-3B04B75DCEF7"}],"arrow_up":{"fromDetail":{"isSFSymbol":true,"output":{"arrow_keys":{"_0":"up_arrow"}},"display":"arrowtriangle.up.fill"},"keyShape":"arrow_Up","id":"0602BA0C-950B-4B05-8347-033122B25562","toDetailCollection":{}},"idsInOrderRow4":[{"id":"27CC5745-36FC-4D78-B614-1DE411D07459"},{"id":"7152D7B8-B8AF-4FC7-B737-50BD3F47CC7B"},{"id":"394F5C4A-78ED-4CEE-BD76-5EF20CE9C6C3"},{"id":"970BE1C8-5840-40CB-B19F-FB058DEA9C97"},{"id":"97D63257-272C-45EA-82B8-7D9D64620CBE"},{"id":"14B91352-8EA8-4441-A92A-2012BCD6A317"},{"id":"222A0FA1-75A0-4FF2-B318-7E5B224D35E1"},{"id":"AE0748D8-E067-4573-AC51-BFDE021C4368"},{"id":"B4F54C43-22D0-438C-98A3-3D4233FBA200"},{"id":"5895B7A9-51BA-43FF-98AB-F582754FA150"},{"id":"73EC4970-3DDA-4469-9FCB-51369FD72157"},{"id":"9F0EB5E3-EB19-40D2-9A87-39BA7C80440E"},{"id":"E46760AB-BC31-452D-98DE-1E136E08CA37"}]},"sectionDetail":{"section":{"main":{}},"deviceDetail":{"product_id":"product_id","is_vendor_id_Enabled":false,"location_id":"location_id","device_name":"mainKeyboard","vendor_id":"vendor_id","is_builtin_keyboard":false,"is_product_id_Enabled":false,"is_location_id_Enabled":false}},"isEnableMain":true}},"comboCollection":{"condition4":{"layer6":{},"layer3":{},"layer0":{},"layer5":{},"layer7":{},"layer8":{},"layer2":{},"layer1":{},"layer4":{}},"condition8":{"layer8":{},"layer7":{},"layer1":{},"layer6":{},"layer5":{},"layer3":{},"layer0":{},"layer2":{},"layer4":{}},"condition9":{"layer0":{},"layer4":{},"layer1":{},"layer8":{},"layer5":{},"layer2":{},"layer6":{},"layer7":{},"layer3":{}},"condition7":{"layer8":{},"layer7":{},"layer3":{},"layer0":{},"layer1":{},"layer6":{},"layer2":{},"layer4":{},"layer5":{}},"condition1":{"layer6":{},"layer7":{},"layer3":{},"layer0":{},"layer8":{},"layer2":{},"layer5":{},"layer4":{},"layer1":{}},"condition0":{"layer7":{},"layer3":{},"layer5":{},"layer2":{},"layer1":{},"layer8":{},"layer6":{},"layer0":{},"layer4":{}},"condition6":{"layer5":{},"layer0":{},"layer7":{},"layer6":{},"layer4":{},"layer8":{},"layer2":{},"layer1":{},"layer3":{}},"condition5":{"layer5":{},"layer8":{},"layer2":{},"layer7":{},"layer4":{},"layer0":{},"layer3":{},"layer6":{},"layer1":{}},"condition3":{"layer3":{},"layer8":{},"layer6":{},"layer0":{},"layer5":{},"layer1":{},"layer7":{},"layer2":{},"layer4":{}},"condition2":{"layer4":{},"layer5":{},"layer1":{},"layer0":{},"layer2":{},"layer8":{},"layer6":{},"layer3":{},"layer7":{}}},"name":"Uciea_vanilla_US","displayKeySize":65,"conditionDetailCollection":{"condition4":{"name":"Condition4","type":"Application","value":"com.vendor.condition4","isEnabled":false},"condition5":{"value":"com.vendor.condition5","type":"Application","isEnabled":false,"name":"Condition5"},"condition9":{"type":"Application","name":"Condition9","isEnabled":false,"value":"com.vendor.condition9"},"condition0":{"type":"Application","name":"Default","value":"com.vendor.condition0","isEnabled":true},"condition1":{"type":"InputSource","isEnabled":false,"name":"Condition1","value":"ja"},"condition7":{"type":"Application","value":"com.vendor.condition7","name":"Condition7","isEnabled":false},"condition8":{"value":"com.vendor.condition8","isEnabled":false,"name":"Condition8","type":"Application"},"condition2":{"value":"com.vendor.condition2","type":"Application","name":"Condition2","isEnabled":false},"condition6":{"value":"com.vendor.condition6","name":"Condition6","type":"Application","isEnabled":false},"condition3":{"type":"Application","value":"com.vendor.condition3","isEnabled":false,"name":"Condition3"}},"macroCollection":{"idsInOrderCollection":[],"_collection":[]},"selections":{"layer":"layer0","macro":{"name":"user Macro","dictionary_key":null,"toDetailCollection":{"_collection":[],"idsInOrderCollection":[]},"id":"D477A08C-AA25-4AFC-93F4-E01891F227DD"},"customOrMacroTab":{"customizeKey":{}},"combo":{"id":"AE934B3A-8DCA-4ED1-9EDB-2C661D573E37","key_down_order":"insensitive","key_up_order":"insensitive","toDetail":{},"comboThreshold":50},"condition":"condition0","macroTab":{"userMacro":{}},"toTab":"qwertyKeyboard","fromTab":{"qwertyKeyboard":{}},"tab":{"remap":{}},"toDetail_macro":{"indicator":false,"id":"D2AADCA0-DD9D-4E00-8EA0-95A93996B034","error":false,"withModifier":{},"outputAndDisplay":{"output":{"letter_keys":{"_0":"a"}},"display":"none","layerKey":"layer0"}},"keyboardKey":{"fromDetail":{"display":"A","output":{"letter_keys":{"_0":"a"}}},"id":"C562CCCC-D99D-4CF4-874A-6356D7F0D29B","toDetailCollection":{}}}}