{"keymap":{"mouse":{"mainRows":{"idsInOrderRow1":[{"id":"6551998E-A4D6-4566-83EA-B8E1323F36ED"},{"id":"FB8AA7E1-4877-4812-870B-8C45F34AC772"}],"row1":[{"toDetailCollection":{},"fromDetail":{"output":{"mouse_buttons":{"_0":"button1"}},"display":"L click"},"id":"6551998E-A4D6-4566-83EA-B8E1323F36ED"},{"id":"FB8AA7E1-4877-4812-870B-8C45F34AC772","fromDetail":{"output":{"mouse_buttons":{"_0":"button2"}},"display":"R click"},"toDetailCollection":{}}],"arrow_left":{"keyShape":"arrow_LR","fromDetail":{"display":"arrowtriangle.left.fill","output":{"arrow_keys":{"_0":"left_arrow"}},"isSFSymbol":true},"id":"D3C806ED-B918-4DF4-BAE1-FD2EB8732FD7","toDetailCollection":{}},"row5":[],"idsInOrderRow5":[],"idsInOrderRow4":[{"id":"D7994564-1572-45CA-B841-7F233AD53579"}],"row4":[{"id":"D7994564-1572-45CA-B841-7F233AD53579","isSpacer":true,"toDetailCollection":{},"fromDetail":{"display":"A","output":{"letter_keys":{"_0":"a"}}}}],"arrow_down":{"toDetailCollection":{},"fromDetail":{"isSFSymbol":true,"output":{"arrow_keys":{"_0":"down_arrow"}},"display":"arrowtriangle.down.fill"},"id":"BDE573B0-3439-40C9-9CF9-E3FC457F52A2","keyShape":"arrow_Down"},"rowIndex_arrow":{"row6":{}},"arrow_right":{"keyShape":"arrow_LR","toDetailCollection":{},"fromDetail":{"display":"arrowtriangle.right.fill","output":{"arrow_keys":{"_0":"right_arrow"}},"isSFSymbol":true},"id":"AD3F717B-F2F6-474C-9255-5BC7993B0128"},"arrow_up":{"id":"72074357-8B2D-4782-A079-DAA8A7061183","fromDetail":{"display":"arrowtriangle.up.fill","isSFSymbol":true,"output":{"arrow_keys":{"_0":"up_arrow"}}},"toDetailCollection":{},"keyShape":"arrow_Up"},"row2":[{"id":"AFB09631-0F4A-4056-9EFE-2B06AD37FC3D","fromDetail":{"output":{"mouse_buttons":{"_0":"button3"}},"display":"M click"},"toDetailCollection":{}},{"id":"77608AEE-25A7-4AFF-B1C6-E1FA65E43DC0","fromDetail":{"display":"A","output":{"letter_keys":{"_0":"a"}}},"unitSize":0.5,"isSpacer":true,"toDetailCollection":{}}],"idsInOrderRow2":[{"id":"77608AEE-25A7-4AFF-B1C6-E1FA65E43DC0"},{"id":"AFB09631-0F4A-4056-9EFE-2B06AD37FC3D"}],"row3":[{"toDetailCollection":{},"isSpacer":true,"fromDetail":{"output":{"letter_keys":{"_0":"a"}},"display":"A"},"id":"7E23EDD2-40F3-4D9F-8F4D-198FDEBAAAB6"}],"row6":[],"enableArrowKeys":false,"idsInOrderRow3":[{"id":"7E23EDD2-40F3-4D9F-8F4D-198FDEBAAAB6"}],"idsInOrderRow6":[]},"isEnableMain":true,"isEnableSub":false,"sectionDetail":{"section":{"mouse":{}},"deviceDetail":{"is_product_id_Enabled":false,"product_id":"product_id","device_name":"mouse","is_location_id_Enabled":false,"location_id":"location_id","vendor_id":"vendor_id","is_vendor_id_Enabled":false,"is_builtin_keyboard":false}},"isEnableTenkey":false,"subRows":{"idsInOrderRow3":[{"id":"F2DA7115-E737-4F71-8DD2-228F4473C27C"}],"row3":[{"id":"F2DA7115-E737-4F71-8DD2-228F4473C27C","fromDetail":{"display":"A","output":{"letter_keys":{"_0":"a"}}},"toDetailCollection":{}}],"arrow_down":{"fromDetail":{"output":{"arrow_keys":{"_0":"down_arrow"}},"isSFSymbol":true,"display":"arrowtriangle.down.fill"},"keyShape":"arrow_Down","id":"3D740DEB-DE34-467E-9078-1CF4565F7730","toDetailCollection":{}},"rowIndex_arrow":{"row6":{}},"row5":[{"toDetailCollection":{},"id":"3298216E-3B12-493B-9EC2-F8AE380910C3","fromDetail":{"display":"A","output":{"letter_keys":{"_0":"a"}}}}],"row6":[{"toDetailCollection":{},"fromDetail":{"display":"A","output":{"letter_keys":{"_0":"a"}}},"id":"AEE24C52-37F1-4A5B-8EFC-66531FBEEA6D"}],"enableArrowKeys":false,"arrow_right":{"fromDetail":{"display":"arrowtriangle.right.fill","isSFSymbol":true,"output":{"arrow_keys":{"_0":"right_arrow"}}},"toDetailCollection":{},"id":"60C99524-322E-479C-BE95-B7777D3A3232","keyShape":"arrow_LR"},"arrow_up":{"fromDetail":{"output":{"arrow_keys":{"_0":"up_arrow"}},"isSFSymbol":true,"display":"arrowtriangle.up.fill"},"id":"7851CAD6-AEB0-4EC4-A95D-A3252D909379","toDetailCollection":{},"keyShape":"arrow_Up"},"row2":[{"id":"9BAF11DB-3281-4B3C-9B11-2B13C1332979","fromDetail":{"output":{"letter_keys":{"_0":"a"}},"display":"A"},"toDetailCollection":{}}],"idsInOrderRow5":[{"id":"3298216E-3B12-493B-9EC2-F8AE380910C3"}],"arrow_left":{"keyShape":"arrow_LR","id":"7BE82017-D30C-44C0-B3C6-65E3803F2EFC","toDetailCollection":{},"fromDetail":{"display":"arrowtriangle.left.fill","isSFSymbol":true,"output":{"arrow_keys":{"_0":"left_arrow"}}}},"idsInOrderRow4":[{"id":"494AA8AA-9D2F-45E5-8AB5-7453035664F6"}],"idsInOrderRow6":[{"id":"AEE24C52-37F1-4A5B-8EFC-66531FBEEA6D"}],"row4":[{"id":"494AA8AA-9D2F-45E5-8AB5-7453035664F6","fromDetail":{"output":{"letter_keys":{"_0":"a"}},"display":"A"},"toDetailCollection":{}}],"row1":[{"toDetailCollection":{},"fromDetail":{"display":"A","output":{"letter_keys":{"_0":"a"}}},"id":"D97AA176-376F-4D83-B9E2-D27B634DF2E9"}],"idsInOrderRow1":[{"id":"D97AA176-376F-4D83-B9E2-D27B634DF2E9"}],"idsInOrderRow2":[{"id":"9BAF11DB-3281-4B3C-9B11-2B13C1332979"}]},"tenkeyRows":{"idsInOrderRow4":[{"id":"F6A8ADB4-E5C3-403C-9827-F6444E5CFF5E"}],"arrow_down":{"keyShape":"arrow_Down","id":"33EF4B31-AE7E-45A8-9411-4867591D518A","toDetailCollection":{},"fromDetail":{"isSFSymbol":true,"output":{"arrow_keys":{"_0":"down_arrow"}},"display":"arrowtriangle.down.fill"}},"arrow_up":{"toDetailCollection":{},"id":"48B783DB-11A9-4802-BC5F-005077A28071","keyShape":"arrow_Up","fromDetail":{"output":{"arrow_keys":{"_0":"up_arrow"}},"isSFSymbol":true,"display":"arrowtriangle.up.fill"}},"row4":[{"fromDetail":{"output":{"letter_keys":{"_0":"a"}},"display":"A"},"toDetailCollection":{},"id":"F6A8ADB4-E5C3-403C-9827-F6444E5CFF5E"}],"arrow_left":{"toDetailCollection":{},"fromDetail":{"isSFSymbol":true,"display":"arrowtriangle.left.fill","output":{"arrow_keys":{"_0":"left_arrow"}}},"keyShape":"arrow_LR","id":"7E934D43-067F-4DA7-B0DF-E5884E7A7083"},"row1":[{"fromDetail":{"display":"A","output":{"letter_keys":{"_0":"a"}}},"toDetailCollection":{},"id":"C5BD08BA-E600-412B-99C7-BAB8065812C3"}],"arrow_right":{"fromDetail":{"display":"arrowtriangle.right.fill","isSFSymbol":true,"output":{"arrow_keys":{"_0":"right_arrow"}}},"id":"CA070CFC-4A69-4F20-BBB3-51F11B41F395","keyShape":"arrow_LR","toDetailCollection":{}},"row3":[{"toDetailCollection":{},"id":"5AA69ECC-D686-465F-BCD8-DCAF9D365F84","fromDetail":{"output":{"letter_keys":{"_0":"a"}},"display":"A"}}],"idsInOrderRow3":[{"id":"5AA69ECC-D686-465F-BCD8-DCAF9D365F84"}],"idsInOrderRow5":[{"id":"D1FF54D0-0406-4543-9424-CBB35D8F4852"}],"idsInOrderRow6":[{"id":"B1A6D6DC-D5D9-4498-8D48-88D8250649D0"}],"rowIndex_arrow":{"row6":{}},"row5":[{"fromDetail":{"display":"A","output":{"letter_keys":{"_0":"a"}}},"toDetailCollection":{},"id":"D1FF54D0-0406-4543-9424-CBB35D8F4852"}],"idsInOrderRow1":[{"id":"C5BD08BA-E600-412B-99C7-BAB8065812C3"}],"idsInOrderRow2":[{"id":"3E776D30-9C9A-433A-AD77-412E98AF870F"}],"row6":[{"id":"B1A6D6DC-D5D9-4498-8D48-88D8250649D0","fromDetail":{"output":{"letter_keys":{"_0":"a"}},"display":"A"},"toDetailCollection":{}}],"row2":[{"fromDetail":{"output":{"letter_keys":{"_0":"a"}},"display":"A"},"id":"3E776D30-9C9A-433A-AD77-412E98AF870F","toDetailCollection":{}}],"enableArrowKeys":false}},"main":{"isEnableSub":false,"tenkeyRows":{"arrow_down":{"toDetailCollection":{},"fromDetail":{"isSFSymbol":true,"display":"arrowtriangle.down.fill","output":{"arrow_keys":{"_0":"down_arrow"}}},"id":"351C9636-6123-4DB6-924F-20111C238D64","keyShape":"arrow_Down"},"idsInOrderRow6":[{"id":"D113B900-E9B4-4DA5-B9FA-DC36A3405638"},{"id":"A44E7285-4E16-4AFA-93A2-7C21235D9497"}],"idsInOrderRow2":[{"id":"D3C366D4-9904-46EE-8B05-C1C9BE900FE8"},{"id":"ED258C23-10E0-4E59-8170-7973A15D8EB3"},{"id":"717F74AF-7A47-46DF-B749-48730DB28F7C"},{"id":"822F4FBC-3746-4668-9369-B38713EBEBEE"}],"row6":[{"fromDetail":{"output":{"keypad_keys":{"_0":"keypad_period"}},"display":"."},"id":"A44E7285-4E16-4AFA-93A2-7C21235D9497","toDetailCollection":{}},{"toDetailCollection":{},"unitSize":2,"fromDetail":{"output":{"keypad_keys":{"_0":"keypad_0"}},"display":"0"},"id":"D113B900-E9B4-4DA5-B9FA-DC36A3405638"}],"idsInOrderRow5":[{"id":"83822E9F-95F4-4D31-A86C-7D92C7546574"},{"id":"8976EADF-2E6C-492B-A79F-684ECC454FFB"},{"id":"5EF841F1-F090-4E28-BDB3-84C4C5718CDA"},{"id":"FBC92CEC-5AA9-4BE2-9355-A68D7FCA6959"}],"row4":[{"id":"62B13D84-BFB6-45CE-B49F-E8ADAB2E4497","fromDetail":{"display":"4","output":{"keypad_keys":{"_0":"keypad_4"}}},"toDetailCollection":{}},{"toDetailCollection":{},"fromDetail":{"output":{"keypad_keys":{"_0":"keypad_plus"}},"display":"+"},"id":"06C863F5-B4CE-48C5-B164-54FCEF29E435"},{"toDetailCollection":{},"fromDetail":{"output":{"keypad_keys":{"_0":"keypad_6"}},"display":"6"},"id":"7F88DD98-AC95-4467-A4A6-D6BD20282B6B"},{"id":"EDE81762-38C1-49DB-B2BB-B589BF8D6BF0","fromDetail":{"display":"5","output":{"keypad_keys":{"_0":"keypad_5"}}},"toDetailCollection":{}}],"arrow_left":{"fromDetail":{"output":{"arrow_keys":{"_0":"left_arrow"}},"display":"arrowtriangle.left.fill","isSFSymbol":true},"id":"688A7138-BD3E-43C4-A97A-94E766B6EF0D","toDetailCollection":{},"keyShape":"arrow_LR"},"row3":[{"id":"4D6301EF-BFB2-4447-8BC3-898B7B9136A8","toDetailCollection":{},"fromDetail":{"display":"-","output":{"keypad_keys":{"_0":"keypad_hyphen"}}}},{"fromDetail":{"output":{"keypad_keys":{"_0":"keypad_7"}},"display":"7"},"toDetailCollection":{},"id":"C8F037DB-5D08-422F-8131-0A14815E8A87"},{"id":"FE772D93-0E7A-4956-B14A-FD7996C30589","toDetailCollection":{},"fromDetail":{"display":"8","output":{"keypad_keys":{"_0":"keypad_8"}}}},{"id":"1E7230CB-1EDB-4001-9220-8608AF5D5A53","toDetailCollection":{},"fromDetail":{"display":"9","output":{"keypad_keys":{"_0":"keypad_9"}}}}],"enableArrowKeys":false,"idsInOrderRow3":[{"id":"C8F037DB-5D08-422F-8131-0A14815E8A87"},{"id":"FE772D93-0E7A-4956-B14A-FD7996C30589"},{"id":"1E7230CB-1EDB-4001-9220-8608AF5D5A53"},{"id":"4D6301EF-BFB2-4447-8BC3-898B7B9136A8"}],"row5":[{"id":"FBC92CEC-5AA9-4BE2-9355-A68D7FCA6959","fromDetail":{"isSFSymbol":true,"display":"projective","output":{"keypad_keys":{"_0":"keypad_enter"}}},"keyShape":"enter_Tenkey","toDetailCollection":{}},{"fromDetail":{"output":{"keypad_keys":{"_0":"keypad_3"}},"display":"3"},"id":"5EF841F1-F090-4E28-BDB3-84C4C5718CDA","toDetailCollection":{}},{"toDetailCollection":{},"fromDetail":{"display":"2","output":{"keypad_keys":{"_0":"keypad_2"}}},"id":"8976EADF-2E6C-492B-A79F-684ECC454FFB"},{"fromDetail":{"output":{"keypad_keys":{"_0":"keypad_1"}},"display":"1"},"toDetailCollection":{},"id":"83822E9F-95F4-4D31-A86C-7D92C7546574"}],"row1":[{"id":"54A6BC98-AF9E-478A-ACE2-980AAE604D38","fromDetail":{"output":{"function_keys":{"_0":"f19"}},"display":"F19"},"toDetailCollection":{}},{"id":"E896A8E5-D2CA-4102-89A3-4421536F9271","toDetailCollection":{},"fromDetail":{"output":{"function_keys":{"_0":"f17"}},"display":"F17"}},{"fromDetail":{"output":{"function_keys":{"_0":"f16"}},"display":"F16"},"id":"B46C963F-701E-49B6-AB04-65241888BE59","toDetailCollection":{}},{"id":"59F27724-754B-4D02-9854-CC4A5E2AEDF7","fromDetail":{"display":"F18","output":{"function_keys":{"_0":"f18"}}},"toDetailCollection":{}}],"idsInOrderRow1":[{"id":"B46C963F-701E-49B6-AB04-65241888BE59"},{"id":"E896A8E5-D2CA-4102-89A3-4421536F9271"},{"id":"59F27724-754B-4D02-9854-CC4A5E2AEDF7"},{"id":"54A6BC98-AF9E-478A-ACE2-980AAE604D38"}],"row2":[{"fromDetail":{"output":{"keypad_keys":{"_0":"keypad_asterisk"}},"display":"*"},"toDetailCollection":{},"id":"822F4FBC-3746-4668-9369-B38713EBEBEE"},{"id":"ED258C23-10E0-4E59-8170-7973A15D8EB3","toDetailCollection":{},"fromDetail":{"display":"=","output":{"keypad_keys":{"_0":"keypad_equal_sign"}}}},{"id":"D3C366D4-9904-46EE-8B05-C1C9BE900FE8","toDetailCollection":{},"fromDetail":{"output":{"others":{"_0":"clear"}},"display":"clear"}},{"toDetailCollection":{},"fromDetail":{"output":{"keypad_keys":{"_0":"keypad_slash"}},"display":"\/"},"id":"717F74AF-7A47-46DF-B749-48730DB28F7C"}],"idsInOrderRow4":[{"id":"62B13D84-BFB6-45CE-B49F-E8ADAB2E4497"},{"id":"EDE81762-38C1-49DB-B2BB-B589BF8D6BF0"},{"id":"7F88DD98-AC95-4467-A4A6-D6BD20282B6B"},{"id":"06C863F5-B4CE-48C5-B164-54FCEF29E435"}],"arrow_up":{"keyShape":"arrow_Up","fromDetail":{"output":{"arrow_keys":{"_0":"up_arrow"}},"display":"arrowtriangle.up.fill","isSFSymbol":true},"toDetailCollection":{},"id":"C5D69048-90FD-4027-BD33-84AE895078F2"},"rowIndex_arrow":{"row6":{}},"arrow_right":{"id":"E6CD2D21-FB99-4773-9083-5E89DA253EC7","fromDetail":{"display":"arrowtriangle.right.fill","isSFSymbol":true,"output":{"arrow_keys":{"_0":"right_arrow"}}},"keyShape":"arrow_LR","toDetailCollection":{}}},"mainRows":{"arrow_up":{"toDetailCollection":{},"keyShape":"arrow_Up","fromDetail":{"display":"arrowtriangle.up.fill","output":{"arrow_keys":{"_0":"up_arrow"}},"isSFSymbol":true},"id":"1E5B6136-C35D-47E5-8CE0-787B13DFC505"},"row5":[{"fromDetail":{"display":"\/","output":{"controls_and_symbols":{"_0":"slash"}}},"id":"55D14C6C-7678-48B0-9753-389AE9FAB5C9","toDetailCollection":{"condition0":{"layer0":{"isCustomized_tap":true,"outputAndDisplay_tap":{"layerKey":"layer0","output":{"controls_and_symbols":{"_0":"period"}},"display":"."},"withModifier_tap":{}}}}},{"id":"5996CFAE-D5D3-40E3-AD42-AE9877569EFA","toDetailCollection":{"condition0":{"layer0":{"outputAndDisplay_tap":{"display":"J","layerKey":"layer0","output":{"letter_keys":{"_0":"j"}}},"isCustomized_tap":true,"withModifier_tap":{}}}},"fromDetail":{"output":{"letter_keys":{"_0":"b"}},"display":"B"}},{"unitSize":2.25,"toDetailCollection":{},"fromDetail":{"output":{"modifier_keys":{"_0":"left_shift"}},"display":"shift","isSFSymbol":true},"id":"3B389263-249F-46D7-9ADB-485DBE74FE61"},{"fromDetail":{"output":{"letter_keys":{"_0":"x"}},"display":"X"},"id":"2486AB32-913A-4EF3-A267-644189677F55","toDetailCollection":{"condition0":{"layer0":{"isCustomized_tap":true,"outputAndDisplay_tap":{"layerKey":"layer0","output":{"controls_and_symbols":{"_0":"comma"}},"display":","},"withModifier_tap":{}}}}},{"id":"CD4F94BA-1137-474B-9963-A6DF676E21F8","fromDetail":{"display":",","output":{"controls_and_symbols":{"_0":"comma"}}},"toDetailCollection":{"condition0":{"layer0":{"outputAndDisplay_tap":{"output":{"controls_and_symbols":{"_0":"semicolon"}},"display":";","layerKey":"layer0"},"isCustomized_tap":true,"withModifier_tap":{}}}}},{"toDetailCollection":{"condition0":{"layer0":{"outputAndDisplay_tap":{"layerKey":"layer0","output":{"letter_keys":{"_0":"g"}},"display":"G"},"withModifier_tap":{},"isCustomized_tap":true}}},"fromDetail":{"display":"V","output":{"letter_keys":{"_0":"v"}}},"id":"2D033E0E-5012-44D8-8D59-5C752ACE2703"},{"toDetailCollection":{"condition0":{"layer0":{"isCustomized_tap":true,"outputAndDisplay_tap":{"output":{"letter_keys":{"_0":"l"}},"layerKey":"layer0","display":"L"},"withModifier_tap":{}}}},"id":"8B1DB1EB-2D53-4ECA-ABC3-314DEDC2D7E6","fromDetail":{"output":{"letter_keys":{"_0":"c"}},"display":"C"}},{"fromDetail":{"display":"Z","output":{"letter_keys":{"_0":"z"}}},"id":"ECF52E10-EB99-4938-99D9-3861DDDB675C","toDetailCollection":{"condition0":{"layer0":{"outputAndDisplay_tap":{"output":{"controls_and_symbols":{"_0":"slash"}},"display":"\/","layerKey":"layer0"},"isCustomized_tap":true,"withModifier_tap":{}}}}},{"fromDetail":{"display":".","output":{"controls_and_symbols":{"_0":"period"}}},"toDetailCollection":{"condition0":{"layer0":{"isCustomized_tap":true,"outputAndDisplay_tap":{"layerKey":"layer0","output":{"letter_keys":{"_0":"z"}},"display":"Z"},"withModifier_tap":{}}}},"id":"B356607D-BD7B-4C7D-B914-DA20950ED88A"},{"id":"F93E480F-1FDC-498B-8DD4-96ADE521BB54","fromDetail":{"display":"M","output":{"letter_keys":{"_0":"m"}}},"toDetailCollection":{"condition0":{"layer0":{"outputAndDisplay_tap":{"layerKey":"layer0","output":{"letter_keys":{"_0":"v"}},"display":"V"},"withModifier_tap":{},"isCustomized_tap":true}}}},{"fromDetail":{"isSFSymbol":true,"output":{"modifier_keys":{"_0":"right_shift"}},"display":"shift"},"toDetailCollection":{},"id":"CDDC91FD-65D2-4AF1-9EEB-37B0DE8C21DD","unitSize":2.25},{"fromDetail":{"display":"N","output":{"letter_keys":{"_0":"n"}}},"toDetailCollection":{"condition0":{"layer0":{"outputAndDisplay_tap":{"display":"F","layerKey":"layer0","output":{"letter_keys":{"_0":"f"}}},"withModifier_tap":{},"isCustomized_tap":true}}},"id":"2D5BE9DC-2473-493D-A0FF-3F59F52AE5A3"}],"rowIndex_arrow":{"row6":{}},"idsInOrderRow3":[{"id":"1DEAF6C7-18C5-4FFF-9FFA-69D39E9750A5"},{"id":"5BFDDFED-B918-4162-83E4-A36E0B5A70F4"},{"id":"D44EA260-2CA6-4349-A872-B2872FE9F90D"},{"id":"0FD7A740-5587-4DB2-9678-DDB44FD830E6"},{"id":"1791CA87-029B-464D-89BE-C134CC679307"},{"id":"9D2081F1-F1E7-4FA3-A1D8-CD524AA47673"},{"id":"C4FC4241-91FF-43E9-BE0E-30AD88AC1898"},{"id":"47493D75-20FE-427F-ABBC-40590FC3EFC8"},{"id":"57747CE4-0EED-4DC7-8371-33DB03195583"},{"id":"368C5708-9F44-4276-BB0E-45BC7BF4C963"},{"id":"ED7EA1ED-BD9E-477C-B25A-255F372FEE05"},{"id":"30DA1A72-7BDD-42D2-A76D-EFAA0CC45A68"},{"id":"2B43BF71-ECB5-4244-BCAE-FAD21D22044B"},{"id":"3DD8721D-FACB-4F8B-A2CF-047EAC034FC9"}],"idsInOrderRow4":[{"id":"31D24545-6D54-4E9B-BBC4-BF3DA30D4B10"},{"id":"FA5D8E82-57CE-4079-98FC-AD27B3BB7EEF"},{"id":"3243DA13-11DF-4BDB-9191-1C86D7D0165B"},{"id":"37E7A5E4-2204-44BE-B4EB-8E5E94130FFB"},{"id":"CF9B4D9B-2A65-4025-AE81-D3DA87F24D76"},{"id":"6B6E43A1-4EC0-42B4-9C62-86F2C28F2DD3"},{"id":"F8BEBFB9-B0EF-48E5-AB16-12C434EA1E7A"},{"id":"45D82F66-A823-4F5F-8814-C6836C365BB6"},{"id":"F7D95922-8710-4778-A52A-9AD9E7220EEF"},{"id":"71EE7F79-50F0-4423-A573-760F7ED243B2"},{"id":"2179BF73-A27D-4CAB-B5FB-35746F7890A1"},{"id":"B7469481-69C5-4F52-8597-BE13EA48023A"},{"id":"8396BF24-7F8A-4378-B28A-B9484E5EEFD9"}],"row2":[{"toDetailCollection":{},"fromDetail":{"output":{"number_keys":{"_0":"nine"}},"display":"9"},"id":"2FBE15A5-FD5A-424A-B68E-80FC2CB1BF8E"},{"toDetailCollection":{},"id":"4A205737-930F-4660-B07D-0F8888C7DDB3","fromDetail":{"output":{"number_keys":{"_0":"seven"}},"display":"7"}},{"id":"F075A1E9-3473-46FC-B268-44B38E305F21","fromDetail":{"display":"0","output":{"number_keys":{"_0":"zero"}}},"toDetailCollection":{}},{"toDetailCollection":{},"id":"18AF236B-62D9-4EF2-8F12-D2B701F1C65B","fromDetail":{"output":{"number_keys":{"_0":"four"}},"display":"4"}},{"id":"2349579F-1378-4983-A5A9-FC5060D969A2","toDetailCollection":{},"fromDetail":{"display":"-","output":{"controls_and_symbols":{"_0":"hyphen"}}}},{"id":"5E53532B-6301-4E02-8C6B-8E46FA81A2F4","fromDetail":{"display":"2","output":{"number_keys":{"_0":"two"}}},"toDetailCollection":{}},{"fromDetail":{"output":{"number_keys":{"_0":"five"}},"display":"5"},"id":"6FFCC7B2-CCB1-4B5A-A607-F07129D95306","toDetailCollection":{}},{"fromDetail":{"isSFSymbol":true,"output":{"controls_and_symbols":{"_0":"delete_or_backspace"}},"display":"delete.left"},"toDetailCollection":{},"unitSize":1.5,"id":"956D758B-AF61-4E8D-8742-66904885FE19"},{"id":"52E35977-F675-43B8-B4F4-CDA8FD5A6AA6","toDetailCollection":{},"fromDetail":{"display":"1","output":{"number_keys":{"_0":"one"}}}},{"toDetailCollection":{},"fromDetail":{"display":"=","output":{"controls_and_symbols":{"_0":"equal_sign_or_caret"}}},"id":"A8679889-197B-43CD-A0E9-9C33A8263721"},{"fromDetail":{"output":{"number_keys":{"_0":"three"}},"display":"3"},"toDetailCollection":{},"id":"DCFA451C-57BF-47D4-BDE5-FC0F9510CC5C"},{"fromDetail":{"output":{"number_keys":{"_0":"eight"}},"display":"8"},"id":"3B9DF234-D2BC-4646-B398-5DB28BA0AB97","toDetailCollection":{}},{"toDetailCollection":{},"id":"2BA27239-5332-402B-A296-2A52A5B2B2A5","fromDetail":{"display":"`","output":{"controls_and_symbols":{"_0":"grave_accent"}}}},{"toDetailCollection":{},"id":"FEF9FBA2-821A-4733-8A71-008285EFA76B","fromDetail":{"display":"6","output":{"number_keys":{"_0":"six"}}}}],"row1":[{"toDetailCollection":{},"fromDetail":{"output":{"function_keys":{"_0":"f4"}},"display":"F4"},"id":"42094BB7-B041-473D-B17D-321188F3842D"},{"unitSize":1.5,"toDetailCollection":{},"fromDetail":{"output":{"controls_and_symbols":{"_0":"escape"}},"display":"escape","isSFSymbol":true},"id":"7351F455-9270-4286-B82E-40F31619518E"},{"fromDetail":{"output":{"function_keys":{"_0":"f5"}},"display":"F5"},"toDetailCollection":{},"id":"88AD16D8-349C-4918-94E9-BCA4BDAFE032"},{"id":"DF0CC015-3B20-448B-BDD0-F42E12746A75","toDetailCollection":{},"fromDetail":{"output":{"function_keys":{"_0":"f9"}},"display":"F9"}},{"fromDetail":{"display":"F12","output":{"function_keys":{"_0":"f12"}}},"id":"EF57AFD7-3C6B-4027-8618-861A10F3769B","toDetailCollection":{}},{"toDetailCollection":{},"fromDetail":{"display":"F11","output":{"function_keys":{"_0":"f11"}}},"id":"B318FB31-1402-4101-838B-4F711A968AEF"},{"toDetailCollection":{},"fromDetail":{"output":{"function_keys":{"_0":"f10"}},"display":"F10"},"id":"19086F5E-B106-4C6E-B23B-5C86D477114A"},{"fromDetail":{"output":{"function_keys":{"_0":"f6"}},"display":"F6"},"id":"59C21A56-BC77-4611-8779-490205C3A905","toDetailCollection":{}},{"id":"54BE1FE4-7C4C-4869-8773-F2668B583242","fromDetail":{"display":"F1","output":{"function_keys":{"_0":"f1"}}},"toDetailCollection":{}},{"fromDetail":{"display":"F3","output":{"function_keys":{"_0":"f3"}}},"toDetailCollection":{},"id":"5F9053A0-F227-4E2D-A87D-D641B8C197BA"},{"fromDetail":{"display":"F8","output":{"function_keys":{"_0":"f8"}}},"id":"AFFA6979-6E95-40C0-ADCC-F6888CA295D2","toDetailCollection":{}},{"id":"12CF0D64-FD6D-4192-B9A3-C21D3FCAC368","toDetailCollection":{},"fromDetail":{"output":{"function_keys":{"_0":"f7"}},"display":"F7"}},{"fromDetail":{"output":{"function_keys":{"_0":"f2"}},"display":"F2"},"id":"9AED8691-FD1E-4234-B0A6-2C151449FC75","toDetailCollection":{}}],"idsInOrderRow6":[{"id":"7D94AF99-B08C-4F90-AEAA-6DF7F842A77E"},{"id":"6318830C-D034-4881-9D67-AD88DBCFF8D9"},{"id":"356B4C51-7506-4537-BA32-4D47881C9188"},{"id":"97BF7055-6EC1-42B9-BE6F-16E5A73F7C56"},{"id":"E5C48887-2BA7-4D49-962E-96F413D185F2"},{"id":"E75B5EC8-EB5A-430E-8B6E-E3576AD86CB4"},{"id":"D96C4443-46B3-4280-BE81-447635EBF483"}],"arrow_left":{"fromDetail":{"display":"arrowtriangle.left.fill","isSFSymbol":true,"output":{"arrow_keys":{"_0":"left_arrow"}}},"toDetailCollection":{},"keyShape":"arrow_LR","id":"07D1DBFC-D98F-45B7-B68F-943AE59C7B1F"},"arrow_right":{"toDetailCollection":{},"fromDetail":{"display":"arrowtriangle.right.fill","isSFSymbol":true,"output":{"arrow_keys":{"_0":"right_arrow"}}},"id":"16F54173-1675-4A2F-862C-489FD7F20067","keyShape":"arrow_LR"},"idsInOrderRow2":[{"id":"2BA27239-5332-402B-A296-2A52A5B2B2A5"},{"id":"52E35977-F675-43B8-B4F4-CDA8FD5A6AA6"},{"id":"5E53532B-6301-4E02-8C6B-8E46FA81A2F4"},{"id":"DCFA451C-57BF-47D4-BDE5-FC0F9510CC5C"},{"id":"18AF236B-62D9-4EF2-8F12-D2B701F1C65B"},{"id":"6FFCC7B2-CCB1-4B5A-A607-F07129D95306"},{"id":"FEF9FBA2-821A-4733-8A71-008285EFA76B"},{"id":"4A205737-930F-4660-B07D-0F8888C7DDB3"},{"id":"3B9DF234-D2BC-4646-B398-5DB28BA0AB97"},{"id":"2FBE15A5-FD5A-424A-B68E-80FC2CB1BF8E"},{"id":"F075A1E9-3473-46FC-B268-44B38E305F21"},{"id":"2349579F-1378-4983-A5A9-FC5060D969A2"},{"id":"A8679889-197B-43CD-A0E9-9C33A8263721"},{"id":"956D758B-AF61-4E8D-8742-66904885FE19"}],"enableArrowKeys":true,"row6":[{"id":"D96C4443-46B3-4280-BE81-447635EBF483","toDetailCollection":{},"fromDetail":{"output":{"modifier_keys":{"_0":"right_option"}},"display":"option","isSFSymbol":true}},{"toDetailCollection":{},"fromDetail":{"display":"globe","output":{"modifier_keys":{"_0":"keyboard_fn"}},"isSFSymbol":true},"id":"7D94AF99-B08C-4F90-AEAA-6DF7F842A77E"},{"id":"356B4C51-7506-4537-BA32-4D47881C9188","toDetailCollection":{},"fromDetail":{"display":"option","isSFSymbol":true,"output":{"modifier_keys":{"_0":"left_option"}}}},{"unitSize":1.25,"id":"E75B5EC8-EB5A-430E-8B6E-E3576AD86CB4","toDetailCollection":{},"fromDetail":{"display":"command","isSFSymbol":true,"output":{"modifier_keys":{"_0":"right_command"}}}},{"fromDetail":{"output":{"modifier_keys":{"_0":"left_control"}},"isSFSymbol":true,"display":"control"},"toDetailCollection":{},"id":"6318830C-D034-4881-9D67-AD88DBCFF8D9"},{"unitSize":1.25,"toDetailCollection":{},"id":"97BF7055-6EC1-42B9-BE6F-16E5A73F7C56","fromDetail":{"display":"command","output":{"modifier_keys":{"_0":"left_command"}},"isSFSymbol":true}},{"fromDetail":{"output":{"controls_and_symbols":{"_0":"spacebar"}},"display":"␣"},"id":"E5C48887-2BA7-4D49-962E-96F413D185F2","unitSize":5,"toDetailCollection":{}}],"row3":[{"toDetailCollection":{},"id":"3DD8721D-FACB-4F8B-A2CF-047EAC034FC9","fromDetail":{"display":"\\","output":{"controls_and_symbols":{"_0":"backslash_or_yen"}}}},{"toDetailCollection":{"condition0":{"layer0":{"isCustomized_tap":true,"outputAndDisplay_tap":{"display":"U","output":{"letter_keys":{"_0":"u"}},"layerKey":"layer0"},"withModifier_tap":{}}}},"fromDetail":{"display":"I","output":{"letter_keys":{"_0":"i"}}},"id":"57747CE4-0EED-4DC7-8371-33DB03195583"},{"fromDetail":{"display":"O","output":{"letter_keys":{"_0":"o"}}},"id":"368C5708-9F44-4276-BB0E-45BC7BF4C963","toDetailCollection":{"condition0":{"layer0":{"withModifier_tap":{},"outputAndDisplay_tap":{"output":{"letter_keys":{"_0":"y"}},"display":"Y","layerKey":"layer0"},"isCustomized_tap":true}}}},{"fromDetail":{"display":"U","output":{"letter_keys":{"_0":"u"}}},"id":"47493D75-20FE-427F-ABBC-40590FC3EFC8","toDetailCollection":{"condition0":{"layer0":{"withModifier_tap":{},"isCustomized_tap":true,"outputAndDisplay_tap":{"layerKey":"layer0","output":{"letter_keys":{"_0":"k"}},"display":"K"}}}}},{"fromDetail":{"output":{"controls_and_symbols":{"_0":"open_square_bracket"}},"display":"["},"toDetailCollection":{},"id":"30DA1A72-7BDD-42D2-A76D-EFAA0CC45A68"},{"toDetailCollection":{"condition0":{"layer0":{"outputAndDisplay_tap":{"layerKey":"layer0","display":"P","output":{"letter_keys":{"_0":"p"}}},"withModifier_tap":{},"isCustomized_tap":true}}},"id":"D44EA260-2CA6-4349-A872-B2872FE9F90D","fromDetail":{"display":"W","output":{"letter_keys":{"_0":"w"}}}},{"id":"1791CA87-029B-464D-89BE-C134CC679307","toDetailCollection":{"condition0":{"layer0":{"withModifier_tap":{},"isCustomized_tap":true,"outputAndDisplay_tap":{"display":"D","layerKey":"layer0","output":{"letter_keys":{"_0":"d"}}}}}},"fromDetail":{"output":{"letter_keys":{"_0":"r"}},"display":"R"}},{"id":"0FD7A740-5587-4DB2-9678-DDB44FD830E6","fromDetail":{"display":"E","output":{"letter_keys":{"_0":"e"}}},"toDetailCollection":{"condition0":{"layer0":{"outputAndDisplay_tap":{"output":{"letter_keys":{"_0":"r"}},"display":"R","layerKey":"layer0"},"isCustomized_tap":true,"withModifier_tap":{}}}}},{"fromDetail":{"output":{"controls_and_symbols":{"_0":"close_square_bracket"}},"display":"]"},"id":"2B43BF71-ECB5-4244-BCAE-FAD21D22044B","toDetailCollection":{}},{"id":"1DEAF6C7-18C5-4FFF-9FFA-69D39E9750A5","fromDetail":{"output":{"controls_and_symbols":{"_0":"tab"}},"isSFSymbol":true,"display":"arrow.right.to.line"},"toDetailCollection":{},"unitSize":1.5},{"fromDetail":{"output":{"letter_keys":{"_0":"y"}},"display":"Y"},"toDetailCollection":{"condition0":{"layer0":{"withModifier_tap":{},"outputAndDisplay_tap":{"layerKey":"layer0","output":{"letter_keys":{"_0":"b"}},"display":"B"},"isCustomized_tap":true}}},"id":"C4FC4241-91FF-43E9-BE0E-30AD88AC1898"},{"id":"ED7EA1ED-BD9E-477C-B25A-255F372FEE05","fromDetail":{"output":{"letter_keys":{"_0":"p"}},"display":"P"},"toDetailCollection":{"condition0":{"layer0":{"outputAndDisplay_tap":{"display":"X","output":{"letter_keys":{"_0":"x"}},"layerKey":"layer0"},"withModifier_tap":{},"isCustomized_tap":true}}}},{"id":"9D2081F1-F1E7-4FA3-A1D8-CD524AA47673","toDetailCollection":{"condition0":{"layer0":{"isCustomized_tap":true,"outputAndDisplay_tap":{"display":"C","output":{"letter_keys":{"_0":"c"}},"layerKey":"layer0"},"withModifier_tap":{}}}},"fromDetail":{"display":"T","output":{"letter_keys":{"_0":"t"}}}},{"toDetailCollection":{},"id":"5BFDDFED-B918-4162-83E4-A36E0B5A70F4","fromDetail":{"display":"Q","output":{"letter_keys":{"_0":"q"}}}}],"idsInOrderRow1":[{"id":"7351F455-9270-4286-B82E-40F31619518E"},{"id":"54BE1FE4-7C4C-4869-8773-F2668B583242"},{"id":"9AED8691-FD1E-4234-B0A6-2C151449FC75"},{"id":"5F9053A0-F227-4E2D-A87D-D641B8C197BA"},{"id":"42094BB7-B041-473D-B17D-321188F3842D"},{"id":"88AD16D8-349C-4918-94E9-BCA4BDAFE032"},{"id":"59C21A56-BC77-4611-8779-490205C3A905"},{"id":"12CF0D64-FD6D-4192-B9A3-C21D3FCAC368"},{"id":"AFFA6979-6E95-40C0-ADCC-F6888CA295D2"},{"id":"DF0CC015-3B20-448B-BDD0-F42E12746A75"},{"id":"19086F5E-B106-4C6E-B23B-5C86D477114A"},{"id":"B318FB31-1402-4101-838B-4F711A968AEF"},{"id":"EF57AFD7-3C6B-4027-8618-861A10F3769B"}],"arrow_down":{"fromDetail":{"display":"arrowtriangle.down.fill","isSFSymbol":true,"output":{"arrow_keys":{"_0":"down_arrow"}}},"keyShape":"arrow_Down","id":"AC802696-FEB7-4AF0-B98B-74BEA602C039","toDetailCollection":{}},"idsInOrderRow5":[{"id":"3B389263-249F-46D7-9ADB-485DBE74FE61"},{"id":"ECF52E10-EB99-4938-99D9-3861DDDB675C"},{"id":"2486AB32-913A-4EF3-A267-644189677F55"},{"id":"8B1DB1EB-2D53-4ECA-ABC3-314DEDC2D7E6"},{"id":"2D033E0E-5012-44D8-8D59-5C752ACE2703"},{"id":"5996CFAE-D5D3-40E3-AD42-AE9877569EFA"},{"id":"2D5BE9DC-2473-493D-A0FF-3F59F52AE5A3"},{"id":"F93E480F-1FDC-498B-8DD4-96ADE521BB54"},{"id":"CD4F94BA-1137-474B-9963-A6DF676E21F8"},{"id":"B356607D-BD7B-4C7D-B914-DA20950ED88A"},{"id":"55D14C6C-7678-48B0-9753-389AE9FAB5C9"},{"id":"CDDC91FD-65D2-4AF1-9EEB-37B0DE8C21DD"}],"row4":[{"toDetailCollection":{"condition0":{"layer0":{"outputAndDisplay_tap":{"layerKey":"layer0","display":"W","output":{"letter_keys":{"_0":"w"}}},"withModifier_tap":{},"isCustomized_tap":true}}},"id":"6B6E43A1-4EC0-42B4-9C62-86F2C28F2DD3","fromDetail":{"output":{"letter_keys":{"_0":"g"}},"display":"G"}},{"fromDetail":{"output":{"letter_keys":{"_0":"k"}},"display":"K"},"toDetailCollection":{"condition0":{"layer0":{"isCustomized_tap":true,"withModifier_tap":{},"outputAndDisplay_tap":{"display":"E","layerKey":"layer0","output":{"letter_keys":{"_0":"e"}}}}}},"id":"F7D95922-8710-4778-A52A-9AD9E7220EEF"},{"toDetailCollection":{"condition0":{"layer0":{"withModifier_tap":{},"outputAndDisplay_tap":{"display":"H","layerKey":"layer0","output":{"letter_keys":{"_0":"h"}}},"isCustomized_tap":true}}},"id":"45D82F66-A823-4F5F-8814-C6836C365BB6","fromDetail":{"output":{"letter_keys":{"_0":"j"}},"display":"J"}},{"toDetailCollection":{"condition0":{"layer0":{"isCustomized_tap":true,"outputAndDisplay_tap":{"display":"I","output":{"letter_keys":{"_0":"i"}},"layerKey":"layer0"},"withModifier_tap":{}}}},"id":"71EE7F79-50F0-4423-A573-760F7ED243B2","fromDetail":{"output":{"letter_keys":{"_0":"l"}},"display":"L"}},{"fromDetail":{"display":"capslock","isSFSymbol":true,"output":{"modifier_keys":{"_0":"caps_lock"}}},"id":"31D24545-6D54-4E9B-BBC4-BF3DA30D4B10","unitSize":1.75,"toDetailCollection":{}},{"toDetailCollection":{"condition0":{"layer0":{"withModifier_tap":{},"outputAndDisplay_tap":{"output":{"letter_keys":{"_0":"m"}},"layerKey":"layer0","display":"M"},"isCustomized_tap":true}}},"fromDetail":{"output":{"letter_keys":{"_0":"h"}},"display":"H"},"id":"F8BEBFB9-B0EF-48E5-AB16-12C434EA1E7A"},{"fromDetail":{"display":"F","output":{"letter_keys":{"_0":"f"}}},"toDetailCollection":{"condition0":{"layer0":{"withModifier_tap":{},"isCustomized_tap":true,"outputAndDisplay_tap":{"output":{"letter_keys":{"_0":"s"}},"display":"S","layerKey":"layer0"}}}},"id":"CF9B4D9B-2A65-4025-AE81-D3DA87F24D76"},{"id":"B7469481-69C5-4F52-8597-BE13EA48023A","fromDetail":{"output":{"controls_and_symbols":{"_0":"single_quotation_or_colon"}},"display":"'"},"toDetailCollection":{}},{"id":"37E7A5E4-2204-44BE-B4EB-8E5E94130FFB","toDetailCollection":{"condition0":{"layer0":{"outputAndDisplay_tap":{"display":"N","layerKey":"layer0","output":{"letter_keys":{"_0":"n"}}},"withModifier_tap":{},"isCustomized_tap":true}}},"fromDetail":{"output":{"letter_keys":{"_0":"d"}},"display":"D"}},{"id":"FA5D8E82-57CE-4079-98FC-AD27B3BB7EEF","fromDetail":{"display":"A","output":{"letter_keys":{"_0":"a"}}},"toDetailCollection":{}},{"fromDetail":{"output":{"controls_and_symbols":{"_0":"semicolon"}},"display":";"},"toDetailCollection":{"condition0":{"layer0":{"isCustomized_tap":true,"outputAndDisplay_tap":{"output":{"letter_keys":{"_0":"o"}},"display":"O","layerKey":"layer0"},"withModifier_tap":{}}}},"id":"2179BF73-A27D-4CAB-B5FB-35746F7890A1"},{"fromDetail":{"isSFSymbol":true,"display":"return","output":{"controls_and_symbols":{"_0":"return_or_enter"}}},"id":"8396BF24-7F8A-4378-B28A-B9484E5EEFD9","toDetailCollection":{},"unitSize":1.75},{"id":"3243DA13-11DF-4BDB-9191-1C86D7D0165B","fromDetail":{"display":"S","output":{"letter_keys":{"_0":"s"}}},"toDetailCollection":{"condition0":{"layer0":{"isCustomized_tap":true,"outputAndDisplay_tap":{"display":"T","output":{"letter_keys":{"_0":"t"}},"layerKey":"layer0"},"withModifier_tap":{}}}}}]},"sectionDetail":{"deviceDetail":{"is_location_id_Enabled":false,"is_builtin_keyboard":false,"is_vendor_id_Enabled":false,"vendor_id":"vendor_id","is_product_id_Enabled":false,"product_id":"product_id","location_id":"location_id","device_name":"mainKeyboard"},"section":{"main":{}}},"isEnableTenkey":false,"isEnableMain":true,"subRows":{"row6":[{"toDetailCollection":{},"fromDetail":{"isSFSymbol":true,"output":{"arrow_keys":{"_0":"down_arrow"}},"display":"arrowtriangle.down.fill"},"id":"19B342BE-830D-4115-A092-7ED3ACCF56FF"},{"fromDetail":{"output":{"arrow_keys":{"_0":"left_arrow"}},"display":"arrowtriangle.left.fill","isSFSymbol":true},"id":"A538155C-37D9-4E6C-90E9-34D789CB1B7F","toDetailCollection":{}},{"toDetailCollection":{},"fromDetail":{"display":"arrowtriangle.right.fill","isSFSymbol":true,"output":{"arrow_keys":{"_0":"right_arrow"}}},"id":"E095076D-8779-410B-BE43-899C0F799330"}],"idsInOrderRow6":[{"id":"A538155C-37D9-4E6C-90E9-34D789CB1B7F"},{"id":"19B342BE-830D-4115-A092-7ED3ACCF56FF"},{"id":"E095076D-8779-410B-BE43-899C0F799330"}],"row4":[],"arrow_left":{"fromDetail":{"isSFSymbol":true,"display":"arrowtriangle.left.fill","output":{"arrow_keys":{"_0":"left_arrow"}}},"keyShape":"arrow_LR","toDetailCollection":{},"id":"295D9A8C-4887-469D-A12A-C44AE67375C3"},"arrow_up":{"keyShape":"arrow_Up","id":"DA4FB9F9-FFBB-45A9-A786-4AFB6B150F6D","toDetailCollection":{},"fromDetail":{"isSFSymbol":true,"display":"arrowtriangle.up.fill","output":{"arrow_keys":{"_0":"up_arrow"}}}},"arrow_down":{"id":"B1487EC7-93E4-4D04-AE0E-B994240899FC","keyShape":"arrow_Down","fromDetail":{"output":{"arrow_keys":{"_0":"down_arrow"}},"display":"arrowtriangle.down.fill","isSFSymbol":true},"toDetailCollection":{}},"idsInOrderRow1":[{"id":"14A6C7CB-2AEC-4C3A-951C-337F0E4E1216"},{"id":"6EC54D46-1FF0-4D68-B1C7-2F743D8E5593"},{"id":"EDC58584-EDCA-4069-BA50-382FAB56CAFC"}],"enableArrowKeys":false,"rowIndex_arrow":{"row6":{}},"row2":[{"toDetailCollection":{},"id":"4887D117-0019-467A-A1A8-DDA2F3EC85C9","fromDetail":{"display":"arrow.up","isSFSymbol":true,"output":{"arrow_keys":{"_0":"page_up"}}}},{"fromDetail":{"display":"arrow.up.to.line","isSFSymbol":true,"output":{"arrow_keys":{"_0":"home"}}},"toDetailCollection":{},"id":"9B10C9A9-B416-457D-A335-9246A4B0E865"},{"fromDetail":{"display":"text.insert","isSFSymbol":true,"output":{"keys_in_pc_keyboards":{"_0":"insert"}}},"toDetailCollection":{},"id":"745FFB61-E9AC-4AF3-8E46-FB81068DDEAE"}],"idsInOrderRow2":[{"id":"745FFB61-E9AC-4AF3-8E46-FB81068DDEAE"},{"id":"9B10C9A9-B416-457D-A335-9246A4B0E865"},{"id":"4887D117-0019-467A-A1A8-DDA2F3EC85C9"}],"idsInOrderRow4":[],"idsInOrderRow3":[{"id":"C18A880D-4D4B-461C-867A-B1C6AF1BD45B"},{"id":"42DF56FC-CC08-4699-9454-653E2EB09BF9"},{"id":"274D81F3-5ECB-40B6-83F6-0941C4A3098F"}],"row1":[{"toDetailCollection":{},"fromDetail":{"display":"F15","output":{"function_keys":{"_0":"f15"}}},"id":"EDC58584-EDCA-4069-BA50-382FAB56CAFC"},{"toDetailCollection":{},"fromDetail":{"display":"F14","output":{"function_keys":{"_0":"f14"}}},"id":"6EC54D46-1FF0-4D68-B1C7-2F743D8E5593"},{"id":"14A6C7CB-2AEC-4C3A-951C-337F0E4E1216","fromDetail":{"display":"F13","output":{"function_keys":{"_0":"f13"}}},"toDetailCollection":{}}],"idsInOrderRow5":[{"id":"A5B4F6E1-AF50-4887-B9FD-C78B9CC587E4"},{"id":"0FB4B09C-E377-4761-B924-30B67B954DFE"}],"row3":[{"toDetailCollection":{},"id":"274D81F3-5ECB-40B6-83F6-0941C4A3098F","fromDetail":{"display":"arrow.down","output":{"arrow_keys":{"_0":"page_down"}},"isSFSymbol":true}},{"toDetailCollection":{},"fromDetail":{"isSFSymbol":true,"output":{"arrow_keys":{"_0":"end"}},"display":"arrow.down.to.line"},"id":"42DF56FC-CC08-4699-9454-653E2EB09BF9"},{"toDetailCollection":{},"id":"C18A880D-4D4B-461C-867A-B1C6AF1BD45B","fromDetail":{"display":"delete.right","isSFSymbol":true,"output":{"controls_and_symbols":{"_0":"delete_forward"}}}}],"arrow_right":{"keyShape":"arrow_LR","id":"E5FBCA13-66AB-4850-ACF5-71EB98F83EF0","toDetailCollection":{},"fromDetail":{"output":{"arrow_keys":{"_0":"right_arrow"}},"display":"arrowtriangle.right.fill","isSFSymbol":true}},"row5":[{"id":"0FB4B09C-E377-4761-B924-30B67B954DFE","fromDetail":{"display":"arrowtriangle.up.fill","isSFSymbol":true,"output":{"arrow_keys":{"_0":"up_arrow"}}},"toDetailCollection":{}},{"id":"A5B4F6E1-AF50-4887-B9FD-C78B9CC587E4","isSpacer":true,"fromDetail":{"output":{"letter_keys":{"_0":"a"}},"display":"A"},"toDetailCollection":{}}]}},"validSections":{"sections":[{"main":{}}]},"keycodeRegion":"ANSI","other":{"isEnableSub":false,"sectionDetail":{"deviceDetail":{"vendor_id":"vendor_id","location_id":"location_id","is_product_id_Enabled":false,"product_id":"product_id","device_name":"otherDevice","is_vendor_id_Enabled":false,"is_builtin_keyboard":false,"is_location_id_Enabled":false},"section":{"other":{}}},"isEnableMain":true,"tenkeyRows":{"row1":[{"id":"E875E895-4329-4A3F-98A0-49C37FA7ECDE","fromDetail":{"display":"F16","output":{"function_keys":{"_0":"f16"}}},"toDetailCollection":{}},{"id":"5EC4A918-AAEE-4673-ADA3-9168EFFB921C","toDetailCollection":{},"fromDetail":{"output":{"function_keys":{"_0":"f19"}},"display":"F19"}},{"fromDetail":{"output":{"function_keys":{"_0":"f18"}},"display":"F18"},"id":"F02099E4-047F-4186-9A4A-24F39BBD399F","toDetailCollection":{}},{"fromDetail":{"output":{"function_keys":{"_0":"f17"}},"display":"F17"},"toDetailCollection":{},"id":"7CF94FE6-BFDE-448D-85B0-6C1E40A51B23"}],"row3":[{"fromDetail":{"output":{"keypad_keys":{"_0":"keypad_8"}},"display":"8"},"id":"370706DA-96E1-41F6-A86C-C2573D95328A","toDetailCollection":{}},{"fromDetail":{"display":"7","output":{"keypad_keys":{"_0":"keypad_7"}}},"toDetailCollection":{},"id":"E1EE175C-8195-4434-AAD5-9935A928BA39"},{"fromDetail":{"display":"9","output":{"keypad_keys":{"_0":"keypad_9"}}},"toDetailCollection":{},"id":"F84CF8C7-2386-4E13-8E57-3BC70DA488C6"},{"fromDetail":{"output":{"keypad_keys":{"_0":"keypad_hyphen"}},"display":"-"},"toDetailCollection":{},"id":"AB3127A1-01AF-47DD-811A-A6B718A8E77C"}],"row5":[{"id":"467978AC-D5B2-497B-BE44-43EFFB071B70","toDetailCollection":{},"fromDetail":{"display":"2","output":{"keypad_keys":{"_0":"keypad_2"}}}},{"keyShape":"enter_Tenkey","fromDetail":{"display":"projective","output":{"keypad_keys":{"_0":"keypad_enter"}},"isSFSymbol":true},"id":"648C4578-6384-46B1-9262-1E00D0A57AE4","toDetailCollection":{}},{"toDetailCollection":{},"id":"40064AD9-D7EF-40F3-97E7-EEA3E1A9A7BB","fromDetail":{"display":"3","output":{"keypad_keys":{"_0":"keypad_3"}}}},{"toDetailCollection":{},"id":"9355CADE-3C34-438D-B2A7-ED6F92AD8D16","fromDetail":{"display":"1","output":{"keypad_keys":{"_0":"keypad_1"}}}}],"idsInOrderRow1":[{"id":"E875E895-4329-4A3F-98A0-49C37FA7ECDE"},{"id":"7CF94FE6-BFDE-448D-85B0-6C1E40A51B23"},{"id":"F02099E4-047F-4186-9A4A-24F39BBD399F"},{"id":"5EC4A918-AAEE-4673-ADA3-9168EFFB921C"}],"arrow_left":{"id":"017BEF82-08CB-4332-BDBB-948E9EA17D99","toDetailCollection":{},"keyShape":"arrow_LR","fromDetail":{"output":{"arrow_keys":{"_0":"left_arrow"}},"display":"arrowtriangle.left.fill","isSFSymbol":true}},"enableArrowKeys":false,"idsInOrderRow2":[{"id":"C57F12A8-9989-47EE-8BC6-4EEC0625527F"},{"id":"4E1E86FC-9D63-44F9-9C83-DF1853B2331B"},{"id":"F5B4428B-8DF6-484C-B17C-6FB3E86A55EF"},{"id":"AD2C65C7-7545-4497-B8C2-100DF2C3B1B4"}],"row2":[{"id":"C57F12A8-9989-47EE-8BC6-4EEC0625527F","fromDetail":{"display":"clear","output":{"others":{"_0":"clear"}}},"toDetailCollection":{}},{"fromDetail":{"display":"=","output":{"keypad_keys":{"_0":"keypad_equal_sign"}}},"id":"4E1E86FC-9D63-44F9-9C83-DF1853B2331B","toDetailCollection":{}},{"toDetailCollection":{},"id":"F5B4428B-8DF6-484C-B17C-6FB3E86A55EF","fromDetail":{"display":"\/","output":{"keypad_keys":{"_0":"keypad_slash"}}}},{"toDetailCollection":{},"fromDetail":{"display":"*","output":{"keypad_keys":{"_0":"keypad_asterisk"}}},"id":"AD2C65C7-7545-4497-B8C2-100DF2C3B1B4"}],"rowIndex_arrow":{"row6":{}},"idsInOrderRow4":[{"id":"82F225B5-E54D-4BFE-BC57-25FF1550A0F6"},{"id":"003C31B7-DFFE-463D-A64D-60FE4388050D"},{"id":"8336FB4A-D38F-4487-A3E9-08DE517CD11F"},{"id":"6B5A77A9-32A9-4679-9982-AB03AACF9E51"}],"arrow_down":{"fromDetail":{"output":{"arrow_keys":{"_0":"down_arrow"}},"isSFSymbol":true,"display":"arrowtriangle.down.fill"},"keyShape":"arrow_Down","toDetailCollection":{},"id":"AD9526F9-37DF-4123-A3FD-25276CC05322"},"idsInOrderRow5":[{"id":"9355CADE-3C34-438D-B2A7-ED6F92AD8D16"},{"id":"467978AC-D5B2-497B-BE44-43EFFB071B70"},{"id":"40064AD9-D7EF-40F3-97E7-EEA3E1A9A7BB"},{"id":"648C4578-6384-46B1-9262-1E00D0A57AE4"}],"row6":[{"id":"52931E38-91BA-40C2-86E9-BFD040480A37","fromDetail":{"display":".","output":{"keypad_keys":{"_0":"keypad_period"}}},"toDetailCollection":{}},{"fromDetail":{"output":{"keypad_keys":{"_0":"keypad_0"}},"display":"0"},"unitSize":2,"id":"A298B8E8-E582-4D0D-9B8F-9BC2F03FA197","toDetailCollection":{}}],"idsInOrderRow3":[{"id":"E1EE175C-8195-4434-AAD5-9935A928BA39"},{"id":"370706DA-96E1-41F6-A86C-C2573D95328A"},{"id":"F84CF8C7-2386-4E13-8E57-3BC70DA488C6"},{"id":"AB3127A1-01AF-47DD-811A-A6B718A8E77C"}],"arrow_up":{"fromDetail":{"isSFSymbol":true,"display":"arrowtriangle.up.fill","output":{"arrow_keys":{"_0":"up_arrow"}}},"toDetailCollection":{},"keyShape":"arrow_Up","id":"BD5FC186-CB75-40AB-91C5-47BC57124F75"},"idsInOrderRow6":[{"id":"A298B8E8-E582-4D0D-9B8F-9BC2F03FA197"},{"id":"52931E38-91BA-40C2-86E9-BFD040480A37"}],"row4":[{"toDetailCollection":{},"id":"003C31B7-DFFE-463D-A64D-60FE4388050D","fromDetail":{"display":"5","output":{"keypad_keys":{"_0":"keypad_5"}}}},{"id":"6B5A77A9-32A9-4679-9982-AB03AACF9E51","fromDetail":{"output":{"keypad_keys":{"_0":"keypad_plus"}},"display":"+"},"toDetailCollection":{}},{"fromDetail":{"output":{"keypad_keys":{"_0":"keypad_4"}},"display":"4"},"id":"82F225B5-E54D-4BFE-BC57-25FF1550A0F6","toDetailCollection":{}},{"id":"8336FB4A-D38F-4487-A3E9-08DE517CD11F","fromDetail":{"display":"6","output":{"keypad_keys":{"_0":"keypad_6"}}},"toDetailCollection":{}}],"arrow_right":{"toDetailCollection":{},"keyShape":"arrow_LR","id":"0CC64F32-A75F-40FF-AC89-4E03603193CD","fromDetail":{"output":{"arrow_keys":{"_0":"right_arrow"}},"display":"arrowtriangle.right.fill","isSFSymbol":true}}},"isEnableTenkey":false,"subRows":{"arrow_up":{"keyShape":"arrow_Up","toDetailCollection":{},"fromDetail":{"output":{"arrow_keys":{"_0":"up_arrow"}},"display":"arrowtriangle.up.fill","isSFSymbol":true},"id":"A968A2EA-5D28-4B9F-B571-E0B034A05020"},"idsInOrderRow1":[{"id":"0764919D-0331-4944-A634-D26F8F3309FF"},{"id":"A8DECC2F-DDB2-4CD4-A310-34A7854BB2D4"},{"id":"4EB57DDF-8795-4497-8519-EA39B22F1AD5"}],"idsInOrderRow2":[{"id":"8C575FC4-D0A2-44DD-9E2F-BCC3C140FCBD"},{"id":"BB0DDD93-7C97-42C9-AB3F-B27A048DB053"},{"id":"94EE17D6-A01C-4278-9D56-12E9952E7CEF"}],"row6":[{"id":"0B445E02-56EF-46F6-BF82-3A1087FF6890","toDetailCollection":{},"fromDetail":{"isSFSymbol":true,"display":"arrowtriangle.right.fill","output":{"arrow_keys":{"_0":"right_arrow"}}}},{"toDetailCollection":{},"id":"1A7261E4-9378-4216-AAD8-AF0FAA42C3A9","fromDetail":{"display":"arrowtriangle.down.fill","isSFSymbol":true,"output":{"arrow_keys":{"_0":"down_arrow"}}}},{"fromDetail":{"display":"arrowtriangle.left.fill","isSFSymbol":true,"output":{"arrow_keys":{"_0":"left_arrow"}}},"toDetailCollection":{},"id":"962C10F2-11FF-4074-8323-CDED33DED84D"}],"idsInOrderRow5":[{"id":"48EFE150-EE44-4A96-9ABD-5E696D37BFF1"},{"id":"67CB30E0-075A-40D2-8ABF-EA05F648AD33"}],"idsInOrderRow3":[{"id":"57F18B88-AA15-4D60-A051-E8960B4C27C1"},{"id":"A141E322-4189-4F54-84FB-7AA5057D3E0A"},{"id":"D2C0B1FA-7F26-4149-863C-94FE5407AC1C"}],"idsInOrderRow6":[{"id":"962C10F2-11FF-4074-8323-CDED33DED84D"},{"id":"1A7261E4-9378-4216-AAD8-AF0FAA42C3A9"},{"id":"0B445E02-56EF-46F6-BF82-3A1087FF6890"}],"row3":[{"toDetailCollection":{},"fromDetail":{"isSFSymbol":true,"display":"arrow.down","output":{"arrow_keys":{"_0":"page_down"}}},"id":"D2C0B1FA-7F26-4149-863C-94FE5407AC1C"},{"fromDetail":{"output":{"arrow_keys":{"_0":"end"}},"display":"arrow.down.to.line","isSFSymbol":true},"toDetailCollection":{},"id":"A141E322-4189-4F54-84FB-7AA5057D3E0A"},{"toDetailCollection":{},"id":"57F18B88-AA15-4D60-A051-E8960B4C27C1","fromDetail":{"display":"delete.right","output":{"controls_and_symbols":{"_0":"delete_forward"}},"isSFSymbol":true}}],"idsInOrderRow4":[],"row2":[{"toDetailCollection":{},"id":"94EE17D6-A01C-4278-9D56-12E9952E7CEF","fromDetail":{"isSFSymbol":true,"output":{"arrow_keys":{"_0":"page_up"}},"display":"arrow.up"}},{"fromDetail":{"display":"arrow.up.to.line","output":{"arrow_keys":{"_0":"home"}},"isSFSymbol":true},"id":"BB0DDD93-7C97-42C9-AB3F-B27A048DB053","toDetailCollection":{}},{"id":"8C575FC4-D0A2-44DD-9E2F-BCC3C140FCBD","fromDetail":{"isSFSymbol":true,"display":"text.insert","output":{"keys_in_pc_keyboards":{"_0":"insert"}}},"toDetailCollection":{}}],"enableArrowKeys":false,"rowIndex_arrow":{"row6":{}},"row5":[{"fromDetail":{"isSFSymbol":true,"output":{"arrow_keys":{"_0":"up_arrow"}},"display":"arrowtriangle.up.fill"},"toDetailCollection":{},"id":"67CB30E0-075A-40D2-8ABF-EA05F648AD33"},{"id":"48EFE150-EE44-4A96-9ABD-5E696D37BFF1","isSpacer":true,"fromDetail":{"output":{"letter_keys":{"_0":"a"}},"display":"A"},"toDetailCollection":{}}],"arrow_left":{"keyShape":"arrow_LR","fromDetail":{"output":{"arrow_keys":{"_0":"left_arrow"}},"isSFSymbol":true,"display":"arrowtriangle.left.fill"},"toDetailCollection":{},"id":"B08104B1-9813-4219-973F-6CB10ED9B553"},"row1":[{"fromDetail":{"display":"F15","output":{"function_keys":{"_0":"f15"}}},"id":"4EB57DDF-8795-4497-8519-EA39B22F1AD5","toDetailCollection":{}},{"fromDetail":{"output":{"function_keys":{"_0":"f14"}},"display":"F14"},"toDetailCollection":{},"id":"A8DECC2F-DDB2-4CD4-A310-34A7854BB2D4"},{"fromDetail":{"output":{"function_keys":{"_0":"f13"}},"display":"F13"},"id":"0764919D-0331-4944-A634-D26F8F3309FF","toDetailCollection":{}}],"arrow_down":{"toDetailCollection":{},"id":"5045DE77-0178-46DC-B0DE-8B991088ACDC","keyShape":"arrow_Down","fromDetail":{"display":"arrowtriangle.down.fill","isSFSymbol":true,"output":{"arrow_keys":{"_0":"down_arrow"}}}},"row4":[],"arrow_right":{"id":"3DE5768B-A1DC-4176-A199-648CC94D1209","keyShape":"arrow_LR","fromDetail":{"output":{"arrow_keys":{"_0":"right_arrow"}},"display":"arrowtriangle.right.fill","isSFSymbol":true},"toDetailCollection":{}}},"mainRows":{"rowIndex_arrow":{"row6":{}},"idsInOrderRow3":[{"id":"ACDCD9AC-F7BE-4FFA-9A73-357D1628041D"},{"id":"AFDCE36D-2B78-41D1-B72B-F2BABB2CCA5F"},{"id":"0F12DF81-8EE9-4D16-BF5B-3A6E0FCBDDA1"},{"id":"7DBC3AFD-51C4-4A15-B6B6-65AE8E4F4C4D"}],"row6":[{"toDetailCollection":{},"fromDetail":{"display":".","output":{"keypad_keys":{"_0":"keypad_period"}}},"id":"EC18ACF1-537B-47AA-8FB6-65AB3268F609"},{"toDetailCollection":{},"id":"9E95E34E-D397-490C-9ADA-757EEC298A9F","unitSize":2,"fromDetail":{"output":{"keypad_keys":{"_0":"keypad_0"}},"display":"0"}}],"row1":[{"id":"039B535F-639F-46F9-A153-FABEDFB9393B","toDetailCollection":{},"fromDetail":{"output":{"function_keys":{"_0":"f19"}},"display":"F19"}},{"toDetailCollection":{},"fromDetail":{"display":"F18","output":{"function_keys":{"_0":"f18"}}},"id":"A91B5DCA-FC00-477C-8EAF-39595DBD3805"},{"fromDetail":{"output":{"function_keys":{"_0":"f17"}},"display":"F17"},"id":"989D6B54-978A-4305-9172-5DC149CB8A06","toDetailCollection":{}},{"fromDetail":{"output":{"function_keys":{"_0":"f16"}},"display":"F16"},"id":"8FB9789D-92CF-423B-845D-DCF21F27C18E","toDetailCollection":{}}],"row4":[{"toDetailCollection":{},"id":"72AAF43A-6374-4549-8CBC-6F6272A631B3","fromDetail":{"display":"+","output":{"keypad_keys":{"_0":"keypad_plus"}}}},{"id":"D0376277-E90B-42EE-9854-0A0E366EBD61","fromDetail":{"output":{"keypad_keys":{"_0":"keypad_5"}},"display":"5"},"toDetailCollection":{}},{"toDetailCollection":{},"id":"1E0A4C7F-A9F1-4655-8E97-98B0A86D5F3E","fromDetail":{"output":{"keypad_keys":{"_0":"keypad_4"}},"display":"4"}},{"id":"D7C8E9FD-B51F-4574-BBE3-CED6202C5298","fromDetail":{"output":{"keypad_keys":{"_0":"keypad_6"}},"display":"6"},"toDetailCollection":{}}],"idsInOrderRow2":[{"id":"50146283-D2DE-4D31-8430-9B11E145892C"},{"id":"38653A91-51FD-4820-BEC0-47FF3113537D"},{"id":"AEEA16DF-CB58-4B92-9429-5C32A43994C1"},{"id":"FEFF8601-1F2F-40A6-91F7-EEA9C78231C3"}],"enableArrowKeys":false,"arrow_left":{"id":"D6DF4CD5-0D18-454B-986E-D85ACCBF9899","fromDetail":{"output":{"arrow_keys":{"_0":"left_arrow"}},"display":"arrowtriangle.left.fill","isSFSymbol":true},"toDetailCollection":{},"keyShape":"arrow_LR"},"idsInOrderRow6":[{"id":"9E95E34E-D397-490C-9ADA-757EEC298A9F"},{"id":"EC18ACF1-537B-47AA-8FB6-65AB3268F609"}],"idsInOrderRow4":[{"id":"1E0A4C7F-A9F1-4655-8E97-98B0A86D5F3E"},{"id":"D0376277-E90B-42EE-9854-0A0E366EBD61"},{"id":"D7C8E9FD-B51F-4574-BBE3-CED6202C5298"},{"id":"72AAF43A-6374-4549-8CBC-6F6272A631B3"}],"row2":[{"toDetailCollection":{},"id":"38653A91-51FD-4820-BEC0-47FF3113537D","fromDetail":{"output":{"keypad_keys":{"_0":"keypad_equal_sign"}},"display":"="}},{"toDetailCollection":{},"id":"FEFF8601-1F2F-40A6-91F7-EEA9C78231C3","fromDetail":{"output":{"keypad_keys":{"_0":"keypad_asterisk"}},"display":"*"}},{"id":"AEEA16DF-CB58-4B92-9429-5C32A43994C1","fromDetail":{"display":"\/","output":{"keypad_keys":{"_0":"keypad_slash"}}},"toDetailCollection":{}},{"fromDetail":{"output":{"others":{"_0":"clear"}},"display":"clear"},"toDetailCollection":{},"id":"50146283-D2DE-4D31-8430-9B11E145892C"}],"arrow_right":{"id":"B68FBB7E-EB0E-4D92-B62B-BADC769BC13A","fromDetail":{"isSFSymbol":true,"display":"arrowtriangle.right.fill","output":{"arrow_keys":{"_0":"right_arrow"}}},"toDetailCollection":{},"keyShape":"arrow_LR"},"arrow_down":{"fromDetail":{"display":"arrowtriangle.down.fill","isSFSymbol":true,"output":{"arrow_keys":{"_0":"down_arrow"}}},"id":"59025B19-CAAD-4859-A3A2-10BDC7154DE0","keyShape":"arrow_Down","toDetailCollection":{}},"idsInOrderRow5":[{"id":"6443D96C-D7AB-471A-8E76-F120F2064B02"},{"id":"96D65E8F-06E5-40C6-9CB6-522DFF7AF9C8"},{"id":"13DC2FFC-F636-4BF6-A428-FC6176E9EB09"},{"id":"93EAD5F6-D65C-4E3E-B446-45704D5E71A5"}],"row3":[{"fromDetail":{"output":{"keypad_keys":{"_0":"keypad_8"}},"display":"8"},"toDetailCollection":{},"id":"AFDCE36D-2B78-41D1-B72B-F2BABB2CCA5F"},{"fromDetail":{"output":{"keypad_keys":{"_0":"keypad_hyphen"}},"display":"-"},"id":"7DBC3AFD-51C4-4A15-B6B6-65AE8E4F4C4D","toDetailCollection":{}},{"id":"ACDCD9AC-F7BE-4FFA-9A73-357D1628041D","fromDetail":{"output":{"keypad_keys":{"_0":"keypad_7"}},"display":"7"},"toDetailCollection":{}},{"fromDetail":{"display":"9","output":{"keypad_keys":{"_0":"keypad_9"}}},"toDetailCollection":{},"id":"0F12DF81-8EE9-4D16-BF5B-3A6E0FCBDDA1"}],"arrow_up":{"keyShape":"arrow_Up","toDetailCollection":{},"id":"0CF6062B-B1E6-48DC-A0ED-FCFEDF566B5E","fromDetail":{"output":{"arrow_keys":{"_0":"up_arrow"}},"display":"arrowtriangle.up.fill","isSFSymbol":true}},"idsInOrderRow1":[{"id":"8FB9789D-92CF-423B-845D-DCF21F27C18E"},{"id":"989D6B54-978A-4305-9172-5DC149CB8A06"},{"id":"A91B5DCA-FC00-477C-8EAF-39595DBD3805"},{"id":"039B535F-639F-46F9-A153-FABEDFB9393B"}],"row5":[{"toDetailCollection":{},"fromDetail":{"output":{"keypad_keys":{"_0":"keypad_enter"}},"isSFSymbol":true,"display":"projective"},"id":"93EAD5F6-D65C-4E3E-B446-45704D5E71A5","keyShape":"enter_Tenkey"},{"fromDetail":{"display":"3","output":{"keypad_keys":{"_0":"keypad_3"}}},"id":"13DC2FFC-F636-4BF6-A428-FC6176E9EB09","toDetailCollection":{}},{"fromDetail":{"output":{"keypad_keys":{"_0":"keypad_2"}},"display":"2"},"toDetailCollection":{},"id":"96D65E8F-06E5-40C6-9CB6-522DFF7AF9C8"},{"toDetailCollection":{},"fromDetail":{"display":"1","output":{"keypad_keys":{"_0":"keypad_1"}}},"id":"6443D96C-D7AB-471A-8E76-F120F2064B02"}]}}},"name":"Wakasagi_US","comboCollection":{"condition1":{"layer3":{},"layer2":{},"layer1":{},"layer6":{},"layer4":{},"layer0":{},"layer5":{},"layer7":{},"layer8":{}},"condition3":{"layer4":{},"layer6":{},"layer7":{},"layer1":{},"layer3":{},"layer2":{},"layer5":{},"layer8":{},"layer0":{}},"condition4":{"layer5":{},"layer2":{},"layer4":{},"layer6":{},"layer1":{},"layer8":{},"layer0":{},"layer3":{},"layer7":{}},"condition0":{"layer5":{},"layer2":{},"layer0":{},"layer4":{},"layer8":{},"layer6":{},"layer7":{},"layer1":{},"layer3":{}},"condition6":{"layer6":{},"layer2":{},"layer7":{},"layer3":{},"layer1":{},"layer5":{},"layer8":{},"layer4":{},"layer0":{}},"condition7":{"layer5":{},"layer2":{},"layer4":{},"layer1":{},"layer7":{},"layer6":{},"layer3":{},"layer0":{},"layer8":{}},"condition8":{"layer7":{},"layer2":{},"layer8":{},"layer5":{},"layer0":{},"layer1":{},"layer4":{},"layer6":{},"layer3":{}},"condition9":{"layer0":{},"layer6":{},"layer4":{},"layer2":{},"layer3":{},"layer1":{},"layer8":{},"layer5":{},"layer7":{}},"condition2":{"layer8":{},"layer0":{},"layer4":{},"layer3":{},"layer6":{},"layer5":{},"layer2":{},"layer1":{},"layer7":{}},"condition5":{"layer0":{},"layer7":{},"layer4":{},"layer1":{},"layer3":{},"layer5":{},"layer2":{},"layer6":{},"layer8":{}}},"conditionDetailCollection":{"condition6":{"name":"Condition6","isEnabled":false,"value":"com.vendor.condition6","type":"Application"},"condition4":{"type":"Application","name":"Condition4","isEnabled":false,"value":"com.vendor.condition4"},"condition8":{"name":"Condition8","isEnabled":false,"type":"Application","value":"com.vendor.condition8"},"condition1":{"value":"ja","type":"InputSource","name":"Condition1","isEnabled":false},"condition5":{"value":"com.vendor.condition5","type":"Application","name":"Condition5","isEnabled":false},"condition0":{"value":"com.vendor.condition0","isEnabled":true,"name":"Default","type":"Application"},"condition3":{"value":"com.vendor.condition3","name":"Condition3","isEnabled":false,"type":"Application"},"condition9":{"value":"com.vendor.condition9","name":"Condition9","type":"Application","isEnabled":false},"condition2":{"type":"Application","name":"Condition2","value":"com.vendor.condition2","isEnabled":false},"condition7":{"isEnabled":false,"name":"Condition7","type":"Application","value":"com.vendor.condition7"}},"displayKeySize":65,"selections":{"toDetail_macro":{"id":"D2AADCA0-DD9D-4E00-8EA0-95A93996B034","error":false,"withModifier":{},"outputAndDisplay":{"display":"none","output":{"letter_keys":{"_0":"a"}},"layerKey":"layer0"},"indicator":false},"layer":"layer0","keyboardKey":{"id":"C562CCCC-D99D-4CF4-874A-6356D7F0D29B","fromDetail":{"output":{"letter_keys":{"_0":"a"}},"display":"A"},"toDetailCollection":{}},"customOrMacroTab":{"customizeKey":{}},"fromTab":{"qwertyKeyboard":{}},"condition":"condition0","combo":{"key_up_order":"insensitive","comboThreshold":50,"toDetail":{},"key_down_order":"insensitive","id":"AE934B3A-8DCA-4ED1-9EDB-2C661D573E37"},"tab":{"remap":{}},"macro":{"toDetailCollection":{"idsInOrderCollection":[],"_collection":[]},"name":"user Macro","id":"D477A08C-AA25-4AFC-93F4-E01891F227DD","dictionary_key":null},"toTab":"qwertyKeyboard","macroTab":{"userMacro":{}}},"macroCollection":{"_collection":[],"idsInOrderCollection":[]}}