{"displayKeySize":65,"name":"Wakasagi_JIS","conditionDetailCollection":{"condition5":{"name":"Condition5","type":"Application","value":"com.vendor.condition5","isEnabled":false},"condition7":{"type":"Application","value":"com.vendor.condition7","isEnabled":false,"name":"Condition7"},"condition0":{"name":"Default","isEnabled":true,"value":"com.vendor.condition0","type":"Application"},"condition8":{"name":"Condition8","type":"Application","isEnabled":false,"value":"com.vendor.condition8"},"condition2":{"isEnabled":false,"value":"com.vendor.condition2","name":"Condition2","type":"Application"},"condition3":{"type":"Application","isEnabled":false,"name":"Condition3","value":"com.vendor.condition3"},"condition9":{"name":"Condition9","value":"com.vendor.condition9","isEnabled":false,"type":"Application"},"condition4":{"isEnabled":false,"value":"com.vendor.condition4","type":"Application","name":"Condition4"},"condition1":{"name":"Condition1","value":"ja","isEnabled":false,"type":"InputSource"},"condition6":{"type":"Application","value":"com.vendor.condition6","isEnabled":false,"name":"Condition6"}},"macroCollection":{"idsInOrderCollection":[],"_collection":[]},"keymap":{"mouse":{"isEnableTenkey":false,"mainRows":{"idsInOrderRow5":[],"idsInOrderRow6":[],"idsInOrderRow1":[{"id":"756925FF-FA74-44EC-A124-FF4593E2C23A"},{"id":"3B890D91-865F-431D-9F06-12A454E9775C"}],"row1":[{"toDetailCollection":{},"id":"3B890D91-865F-431D-9F06-12A454E9775C","fromDetail":{"output":{"mouse_buttons":{"_0":"button2"}},"display":"R click"}},{"toDetailCollection":{},"id":"756925FF-FA74-44EC-A124-FF4593E2C23A","fromDetail":{"output":{"mouse_buttons":{"_0":"button1"}},"display":"L click"}}],"row4":[{"fromDetail":{"display":"A","output":{"letter_keys":{"_0":"a"}}},"isSpacer":true,"id":"1D684C07-7C21-406B-9B1B-82F8DDB89981","toDetailCollection":{}}],"arrow_down":{"id":"CFC39309-2D65-4715-9785-0092F4BAC127","fromDetail":{"isSFSymbol":true,"output":{"arrow_keys":{"_0":"down_arrow"}},"display":"arrowtriangle.down.fill"},"keyShape":"arrow_Down","toDetailCollection":{}},"idsInOrderRow4":[{"id":"1D684C07-7C21-406B-9B1B-82F8DDB89981"}],"row2":[{"toDetailCollection":{},"fromDetail":{"display":"M click","output":{"mouse_buttons":{"_0":"button3"}}},"id":"27FB50DF-90C1-493C-B5F7-5FBCAB5EDE31"},{"id":"9A5DAE33-988A-4B3A-8FD7-B2BE609F3AE8","toDetailCollection":{},"unitSize":0.5,"isSpacer":true,"fromDetail":{"output":{"letter_keys":{"_0":"a"}},"display":"A"}}],"row3":[{"isSpacer":true,"id":"FEA317F2-DFCE-461F-9551-D7E11AF055EA","fromDetail":{"display":"A","output":{"letter_keys":{"_0":"a"}}},"toDetailCollection":{}}],"enableArrowKeys":false,"rowIndex_arrow":{"row6":{}},"arrow_right":{"id":"B4FE810A-1D1F-410D-B71C-55BB625B5274","keyShape":"arrow_LR","fromDetail":{"display":"arrowtriangle.right.fill","isSFSymbol":true,"output":{"arrow_keys":{"_0":"right_arrow"}}},"toDetailCollection":{}},"idsInOrderRow2":[{"id":"9A5DAE33-988A-4B3A-8FD7-B2BE609F3AE8"},{"id":"27FB50DF-90C1-493C-B5F7-5FBCAB5EDE31"}],"idsInOrderRow3":[{"id":"FEA317F2-DFCE-461F-9551-D7E11AF055EA"}],"row5":[],"row6":[],"arrow_left":{"toDetailCollection":{},"fromDetail":{"output":{"arrow_keys":{"_0":"left_arrow"}},"display":"arrowtriangle.left.fill","isSFSymbol":true},"keyShape":"arrow_LR","id":"8A87B34C-C897-4C62-AD96-23CB5764D720"},"arrow_up":{"id":"D4F2C35C-FD90-4B91-8ECC-8247BC4CD657","fromDetail":{"output":{"arrow_keys":{"_0":"up_arrow"}},"display":"arrowtriangle.up.fill","isSFSymbol":true},"toDetailCollection":{},"keyShape":"arrow_Up"}},"sectionDetail":{"section":{"mouse":{}},"deviceDetail":{"is_location_id_Enabled":false,"is_product_id_Enabled":false,"product_id":"product_id","vendor_id":"vendor_id","is_vendor_id_Enabled":false,"device_name":"mouse","is_builtin_keyboard":false,"location_id":"location_id"}},"isEnableSub":false,"subRows":{"idsInOrderRow1":[{"id":"E272A66A-1A62-4470-89F1-F5F1141A5059"}],"rowIndex_arrow":{"row6":{}},"arrow_right":{"keyShape":"arrow_LR","fromDetail":{"output":{"arrow_keys":{"_0":"right_arrow"}},"isSFSymbol":true,"display":"arrowtriangle.right.fill"},"toDetailCollection":{},"id":"0B9728E7-374F-4B51-8FCB-945C29973AA3"},"idsInOrderRow4":[{"id":"79C4D2D1-8A11-4D7B-AAFE-0C804715FC7D"}],"enableArrowKeys":false,"idsInOrderRow3":[{"id":"4D2E697C-04F5-4996-A76B-1C7EC3F8D968"}],"row3":[{"toDetailCollection":{},"id":"4D2E697C-04F5-4996-A76B-1C7EC3F8D968","fromDetail":{"output":{"letter_keys":{"_0":"a"}},"display":"A"}}],"row4":[{"id":"79C4D2D1-8A11-4D7B-AAFE-0C804715FC7D","fromDetail":{"output":{"letter_keys":{"_0":"a"}},"display":"A"},"toDetailCollection":{}}],"arrow_up":{"toDetailCollection":{},"fromDetail":{"output":{"arrow_keys":{"_0":"up_arrow"}},"isSFSymbol":true,"display":"arrowtriangle.up.fill"},"id":"BA6346EB-D553-44A4-9508-197EAFE51040","keyShape":"arrow_Up"},"idsInOrderRow5":[{"id":"F88A5FE4-B95D-4AAB-B166-B7D7A0D01F95"}],"idsInOrderRow2":[{"id":"23CCE219-845E-436A-A42D-0BED105663A5"}],"idsInOrderRow6":[{"id":"2676BDA1-A4F5-470E-9284-E112500602EC"}],"row5":[{"toDetailCollection":{},"id":"F88A5FE4-B95D-4AAB-B166-B7D7A0D01F95","fromDetail":{"display":"A","output":{"letter_keys":{"_0":"a"}}}}],"row1":[{"fromDetail":{"output":{"letter_keys":{"_0":"a"}},"display":"A"},"toDetailCollection":{},"id":"E272A66A-1A62-4470-89F1-F5F1141A5059"}],"arrow_down":{"keyShape":"arrow_Down","fromDetail":{"isSFSymbol":true,"output":{"arrow_keys":{"_0":"down_arrow"}},"display":"arrowtriangle.down.fill"},"id":"3FFC7D4C-4D9D-448C-A000-74390541FC31","toDetailCollection":{}},"row6":[{"fromDetail":{"output":{"letter_keys":{"_0":"a"}},"display":"A"},"id":"2676BDA1-A4F5-470E-9284-E112500602EC","toDetailCollection":{}}],"row2":[{"toDetailCollection":{},"id":"23CCE219-845E-436A-A42D-0BED105663A5","fromDetail":{"display":"A","output":{"letter_keys":{"_0":"a"}}}}],"arrow_left":{"keyShape":"arrow_LR","toDetailCollection":{},"fromDetail":{"output":{"arrow_keys":{"_0":"left_arrow"}},"display":"arrowtriangle.left.fill","isSFSymbol":true},"id":"5452A9E0-36A5-40D6-B175-CEFC9AB2D792"}},"isEnableMain":true,"tenkeyRows":{"row5":[{"id":"C193E7A5-889F-4018-8A21-EE07389483E4","fromDetail":{"display":"A","output":{"letter_keys":{"_0":"a"}}},"toDetailCollection":{}}],"idsInOrderRow5":[{"id":"C193E7A5-889F-4018-8A21-EE07389483E4"}],"arrow_up":{"toDetailCollection":{},"id":"5BF12E10-4397-4D28-AAC8-BB7B2B7567E4","fromDetail":{"display":"arrowtriangle.up.fill","isSFSymbol":true,"output":{"arrow_keys":{"_0":"up_arrow"}}},"keyShape":"arrow_Up"},"row6":[{"id":"D7220887-3D1C-426D-A2A5-73D4E2657752","fromDetail":{"output":{"letter_keys":{"_0":"a"}},"display":"A"},"toDetailCollection":{}}],"idsInOrderRow3":[{"id":"76C612ED-BF31-49FA-A5D0-EB890D8AD6BC"}],"row2":[{"id":"7C84C648-54B0-4ADF-B49E-A8FB5D716A0A","fromDetail":{"output":{"letter_keys":{"_0":"a"}},"display":"A"},"toDetailCollection":{}}],"arrow_left":{"toDetailCollection":{},"fromDetail":{"isSFSymbol":true,"output":{"arrow_keys":{"_0":"left_arrow"}},"display":"arrowtriangle.left.fill"},"id":"3CA354A9-B014-4C5B-9803-C1B2D86A860F","keyShape":"arrow_LR"},"idsInOrderRow6":[{"id":"D7220887-3D1C-426D-A2A5-73D4E2657752"}],"row3":[{"id":"76C612ED-BF31-49FA-A5D0-EB890D8AD6BC","fromDetail":{"display":"A","output":{"letter_keys":{"_0":"a"}}},"toDetailCollection":{}}],"row1":[{"id":"1901D4B5-2D4D-4A8E-B0F9-E988BEE99D89","fromDetail":{"output":{"letter_keys":{"_0":"a"}},"display":"A"},"toDetailCollection":{}}],"idsInOrderRow4":[{"id":"0BC96B1A-F717-4D1C-AD49-4BC922C73ACA"}],"enableArrowKeys":false,"arrow_right":{"keyShape":"arrow_LR","id":"A2E7869E-98E2-4672-9A58-6E22E2B35271","toDetailCollection":{},"fromDetail":{"display":"arrowtriangle.right.fill","isSFSymbol":true,"output":{"arrow_keys":{"_0":"right_arrow"}}}},"idsInOrderRow1":[{"id":"1901D4B5-2D4D-4A8E-B0F9-E988BEE99D89"}],"idsInOrderRow2":[{"id":"7C84C648-54B0-4ADF-B49E-A8FB5D716A0A"}],"arrow_down":{"fromDetail":{"output":{"arrow_keys":{"_0":"down_arrow"}},"display":"arrowtriangle.down.fill","isSFSymbol":true},"id":"9AC8D115-F846-4070-A1CA-4C16352D559A","keyShape":"arrow_Down","toDetailCollection":{}},"row4":[{"id":"0BC96B1A-F717-4D1C-AD49-4BC922C73ACA","fromDetail":{"display":"A","output":{"letter_keys":{"_0":"a"}}},"toDetailCollection":{}}],"rowIndex_arrow":{"row6":{}}}},"validSections":{"sections":[{"main":{}}]},"main":{"subRows":{"rowIndex_arrow":{"row6":{}},"row4":[],"arrow_right":{"fromDetail":{"output":{"arrow_keys":{"_0":"right_arrow"}},"isSFSymbol":true,"display":"arrowtriangle.right.fill"},"toDetailCollection":{},"id":"B689054C-A65A-4935-BC86-AA19D07004B0","keyShape":"arrow_LR"},"idsInOrderRow6":[{"id":"77B28086-6255-470D-852C-D0C8104BCCCC"},{"id":"55FE2BD1-721F-42E7-88BC-9350BA3FB9FC"},{"id":"65D45033-DE73-4991-8ADA-B58090E57249"}],"idsInOrderRow4":[],"row6":[{"id":"65D45033-DE73-4991-8ADA-B58090E57249","fromDetail":{"output":{"arrow_keys":{"_0":"right_arrow"}},"display":"arrowtriangle.right.fill","isSFSymbol":true},"toDetailCollection":{}},{"id":"55FE2BD1-721F-42E7-88BC-9350BA3FB9FC","toDetailCollection":{},"fromDetail":{"isSFSymbol":true,"output":{"arrow_keys":{"_0":"down_arrow"}},"display":"arrowtriangle.down.fill"}},{"id":"77B28086-6255-470D-852C-D0C8104BCCCC","toDetailCollection":{},"fromDetail":{"output":{"arrow_keys":{"_0":"left_arrow"}},"display":"arrowtriangle.left.fill","isSFSymbol":true}}],"enableArrowKeys":false,"idsInOrderRow2":[{"id":"3AD99D7E-F5AA-441E-AC7F-9273ACF4FEB3"},{"id":"5B27344B-9EE4-4550-85B8-DFA7F0CBB9A7"},{"id":"6CBD88D0-8373-40DB-B7A2-81C2AE64F2FE"}],"arrow_left":{"toDetailCollection":{},"id":"EF773444-A8CF-4360-95F2-C9183ECD047C","fromDetail":{"display":"arrowtriangle.left.fill","output":{"arrow_keys":{"_0":"left_arrow"}},"isSFSymbol":true},"keyShape":"arrow_LR"},"arrow_up":{"id":"D1A9C65B-94BE-4E20-AE81-574FB6FD37A4","keyShape":"arrow_Up","toDetailCollection":{},"fromDetail":{"output":{"arrow_keys":{"_0":"up_arrow"}},"display":"arrowtriangle.up.fill","isSFSymbol":true}},"idsInOrderRow5":[{"id":"E5C13320-B5D3-4FFA-AAC8-73F4B912CF60"},{"id":"B45D744B-A7DC-465A-8394-38E15C820962"}],"row5":[{"id":"B45D744B-A7DC-465A-8394-38E15C820962","fromDetail":{"display":"arrowtriangle.up.fill","output":{"arrow_keys":{"_0":"up_arrow"}},"isSFSymbol":true},"toDetailCollection":{}},{"isSpacer":true,"fromDetail":{"display":"A","output":{"letter_keys":{"_0":"a"}}},"id":"E5C13320-B5D3-4FFA-AAC8-73F4B912CF60","toDetailCollection":{}}],"idsInOrderRow3":[{"id":"8FE69703-7C5D-4776-AD9D-1D724A6436BC"},{"id":"5AA330BC-A34B-4B4F-B841-080261947B35"},{"id":"CE748C37-79A9-40F1-B2B1-BD7DE14AA290"}],"row3":[{"toDetailCollection":{},"id":"CE748C37-79A9-40F1-B2B1-BD7DE14AA290","fromDetail":{"display":"arrow.down","output":{"arrow_keys":{"_0":"page_down"}},"isSFSymbol":true}},{"fromDetail":{"output":{"arrow_keys":{"_0":"end"}},"isSFSymbol":true,"display":"arrow.down.to.line"},"id":"5AA330BC-A34B-4B4F-B841-080261947B35","toDetailCollection":{}},{"toDetailCollection":{},"id":"8FE69703-7C5D-4776-AD9D-1D724A6436BC","fromDetail":{"output":{"controls_and_symbols":{"_0":"delete_forward"}},"display":"delete.right","isSFSymbol":true}}],"arrow_down":{"keyShape":"arrow_Down","toDetailCollection":{},"id":"8729583D-BB9B-4758-9812-759BD9F8A2DF","fromDetail":{"isSFSymbol":true,"display":"arrowtriangle.down.fill","output":{"arrow_keys":{"_0":"down_arrow"}}}},"row1":[{"id":"617FEA39-FDB0-40BF-B505-4D7E49DC91E1","fromDetail":{"display":"F15","output":{"function_keys":{"_0":"f15"}}},"toDetailCollection":{}},{"toDetailCollection":{},"id":"5DFA114E-E931-44C2-9962-A7AFDADCBD9A","fromDetail":{"display":"F14","output":{"function_keys":{"_0":"f14"}}}},{"fromDetail":{"output":{"function_keys":{"_0":"f13"}},"display":"F13"},"toDetailCollection":{},"id":"9DC6DBA7-E7E2-4D96-9343-D9035973CB31"}],"idsInOrderRow1":[{"id":"9DC6DBA7-E7E2-4D96-9343-D9035973CB31"},{"id":"5DFA114E-E931-44C2-9962-A7AFDADCBD9A"},{"id":"617FEA39-FDB0-40BF-B505-4D7E49DC91E1"}],"row2":[{"id":"6CBD88D0-8373-40DB-B7A2-81C2AE64F2FE","toDetailCollection":{},"fromDetail":{"display":"arrow.up","output":{"arrow_keys":{"_0":"page_up"}},"isSFSymbol":true}},{"toDetailCollection":{},"id":"5B27344B-9EE4-4550-85B8-DFA7F0CBB9A7","fromDetail":{"display":"arrow.up.to.line","isSFSymbol":true,"output":{"arrow_keys":{"_0":"home"}}}},{"toDetailCollection":{},"id":"3AD99D7E-F5AA-441E-AC7F-9273ACF4FEB3","fromDetail":{"output":{"keys_in_pc_keyboards":{"_0":"insert"}},"isSFSymbol":true,"display":"text.insert"}}]},"mainRows":{"enableArrowKeys":true,"arrow_right":{"fromDetail":{"output":{"arrow_keys":{"_0":"right_arrow"}},"display":"arrowtriangle.right.fill","isSFSymbol":true},"toDetailCollection":{},"id":"92E25D53-5B1C-4EB6-8C86-652BE1A4810B","keyShape":"arrow_LR"},"row3":[{"id":"4F3EB498-9ECC-456F-8CD5-19E5DBEB0028","fromDetail":{"output":{"letter_keys":{"_0":"q"}},"display":"Q"},"toDetailCollection":{}},{"toDetailCollection":{},"fromDetail":{"output":{"controls_and_symbols":{"_0":"commercial_at_jis"}},"display":"@"},"id":"8104CD53-641B-4AFA-ABDF-D4984EF7D7BB"},{"toDetailCollection":{"condition0":{"layer0":{"withModifier_tap":{},"isCustomized_tap":true,"outputAndDisplay_tap":{"output":{"letter_keys":{"_0":"k"}},"display":"K","layerKey":"layer0"}}}},"id":"CFA0A08A-23B0-4F6C-9FD6-46D3F8924EFC","fromDetail":{"display":"U","output":{"letter_keys":{"_0":"u"}}}},{"id":"4C724EDD-3B8E-4C43-816B-1C1E3DCF8969","fromDetail":{"display":"W","output":{"letter_keys":{"_0":"w"}}},"toDetailCollection":{"condition0":{"layer0":{"withModifier_tap":{},"isCustomized_tap":true,"outputAndDisplay_tap":{"layerKey":"layer0","display":"P","output":{"letter_keys":{"_0":"p"}}}}}}},{"id":"13C99120-8858-4BCC-A630-3E39FC1C1F2D","toDetailCollection":{"condition0":{"layer0":{"isCustomized_tap":true,"outputAndDisplay_tap":{"output":{"letter_keys":{"_0":"b"}},"layerKey":"layer0","display":"B"},"withModifier_tap":{}}}},"fromDetail":{"output":{"letter_keys":{"_0":"y"}},"display":"Y"}},{"id":"3611ABF8-B36E-47C1-B94E-80EC87976304","toDetailCollection":{"condition0":{"layer0":{"withModifier_tap":{},"isCustomized_tap":true,"outputAndDisplay_tap":{"output":{"letter_keys":{"_0":"d"}},"layerKey":"layer0","display":"D"}}}},"fromDetail":{"output":{"letter_keys":{"_0":"r"}},"display":"R"}},{"id":"2895CDEA-7747-4417-A445-33A02381D02A","keyShape":"enter_JIS","toDetailCollection":{},"unitSize":1.5,"fromDetail":{"isSFSymbol":true,"output":{"controls_and_symbols":{"_0":"return_or_enter"}},"display":"return"}},{"fromDetail":{"display":"arrow.right.to.line","isSFSymbol":true,"output":{"controls_and_symbols":{"_0":"tab"}}},"id":"81A9191D-B1AE-4C72-8C0F-1B5F25FCB533","toDetailCollection":{}},{"fromDetail":{"display":"T","output":{"letter_keys":{"_0":"t"}}},"toDetailCollection":{"condition0":{"layer0":{"isCustomized_tap":true,"outputAndDisplay_tap":{"display":"C","layerKey":"layer0","output":{"letter_keys":{"_0":"c"}}},"withModifier_tap":{}}}},"id":"CACC9B41-504C-4C3F-B0D8-C67DDD00DAF1"},{"id":"72C027A5-1A0A-427C-95CB-6F014DE19670","fromDetail":{"output":{"letter_keys":{"_0":"i"}},"display":"I"},"toDetailCollection":{"condition0":{"layer0":{"isCustomized_tap":true,"outputAndDisplay_tap":{"output":{"letter_keys":{"_0":"u"}},"display":"U","layerKey":"layer0"},"withModifier_tap":{}}}}},{"fromDetail":{"output":{"letter_keys":{"_0":"o"}},"display":"O"},"toDetailCollection":{"condition0":{"layer0":{"outputAndDisplay_tap":{"output":{"letter_keys":{"_0":"y"}},"layerKey":"layer0","display":"Y"},"isCustomized_tap":true,"withModifier_tap":{}}}},"id":"E6D7F36D-EC93-4110-B286-8A8BF4DB6C6C"},{"toDetailCollection":{"condition0":{"layer0":{"isCustomized_tap":true,"outputAndDisplay_tap":{"layerKey":"layer0","display":"R","output":{"letter_keys":{"_0":"r"}}},"withModifier_tap":{}}}},"id":"0EAD854E-ECA1-41DE-A3F6-C927C0A824F1","fromDetail":{"output":{"letter_keys":{"_0":"e"}},"display":"E"}},{"fromDetail":{"display":"P","output":{"letter_keys":{"_0":"p"}}},"id":"68D0246E-7B79-46C7-9974-A4F8B1656679","toDetailCollection":{"condition0":{"layer0":{"outputAndDisplay_tap":{"layerKey":"layer0","output":{"letter_keys":{"_0":"x"}},"display":"X"},"isCustomized_tap":true,"withModifier_tap":{}}}}},{"fromDetail":{"display":"[","output":{"controls_and_symbols":{"_0":"open_square_bracket_jis"}}},"id":"CE13E5A5-C495-4023-8D09-1C6C5557E64F","toDetailCollection":{}}],"arrow_up":{"toDetailCollection":{},"fromDetail":{"output":{"arrow_keys":{"_0":"up_arrow"}},"display":"arrowtriangle.up.fill","isSFSymbol":true},"keyShape":"arrow_Up","id":"EA5158B2-CA62-4145-92D9-C6E77795B16C"},"arrow_down":{"id":"466C30CE-B2DC-477D-967C-81B0045A178B","fromDetail":{"display":"arrowtriangle.down.fill","output":{"arrow_keys":{"_0":"down_arrow"}},"isSFSymbol":true},"toDetailCollection":{},"keyShape":"arrow_Down"},"idsInOrderRow1":[{"id":"A36E1D6F-7A93-46D1-99AD-399634012F55"},{"id":"359FEE14-53A7-477A-858B-ED8AE9175DAB"},{"id":"4D374A62-A02E-4B7A-A1E0-BE757A4CE50C"},{"id":"5B80CCE2-BD92-45CA-928E-03196D3CD751"},{"id":"D63D8778-6A18-4DF2-B539-4C89E615FD17"},{"id":"E91AFC84-E420-4366-A19A-B636AF0B3DD0"},{"id":"18E67F86-8ED9-4E69-9621-5B7ED74FC4DA"},{"id":"B305FF6E-238C-49AE-8002-0ACCD381AE6F"},{"id":"1F9EDA80-8E6B-492B-95A2-28FAD83597D1"},{"id":"64E51CCA-9531-472E-B903-E97AA8261AED"},{"id":"EDB7AFDC-B5FC-423E-A7BC-EC22E8DA34BA"},{"id":"C3506368-0A41-4625-83F0-4A0D26DD25CB"},{"id":"2F148CD4-A651-4CB9-BD32-0C4B6566568D"}],"row5":[{"fromDetail":{"isSFSymbol":true,"output":{"modifier_keys":{"_0":"right_shift"}},"display":"shift"},"id":"E9BCAAD3-D25A-406F-A122-88F688663073","toDetailCollection":{},"unitSize":1.75},{"fromDetail":{"output":{"controls_and_symbols":{"_0":"period"}},"display":"."},"toDetailCollection":{"condition0":{"layer0":{"isCustomized_tap":true,"outputAndDisplay_tap":{"output":{"letter_keys":{"_0":"z"}},"display":"Z","layerKey":"layer0"},"withModifier_tap":{}}}},"id":"1AB47A69-50C4-4EB3-80AB-4A2AC74EF262"},{"fromDetail":{"isSFSymbol":true,"display":"shift","output":{"modifier_keys":{"_0":"left_shift"}}},"id":"EC7A81C9-87A0-49B4-86D6-5A3505A4CC76","unitSize":1.75,"toDetailCollection":{}},{"id":"848BC728-6D4B-49F0-9CBC-1C9D059300F3","fromDetail":{"display":"X","output":{"letter_keys":{"_0":"x"}}},"toDetailCollection":{"condition0":{"layer0":{"outputAndDisplay_tap":{"layerKey":"layer0","output":{"controls_and_symbols":{"_0":"comma"}},"display":","},"isCustomized_tap":true,"withModifier_tap":{}}}}},{"fromDetail":{"output":{"controls_and_symbols":{"_0":"slash"}},"display":"\/"},"id":"F476CF90-F3DD-4F05-BE01-E3C6FD065F68","toDetailCollection":{"condition0":{"layer0":{"withModifier_tap":{},"isCustomized_tap":true,"outputAndDisplay_tap":{"layerKey":"layer0","display":".","output":{"controls_and_symbols":{"_0":"period"}}}}}}},{"id":"AF082328-D611-4A5D-A07F-287119F6352C","fromDetail":{"display":"N","output":{"letter_keys":{"_0":"n"}}},"toDetailCollection":{"condition0":{"layer0":{"outputAndDisplay_tap":{"layerKey":"layer0","output":{"letter_keys":{"_0":"f"}},"display":"F"},"isCustomized_tap":true,"withModifier_tap":{}}}}},{"toDetailCollection":{},"fromDetail":{"display":"_","output":{"international_keys":{"_0":"international1"}}},"id":"159D46A7-3DDA-48FA-9E34-8959ED3AC6BC"},{"fromDetail":{"display":"M","output":{"letter_keys":{"_0":"m"}}},"id":"CFDA87B1-B54C-40CD-BC60-822A33C75740","toDetailCollection":{"condition0":{"layer0":{"withModifier_tap":{},"isCustomized_tap":true,"outputAndDisplay_tap":{"layerKey":"layer0","output":{"letter_keys":{"_0":"v"}},"display":"V"}}}}},{"id":"F36DF3A0-551B-4565-9040-1FF56ABE6BFA","fromDetail":{"output":{"letter_keys":{"_0":"c"}},"display":"C"},"toDetailCollection":{"condition0":{"layer0":{"isCustomized_tap":true,"outputAndDisplay_tap":{"output":{"letter_keys":{"_0":"l"}},"display":"L","layerKey":"layer0"},"withModifier_tap":{}}}}},{"id":"3B6C1C90-3833-4C9E-940C-A4DA40A900A1","fromDetail":{"output":{"letter_keys":{"_0":"v"}},"display":"V"},"toDetailCollection":{"condition0":{"layer0":{"withModifier_tap":{},"outputAndDisplay_tap":{"output":{"letter_keys":{"_0":"g"}},"display":"G","layerKey":"layer0"},"isCustomized_tap":true}}}},{"id":"6F2D7FDB-40DB-4913-AC72-3AA39267097C","toDetailCollection":{"condition0":{"layer0":{"isCustomized_tap":true,"outputAndDisplay_tap":{"display":";","output":{"controls_and_symbols":{"_0":"semicolon"}},"layerKey":"layer0"},"withModifier_tap":{}}}},"fromDetail":{"display":",","output":{"controls_and_symbols":{"_0":"comma"}}}},{"id":"B5CF9DDD-7D22-4571-8A5A-79BF1BFC33C2","toDetailCollection":{"condition0":{"layer0":{"outputAndDisplay_tap":{"output":{"letter_keys":{"_0":"j"}},"display":"J","layerKey":"layer0"},"isCustomized_tap":true,"withModifier_tap":{}}}},"fromDetail":{"output":{"letter_keys":{"_0":"b"}},"display":"B"}},{"fromDetail":{"display":"Z","output":{"letter_keys":{"_0":"z"}}},"id":"3F006C26-05A8-4889-B310-AAA137F8B175","toDetailCollection":{"condition0":{"layer0":{"isCustomized_tap":true,"outputAndDisplay_tap":{"layerKey":"layer0","display":"\/","output":{"controls_and_symbols":{"_0":"slash"}}},"withModifier_tap":{}}}}}],"rowIndex_arrow":{"row6":{}},"row4":[{"id":"CBCECFFF-8E83-489A-8BB0-A35F46871F31","toDetailCollection":{"condition0":{"layer0":{"withModifier_tap":{},"isCustomized_tap":true,"outputAndDisplay_tap":{"layerKey":"layer0","output":{"letter_keys":{"_0":"e"}},"display":"E"}}}},"fromDetail":{"display":"K","output":{"letter_keys":{"_0":"k"}}}},{"fromDetail":{"output":{"letter_keys":{"_0":"g"}},"display":"G"},"toDetailCollection":{"condition0":{"layer0":{"withModifier_tap":{},"isCustomized_tap":true,"outputAndDisplay_tap":{"layerKey":"layer0","output":{"letter_keys":{"_0":"w"}},"display":"W"}}}},"id":"2F8A37B1-7A14-4773-A866-D8415A133431"},{"fromDetail":{"display":"H","output":{"letter_keys":{"_0":"h"}}},"id":"8893294A-E8CC-4BD9-B180-44E87BBDA724","toDetailCollection":{"condition0":{"layer0":{"outputAndDisplay_tap":{"output":{"letter_keys":{"_0":"m"}},"display":"M","layerKey":"layer0"},"isCustomized_tap":true,"withModifier_tap":{}}}}},{"id":"6CD6924D-2CBC-493A-B3D4-42D61D26BC69","fromDetail":{"display":":","output":{"controls_and_symbols":{"_0":"single_quotation_or_colon"}}},"toDetailCollection":{}},{"toDetailCollection":{"condition0":{"layer0":{"withModifier_tap":{},"outputAndDisplay_tap":{"display":"I","output":{"letter_keys":{"_0":"i"}},"layerKey":"layer0"},"isCustomized_tap":true}}},"fromDetail":{"display":"L","output":{"letter_keys":{"_0":"l"}}},"id":"5699F7CF-5032-407D-8CEC-46280E0D33F4"},{"toDetailCollection":{"condition0":{"layer0":{"outputAndDisplay_tap":{"display":"H","layerKey":"layer0","output":{"letter_keys":{"_0":"h"}}},"withModifier_tap":{},"isCustomized_tap":true}}},"id":"27D4C160-7C5A-4849-B223-52FB520BD391","fromDetail":{"output":{"letter_keys":{"_0":"j"}},"display":"J"}},{"unitSize":1.25,"id":"52B392A7-2990-4D83-98D6-DF6E194BEB6F","toDetailCollection":{},"fromDetail":{"display":"control","isSFSymbol":true,"output":{"modifier_keys":{"_0":"left_control"}}}},{"fromDetail":{"output":{"letter_keys":{"_0":"s"}},"display":"S"},"id":"F5B03188-FDC0-4FC7-9CC6-9FA345962DE0","toDetailCollection":{"condition0":{"layer0":{"isCustomized_tap":true,"withModifier_tap":{},"outputAndDisplay_tap":{"layerKey":"layer0","output":{"letter_keys":{"_0":"t"}},"display":"T"}}}}},{"toDetailCollection":{"condition0":{"layer0":{"isCustomized_tap":true,"outputAndDisplay_tap":{"layerKey":"layer0","output":{"letter_keys":{"_0":"o"}},"display":"O"},"withModifier_tap":{}}}},"id":"E980A411-32E1-4C02-A85F-FDEA2EA95418","fromDetail":{"output":{"controls_and_symbols":{"_0":"semicolon"}},"display":";"}},{"fromDetail":{"output":{"letter_keys":{"_0":"d"}},"display":"D"},"id":"FFE5EC7C-A934-4E67-93E6-F3FCD74F36E1","toDetailCollection":{"condition0":{"layer0":{"withModifier_tap":{},"isCustomized_tap":true,"outputAndDisplay_tap":{"layerKey":"layer0","output":{"letter_keys":{"_0":"n"}},"display":"N"}}}}},{"id":"A55E980D-9308-4910-B976-C4FE93B8AE40","toDetailCollection":{},"fromDetail":{"output":{"letter_keys":{"_0":"a"}},"display":"A"}},{"id":"521BE9BB-7BC5-4C7D-9369-CDAAEF315DE3","toDetailCollection":{},"fromDetail":{"output":{"controls_and_symbols":{"_0":"close_square_bracket_jis"}},"display":"]"}},{"fromDetail":{"output":{"letter_keys":{"_0":"f"}},"display":"F"},"id":"1E921761-E2C2-4D04-9EEB-501AA9DBBF84","toDetailCollection":{"condition0":{"layer0":{"withModifier_tap":{},"isCustomized_tap":true,"outputAndDisplay_tap":{"display":"S","output":{"letter_keys":{"_0":"s"}},"layerKey":"layer0"}}}}}],"arrow_left":{"id":"14BFF131-2825-4424-817A-0F42E791C10F","fromDetail":{"output":{"arrow_keys":{"_0":"left_arrow"}},"display":"arrowtriangle.left.fill","isSFSymbol":true},"keyShape":"arrow_LR","toDetailCollection":{}},"idsInOrderRow4":[{"id":"52B392A7-2990-4D83-98D6-DF6E194BEB6F"},{"id":"A55E980D-9308-4910-B976-C4FE93B8AE40"},{"id":"F5B03188-FDC0-4FC7-9CC6-9FA345962DE0"},{"id":"FFE5EC7C-A934-4E67-93E6-F3FCD74F36E1"},{"id":"1E921761-E2C2-4D04-9EEB-501AA9DBBF84"},{"id":"2F8A37B1-7A14-4773-A866-D8415A133431"},{"id":"8893294A-E8CC-4BD9-B180-44E87BBDA724"},{"id":"27D4C160-7C5A-4849-B223-52FB520BD391"},{"id":"CBCECFFF-8E83-489A-8BB0-A35F46871F31"},{"id":"5699F7CF-5032-407D-8CEC-46280E0D33F4"},{"id":"E980A411-32E1-4C02-A85F-FDEA2EA95418"},{"id":"6CD6924D-2CBC-493A-B3D4-42D61D26BC69"},{"id":"521BE9BB-7BC5-4C7D-9369-CDAAEF315DE3"}],"idsInOrderRow3":[{"id":"81A9191D-B1AE-4C72-8C0F-1B5F25FCB533"},{"id":"4F3EB498-9ECC-456F-8CD5-19E5DBEB0028"},{"id":"4C724EDD-3B8E-4C43-816B-1C1E3DCF8969"},{"id":"0EAD854E-ECA1-41DE-A3F6-C927C0A824F1"},{"id":"3611ABF8-B36E-47C1-B94E-80EC87976304"},{"id":"CACC9B41-504C-4C3F-B0D8-C67DDD00DAF1"},{"id":"13C99120-8858-4BCC-A630-3E39FC1C1F2D"},{"id":"CFA0A08A-23B0-4F6C-9FD6-46D3F8924EFC"},{"id":"72C027A5-1A0A-427C-95CB-6F014DE19670"},{"id":"E6D7F36D-EC93-4110-B286-8A8BF4DB6C6C"},{"id":"68D0246E-7B79-46C7-9974-A4F8B1656679"},{"id":"8104CD53-641B-4AFA-ABDF-D4984EF7D7BB"},{"id":"CE13E5A5-C495-4023-8D09-1C6C5557E64F"},{"id":"2895CDEA-7747-4417-A445-33A02381D02A"}],"row2":[{"id":"67206838-9C5A-45FF-8DCF-425967BA0018","fromDetail":{"output":{"number_keys":{"_0":"eight"}},"display":"8"},"toDetailCollection":{}},{"id":"AD09293D-3929-431D-B997-0B2ECA3388BE","fromDetail":{"output":{"international_keys":{"_0":"international3"}},"display":"\\"},"toDetailCollection":{}},{"fromDetail":{"output":{"controls_and_symbols":{"_0":"delete_or_backspace"}},"display":"delete.left","isSFSymbol":true},"id":"2584F8C6-4538-404A-8672-12C9628579BB","toDetailCollection":{},"unitSize":1.25},{"id":"6EE20E07-8607-4460-91AC-275046726685","fromDetail":{"output":{"controls_and_symbols":{"_0":"hyphen"}},"display":"-"},"toDetailCollection":{}},{"fromDetail":{"output":{"number_keys":{"_0":"four"}},"display":"4"},"id":"B4B1AB84-5012-47F1-92C7-9FEE653153E5","toDetailCollection":{}},{"toDetailCollection":{},"id":"4D6F49D6-9CC9-4B76-A822-D3E49EC63755","fromDetail":{"output":{"number_keys":{"_0":"two"}},"display":"2"}},{"fromDetail":{"display":"^","output":{"controls_and_symbols":{"_0":"equal_sign_or_caret"}}},"toDetailCollection":{},"id":"68112B1E-02A2-4DB0-AC75-40A13DE2B588"},{"toDetailCollection":{},"id":"24AD2AED-1608-46A7-A346-05BCC33332BD","fromDetail":{"display":"0","output":{"number_keys":{"_0":"zero"}}}},{"id":"556C19C6-076F-45AD-A072-BCC8B2EEA708","fromDetail":{"display":"3","output":{"number_keys":{"_0":"three"}}},"toDetailCollection":{}},{"fromDetail":{"output":{"number_keys":{"_0":"one"}},"display":"1"},"toDetailCollection":{},"unitSize":1.25,"id":"5B8026CE-A366-4149-9237-1227DE6C55D1"},{"id":"0C4C72FB-288C-4D6A-8404-BB44AF5E3607","fromDetail":{"output":{"number_keys":{"_0":"seven"}},"display":"7"},"toDetailCollection":{}},{"toDetailCollection":{},"fromDetail":{"display":"6","output":{"number_keys":{"_0":"six"}}},"id":"AAA7BD71-2277-46C7-BC95-F93B8EDA5F8A"},{"id":"FDC14F67-7008-4D40-BD3D-8896E289CEC3","toDetailCollection":{},"fromDetail":{"output":{"number_keys":{"_0":"nine"}},"display":"9"}},{"toDetailCollection":{},"fromDetail":{"output":{"number_keys":{"_0":"five"}},"display":"5"},"id":"A3021E5C-536D-4D44-9D7E-D4B79BDAD4F7"}],"idsInOrderRow5":[{"id":"EC7A81C9-87A0-49B4-86D6-5A3505A4CC76"},{"id":"3F006C26-05A8-4889-B310-AAA137F8B175"},{"id":"848BC728-6D4B-49F0-9CBC-1C9D059300F3"},{"id":"F36DF3A0-551B-4565-9040-1FF56ABE6BFA"},{"id":"3B6C1C90-3833-4C9E-940C-A4DA40A900A1"},{"id":"B5CF9DDD-7D22-4571-8A5A-79BF1BFC33C2"},{"id":"AF082328-D611-4A5D-A07F-287119F6352C"},{"id":"CFDA87B1-B54C-40CD-BC60-822A33C75740"},{"id":"6F2D7FDB-40DB-4913-AC72-3AA39267097C"},{"id":"1AB47A69-50C4-4EB3-80AB-4A2AC74EF262"},{"id":"F476CF90-F3DD-4F05-BE01-E3C6FD065F68"},{"id":"159D46A7-3DDA-48FA-9E34-8959ED3AC6BC"},{"id":"E9BCAAD3-D25A-406F-A122-88F688663073"}],"row1":[{"id":"E91AFC84-E420-4366-A19A-B636AF0B3DD0","toDetailCollection":{},"fromDetail":{"display":"F5","output":{"function_keys":{"_0":"f5"}}}},{"fromDetail":{"display":"F7","output":{"function_keys":{"_0":"f7"}}},"id":"B305FF6E-238C-49AE-8002-0ACCD381AE6F","toDetailCollection":{}},{"id":"18E67F86-8ED9-4E69-9621-5B7ED74FC4DA","toDetailCollection":{},"fromDetail":{"output":{"function_keys":{"_0":"f6"}},"display":"F6"}},{"fromDetail":{"display":"F4","output":{"function_keys":{"_0":"f4"}}},"toDetailCollection":{},"id":"D63D8778-6A18-4DF2-B539-4C89E615FD17"},{"fromDetail":{"output":{"function_keys":{"_0":"f3"}},"display":"F3"},"id":"5B80CCE2-BD92-45CA-928E-03196D3CD751","toDetailCollection":{}},{"id":"2F148CD4-A651-4CB9-BD32-0C4B6566568D","toDetailCollection":{},"fromDetail":{"output":{"function_keys":{"_0":"f12"}},"display":"F12"}},{"fromDetail":{"output":{"function_keys":{"_0":"f2"}},"display":"F2"},"toDetailCollection":{},"id":"4D374A62-A02E-4B7A-A1E0-BE757A4CE50C"},{"id":"64E51CCA-9531-472E-B903-E97AA8261AED","fromDetail":{"display":"F9","output":{"function_keys":{"_0":"f9"}}},"toDetailCollection":{}},{"id":"EDB7AFDC-B5FC-423E-A7BC-EC22E8DA34BA","fromDetail":{"display":"F10","output":{"function_keys":{"_0":"f10"}}},"toDetailCollection":{}},{"toDetailCollection":{},"id":"A36E1D6F-7A93-46D1-99AD-399634012F55","fromDetail":{"display":"escape","isSFSymbol":true,"output":{"controls_and_symbols":{"_0":"escape"}}},"unitSize":1.5},{"fromDetail":{"display":"F1","output":{"function_keys":{"_0":"f1"}}},"id":"359FEE14-53A7-477A-858B-ED8AE9175DAB","toDetailCollection":{}},{"fromDetail":{"display":"F8","output":{"function_keys":{"_0":"f8"}}},"toDetailCollection":{},"id":"1F9EDA80-8E6B-492B-95A2-28FAD83597D1"},{"id":"C3506368-0A41-4625-83F0-4A0D26DD25CB","fromDetail":{"output":{"function_keys":{"_0":"f11"}},"display":"F11"},"toDetailCollection":{}}],"row6":[{"fromDetail":{"isSFSymbol":true,"output":{"modifier_keys":{"_0":"caps_lock"}},"display":"capslock"},"toDetailCollection":{},"id":"730A89D3-4C81-4084-ACCA-41ABDCF97DCA"},{"toDetailCollection":{},"id":"0DBC615F-675E-4AC2-A48C-669C66D7C913","fromDetail":{"isSFSymbol":true,"display":"option","output":{"modifier_keys":{"_0":"left_option"}}}},{"fromDetail":{"isSFSymbol":true,"display":"globe","output":{"modifier_keys":{"_0":"keyboard_fn"}}},"toDetailCollection":{},"id":"733A9134-3B57-4904-8176-B64ABA160BF1"},{"unitSize":1.25,"fromDetail":{"display":"かな","output":{"japanese":{"_0":"kana"}}},"toDetailCollection":{},"id":"62DADCE6-63F3-4FFC-AC63-47B99E9FE49F"},{"fromDetail":{"output":{"controls_and_symbols":{"_0":"spacebar"}},"display":"␣"},"id":"46B540F4-4455-406C-B60C-884D8ABB5E63","unitSize":3.5,"toDetailCollection":{}},{"fromDetail":{"output":{"modifier_keys":{"_0":"left_command"}},"display":"command","isSFSymbol":true},"id":"4CB24113-8CBF-4607-8DC8-3EBC39C7DF42","unitSize":1.25,"toDetailCollection":{}},{"toDetailCollection":{},"id":"A18FFE9C-DD85-44A0-9EAD-AD01E3C0FEE1","fromDetail":{"output":{"japanese":{"_0":"eisuu"}},"display":"英数"},"unitSize":1.25},{"toDetailCollection":{},"id":"CD554220-DC52-432B-BBFE-82233EFBAD12","fromDetail":{"output":{"modifier_keys":{"_0":"right_command"}},"display":"command","isSFSymbol":true},"unitSize":1.25}],"idsInOrderRow2":[{"id":"5B8026CE-A366-4149-9237-1227DE6C55D1"},{"id":"4D6F49D6-9CC9-4B76-A822-D3E49EC63755"},{"id":"556C19C6-076F-45AD-A072-BCC8B2EEA708"},{"id":"B4B1AB84-5012-47F1-92C7-9FEE653153E5"},{"id":"A3021E5C-536D-4D44-9D7E-D4B79BDAD4F7"},{"id":"AAA7BD71-2277-46C7-BC95-F93B8EDA5F8A"},{"id":"0C4C72FB-288C-4D6A-8404-BB44AF5E3607"},{"id":"67206838-9C5A-45FF-8DCF-425967BA0018"},{"id":"FDC14F67-7008-4D40-BD3D-8896E289CEC3"},{"id":"24AD2AED-1608-46A7-A346-05BCC33332BD"},{"id":"6EE20E07-8607-4460-91AC-275046726685"},{"id":"68112B1E-02A2-4DB0-AC75-40A13DE2B588"},{"id":"AD09293D-3929-431D-B997-0B2ECA3388BE"},{"id":"2584F8C6-4538-404A-8672-12C9628579BB"}],"idsInOrderRow6":[{"id":"730A89D3-4C81-4084-ACCA-41ABDCF97DCA"},{"id":"0DBC615F-675E-4AC2-A48C-669C66D7C913"},{"id":"4CB24113-8CBF-4607-8DC8-3EBC39C7DF42"},{"id":"A18FFE9C-DD85-44A0-9EAD-AD01E3C0FEE1"},{"id":"46B540F4-4455-406C-B60C-884D8ABB5E63"},{"id":"62DADCE6-63F3-4FFC-AC63-47B99E9FE49F"},{"id":"CD554220-DC52-432B-BBFE-82233EFBAD12"},{"id":"733A9134-3B57-4904-8176-B64ABA160BF1"}]},"tenkeyRows":{"row3":[{"fromDetail":{"display":"9","output":{"keypad_keys":{"_0":"keypad_9"}}},"id":"66B99273-DE26-4088-A547-18F7823546B2","toDetailCollection":{}},{"fromDetail":{"display":"7","output":{"keypad_keys":{"_0":"keypad_7"}}},"toDetailCollection":{},"id":"CE60AEEF-B798-4B69-BCCF-5B2A3F0D672D"},{"fromDetail":{"display":"8","output":{"keypad_keys":{"_0":"keypad_8"}}},"toDetailCollection":{},"id":"A9C6818C-E7F4-420B-88CC-B78D4528B9A9"},{"toDetailCollection":{},"id":"23705499-47EA-4E61-9E12-B9FE1567DB72","fromDetail":{"display":"-","output":{"keypad_keys":{"_0":"keypad_hyphen"}}}}],"idsInOrderRow5":[{"id":"E9BA8FA6-A950-4802-9CA2-630AC57FE6D0"},{"id":"9E281927-EEB2-403F-B256-3884A106EFC7"},{"id":"7A798D0F-06C4-40AD-AB06-BB6AF231218B"},{"id":"4F5C82AB-A84D-4D9E-8AE2-D2FAB01C5142"}],"row2":[{"toDetailCollection":{},"fromDetail":{"output":{"keypad_keys":{"_0":"keypad_asterisk"}},"display":"*"},"id":"C710C06E-0FE7-42EB-ABE8-9905060D7CC2"},{"id":"2F3E6973-22E1-4D17-B60B-46DE562FFE8F","toDetailCollection":{},"fromDetail":{"display":"\/","output":{"keypad_keys":{"_0":"keypad_slash"}}}},{"toDetailCollection":{},"id":"27FE046B-C149-4234-A5C8-B0F690211ECC","fromDetail":{"output":{"keypad_keys":{"_0":"keypad_equal_sign"}},"display":"="}},{"toDetailCollection":{},"id":"9AEA17F9-00BD-4AA8-B52E-0CA8F8B769BE","fromDetail":{"display":"clear","output":{"others":{"_0":"clear"}}}}],"idsInOrderRow4":[{"id":"E14A13F9-1294-40A3-94AB-7FA96962D645"},{"id":"A7D46457-A2CD-4AA9-900B-727074B17901"},{"id":"CD4DFCEA-D8AB-4C52-B4D3-7C9A03D1212A"},{"id":"1C4D11C1-A751-416A-B23E-267870D2AE9F"}],"row4":[{"toDetailCollection":{},"fromDetail":{"display":"4","output":{"keypad_keys":{"_0":"keypad_4"}}},"id":"E14A13F9-1294-40A3-94AB-7FA96962D645"},{"fromDetail":{"display":"+","output":{"keypad_keys":{"_0":"keypad_plus"}}},"toDetailCollection":{},"id":"1C4D11C1-A751-416A-B23E-267870D2AE9F"},{"toDetailCollection":{},"fromDetail":{"display":"6","output":{"keypad_keys":{"_0":"keypad_6"}}},"id":"CD4DFCEA-D8AB-4C52-B4D3-7C9A03D1212A"},{"id":"A7D46457-A2CD-4AA9-900B-727074B17901","toDetailCollection":{},"fromDetail":{"output":{"keypad_keys":{"_0":"keypad_5"}},"display":"5"}}],"idsInOrderRow1":[{"id":"9BC064D4-A85A-4B95-8EAC-71AAF5FCEBBC"},{"id":"4D623A03-D593-4CE9-988A-2DB34AA781A3"},{"id":"EC5CA33E-3278-494C-BF5A-C2247588937D"},{"id":"921D8FA4-5C68-4C06-8851-5E8108EEDD6A"}],"arrow_left":{"keyShape":"arrow_LR","fromDetail":{"isSFSymbol":true,"output":{"arrow_keys":{"_0":"left_arrow"}},"display":"arrowtriangle.left.fill"},"toDetailCollection":{},"id":"6B437250-1B35-4DD2-BB2F-886F4B33472A"},"arrow_up":{"toDetailCollection":{},"fromDetail":{"output":{"arrow_keys":{"_0":"up_arrow"}},"display":"arrowtriangle.up.fill","isSFSymbol":true},"keyShape":"arrow_Up","id":"B9CC75FB-289C-41FF-AB08-EE5564CC8AA7"},"arrow_right":{"id":"0EC009DD-5695-45D0-911A-0ECF79237284","fromDetail":{"isSFSymbol":true,"display":"arrowtriangle.right.fill","output":{"arrow_keys":{"_0":"right_arrow"}}},"toDetailCollection":{},"keyShape":"arrow_LR"},"enableArrowKeys":false,"idsInOrderRow6":[{"id":"1FF214BE-D81A-41DA-8CD2-55313314388F"},{"id":"C6168495-0F6B-4C82-B106-1DB901AFAC27"},{"id":"DF6693FC-C49C-4FF8-9C51-39F2C1F093F9"}],"arrow_down":{"fromDetail":{"isSFSymbol":true,"display":"arrowtriangle.down.fill","output":{"arrow_keys":{"_0":"down_arrow"}}},"id":"8B3F04E6-9BAC-455D-9E8D-801557A8C6CD","toDetailCollection":{},"keyShape":"arrow_Down"},"row6":[{"fromDetail":{"display":",","output":{"keypad_keys":{"_0":"keypad_comma"}}},"toDetailCollection":{},"id":"C6168495-0F6B-4C82-B106-1DB901AFAC27"},{"fromDetail":{"output":{"keypad_keys":{"_0":"keypad_period"}},"display":"."},"toDetailCollection":{},"id":"DF6693FC-C49C-4FF8-9C51-39F2C1F093F9"},{"id":"1FF214BE-D81A-41DA-8CD2-55313314388F","fromDetail":{"output":{"keypad_keys":{"_0":"keypad_0"}},"display":"0"},"toDetailCollection":{}}],"row5":[{"id":"4F5C82AB-A84D-4D9E-8AE2-D2FAB01C5142","toDetailCollection":{},"keyShape":"enter_Tenkey","fromDetail":{"isSFSymbol":true,"output":{"keypad_keys":{"_0":"keypad_enter"}},"display":"projective"}},{"fromDetail":{"display":"2","output":{"keypad_keys":{"_0":"keypad_2"}}},"toDetailCollection":{},"id":"9E281927-EEB2-403F-B256-3884A106EFC7"},{"toDetailCollection":{},"id":"E9BA8FA6-A950-4802-9CA2-630AC57FE6D0","fromDetail":{"display":"1","output":{"keypad_keys":{"_0":"keypad_1"}}}},{"id":"7A798D0F-06C4-40AD-AB06-BB6AF231218B","fromDetail":{"output":{"keypad_keys":{"_0":"keypad_3"}},"display":"3"},"toDetailCollection":{}}],"rowIndex_arrow":{"row6":{}},"row1":[{"toDetailCollection":{},"fromDetail":{"output":{"function_keys":{"_0":"f19"}},"display":"F19"},"id":"921D8FA4-5C68-4C06-8851-5E8108EEDD6A"},{"id":"9BC064D4-A85A-4B95-8EAC-71AAF5FCEBBC","toDetailCollection":{},"fromDetail":{"output":{"function_keys":{"_0":"f16"}},"display":"F16"}},{"id":"EC5CA33E-3278-494C-BF5A-C2247588937D","fromDetail":{"display":"F18","output":{"function_keys":{"_0":"f18"}}},"toDetailCollection":{}},{"toDetailCollection":{},"fromDetail":{"output":{"function_keys":{"_0":"f17"}},"display":"F17"},"id":"4D623A03-D593-4CE9-988A-2DB34AA781A3"}],"idsInOrderRow3":[{"id":"CE60AEEF-B798-4B69-BCCF-5B2A3F0D672D"},{"id":"A9C6818C-E7F4-420B-88CC-B78D4528B9A9"},{"id":"66B99273-DE26-4088-A547-18F7823546B2"},{"id":"23705499-47EA-4E61-9E12-B9FE1567DB72"}],"idsInOrderRow2":[{"id":"9AEA17F9-00BD-4AA8-B52E-0CA8F8B769BE"},{"id":"27FE046B-C149-4234-A5C8-B0F690211ECC"},{"id":"2F3E6973-22E1-4D17-B60B-46DE562FFE8F"},{"id":"C710C06E-0FE7-42EB-ABE8-9905060D7CC2"}]},"isEnableMain":true,"isEnableTenkey":false,"sectionDetail":{"section":{"main":{}},"deviceDetail":{"is_vendor_id_Enabled":false,"is_builtin_keyboard":false,"product_id":"product_id","location_id":"location_id","is_product_id_Enabled":false,"is_location_id_Enabled":false,"device_name":"mainKeyboard","vendor_id":"vendor_id"}},"isEnableSub":false},"keycodeRegion":"JIS","other":{"isEnableTenkey":false,"isEnableMain":true,"tenkeyRows":{"row5":[{"id":"72DAB4A2-5487-45E3-B8E6-68E691370544","fromDetail":{"output":{"keypad_keys":{"_0":"keypad_2"}},"display":"2"},"toDetailCollection":{}},{"fromDetail":{"isSFSymbol":true,"output":{"keypad_keys":{"_0":"keypad_enter"}},"display":"projective"},"toDetailCollection":{},"id":"7CE35B6B-92A6-4432-A9DC-73018E606C5A","keyShape":"enter_Tenkey"},{"toDetailCollection":{},"fromDetail":{"display":"1","output":{"keypad_keys":{"_0":"keypad_1"}}},"id":"682FBD17-BAA1-408C-A4B1-64C874AEC152"},{"fromDetail":{"output":{"keypad_keys":{"_0":"keypad_3"}},"display":"3"},"id":"EF95B6C1-3ED6-4030-8DD1-B06AE1057628","toDetailCollection":{}}],"row2":[{"fromDetail":{"display":"*","output":{"keypad_keys":{"_0":"keypad_asterisk"}}},"toDetailCollection":{},"id":"CE283633-43DE-4D7A-A5BD-E622C44C858B"},{"fromDetail":{"output":{"keypad_keys":{"_0":"keypad_slash"}},"display":"\/"},"id":"0DB99EB4-B8F8-43FC-8953-BEBD8E8F4024","toDetailCollection":{}},{"fromDetail":{"output":{"others":{"_0":"clear"}},"display":"clear"},"toDetailCollection":{},"id":"6C016D57-F8F1-4391-9B68-7F765FEAC685"},{"toDetailCollection":{},"fromDetail":{"output":{"keypad_keys":{"_0":"keypad_equal_sign"}},"display":"="},"id":"9EE36220-D93D-4531-B18F-BABA526796F1"}],"row3":[{"toDetailCollection":{},"fromDetail":{"output":{"keypad_keys":{"_0":"keypad_hyphen"}},"display":"-"},"id":"EC14B8D4-9F8D-4615-A207-536C6E4E1832"},{"fromDetail":{"output":{"keypad_keys":{"_0":"keypad_9"}},"display":"9"},"id":"FC9C354A-E306-47EE-B1C3-C24CC5F6709B","toDetailCollection":{}},{"id":"274FBC3E-F5DA-43A6-A85A-BA43B722A752","fromDetail":{"output":{"keypad_keys":{"_0":"keypad_8"}},"display":"8"},"toDetailCollection":{}},{"id":"AF2B2E65-71CC-4314-B8EA-FD828DD55528","fromDetail":{"output":{"keypad_keys":{"_0":"keypad_7"}},"display":"7"},"toDetailCollection":{}}],"enableArrowKeys":false,"arrow_left":{"fromDetail":{"output":{"arrow_keys":{"_0":"left_arrow"}},"display":"arrowtriangle.left.fill","isSFSymbol":true},"id":"B758F30E-DDE1-4F68-828D-D1374ED36313","keyShape":"arrow_LR","toDetailCollection":{}},"arrow_down":{"id":"48BCFBEC-A664-489B-B4BC-DFA098D759E6","keyShape":"arrow_Down","toDetailCollection":{},"fromDetail":{"output":{"arrow_keys":{"_0":"down_arrow"}},"display":"arrowtriangle.down.fill","isSFSymbol":true}},"idsInOrderRow3":[{"id":"AF2B2E65-71CC-4314-B8EA-FD828DD55528"},{"id":"274FBC3E-F5DA-43A6-A85A-BA43B722A752"},{"id":"FC9C354A-E306-47EE-B1C3-C24CC5F6709B"},{"id":"EC14B8D4-9F8D-4615-A207-536C6E4E1832"}],"arrow_right":{"keyShape":"arrow_LR","fromDetail":{"isSFSymbol":true,"display":"arrowtriangle.right.fill","output":{"arrow_keys":{"_0":"right_arrow"}}},"toDetailCollection":{},"id":"D4CE7CED-EE47-415D-9481-66B48463A7F4"},"arrow_up":{"toDetailCollection":{},"fromDetail":{"isSFSymbol":true,"output":{"arrow_keys":{"_0":"up_arrow"}},"display":"arrowtriangle.up.fill"},"id":"EE2E202E-6D06-49EC-81C5-3554509876AF","keyShape":"arrow_Up"},"idsInOrderRow6":[{"id":"31DAA88C-7469-4F27-9437-5B79818CFED8"},{"id":"EFEED1E9-908F-4A59-8E19-DB6F3163623D"},{"id":"77558B47-FD80-4C24-B219-05C0C6161FD3"}],"idsInOrderRow1":[{"id":"145AC015-AB97-444D-B914-64052CD15D4A"},{"id":"9D4ADEE4-4A52-413D-918B-65F9D23B34FE"},{"id":"6A92A4E6-AB3C-4E37-A6DC-987965CEC260"},{"id":"489F9A6A-0190-4E49-B97B-9170F8D00914"}],"row4":[{"toDetailCollection":{},"id":"6B06D8FD-0307-4D33-AFF9-E45DFBBB667F","fromDetail":{"display":"+","output":{"keypad_keys":{"_0":"keypad_plus"}}}},{"id":"80138B35-C883-450D-ADB7-B6900CDFEA4A","fromDetail":{"output":{"keypad_keys":{"_0":"keypad_5"}},"display":"5"},"toDetailCollection":{}},{"fromDetail":{"output":{"keypad_keys":{"_0":"keypad_4"}},"display":"4"},"toDetailCollection":{},"id":"972B1F9F-A88E-4D10-9C2F-BEEE8E270731"},{"toDetailCollection":{},"id":"44B15F58-58CD-495C-8443-0E295E191DE3","fromDetail":{"output":{"keypad_keys":{"_0":"keypad_6"}},"display":"6"}}],"rowIndex_arrow":{"row6":{}},"row6":[{"fromDetail":{"display":"0","output":{"keypad_keys":{"_0":"keypad_0"}}},"toDetailCollection":{},"id":"31DAA88C-7469-4F27-9437-5B79818CFED8"},{"fromDetail":{"output":{"keypad_keys":{"_0":"keypad_period"}},"display":"."},"toDetailCollection":{},"id":"77558B47-FD80-4C24-B219-05C0C6161FD3"},{"toDetailCollection":{},"id":"EFEED1E9-908F-4A59-8E19-DB6F3163623D","fromDetail":{"output":{"keypad_keys":{"_0":"keypad_comma"}},"display":","}}],"idsInOrderRow2":[{"id":"6C016D57-F8F1-4391-9B68-7F765FEAC685"},{"id":"9EE36220-D93D-4531-B18F-BABA526796F1"},{"id":"0DB99EB4-B8F8-43FC-8953-BEBD8E8F4024"},{"id":"CE283633-43DE-4D7A-A5BD-E622C44C858B"}],"row1":[{"id":"6A92A4E6-AB3C-4E37-A6DC-987965CEC260","fromDetail":{"output":{"function_keys":{"_0":"f18"}},"display":"F18"},"toDetailCollection":{}},{"id":"9D4ADEE4-4A52-413D-918B-65F9D23B34FE","fromDetail":{"output":{"function_keys":{"_0":"f17"}},"display":"F17"},"toDetailCollection":{}},{"toDetailCollection":{},"id":"489F9A6A-0190-4E49-B97B-9170F8D00914","fromDetail":{"output":{"function_keys":{"_0":"f19"}},"display":"F19"}},{"toDetailCollection":{},"id":"145AC015-AB97-444D-B914-64052CD15D4A","fromDetail":{"output":{"function_keys":{"_0":"f16"}},"display":"F16"}}],"idsInOrderRow4":[{"id":"972B1F9F-A88E-4D10-9C2F-BEEE8E270731"},{"id":"80138B35-C883-450D-ADB7-B6900CDFEA4A"},{"id":"44B15F58-58CD-495C-8443-0E295E191DE3"},{"id":"6B06D8FD-0307-4D33-AFF9-E45DFBBB667F"}],"idsInOrderRow5":[{"id":"682FBD17-BAA1-408C-A4B1-64C874AEC152"},{"id":"72DAB4A2-5487-45E3-B8E6-68E691370544"},{"id":"EF95B6C1-3ED6-4030-8DD1-B06AE1057628"},{"id":"7CE35B6B-92A6-4432-A9DC-73018E606C5A"}]},"isEnableSub":false,"mainRows":{"idsInOrderRow6":[{"id":"06CB604A-B2E6-41DF-B504-4E44E27B8DD4"},{"id":"67B8A564-37AB-48D7-878F-849E666D5B46"},{"id":"B377E7CA-FFAC-4882-94C4-E8041CD74DDB"}],"idsInOrderRow2":[{"id":"79768384-D672-49EB-9A01-B63619453146"},{"id":"D4654FCC-FB32-4B0B-B87F-6C5B5C5B0CC9"},{"id":"50F9F254-C48B-49B3-99C0-975FF9161D6C"},{"id":"581CC0DE-4286-4D02-95E7-6AAF7DB0D9E2"}],"idsInOrderRow3":[{"id":"1B43C697-EB4D-4CD7-8272-49D2F023F6C5"},{"id":"650E2E71-F5C7-4042-A36B-DFF10C74EB95"},{"id":"A34377D0-1ADB-41A5-9A96-77CF287D899D"},{"id":"9D73D218-C593-46DC-9147-B38A5C3BDC94"}],"row4":[{"toDetailCollection":{},"id":"872AF426-1D2D-4B0F-BDC2-DF7F27C2C936","fromDetail":{"output":{"keypad_keys":{"_0":"keypad_plus"}},"display":"+"}},{"id":"4437A129-14BB-41F0-B717-3746DA8CCBDF","fromDetail":{"output":{"keypad_keys":{"_0":"keypad_6"}},"display":"6"},"toDetailCollection":{}},{"toDetailCollection":{},"fromDetail":{"output":{"keypad_keys":{"_0":"keypad_5"}},"display":"5"},"id":"9807FB7A-56FA-494A-ABDF-669A22A39132"},{"fromDetail":{"output":{"keypad_keys":{"_0":"keypad_4"}},"display":"4"},"toDetailCollection":{},"id":"579A06C4-C8C0-4A96-9B77-3C91B4B49AF4"}],"arrow_right":{"keyShape":"arrow_LR","fromDetail":{"display":"arrowtriangle.right.fill","isSFSymbol":true,"output":{"arrow_keys":{"_0":"right_arrow"}}},"id":"DA517272-6900-43ED-B764-4D290729B5C3","toDetailCollection":{}},"idsInOrderRow4":[{"id":"579A06C4-C8C0-4A96-9B77-3C91B4B49AF4"},{"id":"9807FB7A-56FA-494A-ABDF-669A22A39132"},{"id":"4437A129-14BB-41F0-B717-3746DA8CCBDF"},{"id":"872AF426-1D2D-4B0F-BDC2-DF7F27C2C936"}],"arrow_up":{"toDetailCollection":{},"keyShape":"arrow_Up","fromDetail":{"display":"arrowtriangle.up.fill","output":{"arrow_keys":{"_0":"up_arrow"}},"isSFSymbol":true},"id":"3C3E2918-00C0-47B7-9082-A7654687B20C"},"rowIndex_arrow":{"row6":{}},"row1":[{"toDetailCollection":{},"id":"D20B7EBB-675A-4277-AF23-AB44F468B8E6","fromDetail":{"display":"F19","output":{"function_keys":{"_0":"f19"}}}},{"toDetailCollection":{},"id":"35AC6689-6C02-48C7-A645-849ABDCD86F1","fromDetail":{"display":"F18","output":{"function_keys":{"_0":"f18"}}}},{"toDetailCollection":{},"fromDetail":{"output":{"function_keys":{"_0":"f16"}},"display":"F16"},"id":"CCDF4DB5-14B9-40D2-B353-A4CD75E5CABF"},{"fromDetail":{"output":{"function_keys":{"_0":"f17"}},"display":"F17"},"toDetailCollection":{},"id":"5F8F8093-49D2-4F74-9B76-A308A50B51CA"}],"enableArrowKeys":false,"arrow_left":{"fromDetail":{"display":"arrowtriangle.left.fill","isSFSymbol":true,"output":{"arrow_keys":{"_0":"left_arrow"}}},"keyShape":"arrow_LR","toDetailCollection":{},"id":"91ABEBA3-F096-478F-97AC-4D983EA63870"},"arrow_down":{"keyShape":"arrow_Down","toDetailCollection":{},"fromDetail":{"output":{"arrow_keys":{"_0":"down_arrow"}},"display":"arrowtriangle.down.fill","isSFSymbol":true},"id":"B3B420E2-4CFE-409C-BEF0-F1D5319B536B"},"idsInOrderRow1":[{"id":"CCDF4DB5-14B9-40D2-B353-A4CD75E5CABF"},{"id":"5F8F8093-49D2-4F74-9B76-A308A50B51CA"},{"id":"35AC6689-6C02-48C7-A645-849ABDCD86F1"},{"id":"D20B7EBB-675A-4277-AF23-AB44F468B8E6"}],"row5":[{"fromDetail":{"isSFSymbol":true,"output":{"keypad_keys":{"_0":"keypad_enter"}},"display":"projective"},"id":"A868BCAC-5385-42C9-8B12-588512EE3BA2","toDetailCollection":{},"keyShape":"enter_Tenkey"},{"fromDetail":{"display":"3","output":{"keypad_keys":{"_0":"keypad_3"}}},"toDetailCollection":{},"id":"E27FEFC6-255E-44B3-9C0A-5DF993491F12"},{"toDetailCollection":{},"id":"D99EE26B-263D-49F3-BA38-3758BE9709F8","fromDetail":{"display":"1","output":{"keypad_keys":{"_0":"keypad_1"}}}},{"id":"3D59916C-D83D-418B-9637-AA07908CA603","toDetailCollection":{},"fromDetail":{"output":{"keypad_keys":{"_0":"keypad_2"}},"display":"2"}}],"row6":[{"toDetailCollection":{},"id":"B377E7CA-FFAC-4882-94C4-E8041CD74DDB","fromDetail":{"output":{"keypad_keys":{"_0":"keypad_period"}},"display":"."}},{"id":"67B8A564-37AB-48D7-878F-849E666D5B46","fromDetail":{"display":",","output":{"keypad_keys":{"_0":"keypad_comma"}}},"toDetailCollection":{}},{"fromDetail":{"output":{"keypad_keys":{"_0":"keypad_0"}},"display":"0"},"id":"06CB604A-B2E6-41DF-B504-4E44E27B8DD4","toDetailCollection":{}}],"idsInOrderRow5":[{"id":"D99EE26B-263D-49F3-BA38-3758BE9709F8"},{"id":"3D59916C-D83D-418B-9637-AA07908CA603"},{"id":"E27FEFC6-255E-44B3-9C0A-5DF993491F12"},{"id":"A868BCAC-5385-42C9-8B12-588512EE3BA2"}],"row2":[{"fromDetail":{"output":{"keypad_keys":{"_0":"keypad_asterisk"}},"display":"*"},"id":"581CC0DE-4286-4D02-95E7-6AAF7DB0D9E2","toDetailCollection":{}},{"fromDetail":{"display":"\/","output":{"keypad_keys":{"_0":"keypad_slash"}}},"id":"50F9F254-C48B-49B3-99C0-975FF9161D6C","toDetailCollection":{}},{"fromDetail":{"output":{"keypad_keys":{"_0":"keypad_equal_sign"}},"display":"="},"id":"D4654FCC-FB32-4B0B-B87F-6C5B5C5B0CC9","toDetailCollection":{}},{"toDetailCollection":{},"id":"79768384-D672-49EB-9A01-B63619453146","fromDetail":{"output":{"others":{"_0":"clear"}},"display":"clear"}}],"row3":[{"id":"9D73D218-C593-46DC-9147-B38A5C3BDC94","fromDetail":{"output":{"keypad_keys":{"_0":"keypad_hyphen"}},"display":"-"},"toDetailCollection":{}},{"fromDetail":{"display":"9","output":{"keypad_keys":{"_0":"keypad_9"}}},"toDetailCollection":{},"id":"A34377D0-1ADB-41A5-9A96-77CF287D899D"},{"toDetailCollection":{},"id":"650E2E71-F5C7-4042-A36B-DFF10C74EB95","fromDetail":{"display":"8","output":{"keypad_keys":{"_0":"keypad_8"}}}},{"toDetailCollection":{},"fromDetail":{"output":{"keypad_keys":{"_0":"keypad_7"}},"display":"7"},"id":"1B43C697-EB4D-4CD7-8272-49D2F023F6C5"}]},"subRows":{"row5":[{"fromDetail":{"display":"arrowtriangle.up.fill","isSFSymbol":true,"output":{"arrow_keys":{"_0":"up_arrow"}}},"id":"5E8BAA37-FFB7-473D-8F3C-2EE52209ABF4","toDetailCollection":{}},{"isSpacer":true,"toDetailCollection":{},"fromDetail":{"output":{"letter_keys":{"_0":"a"}},"display":"A"},"id":"19674889-B3FF-4E48-ADB1-2E4921035C62"}],"idsInOrderRow3":[{"id":"FA7F97EE-696B-4046-95EC-2EB021A14930"},{"id":"A00ADCD2-A39A-40C8-BC9E-A158FE4589C6"},{"id":"08D9F54A-F4F7-4340-BD16-FA45AF7A6636"}],"row4":[],"row1":[{"id":"CCB92D63-A023-4E60-B4B0-0E0C00A32CE4","fromDetail":{"output":{"function_keys":{"_0":"f15"}},"display":"F15"},"toDetailCollection":{}},{"fromDetail":{"output":{"function_keys":{"_0":"f14"}},"display":"F14"},"toDetailCollection":{},"id":"DFAC09C8-0E05-4CB1-9277-C578A4D9EE50"},{"fromDetail":{"output":{"function_keys":{"_0":"f13"}},"display":"F13"},"toDetailCollection":{},"id":"22420160-AF98-4B32-B8F4-E9F3E99C0C9A"}],"arrow_up":{"id":"129D13A8-8F1A-4575-B79C-542A22EA459D","fromDetail":{"isSFSymbol":true,"output":{"arrow_keys":{"_0":"up_arrow"}},"display":"arrowtriangle.up.fill"},"toDetailCollection":{},"keyShape":"arrow_Up"},"row2":[{"fromDetail":{"display":"arrow.up","isSFSymbol":true,"output":{"arrow_keys":{"_0":"page_up"}}},"id":"63B32132-8FF1-427D-A19F-DE9C5B70791F","toDetailCollection":{}},{"fromDetail":{"isSFSymbol":true,"display":"arrow.up.to.line","output":{"arrow_keys":{"_0":"home"}}},"toDetailCollection":{},"id":"726F0692-23A2-4B09-917B-427FFB0A88CC"},{"id":"F18DF95C-0F4B-4B72-901B-C0C2AA0C0FFE","fromDetail":{"display":"text.insert","isSFSymbol":true,"output":{"keys_in_pc_keyboards":{"_0":"insert"}}},"toDetailCollection":{}}],"row3":[{"id":"08D9F54A-F4F7-4340-BD16-FA45AF7A6636","toDetailCollection":{},"fromDetail":{"isSFSymbol":true,"output":{"arrow_keys":{"_0":"page_down"}},"display":"arrow.down"}},{"toDetailCollection":{},"id":"A00ADCD2-A39A-40C8-BC9E-A158FE4589C6","fromDetail":{"display":"arrow.down.to.line","isSFSymbol":true,"output":{"arrow_keys":{"_0":"end"}}}},{"toDetailCollection":{},"id":"FA7F97EE-696B-4046-95EC-2EB021A14930","fromDetail":{"output":{"controls_and_symbols":{"_0":"delete_forward"}},"display":"delete.right","isSFSymbol":true}}],"enableArrowKeys":false,"idsInOrderRow2":[{"id":"F18DF95C-0F4B-4B72-901B-C0C2AA0C0FFE"},{"id":"726F0692-23A2-4B09-917B-427FFB0A88CC"},{"id":"63B32132-8FF1-427D-A19F-DE9C5B70791F"}],"row6":[{"id":"45C0E0D2-36D4-405B-8E74-D644D0C99D5C","fromDetail":{"display":"arrowtriangle.right.fill","isSFSymbol":true,"output":{"arrow_keys":{"_0":"right_arrow"}}},"toDetailCollection":{}},{"toDetailCollection":{},"id":"65E16C3D-B99A-4DF0-A564-64848D06216A","fromDetail":{"display":"arrowtriangle.down.fill","output":{"arrow_keys":{"_0":"down_arrow"}},"isSFSymbol":true}},{"toDetailCollection":{},"id":"F44D5FA3-49BE-4BCF-AE72-1801F765E369","fromDetail":{"output":{"arrow_keys":{"_0":"left_arrow"}},"display":"arrowtriangle.left.fill","isSFSymbol":true}}],"arrow_right":{"fromDetail":{"isSFSymbol":true,"output":{"arrow_keys":{"_0":"right_arrow"}},"display":"arrowtriangle.right.fill"},"id":"3DAF956E-899D-45DC-97B7-DF1674C42E91","toDetailCollection":{},"keyShape":"arrow_LR"},"idsInOrderRow1":[{"id":"22420160-AF98-4B32-B8F4-E9F3E99C0C9A"},{"id":"DFAC09C8-0E05-4CB1-9277-C578A4D9EE50"},{"id":"CCB92D63-A023-4E60-B4B0-0E0C00A32CE4"}],"idsInOrderRow4":[],"arrow_left":{"keyShape":"arrow_LR","toDetailCollection":{},"id":"AA40974F-BCFA-4E63-9C4D-689971A79296","fromDetail":{"isSFSymbol":true,"display":"arrowtriangle.left.fill","output":{"arrow_keys":{"_0":"left_arrow"}}}},"idsInOrderRow5":[{"id":"19674889-B3FF-4E48-ADB1-2E4921035C62"},{"id":"5E8BAA37-FFB7-473D-8F3C-2EE52209ABF4"}],"rowIndex_arrow":{"row6":{}},"idsInOrderRow6":[{"id":"F44D5FA3-49BE-4BCF-AE72-1801F765E369"},{"id":"65E16C3D-B99A-4DF0-A564-64848D06216A"},{"id":"45C0E0D2-36D4-405B-8E74-D644D0C99D5C"}],"arrow_down":{"keyShape":"arrow_Down","fromDetail":{"isSFSymbol":true,"output":{"arrow_keys":{"_0":"down_arrow"}},"display":"arrowtriangle.down.fill"},"id":"745A291C-1541-4B22-BB99-86F4E5DF6126","toDetailCollection":{}}},"sectionDetail":{"deviceDetail":{"is_vendor_id_Enabled":false,"is_product_id_Enabled":false,"location_id":"location_id","product_id":"product_id","is_builtin_keyboard":false,"vendor_id":"vendor_id","device_name":"otherDevice","is_location_id_Enabled":false},"section":{"other":{}}}}},"selections":{"macro":{"dictionary_key":null,"name":"user Macro","id":"D477A08C-AA25-4AFC-93F4-E01891F227DD","toDetailCollection":{"idsInOrderCollection":[],"_collection":[]}},"toDetail_macro":{"error":false,"outputAndDisplay":{"display":"none","output":{"letter_keys":{"_0":"a"}},"layerKey":"layer0"},"indicator":false,"id":"D2AADCA0-DD9D-4E00-8EA0-95A93996B034","withModifier":{}},"customOrMacroTab":{"customizeKey":{}},"fromTab":{"qwertyKeyboard":{}},"toTab":"qwertyKeyboard","condition":"condition0","tab":{"remap":{}},"layer":"layer0","macroTab":{"userMacro":{}},"combo":{"key_up_order":"insensitive","toDetail":{},"comboThreshold":50,"id":"AE934B3A-8DCA-4ED1-9EDB-2C661D573E37","key_down_order":"insensitive"},"keyboardKey":{"fromDetail":{"output":{"letter_keys":{"_0":"a"}},"display":"A"},"id":"C562CCCC-D99D-4CF4-874A-6356D7F0D29B","toDetailCollection":{}}},"comboCollection":{"condition0":{"layer2":{},"layer6":{},"layer0":{},"layer1":{},"layer5":{},"layer3":{},"layer4":{},"layer7":{},"layer8":{}},"condition7":{"layer3":{},"layer0":{},"layer6":{},"layer4":{},"layer8":{},"layer7":{},"layer5":{},"layer2":{},"layer1":{}},"condition5":{"layer8":{},"layer5":{},"layer1":{},"layer6":{},"layer0":{},"layer2":{},"layer3":{},"layer7":{},"layer4":{}},"condition2":{"layer3":{},"layer2":{},"layer0":{},"layer6":{},"layer8":{},"layer4":{},"layer1":{},"layer5":{},"layer7":{}},"condition9":{"layer4":{},"layer2":{},"layer1":{},"layer5":{},"layer3":{},"layer6":{},"layer0":{},"layer7":{},"layer8":{}},"condition4":{"layer5":{},"layer0":{},"layer8":{},"layer6":{},"layer4":{},"layer1":{},"layer3":{},"layer7":{},"layer2":{}},"condition1":{"layer4":{},"layer5":{},"layer3":{},"layer6":{},"layer8":{},"layer0":{},"layer2":{},"layer7":{},"layer1":{}},"condition8":{"layer2":{},"layer0":{},"layer1":{},"layer5":{},"layer4":{},"layer8":{},"layer6":{},"layer7":{},"layer3":{}},"condition3":{"layer5":{},"layer3":{},"layer7":{},"layer4":{},"layer2":{},"layer6":{},"layer8":{},"layer0":{},"layer1":{}},"condition6":{"layer5":{},"layer6":{},"layer7":{},"layer2":{},"layer8":{},"layer3":{},"layer0":{},"layer4":{},"layer1":{}}}}