{"comboCollection":{"condition8":{"layer2":{},"layer3":{},"layer5":{},"layer0":{},"layer8":{},"layer6":{},"layer7":{},"layer1":{},"layer4":{}},"condition5":{"layer0":{},"layer5":{},"layer2":{},"layer6":{},"layer7":{},"layer8":{},"layer4":{},"layer1":{},"layer3":{}},"condition3":{"layer2":{},"layer1":{},"layer7":{},"layer0":{},"layer3":{},"layer6":{},"layer8":{},"layer4":{},"layer5":{}},"condition0":{"layer5":{},"layer0":{},"layer4":{},"layer7":{},"layer3":{},"layer2":{},"layer1":{},"layer6":{},"layer8":{}},"condition7":{"layer1":{},"layer7":{},"layer8":{},"layer5":{},"layer2":{},"layer0":{},"layer6":{},"layer4":{},"layer3":{}},"condition9":{"layer1":{},"layer6":{},"layer5":{},"layer2":{},"layer4":{},"layer3":{},"layer0":{},"layer8":{},"layer7":{}},"condition1":{"layer8":{},"layer1":{},"layer2":{},"layer4":{},"layer6":{},"layer0":{},"layer7":{},"layer5":{},"layer3":{}},"condition2":{"layer6":{},"layer2":{},"layer7":{},"layer3":{},"layer0":{},"layer8":{},"layer4":{},"layer1":{},"layer5":{}},"condition6":{"layer4":{},"layer7":{},"layer3":{},"layer0":{},"layer6":{},"layer5":{},"layer1":{},"layer2":{},"layer8":{}},"condition4":{"layer4":{},"layer2":{},"layer5":{},"layer1":{},"layer0":{},"layer6":{},"layer8":{},"layer3":{},"layer7":{}}},"conditionDetailCollection":{"condition7":{"value":"com.vendor.condition7","name":"Condition7","type":"Application","isEnabled":false},"condition5":{"type":"Application","isEnabled":false,"name":"Condition5","value":"com.vendor.condition5"},"condition4":{"isEnabled":false,"name":"Condition4","type":"Application","value":"com.vendor.condition4"},"condition0":{"name":"Default","isEnabled":true,"value":"com.vendor.condition0","type":"Application"},"condition1":{"isEnabled":false,"name":"Condition1","value":"ja","type":"InputSource"},"condition2":{"type":"Application","value":"com.vendor.condition2","name":"Condition2","isEnabled":false},"condition3":{"value":"com.vendor.condition3","name":"Condition3","isEnabled":false,"type":"Application"},"condition8":{"value":"com.vendor.condition8","isEnabled":false,"type":"Application","name":"Condition8"},"condition9":{"isEnabled":false,"value":"com.vendor.condition9","type":"Application","name":"Condition9"},"condition6":{"name":"Condition6","type":"Application","isEnabled":false,"value":"com.vendor.condition6"}},"keymap":{"keycodeRegion":"ISO","other":{"sectionDetail":{"deviceDetail":{"is_builtin_keyboard":false,"device_name":"otherDevice","is_vendor_id_Enabled":false,"vendor_id":"vendor_id","is_location_id_Enabled":false,"product_id":"product_id","is_product_id_Enabled":false,"location_id":"location_id"},"section":{"other":{}}},"mainRows":{"idsInOrderRow1":[{"id":"B4DD37C6-B78C-47F3-9979-93CB6407BB65"},{"id":"DD1F0873-6D70-4A6A-B2BF-5FE463328C77"},{"id":"53B329CE-CD32-471D-8777-C039845CAAA8"},{"id":"113E6B4E-BCCA-46F2-A9DF-199E864D07A9"}],"enableArrowKeys":false,"idsInOrderRow5":[{"id":"BB01C63F-0B43-458D-A6FC-8FBB63D0C458"},{"id":"90103281-95F8-4414-8709-3128FF6ACB23"},{"id":"6F1CBBC3-FF24-4F5B-A1B7-D5CF5A002CF0"},{"id":"AFD46DE9-E1C1-4C6E-ADA7-8CDDE9A9C822"}],"idsInOrderRow2":[{"id":"7214FF4E-BE4B-4FF0-BBFC-4A1CF1822540"},{"id":"B3E371D9-DEFB-4EB0-8F7D-E42056341670"},{"id":"A71914BF-67E4-4A04-8266-D88267B9C675"},{"id":"37985B7D-0408-4C32-9823-50CBB6D1E146"}],"idsInOrderRow3":[{"id":"430CC6DC-9932-4B07-BA19-5F9360FB7942"},{"id":"550CB211-F90C-43AF-BC4F-49AA85BEF734"},{"id":"55160201-62B6-46A2-AE2A-6663BB63C739"},{"id":"C521D8E1-03DE-4DFF-BD44-0E644C4B3064"}],"row6":[{"toDetailCollection":{},"fromDetail":{"display":".","output":{"keypad_keys":{"_0":"keypad_period"}}},"id":"D145A6CE-1C2D-4A2A-B6A6-216A116DEBD1"},{"fromDetail":{"output":{"keypad_keys":{"_0":"keypad_0"}},"display":"0"},"id":"E340B9ED-310A-43B2-952D-3F216D49276C","unitSize":2,"toDetailCollection":{}}],"row4":[{"id":"B95BCD41-9517-454C-9A20-13FCC8DC5AC1","fromDetail":{"display":"6","output":{"keypad_keys":{"_0":"keypad_6"}}},"toDetailCollection":{}},{"fromDetail":{"display":"+","output":{"keypad_keys":{"_0":"keypad_plus"}}},"id":"8921C282-80E9-4BA0-BB79-E518457AB6E5","toDetailCollection":{}},{"toDetailCollection":{},"id":"F24CBE41-33CB-4EBE-B047-9E96049ED905","fromDetail":{"display":"5","output":{"keypad_keys":{"_0":"keypad_5"}}}},{"id":"BBDD727B-E1AD-4C5A-B574-EB516562651A","fromDetail":{"display":"4","output":{"keypad_keys":{"_0":"keypad_4"}}},"toDetailCollection":{}}],"arrow_up":{"fromDetail":{"display":"arrowtriangle.up.fill","output":{"arrow_keys":{"_0":"up_arrow"}},"isSFSymbol":true},"toDetailCollection":{},"id":"905023C0-EF8D-4E27-9576-4694F0EE1484","keyShape":"arrow_Up"},"row2":[{"toDetailCollection":{},"id":"37985B7D-0408-4C32-9823-50CBB6D1E146","fromDetail":{"output":{"keypad_keys":{"_0":"keypad_asterisk"}},"display":"*"}},{"id":"A71914BF-67E4-4A04-8266-D88267B9C675","fromDetail":{"output":{"keypad_keys":{"_0":"keypad_slash"}},"display":"\/"},"toDetailCollection":{}},{"id":"7214FF4E-BE4B-4FF0-BBFC-4A1CF1822540","toDetailCollection":{},"fromDetail":{"output":{"others":{"_0":"clear"}},"display":"clear"}},{"toDetailCollection":{},"id":"B3E371D9-DEFB-4EB0-8F7D-E42056341670","fromDetail":{"output":{"keypad_keys":{"_0":"keypad_equal_sign"}},"display":"="}}],"arrow_right":{"id":"F16AF783-3FCB-4465-A1BE-90D89980D232","toDetailCollection":{},"fromDetail":{"output":{"arrow_keys":{"_0":"right_arrow"}},"display":"arrowtriangle.right.fill","isSFSymbol":true},"keyShape":"arrow_LR"},"idsInOrderRow4":[{"id":"BBDD727B-E1AD-4C5A-B574-EB516562651A"},{"id":"F24CBE41-33CB-4EBE-B047-9E96049ED905"},{"id":"B95BCD41-9517-454C-9A20-13FCC8DC5AC1"},{"id":"8921C282-80E9-4BA0-BB79-E518457AB6E5"}],"row3":[{"id":"55160201-62B6-46A2-AE2A-6663BB63C739","toDetailCollection":{},"fromDetail":{"output":{"keypad_keys":{"_0":"keypad_9"}},"display":"9"}},{"id":"430CC6DC-9932-4B07-BA19-5F9360FB7942","toDetailCollection":{},"fromDetail":{"output":{"keypad_keys":{"_0":"keypad_7"}},"display":"7"}},{"id":"C521D8E1-03DE-4DFF-BD44-0E644C4B3064","fromDetail":{"output":{"keypad_keys":{"_0":"keypad_hyphen"}},"display":"-"},"toDetailCollection":{}},{"fromDetail":{"output":{"keypad_keys":{"_0":"keypad_8"}},"display":"8"},"id":"550CB211-F90C-43AF-BC4F-49AA85BEF734","toDetailCollection":{}}],"rowIndex_arrow":{"row6":{}},"arrow_left":{"id":"DFABEE85-E98D-45DF-8E7C-CF520A4024BA","fromDetail":{"output":{"arrow_keys":{"_0":"left_arrow"}},"display":"arrowtriangle.left.fill","isSFSymbol":true},"toDetailCollection":{},"keyShape":"arrow_LR"},"arrow_down":{"fromDetail":{"display":"arrowtriangle.down.fill","isSFSymbol":true,"output":{"arrow_keys":{"_0":"down_arrow"}}},"keyShape":"arrow_Down","id":"BFFD874A-FC47-4163-B9BE-72A59913E5E1","toDetailCollection":{}},"idsInOrderRow6":[{"id":"E340B9ED-310A-43B2-952D-3F216D49276C"},{"id":"D145A6CE-1C2D-4A2A-B6A6-216A116DEBD1"}],"row1":[{"fromDetail":{"display":"F18","output":{"function_keys":{"_0":"f18"}}},"toDetailCollection":{},"id":"53B329CE-CD32-471D-8777-C039845CAAA8"},{"id":"DD1F0873-6D70-4A6A-B2BF-5FE463328C77","toDetailCollection":{},"fromDetail":{"display":"F17","output":{"function_keys":{"_0":"f17"}}}},{"id":"B4DD37C6-B78C-47F3-9979-93CB6407BB65","fromDetail":{"output":{"function_keys":{"_0":"f16"}},"display":"F16"},"toDetailCollection":{}},{"fromDetail":{"output":{"function_keys":{"_0":"f19"}},"display":"F19"},"toDetailCollection":{},"id":"113E6B4E-BCCA-46F2-A9DF-199E864D07A9"}],"row5":[{"keyShape":"enter_Tenkey","fromDetail":{"isSFSymbol":true,"display":"projective","output":{"keypad_keys":{"_0":"keypad_enter"}}},"toDetailCollection":{},"id":"AFD46DE9-E1C1-4C6E-ADA7-8CDDE9A9C822"},{"id":"6F1CBBC3-FF24-4F5B-A1B7-D5CF5A002CF0","fromDetail":{"output":{"keypad_keys":{"_0":"keypad_3"}},"display":"3"},"toDetailCollection":{}},{"toDetailCollection":{},"id":"90103281-95F8-4414-8709-3128FF6ACB23","fromDetail":{"display":"2","output":{"keypad_keys":{"_0":"keypad_2"}}}},{"toDetailCollection":{},"id":"BB01C63F-0B43-458D-A6FC-8FBB63D0C458","fromDetail":{"display":"1","output":{"keypad_keys":{"_0":"keypad_1"}}}}]},"subRows":{"idsInOrderRow3":[{"id":"79A77713-1BB5-4AC8-A579-AC3692B357A4"},{"id":"7C92A8CE-09B1-422B-ADD2-29029AF4EB3F"},{"id":"E7D89B00-A433-4C63-B23E-A0FC2C850AF3"}],"arrow_left":{"keyShape":"arrow_LR","toDetailCollection":{},"id":"FB1512FD-0D48-4A47-98B5-9318C382054D","fromDetail":{"isSFSymbol":true,"output":{"arrow_keys":{"_0":"left_arrow"}},"display":"arrowtriangle.left.fill"}},"rowIndex_arrow":{"row6":{}},"arrow_right":{"fromDetail":{"isSFSymbol":true,"output":{"arrow_keys":{"_0":"right_arrow"}},"display":"arrowtriangle.right.fill"},"id":"A734D9D6-DD9E-45C9-A092-9B1F43ACC983","keyShape":"arrow_LR","toDetailCollection":{}},"idsInOrderRow1":[{"id":"10EF18C1-B175-4E90-84E5-AA1031E5E380"},{"id":"AEE4D4DA-3A41-4CA7-94C6-B14552B038C1"},{"id":"3F1D8237-FD2B-4EB5-8062-667A813C1DD7"}],"row6":[{"toDetailCollection":{},"fromDetail":{"output":{"arrow_keys":{"_0":"right_arrow"}},"isSFSymbol":true,"display":"arrowtriangle.right.fill"},"id":"8B92991C-C88D-418F-BB03-BDC546AF6EF2"},{"toDetailCollection":{},"id":"159AC8A7-734C-4B3D-B484-C84623708FCF","fromDetail":{"output":{"arrow_keys":{"_0":"down_arrow"}},"isSFSymbol":true,"display":"arrowtriangle.down.fill"}},{"fromDetail":{"output":{"arrow_keys":{"_0":"left_arrow"}},"display":"arrowtriangle.left.fill","isSFSymbol":true},"toDetailCollection":{},"id":"03C2DCA8-88CD-4C44-B23E-80E72702AB17"}],"arrow_up":{"fromDetail":{"isSFSymbol":true,"output":{"arrow_keys":{"_0":"up_arrow"}},"display":"arrowtriangle.up.fill"},"toDetailCollection":{},"keyShape":"arrow_Up","id":"08E475BD-6794-434C-9D69-6D4EFFAB575D"},"idsInOrderRow6":[{"id":"03C2DCA8-88CD-4C44-B23E-80E72702AB17"},{"id":"159AC8A7-734C-4B3D-B484-C84623708FCF"},{"id":"8B92991C-C88D-418F-BB03-BDC546AF6EF2"}],"idsInOrderRow5":[{"id":"88ED8344-64FA-4CAC-BC8D-E52D26D986A0"},{"id":"FD156A7F-A5E0-4F09-994D-92FD4FB1F452"}],"enableArrowKeys":false,"row5":[{"fromDetail":{"output":{"arrow_keys":{"_0":"up_arrow"}},"display":"arrowtriangle.up.fill","isSFSymbol":true},"id":"FD156A7F-A5E0-4F09-994D-92FD4FB1F452","toDetailCollection":{}},{"fromDetail":{"display":"A","output":{"letter_keys":{"_0":"a"}}},"isSpacer":true,"id":"88ED8344-64FA-4CAC-BC8D-E52D26D986A0","toDetailCollection":{}}],"idsInOrderRow4":[],"idsInOrderRow2":[{"id":"DA6EF5A2-3625-44F4-9BE1-A685EF26BB64"},{"id":"8A2415AF-A72D-48F9-8FEC-AAF0710D05F3"},{"id":"1760FE75-8621-41E1-A8A9-184952B955D0"}],"row2":[{"id":"8A2415AF-A72D-48F9-8FEC-AAF0710D05F3","fromDetail":{"display":"arrow.up.to.line","isSFSymbol":true,"output":{"arrow_keys":{"_0":"home"}}},"toDetailCollection":{}},{"toDetailCollection":{},"id":"DA6EF5A2-3625-44F4-9BE1-A685EF26BB64","fromDetail":{"display":"text.insert","isSFSymbol":true,"output":{"keys_in_pc_keyboards":{"_0":"insert"}}}},{"toDetailCollection":{},"fromDetail":{"display":"arrow.up","isSFSymbol":true,"output":{"arrow_keys":{"_0":"page_up"}}},"id":"1760FE75-8621-41E1-A8A9-184952B955D0"}],"row4":[],"row3":[{"id":"E7D89B00-A433-4C63-B23E-A0FC2C850AF3","fromDetail":{"isSFSymbol":true,"output":{"arrow_keys":{"_0":"page_down"}},"display":"arrow.down"},"toDetailCollection":{}},{"fromDetail":{"output":{"arrow_keys":{"_0":"end"}},"display":"arrow.down.to.line","isSFSymbol":true},"id":"7C92A8CE-09B1-422B-ADD2-29029AF4EB3F","toDetailCollection":{}},{"id":"79A77713-1BB5-4AC8-A579-AC3692B357A4","fromDetail":{"output":{"controls_and_symbols":{"_0":"delete_forward"}},"isSFSymbol":true,"display":"delete.right"},"toDetailCollection":{}}],"row1":[{"toDetailCollection":{},"fromDetail":{"output":{"function_keys":{"_0":"f13"}},"display":"F13"},"id":"10EF18C1-B175-4E90-84E5-AA1031E5E380"},{"fromDetail":{"display":"F15","output":{"function_keys":{"_0":"f15"}}},"toDetailCollection":{},"id":"3F1D8237-FD2B-4EB5-8062-667A813C1DD7"},{"id":"AEE4D4DA-3A41-4CA7-94C6-B14552B038C1","fromDetail":{"display":"F14","output":{"function_keys":{"_0":"f14"}}},"toDetailCollection":{}}],"arrow_down":{"fromDetail":{"isSFSymbol":true,"output":{"arrow_keys":{"_0":"down_arrow"}},"display":"arrowtriangle.down.fill"},"keyShape":"arrow_Down","toDetailCollection":{},"id":"0CEA8C1C-954C-4CC5-9500-1288C9B47C1D"}},"isEnableTenkey":false,"isEnableSub":false,"isEnableMain":true,"tenkeyRows":{"idsInOrderRow6":[{"id":"0D90BA35-C89A-4DA0-BB40-B7531F0C8555"},{"id":"B4A9FB62-75CB-4923-A1F0-EF550C8BC3BC"}],"enableArrowKeys":false,"idsInOrderRow2":[{"id":"195A6981-E583-4688-91BE-E6F45B17673B"},{"id":"BAFB084F-6750-44E1-B994-ADBC915960F9"},{"id":"72219B3C-B890-4418-939D-28D9A0D93110"},{"id":"8469DE8C-5ACE-494F-B92A-60A6FFFBDF13"}],"row3":[{"toDetailCollection":{},"fromDetail":{"display":"7","output":{"keypad_keys":{"_0":"keypad_7"}}},"id":"41A96A26-061A-49E2-9480-48EA118040A1"},{"id":"CBDCBF66-052A-496B-9E94-BDF53DD6CF41","fromDetail":{"output":{"keypad_keys":{"_0":"keypad_9"}},"display":"9"},"toDetailCollection":{}},{"fromDetail":{"output":{"keypad_keys":{"_0":"keypad_hyphen"}},"display":"-"},"toDetailCollection":{},"id":"EB6B3726-B5CB-40EE-B1F0-CB98DF461B75"},{"id":"94F364DC-8C37-4506-95D9-7157B86A1CD1","fromDetail":{"display":"8","output":{"keypad_keys":{"_0":"keypad_8"}}},"toDetailCollection":{}}],"idsInOrderRow4":[{"id":"B87761CC-69A6-493E-9E6F-EDC9242135B2"},{"id":"0BEBCA3D-FE26-41A6-B42A-ADEBAF455680"},{"id":"83DE8D6F-2B78-4187-A518-99BE7888B467"},{"id":"F16CA079-A858-45CB-BCB3-5B940B9BD896"}],"rowIndex_arrow":{"row6":{}},"arrow_up":{"toDetailCollection":{},"fromDetail":{"output":{"arrow_keys":{"_0":"up_arrow"}},"isSFSymbol":true,"display":"arrowtriangle.up.fill"},"keyShape":"arrow_Up","id":"0D2FE127-C98F-48DA-B758-3EE20BC6374C"},"idsInOrderRow1":[{"id":"909CAD2E-C3CE-4C3B-BE74-D27FDA5F55C7"},{"id":"D6F047D4-C579-4893-9E53-4FE1AB98C81B"},{"id":"4CA16A4B-C74F-45A5-9B9A-F3E0FEAA1C67"},{"id":"DF256269-D91C-43D0-A3CB-B9C4E34FCB69"}],"row2":[{"toDetailCollection":{},"id":"8469DE8C-5ACE-494F-B92A-60A6FFFBDF13","fromDetail":{"output":{"keypad_keys":{"_0":"keypad_asterisk"}},"display":"*"}},{"toDetailCollection":{},"fromDetail":{"display":"=","output":{"keypad_keys":{"_0":"keypad_equal_sign"}}},"id":"BAFB084F-6750-44E1-B994-ADBC915960F9"},{"fromDetail":{"display":"\/","output":{"keypad_keys":{"_0":"keypad_slash"}}},"toDetailCollection":{},"id":"72219B3C-B890-4418-939D-28D9A0D93110"},{"id":"195A6981-E583-4688-91BE-E6F45B17673B","fromDetail":{"display":"clear","output":{"others":{"_0":"clear"}}},"toDetailCollection":{}}],"row5":[{"id":"78F5E7E7-9674-4DDA-9919-CAB5A7E989F9","fromDetail":{"output":{"keypad_keys":{"_0":"keypad_1"}},"display":"1"},"toDetailCollection":{}},{"fromDetail":{"isSFSymbol":true,"output":{"keypad_keys":{"_0":"keypad_enter"}},"display":"projective"},"id":"96B1FA16-C887-453C-A088-DFE4A7040A7C","toDetailCollection":{},"keyShape":"enter_Tenkey"},{"fromDetail":{"output":{"keypad_keys":{"_0":"keypad_2"}},"display":"2"},"toDetailCollection":{},"id":"70763798-E7C0-453C-AFCB-2820B8573E07"},{"toDetailCollection":{},"id":"C136CC7B-A801-400F-86D3-F7DC915C04D7","fromDetail":{"display":"3","output":{"keypad_keys":{"_0":"keypad_3"}}}}],"idsInOrderRow3":[{"id":"41A96A26-061A-49E2-9480-48EA118040A1"},{"id":"94F364DC-8C37-4506-95D9-7157B86A1CD1"},{"id":"CBDCBF66-052A-496B-9E94-BDF53DD6CF41"},{"id":"EB6B3726-B5CB-40EE-B1F0-CB98DF461B75"}],"row4":[{"id":"83DE8D6F-2B78-4187-A518-99BE7888B467","fromDetail":{"display":"6","output":{"keypad_keys":{"_0":"keypad_6"}}},"toDetailCollection":{}},{"fromDetail":{"display":"+","output":{"keypad_keys":{"_0":"keypad_plus"}}},"id":"F16CA079-A858-45CB-BCB3-5B940B9BD896","toDetailCollection":{}},{"toDetailCollection":{},"id":"0BEBCA3D-FE26-41A6-B42A-ADEBAF455680","fromDetail":{"display":"5","output":{"keypad_keys":{"_0":"keypad_5"}}}},{"toDetailCollection":{},"fromDetail":{"output":{"keypad_keys":{"_0":"keypad_4"}},"display":"4"},"id":"B87761CC-69A6-493E-9E6F-EDC9242135B2"}],"arrow_left":{"keyShape":"arrow_LR","fromDetail":{"isSFSymbol":true,"output":{"arrow_keys":{"_0":"left_arrow"}},"display":"arrowtriangle.left.fill"},"id":"DB09ABDB-90DF-46FE-9B34-AD5BD75AB933","toDetailCollection":{}},"idsInOrderRow5":[{"id":"78F5E7E7-9674-4DDA-9919-CAB5A7E989F9"},{"id":"70763798-E7C0-453C-AFCB-2820B8573E07"},{"id":"C136CC7B-A801-400F-86D3-F7DC915C04D7"},{"id":"96B1FA16-C887-453C-A088-DFE4A7040A7C"}],"arrow_right":{"toDetailCollection":{},"keyShape":"arrow_LR","fromDetail":{"output":{"arrow_keys":{"_0":"right_arrow"}},"display":"arrowtriangle.right.fill","isSFSymbol":true},"id":"CA1FAF80-AAB4-4ABA-9821-491A2D9456D9"},"row1":[{"id":"909CAD2E-C3CE-4C3B-BE74-D27FDA5F55C7","fromDetail":{"display":"F16","output":{"function_keys":{"_0":"f16"}}},"toDetailCollection":{}},{"fromDetail":{"output":{"function_keys":{"_0":"f17"}},"display":"F17"},"toDetailCollection":{},"id":"D6F047D4-C579-4893-9E53-4FE1AB98C81B"},{"id":"DF256269-D91C-43D0-A3CB-B9C4E34FCB69","fromDetail":{"output":{"function_keys":{"_0":"f19"}},"display":"F19"},"toDetailCollection":{}},{"id":"4CA16A4B-C74F-45A5-9B9A-F3E0FEAA1C67","fromDetail":{"output":{"function_keys":{"_0":"f18"}},"display":"F18"},"toDetailCollection":{}}],"arrow_down":{"id":"BF36F5F3-87F4-4D0A-9FFF-D4695AD25480","fromDetail":{"output":{"arrow_keys":{"_0":"down_arrow"}},"isSFSymbol":true,"display":"arrowtriangle.down.fill"},"toDetailCollection":{},"keyShape":"arrow_Down"},"row6":[{"unitSize":2,"id":"0D90BA35-C89A-4DA0-BB40-B7531F0C8555","toDetailCollection":{},"fromDetail":{"output":{"keypad_keys":{"_0":"keypad_0"}},"display":"0"}},{"toDetailCollection":{},"id":"B4A9FB62-75CB-4923-A1F0-EF550C8BC3BC","fromDetail":{"display":".","output":{"keypad_keys":{"_0":"keypad_period"}}}}]}},"main":{"subRows":{"arrow_up":{"toDetailCollection":{},"id":"23D1F302-D08F-4186-B2BF-A1E391B7AE25","keyShape":"arrow_Up","fromDetail":{"output":{"arrow_keys":{"_0":"up_arrow"}},"isSFSymbol":true,"display":"arrowtriangle.up.fill"}},"idsInOrderRow3":[{"id":"A772376F-66BF-4CC5-9C6B-39EC1E5CC9DE"},{"id":"B13BFAC4-81DC-4ABE-B400-0FBFB4F99466"},{"id":"4C5848EE-A857-4755-9D8A-82F84D9B5EF7"}],"row1":[{"id":"EDD91B96-2BF8-4898-A1E3-C46841A3B626","fromDetail":{"output":{"function_keys":{"_0":"f13"}},"display":"F13"},"toDetailCollection":{}},{"fromDetail":{"display":"F14","output":{"function_keys":{"_0":"f14"}}},"toDetailCollection":{},"id":"9723A17A-4321-414B-BCB4-C09355ED9399"},{"fromDetail":{"display":"F15","output":{"function_keys":{"_0":"f15"}}},"id":"F632EB8B-B034-44D1-8E6F-73CEC4CE9949","toDetailCollection":{}}],"row3":[{"fromDetail":{"output":{"controls_and_symbols":{"_0":"delete_forward"}},"display":"delete.right","isSFSymbol":true},"id":"A772376F-66BF-4CC5-9C6B-39EC1E5CC9DE","toDetailCollection":{}},{"toDetailCollection":{},"fromDetail":{"output":{"arrow_keys":{"_0":"end"}},"display":"arrow.down.to.line","isSFSymbol":true},"id":"B13BFAC4-81DC-4ABE-B400-0FBFB4F99466"},{"toDetailCollection":{},"id":"4C5848EE-A857-4755-9D8A-82F84D9B5EF7","fromDetail":{"output":{"arrow_keys":{"_0":"page_down"}},"display":"arrow.down","isSFSymbol":true}}],"row6":[{"fromDetail":{"display":"arrowtriangle.left.fill","output":{"arrow_keys":{"_0":"left_arrow"}},"isSFSymbol":true},"id":"27B13DED-5CFB-4000-BAEB-1658814739F2","toDetailCollection":{}},{"id":"586F0260-F95D-4307-93B5-205F0EE080E4","fromDetail":{"isSFSymbol":true,"output":{"arrow_keys":{"_0":"down_arrow"}},"display":"arrowtriangle.down.fill"},"toDetailCollection":{}},{"toDetailCollection":{},"id":"F36E7169-9980-435E-A2B3-03AF926A0403","fromDetail":{"output":{"arrow_keys":{"_0":"right_arrow"}},"display":"arrowtriangle.right.fill","isSFSymbol":true}}],"idsInOrderRow1":[{"id":"EDD91B96-2BF8-4898-A1E3-C46841A3B626"},{"id":"9723A17A-4321-414B-BCB4-C09355ED9399"},{"id":"F632EB8B-B034-44D1-8E6F-73CEC4CE9949"}],"idsInOrderRow2":[{"id":"84F47618-D633-49F9-AAC9-59D7C51B9163"},{"id":"6C7D6237-DCAA-4910-9DFD-1500EF3CFA0B"},{"id":"42B403F2-F391-49E7-A8A3-9C5FB497A57A"}],"idsInOrderRow4":[],"enableArrowKeys":false,"arrow_down":{"id":"AEF6166A-E964-422A-AF3D-6EBBAF4A0093","fromDetail":{"output":{"arrow_keys":{"_0":"down_arrow"}},"isSFSymbol":true,"display":"arrowtriangle.down.fill"},"toDetailCollection":{},"keyShape":"arrow_Down"},"arrow_right":{"keyShape":"arrow_LR","fromDetail":{"isSFSymbol":true,"output":{"arrow_keys":{"_0":"right_arrow"}},"display":"arrowtriangle.right.fill"},"id":"7906D246-1819-496C-89F1-AA49340C31F1","toDetailCollection":{}},"idsInOrderRow5":[{"id":"9B72934E-295A-4CB3-B111-8B1A9BE7A9AE"},{"id":"12DED68E-2150-4BAF-8CCA-C0239CC6221C"}],"row4":[],"arrow_left":{"toDetailCollection":{},"id":"D68D9479-B7AB-4921-87C6-2EBCE1B113D6","keyShape":"arrow_LR","fromDetail":{"display":"arrowtriangle.left.fill","isSFSymbol":true,"output":{"arrow_keys":{"_0":"left_arrow"}}}},"rowIndex_arrow":{"row6":{}},"row2":[{"fromDetail":{"output":{"arrow_keys":{"_0":"page_up"}},"display":"arrow.up","isSFSymbol":true},"toDetailCollection":{},"id":"42B403F2-F391-49E7-A8A3-9C5FB497A57A"},{"id":"6C7D6237-DCAA-4910-9DFD-1500EF3CFA0B","toDetailCollection":{},"fromDetail":{"display":"arrow.up.to.line","isSFSymbol":true,"output":{"arrow_keys":{"_0":"home"}}}},{"toDetailCollection":{},"fromDetail":{"output":{"keys_in_pc_keyboards":{"_0":"insert"}},"isSFSymbol":true,"display":"text.insert"},"id":"84F47618-D633-49F9-AAC9-59D7C51B9163"}],"row5":[{"isSpacer":true,"toDetailCollection":{},"id":"9B72934E-295A-4CB3-B111-8B1A9BE7A9AE","fromDetail":{"display":"A","output":{"letter_keys":{"_0":"a"}}}},{"fromDetail":{"output":{"arrow_keys":{"_0":"up_arrow"}},"display":"arrowtriangle.up.fill","isSFSymbol":true},"id":"12DED68E-2150-4BAF-8CCA-C0239CC6221C","toDetailCollection":{}}],"idsInOrderRow6":[{"id":"27B13DED-5CFB-4000-BAEB-1658814739F2"},{"id":"586F0260-F95D-4307-93B5-205F0EE080E4"},{"id":"F36E7169-9980-435E-A2B3-03AF926A0403"}]},"isEnableMain":true,"isEnableSub":false,"mainRows":{"row1":[{"unitSize":1.5,"toDetailCollection":{},"fromDetail":{"output":{"controls_and_symbols":{"_0":"escape"}},"display":"escape","isSFSymbol":true},"id":"693A5B34-2993-48AB-A6E3-99C4F0ED7156"},{"toDetailCollection":{},"fromDetail":{"display":"F1","output":{"function_keys":{"_0":"f1"}}},"id":"4A9567CE-E975-4E7B-B5B1-362229EFF805"},{"toDetailCollection":{},"id":"D5D35573-5412-4A2D-9457-D186F24C756E","fromDetail":{"output":{"function_keys":{"_0":"f2"}},"display":"F2"}},{"fromDetail":{"output":{"function_keys":{"_0":"f3"}},"display":"F3"},"id":"757E0D3C-BD76-44EC-B19C-702A405E371C","toDetailCollection":{}},{"fromDetail":{"output":{"function_keys":{"_0":"f4"}},"display":"F4"},"toDetailCollection":{},"id":"D06DC4AB-886A-43B9-B4E7-B83927FCDB2E"},{"id":"6F79FB52-DD0E-4A0B-AA4D-A36F1C5EE4DC","fromDetail":{"output":{"function_keys":{"_0":"f5"}},"display":"F5"},"toDetailCollection":{}},{"id":"9B2C3A74-51D4-4EBC-AD32-94D8BA3F96A7","toDetailCollection":{},"fromDetail":{"display":"F6","output":{"function_keys":{"_0":"f6"}}}},{"toDetailCollection":{},"id":"24709983-A5E8-46D5-8114-E08DB331A8CE","fromDetail":{"display":"F7","output":{"function_keys":{"_0":"f7"}}}},{"id":"09908720-A084-464E-9691-BCB82C173BF0","fromDetail":{"output":{"function_keys":{"_0":"f8"}},"display":"F8"},"toDetailCollection":{}},{"id":"3898B511-0C4F-4254-85D8-134EE66BD69E","toDetailCollection":{},"fromDetail":{"display":"F9","output":{"function_keys":{"_0":"f9"}}}},{"fromDetail":{"output":{"function_keys":{"_0":"f10"}},"display":"F10"},"toDetailCollection":{},"id":"D7396DC7-6266-424A-8439-AEDEFCBF5BFD"},{"id":"C82EA680-BC22-4199-8B20-00DB8C0C94A7","fromDetail":{"output":{"function_keys":{"_0":"f11"}},"display":"F11"},"toDetailCollection":{}},{"fromDetail":{"display":"F12","output":{"function_keys":{"_0":"f12"}}},"id":"DBEE5DAA-B711-4FC9-B260-4F856BDFEBCC","toDetailCollection":{}}],"idsInOrderRow3":[{"id":"08D20F5F-1F62-43D8-A1EF-F0C5C4F5835E"},{"id":"E9E813CA-9C3D-4F6B-94F5-CD6B7D5E3156"},{"id":"0BF53997-8825-470B-B3F0-9016142A5A63"},{"id":"66461716-67C3-4824-BFD2-8ED0BD827853"},{"id":"823071C6-2C73-4193-89AF-FCA9764AC271"},{"id":"59CB87E8-5133-4F8A-A898-93A04A87EA36"},{"id":"2780DAD8-4FF4-4882-B652-21052ABA8B7A"},{"id":"9441C0B8-5DDB-415A-83B4-0AF77B775C4C"},{"id":"C12BDCC0-6F33-4EF8-9B70-E8199AFF9754"},{"id":"E42C2784-AB86-44EF-9E51-DFF24C2C40EE"},{"id":"1484191A-7846-4980-9D1E-E9FDF0426025"},{"id":"130385E3-39E0-42C5-8D06-92B6B5E4CC4B"},{"id":"73717E74-3A24-44E9-91B6-50DBF4A263F4"},{"id":"83AE869D-0FAE-4D50-B66C-D46D2EB07DD3"}],"arrow_down":{"keyShape":"arrow_Down","id":"7CB75BE4-28E7-4C8D-9072-444FA91EF369","fromDetail":{"display":"arrowtriangle.down.fill","output":{"arrow_keys":{"_0":"down_arrow"}},"isSFSymbol":true},"toDetailCollection":{}},"idsInOrderRow2":[{"id":"A83DAD55-D0D3-4C14-86BC-1EFD55BC50E4"},{"id":"0F7C4DFC-7508-493C-804B-393740FBFCC6"},{"id":"5103CD87-1E1F-4F2C-9215-9D0A35554E61"},{"id":"3A5ADD98-4364-48AD-B9C4-57291D1F2B68"},{"id":"89E4671D-3709-47A7-9D4D-205C1502C004"},{"id":"ACCE23B2-67C0-4583-90B0-28DAE60EC94A"},{"id":"23CAC0A2-3C79-4676-A021-CE9D74FC8366"},{"id":"B34B1AC6-A8DD-4DCA-B13A-6631942D9279"},{"id":"DD2D0633-93E3-4BE5-BA7C-A37E4B65AF36"},{"id":"EB1C0B69-1AD6-456C-97E6-86744EFC0DCA"},{"id":"93BC8613-2591-4E31-BBD4-82C8F4E3D972"},{"id":"6F31D16D-0DC0-4185-ADCF-4590758C0F9C"},{"id":"42349486-8FC1-4EF9-897C-39442E129194"},{"id":"FC6D6404-929C-4466-8B41-A5F0FEAC0BFB"}],"arrow_left":{"id":"0DEC7661-9769-411E-8EB4-9F1E47D3687E","toDetailCollection":{},"keyShape":"arrow_LR","fromDetail":{"output":{"arrow_keys":{"_0":"left_arrow"}},"display":"arrowtriangle.left.fill","isSFSymbol":true}},"row5":[{"toDetailCollection":{"condition0":{"layer0":{"outputAndDisplay_tap":{"output":{"letter_keys":{"_0":"l"}},"display":"L","layerKey":"layer0"},"withModifier_tap":{},"isCustomized_tap":true}}},"fromDetail":{"output":{"letter_keys":{"_0":"m"}},"display":"M"},"id":"D3DBC4D0-9C19-44E9-AC60-F0565E78C3D2"},{"id":"51B50671-C125-4651-9FA0-8092C5E04D92","fromDetail":{"output":{"letter_keys":{"_0":"x"}},"display":"X"},"toDetailCollection":{}},{"toDetailCollection":{},"id":"D97F41F3-39B7-401F-9BA1-B54442F0A486","fromDetail":{"output":{"controls_and_symbols":{"_0":"comma"}},"display":","}},{"fromDetail":{"display":"Z","output":{"letter_keys":{"_0":"z"}}},"id":"BBEEE071-93CF-4526-A237-7B313CDAE76F","toDetailCollection":{}},{"id":"4C61A707-7134-49C1-B058-C51877D7F891","toDetailCollection":{"condition0":{"layer0":{"outputAndDisplay_tap":{"output":{"letter_keys":{"_0":"k"}},"display":"K","layerKey":"layer0"},"withModifier_tap":{},"isCustomized_tap":true}}},"fromDetail":{"display":"N","output":{"letter_keys":{"_0":"n"}}}},{"toDetailCollection":{},"id":"9D10526D-574E-49CC-AF4E-9673041FCC69","fromDetail":{"output":{"controls_and_symbols":{"_0":"slash"}},"display":"\/"}},{"fromDetail":{"display":"`","output":{"controls_and_symbols":{"_0":"grave_accent"}}},"id":"1EB2F022-97F4-4A5D-97B6-F072908CCF78","toDetailCollection":{}},{"toDetailCollection":{},"id":"27F5A3DE-8A3E-4AD6-8CDA-15E3919B4DFB","fromDetail":{"output":{"modifier_keys":{"_0":"left_shift"}},"isSFSymbol":true,"display":"shift"},"unitSize":1.25},{"toDetailCollection":{"condition0":{"layer0":{"isCustomized_tap":true,"outputAndDisplay_tap":{"output":{"letter_keys":{"_0":"c"}},"layerKey":"layer0","display":"C"},"withModifier_tap":{}}}},"id":"89F33802-FA1D-4D59-8D68-7FC7A6B57299","fromDetail":{"display":"V","output":{"letter_keys":{"_0":"v"}}}},{"toDetailCollection":{"condition0":{"layer0":{"withModifier_tap":{},"isCustomized_tap":true,"outputAndDisplay_tap":{"display":"V","output":{"letter_keys":{"_0":"v"}},"layerKey":"layer0"}}}},"id":"F1E94415-148C-4844-A2BD-C2A52929401B","fromDetail":{"output":{"letter_keys":{"_0":"b"}},"display":"B"}},{"toDetailCollection":{},"id":"BA46EFE2-5123-46FD-AA9D-47D48AB30F8F","fromDetail":{"output":{"controls_and_symbols":{"_0":"period"}},"display":"."}},{"id":"5952F976-51DE-4434-903A-983936B8392D","fromDetail":{"display":"C","output":{"letter_keys":{"_0":"c"}}},"toDetailCollection":{"condition0":{"layer0":{"outputAndDisplay_tap":{"layerKey":"layer0","output":{"letter_keys":{"_0":"m"}},"display":"M"},"isCustomized_tap":true,"withModifier_tap":{}}}}},{"fromDetail":{"output":{"modifier_keys":{"_0":"right_shift"}},"isSFSymbol":true,"display":"shift"},"id":"2E5B4A2E-738F-40D9-A8F3-469C46312B85","toDetailCollection":{},"unitSize":2.25}],"enableArrowKeys":true,"idsInOrderRow6":[{"id":"AF0FB61B-ED1E-4EEA-ACFF-ADDB348C3C1D"},{"id":"15283053-9261-43EA-873A-DB49CF264125"},{"id":"B9936DC5-4883-4951-B2AA-32F9883D4503"},{"id":"774D1D3A-A76D-44EE-ABFB-2677746CA658"},{"id":"4B8ABDBA-B6B9-4A05-9710-7FA8C981DA7B"},{"id":"67F1F0D1-BAE7-4D3D-B30D-FA42433E4AD3"},{"id":"FFA3C038-BD1F-4817-A8D4-774FF5CAE0B7"}],"rowIndex_arrow":{"row6":{}},"idsInOrderRow5":[{"id":"27F5A3DE-8A3E-4AD6-8CDA-15E3919B4DFB"},{"id":"1EB2F022-97F4-4A5D-97B6-F072908CCF78"},{"id":"BBEEE071-93CF-4526-A237-7B313CDAE76F"},{"id":"51B50671-C125-4651-9FA0-8092C5E04D92"},{"id":"5952F976-51DE-4434-903A-983936B8392D"},{"id":"89F33802-FA1D-4D59-8D68-7FC7A6B57299"},{"id":"F1E94415-148C-4844-A2BD-C2A52929401B"},{"id":"4C61A707-7134-49C1-B058-C51877D7F891"},{"id":"D3DBC4D0-9C19-44E9-AC60-F0565E78C3D2"},{"id":"D97F41F3-39B7-401F-9BA1-B54442F0A486"},{"id":"BA46EFE2-5123-46FD-AA9D-47D48AB30F8F"},{"id":"9D10526D-574E-49CC-AF4E-9673041FCC69"},{"id":"2E5B4A2E-738F-40D9-A8F3-469C46312B85"}],"row6":[{"toDetailCollection":{},"unitSize":1.25,"id":"774D1D3A-A76D-44EE-ABFB-2677746CA658","fromDetail":{"display":"command","isSFSymbol":true,"output":{"modifier_keys":{"_0":"left_command"}}}},{"toDetailCollection":{},"fromDetail":{"output":{"modifier_keys":{"_0":"left_control"}},"isSFSymbol":true,"display":"control"},"id":"15283053-9261-43EA-873A-DB49CF264125"},{"fromDetail":{"isSFSymbol":true,"output":{"modifier_keys":{"_0":"right_command"}},"display":"command"},"toDetailCollection":{},"unitSize":1.25,"id":"67F1F0D1-BAE7-4D3D-B30D-FA42433E4AD3"},{"toDetailCollection":{},"id":"FFA3C038-BD1F-4817-A8D4-774FF5CAE0B7","fromDetail":{"output":{"modifier_keys":{"_0":"right_option"}},"display":"option","isSFSymbol":true}},{"fromDetail":{"output":{"modifier_keys":{"_0":"left_option"}},"display":"option","isSFSymbol":true},"toDetailCollection":{},"id":"B9936DC5-4883-4951-B2AA-32F9883D4503"},{"toDetailCollection":{},"id":"AF0FB61B-ED1E-4EEA-ACFF-ADDB348C3C1D","fromDetail":{"display":"globe","output":{"modifier_keys":{"_0":"keyboard_fn"}},"isSFSymbol":true}},{"unitSize":5,"id":"4B8ABDBA-B6B9-4A05-9710-7FA8C981DA7B","toDetailCollection":{},"fromDetail":{"display":"␣","output":{"controls_and_symbols":{"_0":"spacebar"}}}}],"arrow_up":{"id":"E08CD72E-83A0-439F-9D5C-C48D860D3F82","fromDetail":{"display":"arrowtriangle.up.fill","output":{"arrow_keys":{"_0":"up_arrow"}},"isSFSymbol":true},"keyShape":"arrow_Up","toDetailCollection":{}},"idsInOrderRow1":[{"id":"693A5B34-2993-48AB-A6E3-99C4F0ED7156"},{"id":"4A9567CE-E975-4E7B-B5B1-362229EFF805"},{"id":"D5D35573-5412-4A2D-9457-D186F24C756E"},{"id":"757E0D3C-BD76-44EC-B19C-702A405E371C"},{"id":"D06DC4AB-886A-43B9-B4E7-B83927FCDB2E"},{"id":"6F79FB52-DD0E-4A0B-AA4D-A36F1C5EE4DC"},{"id":"9B2C3A74-51D4-4EBC-AD32-94D8BA3F96A7"},{"id":"24709983-A5E8-46D5-8114-E08DB331A8CE"},{"id":"09908720-A084-464E-9691-BCB82C173BF0"},{"id":"3898B511-0C4F-4254-85D8-134EE66BD69E"},{"id":"D7396DC7-6266-424A-8439-AEDEFCBF5BFD"},{"id":"C82EA680-BC22-4199-8B20-00DB8C0C94A7"},{"id":"DBEE5DAA-B711-4FC9-B260-4F856BDFEBCC"}],"row3":[{"id":"1484191A-7846-4980-9D1E-E9FDF0426025","fromDetail":{"output":{"letter_keys":{"_0":"p"}},"display":"P"},"toDetailCollection":{"condition0":{"layer0":{"isCustomized_tap":true,"outputAndDisplay_tap":{"layerKey":"layer0","output":{"controls_and_symbols":{"_0":"semicolon"}},"display":";"},"withModifier_tap":{}}}}},{"id":"73717E74-3A24-44E9-91B6-50DBF4A263F4","fromDetail":{"display":"]","output":{"controls_and_symbols":{"_0":"close_square_bracket"}}},"toDetailCollection":{}},{"toDetailCollection":{"condition0":{"layer0":{"outputAndDisplay_tap":{"display":"J","output":{"letter_keys":{"_0":"j"}},"layerKey":"layer0"},"withModifier_tap":{},"isCustomized_tap":true}}},"id":"2780DAD8-4FF4-4882-B652-21052ABA8B7A","fromDetail":{"display":"Y","output":{"letter_keys":{"_0":"y"}}}},{"toDetailCollection":{},"id":"E9E813CA-9C3D-4F6B-94F5-CD6B7D5E3156","fromDetail":{"display":"Q","output":{"letter_keys":{"_0":"q"}}}},{"id":"83AE869D-0FAE-4D50-B66C-D46D2EB07DD3","toDetailCollection":{},"fromDetail":{"output":{"controls_and_symbols":{"_0":"return_or_enter"}},"display":"return","isSFSymbol":true},"keyShape":"enter_UK"},{"toDetailCollection":{"condition0":{"layer0":{"withModifier_tap":{},"outputAndDisplay_tap":{"output":{"letter_keys":{"_0":"d"}},"display":"D","layerKey":"layer0"},"isCustomized_tap":true}}},"id":"0BF53997-8825-470B-B3F0-9016142A5A63","fromDetail":{"output":{"letter_keys":{"_0":"w"}},"display":"W"}},{"fromDetail":{"output":{"letter_keys":{"_0":"i"}},"display":"I"},"id":"C12BDCC0-6F33-4EF8-9B70-E8199AFF9754","toDetailCollection":{"condition0":{"layer0":{"isCustomized_tap":true,"outputAndDisplay_tap":{"display":"U","layerKey":"layer0","output":{"letter_keys":{"_0":"u"}}},"withModifier_tap":{}}}}},{"toDetailCollection":{"condition0":{"layer0":{"outputAndDisplay_tap":{"display":"R","layerKey":"layer0","output":{"letter_keys":{"_0":"r"}}},"isCustomized_tap":true,"withModifier_tap":{}}}},"fromDetail":{"display":"E","output":{"letter_keys":{"_0":"e"}}},"id":"66461716-67C3-4824-BFD2-8ED0BD827853"},{"id":"130385E3-39E0-42C5-8D06-92B6B5E4CC4B","fromDetail":{"output":{"controls_and_symbols":{"_0":"open_square_bracket"}},"display":"["},"toDetailCollection":{}},{"fromDetail":{"output":{"controls_and_symbols":{"_0":"tab"}},"display":"arrow.right.to.line","isSFSymbol":true},"toDetailCollection":{},"id":"08D20F5F-1F62-43D8-A1EF-F0C5C4F5835E","unitSize":1.5},{"id":"E42C2784-AB86-44EF-9E51-DFF24C2C40EE","toDetailCollection":{"condition0":{"layer0":{"outputAndDisplay_tap":{"layerKey":"layer0","output":{"letter_keys":{"_0":"p"}},"display":"P"},"withModifier_tap":{},"isCustomized_tap":true}}},"fromDetail":{"display":"O","output":{"letter_keys":{"_0":"o"}}}},{"toDetailCollection":{"condition0":{"layer0":{"outputAndDisplay_tap":{"display":"F","output":{"letter_keys":{"_0":"f"}},"layerKey":"layer0"},"withModifier_tap":{},"isCustomized_tap":true}}},"id":"9441C0B8-5DDB-415A-83B4-0AF77B775C4C","fromDetail":{"output":{"letter_keys":{"_0":"u"}},"display":"U"}},{"id":"59CB87E8-5133-4F8A-A898-93A04A87EA36","fromDetail":{"display":"T","output":{"letter_keys":{"_0":"t"}}},"toDetailCollection":{"condition0":{"layer0":{"outputAndDisplay_tap":{"display":"B","output":{"letter_keys":{"_0":"b"}},"layerKey":"layer0"},"withModifier_tap":{},"isCustomized_tap":true}}}},{"fromDetail":{"output":{"letter_keys":{"_0":"r"}},"display":"R"},"id":"823071C6-2C73-4193-89AF-FCA9764AC271","toDetailCollection":{"condition0":{"layer0":{"withModifier_tap":{},"isCustomized_tap":true,"outputAndDisplay_tap":{"display":"W","layerKey":"layer0","output":{"letter_keys":{"_0":"w"}}}}}}}],"arrow_right":{"id":"D8EA4D77-0CB6-45A3-9032-DE5D24F132A9","toDetailCollection":{},"keyShape":"arrow_LR","fromDetail":{"output":{"arrow_keys":{"_0":"right_arrow"}},"display":"arrowtriangle.right.fill","isSFSymbol":true}},"idsInOrderRow4":[{"id":"8D2B299A-CCE2-4D03-A6E3-FA675B4C305A"},{"id":"FD311BE7-9D37-4C6C-B56E-1A7DDAC21DA7"},{"id":"ABA94D0C-9D0C-431B-AC7B-02C7F2FF071D"},{"id":"BB6E6578-4FBB-40C6-8CB6-5C37DC8A8A0C"},{"id":"C8DD682E-00B6-463C-9B76-EC5AA44EBB93"},{"id":"FB77C22A-3830-4061-95C0-9D24FE50EF63"},{"id":"759506C4-925E-43AD-99F4-901B9E7EF471"},{"id":"EDED3947-B3A2-40E4-ACB2-F315C9830CF9"},{"id":"F69BE479-3F84-444D-9B4B-03766BAD425B"},{"id":"F80F6550-48B1-4031-8FE3-F0E14E4999DA"},{"id":"4BBD4AB4-0C1B-42BA-ABAE-958F1702D9C2"},{"id":"D857EFA2-EE5D-456A-9506-7885BE31AD0C"},{"id":"6B21F95F-480F-4A49-87B9-80FAB1E8A3F8"}],"row2":[{"toDetailCollection":{},"id":"B34B1AC6-A8DD-4DCA-B13A-6631942D9279","fromDetail":{"output":{"number_keys":{"_0":"seven"}},"display":"7"}},{"toDetailCollection":{},"id":"0F7C4DFC-7508-493C-804B-393740FBFCC6","fromDetail":{"display":"1","output":{"number_keys":{"_0":"one"}}}},{"fromDetail":{"output":{"number_keys":{"_0":"six"}},"display":"6"},"toDetailCollection":{},"id":"23CAC0A2-3C79-4676-A021-CE9D74FC8366"},{"id":"42349486-8FC1-4EF9-897C-39442E129194","fromDetail":{"output":{"controls_and_symbols":{"_0":"equal_sign_or_caret"}},"display":"="},"toDetailCollection":{}},{"fromDetail":{"display":"3","output":{"number_keys":{"_0":"three"}}},"toDetailCollection":{},"id":"3A5ADD98-4364-48AD-B9C4-57291D1F2B68"},{"toDetailCollection":{},"fromDetail":{"display":"8","output":{"number_keys":{"_0":"eight"}}},"id":"DD2D0633-93E3-4BE5-BA7C-A37E4B65AF36"},{"fromDetail":{"output":{"number_keys":{"_0":"two"}},"display":"2"},"id":"5103CD87-1E1F-4F2C-9215-9D0A35554E61","toDetailCollection":{}},{"fromDetail":{"output":{"number_keys":{"_0":"five"}},"display":"5"},"id":"ACCE23B2-67C0-4583-90B0-28DAE60EC94A","toDetailCollection":{}},{"id":"89E4671D-3709-47A7-9D4D-205C1502C004","fromDetail":{"output":{"number_keys":{"_0":"four"}},"display":"4"},"toDetailCollection":{}},{"fromDetail":{"output":{"controls_and_symbols":{"_0":"hyphen"}},"display":"-"},"toDetailCollection":{},"id":"6F31D16D-0DC0-4185-ADCF-4590758C0F9C"},{"id":"A83DAD55-D0D3-4C14-86BC-1EFD55BC50E4","fromDetail":{"display":"§","output":{"controls_and_symbols":{"_0":"section"}}},"toDetailCollection":{}},{"fromDetail":{"display":"delete.left","output":{"controls_and_symbols":{"_0":"delete_or_backspace"}},"isSFSymbol":true},"id":"FC6D6404-929C-4466-8B41-A5F0FEAC0BFB","toDetailCollection":{},"unitSize":1.5},{"id":"93BC8613-2591-4E31-BBD4-82C8F4E3D972","toDetailCollection":{},"fromDetail":{"display":"0","output":{"number_keys":{"_0":"zero"}}}},{"id":"EB1C0B69-1AD6-456C-97E6-86744EFC0DCA","fromDetail":{"output":{"number_keys":{"_0":"nine"}},"display":"9"},"toDetailCollection":{}}],"row4":[{"fromDetail":{"output":{"controls_and_symbols":{"_0":"single_quotation_or_colon"}},"display":"'"},"toDetailCollection":{},"id":"D857EFA2-EE5D-456A-9506-7885BE31AD0C"},{"fromDetail":{"output":{"letter_keys":{"_0":"a"}},"display":"A"},"id":"FD311BE7-9D37-4C6C-B56E-1A7DDAC21DA7","toDetailCollection":{}},{"fromDetail":{"output":{"letter_keys":{"_0":"s"}},"display":"S"},"id":"ABA94D0C-9D0C-431B-AC7B-02C7F2FF071D","toDetailCollection":{}},{"id":"EDED3947-B3A2-40E4-ACB2-F315C9830CF9","fromDetail":{"display":"J","output":{"letter_keys":{"_0":"j"}}},"toDetailCollection":{"condition0":{"layer0":{"isCustomized_tap":true,"withModifier_tap":{},"outputAndDisplay_tap":{"output":{"letter_keys":{"_0":"n"}},"display":"N","layerKey":"layer0"}}}}},{"unitSize":1.75,"toDetailCollection":{},"id":"8D2B299A-CCE2-4D03-A6E3-FA675B4C305A","fromDetail":{"output":{"modifier_keys":{"_0":"caps_lock"}},"display":"capslock","isSFSymbol":true}},{"id":"C8DD682E-00B6-463C-9B76-EC5AA44EBB93","fromDetail":{"display":"F","output":{"letter_keys":{"_0":"f"}}},"toDetailCollection":{"condition0":{"layer0":{"outputAndDisplay_tap":{"display":"T","layerKey":"layer0","output":{"letter_keys":{"_0":"t"}}},"withModifier_tap":{},"isCustomized_tap":true}}}},{"toDetailCollection":{"condition0":{"layer0":{"outputAndDisplay_tap":{"display":"I","output":{"letter_keys":{"_0":"i"}},"layerKey":"layer0"},"isCustomized_tap":true,"withModifier_tap":{}}}},"id":"4BBD4AB4-0C1B-42BA-ABAE-958F1702D9C2","fromDetail":{"output":{"controls_and_symbols":{"_0":"semicolon"}},"display":";"}},{"toDetailCollection":{"condition0":{"layer0":{"outputAndDisplay_tap":{"output":{"letter_keys":{"_0":"h"}},"display":"H","layerKey":"layer0"},"withModifier_tap":{},"isCustomized_tap":true}}},"fromDetail":{"output":{"letter_keys":{"_0":"d"}},"display":"D"},"id":"BB6E6578-4FBB-40C6-8CB6-5C37DC8A8A0C"},{"toDetailCollection":{},"fromDetail":{"output":{"controls_and_symbols":{"_0":"backslash_or_yen"}},"display":"\\"},"id":"6B21F95F-480F-4A49-87B9-80FAB1E8A3F8"},{"id":"F80F6550-48B1-4031-8FE3-F0E14E4999DA","fromDetail":{"output":{"letter_keys":{"_0":"l"}},"display":"L"},"toDetailCollection":{"condition0":{"layer0":{"withModifier_tap":{},"isCustomized_tap":true,"outputAndDisplay_tap":{"output":{"letter_keys":{"_0":"o"}},"display":"O","layerKey":"layer0"}}}}},{"toDetailCollection":{"condition0":{"layer0":{"outputAndDisplay_tap":{"layerKey":"layer0","output":{"letter_keys":{"_0":"g"}},"display":"G"},"isCustomized_tap":true,"withModifier_tap":{}}}},"id":"FB77C22A-3830-4061-95C0-9D24FE50EF63","fromDetail":{"display":"G","output":{"letter_keys":{"_0":"g"}}}},{"fromDetail":{"output":{"letter_keys":{"_0":"h"}},"display":"H"},"id":"759506C4-925E-43AD-99F4-901B9E7EF471","toDetailCollection":{"condition0":{"layer0":{"outputAndDisplay_tap":{"layerKey":"layer0","output":{"letter_keys":{"_0":"y"}},"display":"Y"},"withModifier_tap":{},"isCustomized_tap":true}}}},{"toDetailCollection":{"condition0":{"layer0":{"outputAndDisplay_tap":{"display":"E","output":{"letter_keys":{"_0":"e"}},"layerKey":"layer0"},"withModifier_tap":{},"isCustomized_tap":true}}},"id":"F69BE479-3F84-444D-9B4B-03766BAD425B","fromDetail":{"output":{"letter_keys":{"_0":"k"}},"display":"K"}}]},"tenkeyRows":{"idsInOrderRow4":[{"id":"C95E51DF-8727-43F0-9845-E76C9783E190"},{"id":"F7D03D96-854E-49F8-8937-B0C918E00BBA"},{"id":"6565ADDA-E510-45C2-B82C-EC58EF5014AA"},{"id":"27422D15-4632-4358-81E7-850F4314F1A0"}],"idsInOrderRow1":[{"id":"DAD0585F-9178-4814-A242-C6EAA92A59AB"},{"id":"979C80B3-212E-4074-B97A-4DA9415D3B2C"},{"id":"29698BC6-B4D0-4D9F-A967-2D383289E934"},{"id":"0DBF75A0-5703-468A-BA03-BC1689869F52"}],"row3":[{"fromDetail":{"display":"9","output":{"keypad_keys":{"_0":"keypad_9"}}},"toDetailCollection":{},"id":"759AB78B-9834-4293-9BEC-5B2551FEBC02"},{"id":"E0F11E62-A958-423B-94B7-A3CBC4AF2EB4","fromDetail":{"display":"-","output":{"keypad_keys":{"_0":"keypad_hyphen"}}},"toDetailCollection":{}},{"fromDetail":{"output":{"keypad_keys":{"_0":"keypad_8"}},"display":"8"},"toDetailCollection":{},"id":"39917D7D-4FA4-4C8B-AAC2-62F8DDAFECAB"},{"fromDetail":{"output":{"keypad_keys":{"_0":"keypad_7"}},"display":"7"},"id":"AA37878A-5489-4380-A53B-A78BC667C562","toDetailCollection":{}}],"row2":[{"toDetailCollection":{},"fromDetail":{"display":"*","output":{"keypad_keys":{"_0":"keypad_asterisk"}}},"id":"86CAB5F1-03F0-497B-9530-32D3845D9768"},{"fromDetail":{"output":{"others":{"_0":"clear"}},"display":"clear"},"toDetailCollection":{},"id":"6D83135B-B56C-49F9-9580-722D1033B765"},{"toDetailCollection":{},"id":"87FA27A1-5FE6-427E-A201-BF8CC5183BAE","fromDetail":{"display":"=","output":{"keypad_keys":{"_0":"keypad_equal_sign"}}}},{"id":"844782A5-0B61-4C8E-9963-B5B54874B945","fromDetail":{"output":{"keypad_keys":{"_0":"keypad_slash"}},"display":"\/"},"toDetailCollection":{}}],"idsInOrderRow3":[{"id":"AA37878A-5489-4380-A53B-A78BC667C562"},{"id":"39917D7D-4FA4-4C8B-AAC2-62F8DDAFECAB"},{"id":"759AB78B-9834-4293-9BEC-5B2551FEBC02"},{"id":"E0F11E62-A958-423B-94B7-A3CBC4AF2EB4"}],"arrow_left":{"fromDetail":{"isSFSymbol":true,"display":"arrowtriangle.left.fill","output":{"arrow_keys":{"_0":"left_arrow"}}},"keyShape":"arrow_LR","id":"91DC42BA-5A20-415C-B8C9-704502C57099","toDetailCollection":{}},"row4":[{"id":"C95E51DF-8727-43F0-9845-E76C9783E190","fromDetail":{"output":{"keypad_keys":{"_0":"keypad_4"}},"display":"4"},"toDetailCollection":{}},{"toDetailCollection":{},"fromDetail":{"output":{"keypad_keys":{"_0":"keypad_plus"}},"display":"+"},"id":"27422D15-4632-4358-81E7-850F4314F1A0"},{"toDetailCollection":{},"fromDetail":{"output":{"keypad_keys":{"_0":"keypad_6"}},"display":"6"},"id":"6565ADDA-E510-45C2-B82C-EC58EF5014AA"},{"id":"F7D03D96-854E-49F8-8937-B0C918E00BBA","fromDetail":{"output":{"keypad_keys":{"_0":"keypad_5"}},"display":"5"},"toDetailCollection":{}}],"arrow_down":{"keyShape":"arrow_Down","fromDetail":{"output":{"arrow_keys":{"_0":"down_arrow"}},"display":"arrowtriangle.down.fill","isSFSymbol":true},"id":"74EF6133-05EB-4D0C-8CC0-04360A7A9111","toDetailCollection":{}},"arrow_right":{"id":"E335C2AE-388C-41D5-A900-8C8D1BAAC415","keyShape":"arrow_LR","toDetailCollection":{},"fromDetail":{"isSFSymbol":true,"output":{"arrow_keys":{"_0":"right_arrow"}},"display":"arrowtriangle.right.fill"}},"row6":[{"id":"665B436B-DE59-4E54-8499-58A96B77BA56","unitSize":2,"fromDetail":{"display":"0","output":{"keypad_keys":{"_0":"keypad_0"}}},"toDetailCollection":{}},{"fromDetail":{"display":".","output":{"keypad_keys":{"_0":"keypad_period"}}},"id":"FBA827E9-5157-45EE-B436-55EE20191102","toDetailCollection":{}}],"arrow_up":{"fromDetail":{"display":"arrowtriangle.up.fill","isSFSymbol":true,"output":{"arrow_keys":{"_0":"up_arrow"}}},"keyShape":"arrow_Up","toDetailCollection":{},"id":"D217832B-7B64-47FA-B89D-BEAB9C25E545"},"enableArrowKeys":false,"rowIndex_arrow":{"row6":{}},"row5":[{"id":"151C02B4-66A6-43CC-ABF7-50FB8951B367","toDetailCollection":{},"fromDetail":{"output":{"keypad_keys":{"_0":"keypad_3"}},"display":"3"}},{"id":"113BD4FA-BF78-47A1-89EC-C7B6FB3205B3","fromDetail":{"output":{"keypad_keys":{"_0":"keypad_1"}},"display":"1"},"toDetailCollection":{}},{"keyShape":"enter_Tenkey","fromDetail":{"display":"projective","output":{"keypad_keys":{"_0":"keypad_enter"}},"isSFSymbol":true},"id":"29B753FD-3D0D-4DA7-A0AD-56AA175B9D6F","toDetailCollection":{}},{"toDetailCollection":{},"fromDetail":{"display":"2","output":{"keypad_keys":{"_0":"keypad_2"}}},"id":"EF33CB61-D730-4B53-922F-DBDC402F45F5"}],"row1":[{"fromDetail":{"output":{"function_keys":{"_0":"f16"}},"display":"F16"},"toDetailCollection":{},"id":"DAD0585F-9178-4814-A242-C6EAA92A59AB"},{"id":"979C80B3-212E-4074-B97A-4DA9415D3B2C","toDetailCollection":{},"fromDetail":{"display":"F17","output":{"function_keys":{"_0":"f17"}}}},{"fromDetail":{"output":{"function_keys":{"_0":"f19"}},"display":"F19"},"id":"0DBF75A0-5703-468A-BA03-BC1689869F52","toDetailCollection":{}},{"fromDetail":{"output":{"function_keys":{"_0":"f18"}},"display":"F18"},"toDetailCollection":{},"id":"29698BC6-B4D0-4D9F-A967-2D383289E934"}],"idsInOrderRow2":[{"id":"6D83135B-B56C-49F9-9580-722D1033B765"},{"id":"87FA27A1-5FE6-427E-A201-BF8CC5183BAE"},{"id":"844782A5-0B61-4C8E-9963-B5B54874B945"},{"id":"86CAB5F1-03F0-497B-9530-32D3845D9768"}],"idsInOrderRow6":[{"id":"665B436B-DE59-4E54-8499-58A96B77BA56"},{"id":"FBA827E9-5157-45EE-B436-55EE20191102"}],"idsInOrderRow5":[{"id":"113BD4FA-BF78-47A1-89EC-C7B6FB3205B3"},{"id":"EF33CB61-D730-4B53-922F-DBDC402F45F5"},{"id":"151C02B4-66A6-43CC-ABF7-50FB8951B367"},{"id":"29B753FD-3D0D-4DA7-A0AD-56AA175B9D6F"}]},"sectionDetail":{"section":{"main":{}},"deviceDetail":{"location_id":"location_id","vendor_id":"vendor_id","is_location_id_Enabled":false,"is_builtin_keyboard":false,"product_id":"product_id","is_product_id_Enabled":false,"device_name":"mainKeyboard","is_vendor_id_Enabled":false}},"isEnableTenkey":false},"validSections":{"sections":[{"main":{}}]},"mouse":{"isEnableMain":true,"isEnableSub":false,"sectionDetail":{"deviceDetail":{"vendor_id":"vendor_id","is_product_id_Enabled":false,"device_name":"mouse","location_id":"location_id","is_location_id_Enabled":false,"is_builtin_keyboard":false,"product_id":"product_id","is_vendor_id_Enabled":false},"section":{"mouse":{}}},"isEnableTenkey":false,"subRows":{"idsInOrderRow4":[{"id":"AA0A38A8-0B94-42CB-9B6C-BFA7FDA30938"}],"idsInOrderRow6":[{"id":"2B2143A3-9B1A-4769-9DDD-E2C17BFF26D9"}],"row6":[{"id":"2B2143A3-9B1A-4769-9DDD-E2C17BFF26D9","fromDetail":{"output":{"letter_keys":{"_0":"a"}},"display":"A"},"toDetailCollection":{}}],"arrow_down":{"toDetailCollection":{},"fromDetail":{"output":{"arrow_keys":{"_0":"down_arrow"}},"display":"arrowtriangle.down.fill","isSFSymbol":true},"id":"8D9DD2A5-C9B2-4E3D-A180-B431B081FA0E","keyShape":"arrow_Down"},"row4":[{"fromDetail":{"display":"A","output":{"letter_keys":{"_0":"a"}}},"id":"AA0A38A8-0B94-42CB-9B6C-BFA7FDA30938","toDetailCollection":{}}],"row5":[{"id":"7BC69EFD-0BF3-41E5-BEF9-6A3B652FB62C","toDetailCollection":{},"fromDetail":{"display":"A","output":{"letter_keys":{"_0":"a"}}}}],"arrow_up":{"id":"37C6D6A6-0832-4A72-8953-63B7E664326C","keyShape":"arrow_Up","fromDetail":{"isSFSymbol":true,"output":{"arrow_keys":{"_0":"up_arrow"}},"display":"arrowtriangle.up.fill"},"toDetailCollection":{}},"idsInOrderRow3":[{"id":"3654CBC9-EAAB-4E69-9C64-973EB6D4BC14"}],"idsInOrderRow1":[{"id":"9E5AE602-DC51-4F6F-8A05-A1E6309D9CA5"}],"rowIndex_arrow":{"row6":{}},"row1":[{"id":"9E5AE602-DC51-4F6F-8A05-A1E6309D9CA5","fromDetail":{"display":"A","output":{"letter_keys":{"_0":"a"}}},"toDetailCollection":{}}],"enableArrowKeys":false,"idsInOrderRow2":[{"id":"0080A35C-0BEF-46F9-88D5-4DDDE4DDA50A"}],"row2":[{"toDetailCollection":{},"fromDetail":{"output":{"letter_keys":{"_0":"a"}},"display":"A"},"id":"0080A35C-0BEF-46F9-88D5-4DDDE4DDA50A"}],"arrow_left":{"fromDetail":{"display":"arrowtriangle.left.fill","output":{"arrow_keys":{"_0":"left_arrow"}},"isSFSymbol":true},"keyShape":"arrow_LR","toDetailCollection":{},"id":"64A2D069-80E8-4614-81FC-19B9B3566485"},"idsInOrderRow5":[{"id":"7BC69EFD-0BF3-41E5-BEF9-6A3B652FB62C"}],"arrow_right":{"fromDetail":{"display":"arrowtriangle.right.fill","output":{"arrow_keys":{"_0":"right_arrow"}},"isSFSymbol":true},"toDetailCollection":{},"id":"3B01164B-7BC2-486C-BB94-87B417792B4A","keyShape":"arrow_LR"},"row3":[{"fromDetail":{"output":{"letter_keys":{"_0":"a"}},"display":"A"},"id":"3654CBC9-EAAB-4E69-9C64-973EB6D4BC14","toDetailCollection":{}}]},"tenkeyRows":{"enableArrowKeys":false,"row1":[{"toDetailCollection":{},"id":"B2E5EC22-76D2-4BBA-A97D-667C388BE636","fromDetail":{"display":"A","output":{"letter_keys":{"_0":"a"}}}}],"arrow_down":{"fromDetail":{"output":{"arrow_keys":{"_0":"down_arrow"}},"display":"arrowtriangle.down.fill","isSFSymbol":true},"id":"F3102260-A8FD-42CC-96E7-44F866AA33B3","keyShape":"arrow_Down","toDetailCollection":{}},"row4":[{"id":"8E9B7A46-3283-41E8-B2D4-4D14388A8FB9","toDetailCollection":{},"fromDetail":{"output":{"letter_keys":{"_0":"a"}},"display":"A"}}],"idsInOrderRow1":[{"id":"B2E5EC22-76D2-4BBA-A97D-667C388BE636"}],"idsInOrderRow4":[{"id":"8E9B7A46-3283-41E8-B2D4-4D14388A8FB9"}],"arrow_right":{"keyShape":"arrow_LR","id":"2C370652-1E9B-4A26-8CD0-5D300B2012CA","toDetailCollection":{},"fromDetail":{"display":"arrowtriangle.right.fill","isSFSymbol":true,"output":{"arrow_keys":{"_0":"right_arrow"}}}},"rowIndex_arrow":{"row6":{}},"idsInOrderRow3":[{"id":"73F3AB70-A9AC-49B3-B1FD-ECC33050D9B6"}],"row2":[{"fromDetail":{"display":"A","output":{"letter_keys":{"_0":"a"}}},"id":"AD20945A-19F6-4C9E-8241-36B9C7DCBA7B","toDetailCollection":{}}],"row3":[{"id":"73F3AB70-A9AC-49B3-B1FD-ECC33050D9B6","fromDetail":{"output":{"letter_keys":{"_0":"a"}},"display":"A"},"toDetailCollection":{}}],"idsInOrderRow2":[{"id":"AD20945A-19F6-4C9E-8241-36B9C7DCBA7B"}],"row6":[{"toDetailCollection":{},"id":"DF0DD831-3229-4648-AC32-2AEF4FDABBD6","fromDetail":{"display":"A","output":{"letter_keys":{"_0":"a"}}}}],"row5":[{"fromDetail":{"output":{"letter_keys":{"_0":"a"}},"display":"A"},"toDetailCollection":{},"id":"C8BA35C8-8C74-4A3D-9BC3-18B9F9590957"}],"arrow_up":{"id":"0F9229C8-DF0D-46EA-BBA5-9897147B0B5D","fromDetail":{"display":"arrowtriangle.up.fill","isSFSymbol":true,"output":{"arrow_keys":{"_0":"up_arrow"}}},"keyShape":"arrow_Up","toDetailCollection":{}},"idsInOrderRow6":[{"id":"DF0DD831-3229-4648-AC32-2AEF4FDABBD6"}],"idsInOrderRow5":[{"id":"C8BA35C8-8C74-4A3D-9BC3-18B9F9590957"}],"arrow_left":{"keyShape":"arrow_LR","fromDetail":{"display":"arrowtriangle.left.fill","output":{"arrow_keys":{"_0":"left_arrow"}},"isSFSymbol":true},"toDetailCollection":{},"id":"D72A2243-7B8E-435A-8CF3-EFEBC963799C"}},"mainRows":{"idsInOrderRow6":[],"rowIndex_arrow":{"row6":{}},"idsInOrderRow1":[{"id":"29763A36-7AAF-4EAF-9F7D-D366CF01E744"},{"id":"1A1484C0-0FE4-4B7B-A68F-A9A5FA3C3C5B"}],"row3":[{"isSpacer":true,"fromDetail":{"output":{"letter_keys":{"_0":"a"}},"display":"A"},"id":"353F1230-083F-4D5C-9B1A-4BC7D6F798A3","toDetailCollection":{}}],"arrow_left":{"toDetailCollection":{},"keyShape":"arrow_LR","fromDetail":{"isSFSymbol":true,"output":{"arrow_keys":{"_0":"left_arrow"}},"display":"arrowtriangle.left.fill"},"id":"93A5284B-DD98-4C90-9BA3-DE7BD05D0D6A"},"row5":[],"enableArrowKeys":false,"row6":[],"idsInOrderRow4":[{"id":"244897EF-0749-4895-A370-072BFEFDDE8D"}],"arrow_right":{"id":"13B8D3BE-8EB2-4B2A-8F5C-A6685C9314B7","toDetailCollection":{},"keyShape":"arrow_LR","fromDetail":{"output":{"arrow_keys":{"_0":"right_arrow"}},"display":"arrowtriangle.right.fill","isSFSymbol":true}},"row1":[{"fromDetail":{"display":"R click","output":{"mouse_buttons":{"_0":"button2"}}},"id":"1A1484C0-0FE4-4B7B-A68F-A9A5FA3C3C5B","toDetailCollection":{}},{"id":"29763A36-7AAF-4EAF-9F7D-D366CF01E744","fromDetail":{"output":{"mouse_buttons":{"_0":"button1"}},"display":"L click"},"toDetailCollection":{}}],"row4":[{"toDetailCollection":{},"id":"244897EF-0749-4895-A370-072BFEFDDE8D","isSpacer":true,"fromDetail":{"display":"A","output":{"letter_keys":{"_0":"a"}}}}],"row2":[{"fromDetail":{"output":{"mouse_buttons":{"_0":"button3"}},"display":"M click"},"id":"4C8238D0-4733-49E4-BF23-4F1946955368","toDetailCollection":{}},{"fromDetail":{"display":"A","output":{"letter_keys":{"_0":"a"}}},"toDetailCollection":{},"unitSize":0.5,"id":"4EA294C2-2243-465E-BB38-928A467ACF1F","isSpacer":true}],"idsInOrderRow3":[{"id":"353F1230-083F-4D5C-9B1A-4BC7D6F798A3"}],"idsInOrderRow5":[],"idsInOrderRow2":[{"id":"4EA294C2-2243-465E-BB38-928A467ACF1F"},{"id":"4C8238D0-4733-49E4-BF23-4F1946955368"}],"arrow_up":{"fromDetail":{"isSFSymbol":true,"display":"arrowtriangle.up.fill","output":{"arrow_keys":{"_0":"up_arrow"}}},"keyShape":"arrow_Up","toDetailCollection":{},"id":"48C7E9FC-FAE9-458B-99B5-776D2328E980"},"arrow_down":{"keyShape":"arrow_Down","toDetailCollection":{},"id":"089A3C5D-1C11-4991-801E-EDD481EA2286","fromDetail":{"isSFSymbol":true,"output":{"arrow_keys":{"_0":"down_arrow"}},"display":"arrowtriangle.down.fill"}}}}},"macroCollection":{"_collection":[],"idsInOrderCollection":[]},"name":"Workman_UK","selections":{"toTab":"qwertyKeyboard","keyboardKey":{"fromDetail":{"display":"A","output":{"letter_keys":{"_0":"a"}}},"toDetailCollection":{},"id":"C562CCCC-D99D-4CF4-874A-6356D7F0D29B"},"layer":"layer0","condition":"condition0","combo":{"id":"AE934B3A-8DCA-4ED1-9EDB-2C661D573E37","key_down_order":"insensitive","key_up_order":"insensitive","comboThreshold":50,"toDetail":{}},"customOrMacroTab":{"customizeKey":{}},"fromTab":{"qwertyKeyboard":{}},"macro":{"id":"D477A08C-AA25-4AFC-93F4-E01891F227DD","toDetailCollection":{"idsInOrderCollection":[],"_collection":[]},"dictionary_key":null,"name":"user Macro"},"toDetail_macro":{"withModifier":{},"indicator":false,"id":"D2AADCA0-DD9D-4E00-8EA0-95A93996B034","outputAndDisplay":{"display":"none","layerKey":"layer0","output":{"letter_keys":{"_0":"a"}}},"error":false},"tab":{"remap":{}},"macroTab":{"userMacro":{}}},"displayKeySize":65}